OpenBLAS WARNING - could not determine the L2 cache size on this system, assuming 256k
OpenBLAS WARNING - could not determine the L2 cache size on this system, assuming 256k
WARNING 08-22 18:09:18 [envs.py:2128] Unknown vLLM environment variable detected: VLLM_BIN
INFO 08-22 18:09:18 [kimi_k3.py:116] Overriding vision_config.text_hidden_size from 2304 to 4096 to match text_config.hidden_size
INFO 08-22 18:09:32 [model.py:645] Resolved architecture: KimiK3ForConditionalGeneration
INFO 08-22 18:09:32 [model.py:663] Defaulting to tokenizer_mode='kimi_k3' for KimiK3ForConditionalGeneration
INFO 08-22 18:09:32 [model.py:1883] Using max model len 32768
INFO 08-22 18:09:35 [kimi_k3.py:116] Overriding vision_config.text_hidden_size from 2304 to 4096 to match text_config.hidden_size
WARNING 08-22 18:09:35 [registry.py:259] Using a slow tokenizer. This might cause a significant slowdown. Consider using a fast tokenizer instead.
INFO 08-22 18:09:35 [kimi_k3.py:116] Overriding vision_config.text_hidden_size from 2304 to 4096 to match text_config.hidden_size
INFO 08-22 18:09:35 [arg_utils.py:2139] Inferred data_parallel_rank 0 from node_rank 2
INFO 08-22 18:09:35 [scheduler.py:242] Chunked prefill is enabled with max_num_batched_tokens=8192.
WARNING 08-22 18:09:35 [vllm.py:1194] Enforce eager set, disabling torch.compile and CUDAGraphs. This is equivalent to setting -cc.mode=none -cc.cudagraph_mode=none
INFO 08-22 18:09:35 [vllm.py:1231] Auto-enabling VLLM_USE_BREAKABLE_CUDAGRAPH=1. Set VLLM_USE_BREAKABLE_CUDAGRAPH=0 to opt out.
WARNING 08-22 18:09:35 [vllm.py:1237] VLLM_USE_BREAKABLE_CUDAGRAPH is set, disabling vLLM's torch.compile pipeline. Equivalent to -cc.mode=none.
WARNING 08-22 18:09:35 [vllm.py:1247] Inductor compilation was disabled by user settings, optimizations settings that are only active during inductor compilation will be ignored.
INFO 08-22 18:09:35 [kernel.py:306] Final IR op priority after setting platform defaults: IrOpPriorityConfig(rms_norm=['vllm_c', 'native'], fused_add_rms_norm=['vllm_c', 'native'])
INFO 08-22 18:09:35 [vllm.py:1426] Cudagraph is disabled under eager mode
INFO 08-22 18:09:35 [compilation.py:329] Enabled custom fusions: norm_quant, act_quant
INFO 08-22 18:09:35 [serve.py:216] Launching vLLM (v0.27.1) headless multiproc executor, with head node address 192.168.0.224:29500 for torch.distributed process group.
WARNING 08-22 18:09:35 [multiproc_executor.py:1081] Reducing Torch parallelism from 128 threads to 1 to avoid unnecessary CPU contention. Set OMP_NUM_THREADS in the external environment to tune this value as needed.
OpenBLAS WARNING - could not determine the L2 cache size on this system, assuming 256k
OpenBLAS WARNING - could not determine the L2 cache size on this system, assuming 256k
OpenBLAS WARNING - could not determine the L2 cache size on this system, assuming 256k
OpenBLAS WARNING - could not determine the L2 cache size on this system, assuming 256k
OpenBLAS WARNING - could not determine the L2 cache size on this system, assuming 256k
OpenBLAS WARNING - could not determine the L2 cache size on this system, assuming 256k
OpenBLAS WARNING - could not determine the L2 cache size on this system, assuming 256k
OpenBLAS WARNING - could not determine the L2 cache size on this system, assuming 256k
OpenBLAS WARNING - could not determine the L2 cache size on this system, assuming 256k
OpenBLAS WARNING - could not determine the L2 cache size on this system, assuming 256k
OpenBLAS WARNING - could not determine the L2 cache size on this system, assuming 256k
OpenBLAS WARNING - could not determine the L2 cache size on this system, assuming 256k
OpenBLAS WARNING - could not determine the L2 cache size on this system, assuming 256k
OpenBLAS WARNING - could not determine the L2 cache size on this system, assuming 256k
OpenBLAS WARNING - could not determine the L2 cache size on this system, assuming 256k
OpenBLAS WARNING - could not determine the L2 cache size on this system, assuming 256k
INFO 08-22 18:10:21 [kimi_k3.py:116] Overriding vision_config.text_hidden_size from 2304 to 4096 to match text_config.hidden_size
WARNING 08-22 18:10:21 [registry.py:259] Using a slow tokenizer. This might cause a significant slowdown. Consider using a fast tokenizer instead.
INFO 08-22 18:10:21 [kimi_k3.py:116] Overriding vision_config.text_hidden_size from 2304 to 4096 to match text_config.hidden_size
INFO 08-22 18:10:21 [kimi_k3.py:116] Overriding vision_config.text_hidden_size from 2304 to 4096 to match text_config.hidden_size
WARNING 08-22 18:10:22 [registry.py:259] Using a slow tokenizer. This might cause a significant slowdown. Consider using a fast tokenizer instead.
INFO 08-22 18:10:22 [kimi_k3.py:116] Overriding vision_config.text_hidden_size from 2304 to 4096 to match text_config.hidden_size
INFO 08-22 18:10:22 [kimi_k3.py:116] Overriding vision_config.text_hidden_size from 2304 to 4096 to match text_config.hidden_size
INFO 08-22 18:10:22 [kimi_k3.py:116] Overriding vision_config.text_hidden_size from 2304 to 4096 to match text_config.hidden_size
INFO 08-22 18:10:22 [kimi_k3.py:116] Overriding vision_config.text_hidden_size from 2304 to 4096 to match text_config.hidden_size
INFO 08-22 18:10:22 [kimi_k3.py:116] Overriding vision_config.text_hidden_size from 2304 to 4096 to match text_config.hidden_size
INFO 08-22 18:10:22 [kimi_k3.py:116] Overriding vision_config.text_hidden_size from 2304 to 4096 to match text_config.hidden_size
INFO 08-22 18:10:22 [kimi_k3.py:116] Overriding vision_config.text_hidden_size from 2304 to 4096 to match text_config.hidden_size
WARNING 08-22 18:10:22 [registry.py:259] Using a slow tokenizer. This might cause a significant slowdown. Consider using a fast tokenizer instead.
INFO 08-22 18:10:22 [kimi_k3.py:116] Overriding vision_config.text_hidden_size from 2304 to 4096 to match text_config.hidden_size
WARNING 08-22 18:10:22 [registry.py:259] Using a slow tokenizer. This might cause a significant slowdown. Consider using a fast tokenizer instead.
INFO 08-22 18:10:22 [kimi_k3.py:116] Overriding vision_config.text_hidden_size from 2304 to 4096 to match text_config.hidden_size
WARNING 08-22 18:10:22 [registry.py:259] Using a slow tokenizer. This might cause a significant slowdown. Consider using a fast tokenizer instead.
INFO 08-22 18:10:22 [kimi_k3.py:116] Overriding vision_config.text_hidden_size from 2304 to 4096 to match text_config.hidden_size
WARNING 08-22 18:10:23 [registry.py:259] Using a slow tokenizer. This might cause a significant slowdown. Consider using a fast tokenizer instead.
INFO 08-22 18:10:23 [kimi_k3.py:116] Overriding vision_config.text_hidden_size from 2304 to 4096 to match text_config.hidden_size
WARNING 08-22 18:10:23 [registry.py:259] Using a slow tokenizer. This might cause a significant slowdown. Consider using a fast tokenizer instead.
INFO 08-22 18:10:23 [kimi_k3.py:116] Overriding vision_config.text_hidden_size from 2304 to 4096 to match text_config.hidden_size
WARNING 08-22 18:10:23 [registry.py:259] Using a slow tokenizer. This might cause a significant slowdown. Consider using a fast tokenizer instead.
INFO 08-22 18:10:23 [kimi_k3.py:116] Overriding vision_config.text_hidden_size from 2304 to 4096 to match text_config.hidden_size
(Worker pid=1115783) INFO 08-22 18:10:23 [parallel_state.py:1640] world_size=24 rank=16 local_rank=0 distributed_init_method=tcp://192.168.0.224:29500 backend=nccl
(Worker pid=1115784) INFO 08-22 18:10:28 [parallel_state.py:1640] world_size=24 rank=17 local_rank=1 distributed_init_method=tcp://192.168.0.224:29500 backend=nccl
(Worker pid=1115786) INFO 08-22 18:10:28 [parallel_state.py:1640] world_size=24 rank=19 local_rank=3 distributed_init_method=tcp://192.168.0.224:29500 backend=nccl
(Worker pid=1115788) INFO 08-22 18:10:31 [parallel_state.py:1640] world_size=24 rank=21 local_rank=5 distributed_init_method=tcp://192.168.0.224:29500 backend=nccl
(Worker pid=1115790) INFO 08-22 18:10:31 [parallel_state.py:1640] world_size=24 rank=23 local_rank=7 distributed_init_method=tcp://192.168.0.224:29500 backend=nccl
(Worker pid=1115785) INFO 08-22 18:10:32 [parallel_state.py:1640] world_size=24 rank=18 local_rank=2 distributed_init_method=tcp://192.168.0.224:29500 backend=nccl
(Worker pid=1115787) INFO 08-22 18:10:32 [parallel_state.py:1640] world_size=24 rank=20 local_rank=4 distributed_init_method=tcp://192.168.0.224:29500 backend=nccl
(Worker pid=1115789) INFO 08-22 18:10:32 [parallel_state.py:1640] world_size=24 rank=22 local_rank=6 distributed_init_method=tcp://192.168.0.224:29500 backend=nccl
(Worker pid=1115783) INFO 08-22 18:11:29 [pynccl.py:113] vLLM is using nccl==2.29.7
(Worker pid=1115784) WARNING 08-22 18:11:39 [symm_mem.py:107] SymmMemCommunicator: symmetric memory multicast operations are not supported.
(Worker pid=1115785) WARNING 08-22 18:11:39 [symm_mem.py:107] SymmMemCommunicator: symmetric memory multicast operations are not supported.
(Worker pid=1115788) WARNING 08-22 18:11:39 [symm_mem.py:107] SymmMemCommunicator: symmetric memory multicast operations are not supported.
(Worker pid=1115783) WARNING 08-22 18:11:39 [symm_mem.py:107] SymmMemCommunicator: symmetric memory multicast operations are not supported.
(Worker pid=1115787) WARNING 08-22 18:11:39 [symm_mem.py:107] SymmMemCommunicator: symmetric memory multicast operations are not supported.
(Worker pid=1115786) WARNING 08-22 18:11:39 [symm_mem.py:107] SymmMemCommunicator: symmetric memory multicast operations are not supported.
(Worker pid=1115790) WARNING 08-22 18:11:39 [symm_mem.py:107] SymmMemCommunicator: symmetric memory multicast operations are not supported.
(Worker pid=1115789) WARNING 08-22 18:11:39 [symm_mem.py:107] SymmMemCommunicator: symmetric memory multicast operations are not supported.
(Worker pid=1115783) INFO 08-22 18:11:44 [parallel_state.py:1979] rank 16 in world size 24 is assigned as DP rank 0, PP rank 2, PCP rank 0, TP rank 0, EP rank 0, EPLB rank N/A
(Worker pid=1115783) INFO 08-22 18:11:44 [gpu_worker.py:385] Using V2 Model Runner
(Worker_PP2_TP0 pid=1115783) INFO 08-22 18:11:45 [model_runner.py:308] Loading model from scratch...
(Worker_PP2_TP0 pid=1115783) WARNING 08-22 18:11:45 [vision.py:153] The number of vision attention heads is not divisible by the tensor parallel size. Falling back to data parallelism for the vision encoder.
(Worker_PP2_TP0 pid=1115783) INFO 08-22 18:11:45 [cuda.py:541] Using backend AttentionBackendEnum.FLASH_ATTN for vit attention
(Worker_PP2_TP0 pid=1115783) INFO 08-22 18:11:45 [mm_encoder_attention.py:375] Using AttentionBackendEnum.FLASH_ATTN for MMEncoderAttention.
(Worker_PP2_TP3 pid=1115786) INFO 08-22 18:12:05 [kernel.py:306] Final IR op priority after setting platform defaults: IrOpPriorityConfig(rms_norm=['vllm_c', 'native'], fused_add_rms_norm=['vllm_c', 'native'])
(Worker_PP2_TP7 pid=1115790) INFO 08-22 18:12:11 [kernel.py:306] Final IR op priority after setting platform defaults: IrOpPriorityConfig(rms_norm=['vllm_c', 'native'], fused_add_rms_norm=['vllm_c', 'native'])
(Worker_PP2_TP2 pid=1115785) INFO 08-22 18:12:12 [kernel.py:306] Final IR op priority after setting platform defaults: IrOpPriorityConfig(rms_norm=['vllm_c', 'native'], fused_add_rms_norm=['vllm_c', 'native'])
(Worker_PP2_TP0 pid=1115783) WARNING 08-22 18:12:12 [vllm.py:1194] Enforce eager set, disabling torch.compile and CUDAGraphs. This is equivalent to setting -cc.mode=none -cc.cudagraph_mode=none
(Worker_PP2_TP0 pid=1115783) WARNING 08-22 18:12:12 [vllm.py:1237] VLLM_USE_BREAKABLE_CUDAGRAPH is set, disabling vLLM's torch.compile pipeline. Equivalent to -cc.mode=none.
(Worker_PP2_TP0 pid=1115783) WARNING 08-22 18:12:12 [vllm.py:1247] Inductor compilation was disabled by user settings, optimizations settings that are only active during inductor compilation will be ignored.
(Worker_PP2_TP0 pid=1115783) INFO 08-22 18:12:12 [kernel.py:306] Final IR op priority after setting platform defaults: IrOpPriorityConfig(rms_norm=['vllm_c', 'native'], fused_add_rms_norm=['vllm_c', 'native'])
(Worker_PP2_TP0 pid=1115783) INFO 08-22 18:12:12 [vllm.py:1426] Cudagraph is disabled under eager mode
(Worker_PP2_TP5 pid=1115788) INFO 08-22 18:12:12 [kernel.py:306] Final IR op priority after setting platform defaults: IrOpPriorityConfig(rms_norm=['vllm_c', 'native'], fused_add_rms_norm=['vllm_c', 'native'])
(Worker_PP2_TP0 pid=1115783) INFO 08-22 18:12:12 [kda.py:390] Fused KDA decode kernel (conv+KDA+norm) is enabled.
(Worker_PP2_TP0 pid=1115783) INFO 08-22 18:12:12 [kda.py:242] Using FlashKDA KDA prefill backend.
(Worker_PP2_TP4 pid=1115787) INFO 08-22 18:12:13 [kernel.py:306] Final IR op priority after setting platform defaults: IrOpPriorityConfig(rms_norm=['vllm_c', 'native'], fused_add_rms_norm=['vllm_c', 'native'])
(Worker_PP2_TP6 pid=1115789) INFO 08-22 18:12:13 [kernel.py:306] Final IR op priority after setting platform defaults: IrOpPriorityConfig(rms_norm=['vllm_c', 'native'], fused_add_rms_norm=['vllm_c', 'native'])
(Worker_PP2_TP0 pid=1115783) INFO 08-22 18:12:13 [mxfp4.py:626] Using 'MARLIN' Mxfp4 MoE backend.
(Worker_PP2_TP1 pid=1115784) INFO 08-22 18:12:13 [kernel.py:306] Final IR op priority after setting platform defaults: IrOpPriorityConfig(rms_norm=['vllm_c', 'native'], fused_add_rms_norm=['vllm_c', 'native'])
(Worker_PP2_TP0 pid=1115783) INFO 08-22 18:12:14 [cuda.py:482] Using FLASH_ATTN_MLA attention backend out of potential backends: ['FLASH_ATTN_MLA', 'FLASHMLA', 'TRITON_MLA'].
(Worker_PP2_TP0 pid=1115783) INFO 08-22 18:12:14 [selector.py:190] Using FLASH_ATTN MLA prefill backend.
(Worker_PP2_TP0 pid=1115783) INFO 08-22 18:12:25 [weight_utils.py:867] Filesystem type for checkpoints: EXT4. Checkpoint size: 1453.74 GiB. Available RAM: 949.59 GiB.
(Worker_PP2_TP0 pid=1115783) INFO 08-22 18:12:25 [weight_utils.py:897] Auto-prefetch is disabled because the filesystem (EXT4) is not a recognized network FS (NFS/Lustre) and the checkpoint size (1453.74 GiB) exceeds 90% of available RAM (949.59 GiB).
(Worker_PP2_TP0 pid=1115783) INFO 08-22 18:14:42 [default_loader.py:430] Loading weights took 137.52 seconds
(Worker_PP2_TP0 pid=1115783) INFO 08-22 18:14:43 [mxfp4.py:1730] Using MoEPrepareAndFinalizeNoDPEPModular
(Worker_PP2_TP0 pid=1115783) INFO 08-22 18:14:43 [mxfp4.py:1731] Using MarlinExperts
(Worker_PP2_TP3 pid=1115786) INFO 08-22 18:14:46 [model_runner.py:329] Model loading took 65.37 GiB and 181.093300 seconds
(Worker_PP2_TP3 pid=1115786) INFO 08-22 18:14:46 [kernel.py:306] Final IR op priority after setting platform defaults: IrOpPriorityConfig(rms_norm=['vllm_c', 'native'], fused_add_rms_norm=['vllm_c', 'native'])
(Worker_PP2_TP3 pid=1115786) INFO 08-22 18:14:46 [kernel.py:306] Final IR op priority after setting platform defaults: IrOpPriorityConfig(rms_norm=['vllm_c', 'native'], fused_add_rms_norm=['vllm_c', 'native'])
(Worker_PP2_TP3 pid=1115786) INFO 08-22 18:14:46 [interface.py:911] Setting attention block size to 768 tokens to ensure that attention page size is >= mamba page size.
(Worker_PP2_TP3 pid=1115786) INFO 08-22 18:14:46 [interface.py:935] Padding mamba page size by 8.68% to ensure that mamba page size and attention page size are exactly equal.
(Worker_PP2_TP2 pid=1115785) INFO 08-22 18:14:51 [model_runner.py:329] Model loading took 65.37 GiB and 185.494158 seconds
(Worker_PP2_TP1 pid=1115784) INFO 08-22 18:14:51 [model_runner.py:329] Model loading took 65.37 GiB and 185.523012 seconds
(Worker_PP2_TP2 pid=1115785) INFO 08-22 18:14:51 [kernel.py:306] Final IR op priority after setting platform defaults: IrOpPriorityConfig(rms_norm=['vllm_c', 'native'], fused_add_rms_norm=['vllm_c', 'native'])
(Worker_PP2_TP2 pid=1115785) INFO 08-22 18:14:51 [kernel.py:306] Final IR op priority after setting platform defaults: IrOpPriorityConfig(rms_norm=['vllm_c', 'native'], fused_add_rms_norm=['vllm_c', 'native'])
(Worker_PP2_TP2 pid=1115785) INFO 08-22 18:14:51 [interface.py:911] Setting attention block size to 768 tokens to ensure that attention page size is >= mamba page size.
(Worker_PP2_TP2 pid=1115785) INFO 08-22 18:14:51 [interface.py:935] Padding mamba page size by 8.68% to ensure that mamba page size and attention page size are exactly equal.
(Worker_PP2_TP1 pid=1115784) INFO 08-22 18:14:51 [kernel.py:306] Final IR op priority after setting platform defaults: IrOpPriorityConfig(rms_norm=['vllm_c', 'native'], fused_add_rms_norm=['vllm_c', 'native'])
(Worker_PP2_TP1 pid=1115784) INFO 08-22 18:14:51 [kernel.py:306] Final IR op priority after setting platform defaults: IrOpPriorityConfig(rms_norm=['vllm_c', 'native'], fused_add_rms_norm=['vllm_c', 'native'])
(Worker_PP2_TP1 pid=1115784) INFO 08-22 18:14:51 [interface.py:911] Setting attention block size to 768 tokens to ensure that attention page size is >= mamba page size.
(Worker_PP2_TP1 pid=1115784) INFO 08-22 18:14:51 [interface.py:935] Padding mamba page size by 8.68% to ensure that mamba page size and attention page size are exactly equal.
(Worker_PP2_TP5 pid=1115788) INFO 08-22 18:14:51 [model_runner.py:329] Model loading took 65.37 GiB and 185.789961 seconds
(Worker_PP2_TP5 pid=1115788) INFO 08-22 18:14:51 [kernel.py:306] Final IR op priority after setting platform defaults: IrOpPriorityConfig(rms_norm=['vllm_c', 'native'], fused_add_rms_norm=['vllm_c', 'native'])
(Worker_PP2_TP5 pid=1115788) INFO 08-22 18:14:51 [kernel.py:306] Final IR op priority after setting platform defaults: IrOpPriorityConfig(rms_norm=['vllm_c', 'native'], fused_add_rms_norm=['vllm_c', 'native'])
(Worker_PP2_TP5 pid=1115788) INFO 08-22 18:14:51 [interface.py:911] Setting attention block size to 768 tokens to ensure that attention page size is >= mamba page size.
(Worker_PP2_TP5 pid=1115788) INFO 08-22 18:14:51 [interface.py:935] Padding mamba page size by 8.68% to ensure that mamba page size and attention page size are exactly equal.
(Worker_PP2_TP7 pid=1115790) INFO 08-22 18:14:54 [model_runner.py:329] Model loading took 65.37 GiB and 189.120108 seconds
(Worker_PP2_TP7 pid=1115790) INFO 08-22 18:14:54 [kernel.py:306] Final IR op priority after setting platform defaults: IrOpPriorityConfig(rms_norm=['vllm_c', 'native'], fused_add_rms_norm=['vllm_c', 'native'])
(Worker_PP2_TP7 pid=1115790) INFO 08-22 18:14:54 [kernel.py:306] Final IR op priority after setting platform defaults: IrOpPriorityConfig(rms_norm=['vllm_c', 'native'], fused_add_rms_norm=['vllm_c', 'native'])
(Worker_PP2_TP7 pid=1115790) INFO 08-22 18:14:54 [interface.py:911] Setting attention block size to 768 tokens to ensure that attention page size is >= mamba page size.
(Worker_PP2_TP7 pid=1115790) INFO 08-22 18:14:54 [interface.py:935] Padding mamba page size by 8.68% to ensure that mamba page size and attention page size are exactly equal.
(Worker_PP2_TP0 pid=1115783) INFO 08-22 18:14:54 [model_runner.py:329] Model loading took 65.37 GiB and 189.276933 seconds
(Worker_PP2_TP0 pid=1115783) INFO 08-22 18:14:54 [kernel.py:306] Final IR op priority after setting platform defaults: IrOpPriorityConfig(rms_norm=['vllm_c', 'native'], fused_add_rms_norm=['vllm_c', 'native'])
(Worker_PP2_TP0 pid=1115783) INFO 08-22 18:14:54 [kernel.py:306] Final IR op priority after setting platform defaults: IrOpPriorityConfig(rms_norm=['vllm_c', 'native'], fused_add_rms_norm=['vllm_c', 'native'])
(Worker_PP2_TP0 pid=1115783) INFO 08-22 18:14:54 [interface.py:911] Setting attention block size to 768 tokens to ensure that attention page size is >= mamba page size.
(Worker_PP2_TP0 pid=1115783) INFO 08-22 18:14:54 [interface.py:935] Padding mamba page size by 8.68% to ensure that mamba page size and attention page size are exactly equal.
(Worker_PP2_TP6 pid=1115789) INFO 08-22 18:16:01 [model_runner.py:329] Model loading took 65.37 GiB and 255.978981 seconds
(Worker_PP2_TP6 pid=1115789) INFO 08-22 18:16:01 [kernel.py:306] Final IR op priority after setting platform defaults: IrOpPriorityConfig(rms_norm=['vllm_c', 'native'], fused_add_rms_norm=['vllm_c', 'native'])
(Worker_PP2_TP6 pid=1115789) INFO 08-22 18:16:01 [kernel.py:306] Final IR op priority after setting platform defaults: IrOpPriorityConfig(rms_norm=['vllm_c', 'native'], fused_add_rms_norm=['vllm_c', 'native'])
(Worker_PP2_TP6 pid=1115789) INFO 08-22 18:16:01 [interface.py:911] Setting attention block size to 768 tokens to ensure that attention page size is >= mamba page size.
(Worker_PP2_TP6 pid=1115789) INFO 08-22 18:16:01 [interface.py:935] Padding mamba page size by 8.68% to ensure that mamba page size and attention page size are exactly equal.
(Worker_PP2_TP4 pid=1115787) INFO 08-22 18:16:02 [model_runner.py:329] Model loading took 65.37 GiB and 257.286264 seconds
(Worker_PP2_TP4 pid=1115787) INFO 08-22 18:16:02 [kernel.py:306] Final IR op priority after setting platform defaults: IrOpPriorityConfig(rms_norm=['vllm_c', 'native'], fused_add_rms_norm=['vllm_c', 'native'])
(Worker_PP2_TP4 pid=1115787) INFO 08-22 18:16:02 [kernel.py:306] Final IR op priority after setting platform defaults: IrOpPriorityConfig(rms_norm=['vllm_c', 'native'], fused_add_rms_norm=['vllm_c', 'native'])
(Worker_PP2_TP4 pid=1115787) INFO 08-22 18:16:02 [interface.py:911] Setting attention block size to 768 tokens to ensure that attention page size is >= mamba page size.
(Worker_PP2_TP4 pid=1115787) INFO 08-22 18:16:02 [interface.py:935] Padding mamba page size by 8.68% to ensure that mamba page size and attention page size are exactly equal.
(Worker_PP2_TP3 pid=1115786) [k3t r?] step=1 tok=8192 step=2888.03ms | KDA: n=22 attn=271.5ms mlp=1792.6ms other=440.5ms tot=2504.7ms | full: n=9 attn=121.7ms mlp=231.5ms other=11.9ms tot=365.2ms | ALL: attn=393.2ms mlp=2024.2ms model=2888.1ms
(Worker_PP2_TP7 pid=1115790) [k3t r?] step=1 tok=8192 step=2991.16ms | KDA: n=22 attn=271.1ms mlp=1793.3ms other=479.6ms tot=2544.0ms | full: n=9 attn=121.3ms mlp=231.8ms other=11.9ms tot=365.0ms | ALL: attn=392.4ms mlp=2025.1ms model=2991.3ms
(Worker_PP2_TP2 pid=1115785) [k3t r?] step=1 tok=8192 step=2996.31ms | KDA: n=22 attn=256.5ms mlp=1793.0ms other=479.1ms tot=2528.6ms | full: n=9 attn=121.5ms mlp=231.8ms other=11.9ms tot=365.2ms | ALL: attn=378.0ms mlp=2024.8ms model=2996.4ms
(Worker_PP2_TP1 pid=1115784) [k3t r?] step=1 tok=8192 step=2988.08ms | KDA: n=22 attn=256.9ms mlp=1792.9ms other=478.4ms tot=2528.2ms | full: n=9 attn=121.3ms mlp=231.6ms other=11.9ms tot=364.8ms | ALL: attn=378.2ms mlp=2024.4ms model=2988.2ms
(Worker_PP2_TP5 pid=1115788) [k3t r?] step=1 tok=8192 step=2990.27ms | KDA: n=22 attn=259.5ms mlp=1793.1ms other=476.0ms tot=2528.6ms | full: n=9 attn=121.5ms mlp=231.7ms other=11.9ms tot=365.1ms | ALL: attn=381.0ms mlp=2024.8ms model=2990.4ms
(Worker_PP2_TP0 pid=1115783) [k3t r?] step=1 tok=8192 step=3008.37ms | KDA: n=22 attn=271.0ms mlp=1793.4ms other=515.7ms tot=2580.1ms | full: n=9 attn=121.2ms mlp=231.8ms other=11.9ms tot=364.9ms | ALL: attn=392.3ms mlp=2025.1ms model=3008.5ms
(Worker_PP2_TP4 pid=1115787) [k3t r?] step=1 tok=8192 step=3002.53ms | KDA: n=22 attn=258.2ms mlp=1793.5ms other=492.4ms tot=2544.1ms | full: n=9 attn=121.0ms mlp=231.7ms other=11.9ms tot=364.6ms | ALL: attn=379.2ms mlp=2025.2ms model=3002.6ms
(Worker_PP2_TP6 pid=1115789) [k3t r?] step=1 tok=8192 step=2993.85ms | KDA: n=22 attn=259.4ms mlp=1793.0ms other=491.4ms tot=2543.8ms | full: n=9 attn=121.4ms mlp=231.7ms other=11.9ms tot=365.0ms | ALL: attn=380.8ms mlp=2024.7ms model=2993.9ms
(Worker_PP2_TP2 pid=1115785) [k3t r?] logits=4.9ms step_tot=3003.8ms
(Worker_PP2_TP1 pid=1115784) [k3t r?] logits=4.9ms step_tot=2995.6ms
(Worker_PP2_TP3 pid=1115786) [k3t r?] logits=4.9ms step_tot=2895.6ms
(Worker_PP2_TP0 pid=1115783) [k3t r?] logits=4.9ms step_tot=3015.8ms
(Worker_PP2_TP5 pid=1115788) [k3t r?] logits=5.0ms step_tot=2997.8ms
(Worker_PP2_TP7 pid=1115790) [k3t r?] logits=5.0ms step_tot=2998.7ms
(Worker_PP2_TP4 pid=1115787) [k3t r?] logits=4.2ms step_tot=3010.0ms
(Worker_PP2_TP6 pid=1115789) [k3t r?] logits=4.2ms step_tot=3001.3ms
(Worker_PP2_TP0 pid=1115783) INFO 08-22 18:16:07 [gpu_worker.py:563] Available KV cache memory: 14.58 GiB
(Worker_PP2_TP0 pid=1115783) INFO 08-22 18:16:21 [kernel_warmup.py:92] Warming up ll_bf16 router GEMM kernels for shapes: ((7168, 896),).
(Worker_PP2_TP5 pid=1115788) INFO 08-22 18:16:24 [gpu_worker.py:789] Free memory on device (92.68/94.62 GiB) on startup. Desired GPU memory utilization is (0.9, 85.15 GiB). Actual usage is 68.74 GiB for consumed memory (weights + non-torch), 1.83 GiB for peak activation, and 0.0 GiB for CUDAGraph memory. Replace gpu_memory_utilization config with `--kv-cache-memory=15501737472` (14.44 GiB) to fit into requested memory, or `--kv-cache-memory=23585537536` (21.97 GiB) to fully utilize gpu memory. Current kv cache memory in use is 14.58 GiB.
(Worker_PP2_TP1 pid=1115784) INFO 08-22 18:16:24 [gpu_worker.py:789] Free memory on device (92.58/94.62 GiB) on startup. Desired GPU memory utilization is (0.9, 85.15 GiB). Actual usage is 68.74 GiB for consumed memory (weights + non-torch), 1.83 GiB for peak activation, and 0.0 GiB for CUDAGraph memory. Replace gpu_memory_utilization config with `--kv-cache-memory=15501737472` (14.44 GiB) to fit into requested memory, or `--kv-cache-memory=23480679936` (21.87 GiB) to fully utilize gpu memory. Current kv cache memory in use is 14.58 GiB.
(Worker_PP2_TP2 pid=1115785) INFO 08-22 18:16:24 [gpu_worker.py:789] Free memory on device (92.68/94.62 GiB) on startup. Desired GPU memory utilization is (0.9, 85.15 GiB). Actual usage is 68.74 GiB for consumed memory (weights + non-torch), 1.83 GiB for peak activation, and 0.0 GiB for CUDAGraph memory. Replace gpu_memory_utilization config with `--kv-cache-memory=15501737472` (14.44 GiB) to fit into requested memory, or `--kv-cache-memory=23585537536` (21.97 GiB) to fully utilize gpu memory. Current kv cache memory in use is 14.58 GiB.
(Worker_PP2_TP7 pid=1115790) INFO 08-22 18:16:24 [gpu_worker.py:789] Free memory on device (92.68/94.62 GiB) on startup. Desired GPU memory utilization is (0.9, 85.15 GiB). Actual usage is 68.74 GiB for consumed memory (weights + non-torch), 1.83 GiB for peak activation, and 0.0 GiB for CUDAGraph memory. Replace gpu_memory_utilization config with `--kv-cache-memory=15501737472` (14.44 GiB) to fit into requested memory, or `--kv-cache-memory=23585537536` (21.97 GiB) to fully utilize gpu memory. Current kv cache memory in use is 14.58 GiB.
(Worker_PP2_TP3 pid=1115786) INFO 08-22 18:16:24 [gpu_worker.py:789] Free memory on device (92.68/94.62 GiB) on startup. Desired GPU memory utilization is (0.9, 85.15 GiB). Actual usage is 68.74 GiB for consumed memory (weights + non-torch), 1.83 GiB for peak activation, and 0.0 GiB for CUDAGraph memory. Replace gpu_memory_utilization config with `--kv-cache-memory=15501737472` (14.44 GiB) to fit into requested memory, or `--kv-cache-memory=23585537536` (21.97 GiB) to fully utilize gpu memory. Current kv cache memory in use is 14.58 GiB.
(Worker_PP2_TP0 pid=1115783) INFO 08-22 18:16:24 [gpu_worker.py:789] Free memory on device (92.68/94.62 GiB) on startup. Desired GPU memory utilization is (0.9, 85.15 GiB). Actual usage is 68.74 GiB for consumed memory (weights + non-torch), 1.83 GiB for peak activation, and 0.0 GiB for CUDAGraph memory. Replace gpu_memory_utilization config with `--kv-cache-memory=15501737472` (14.44 GiB) to fit into requested memory, or `--kv-cache-memory=23585537536` (21.97 GiB) to fully utilize gpu memory. Current kv cache memory in use is 14.58 GiB.
(Worker_PP2_TP6 pid=1115789) INFO 08-22 18:16:25 [gpu_worker.py:789] Free memory on device (92.68/94.62 GiB) on startup. Desired GPU memory utilization is (0.9, 85.15 GiB). Actual usage is 68.74 GiB for consumed memory (weights + non-torch), 1.83 GiB for peak activation, and 0.0 GiB for CUDAGraph memory. Replace gpu_memory_utilization config with `--kv-cache-memory=15501737472` (14.44 GiB) to fit into requested memory, or `--kv-cache-memory=23585537536` (21.97 GiB) to fully utilize gpu memory. Current kv cache memory in use is 14.58 GiB.
(Worker_PP2_TP4 pid=1115787) INFO 08-22 18:16:25 [gpu_worker.py:789] Free memory on device (92.68/94.62 GiB) on startup. Desired GPU memory utilization is (0.9, 85.15 GiB). Actual usage is 68.74 GiB for consumed memory (weights + non-torch), 1.83 GiB for peak activation, and 0.0 GiB for CUDAGraph memory. Replace gpu_memory_utilization config with `--kv-cache-memory=15501737472` (14.44 GiB) to fit into requested memory, or `--kv-cache-memory=23585537536` (21.97 GiB) to fully utilize gpu memory. Current kv cache memory in use is 14.58 GiB.

[2026-08-22 18:11:30] iZ2zebufj7xahy3u5wakcpZ:1115789:1115789 [6] misc/ibvwrap.cc:173 NCCL WARN lib wrapper not initialized.
[rank22]:[W822 18:16:35.268100955 ProcessGroupNCCL.cpp:4173] Warning: An unbatched P2P op (send/recv) was called on this ProcessGroup with size 3.  In lazy initialization mode, this will result in a new 2-rank NCCL communicator to be created. (function operator())

[2026-08-22 18:11:31] iZ2zebufj7xahy3u5wakcpZ:1115788:1115788 [5] misc/ibvwrap.cc:173 NCCL WARN lib wrapper not initialized.

[2026-08-22 18:11:30] iZ2zebufj7xahy3u5wakcpZ:1115785:1115785 [2] misc/ibvwrap.cc:173 NCCL WARN lib wrapper not initialized.
[rank21]:[W822 18:16:35.268184182 ProcessGroupNCCL.cpp:4173] Warning: An unbatched P2P op (send/recv) was called on this ProcessGroup with size 3.  In lazy initialization mode, this will result in a new 2-rank NCCL communicator to be created. (function operator())
[rank18]:[W822 18:16:35.268191216 ProcessGroupNCCL.cpp:4173] Warning: An unbatched P2P op (send/recv) was called on this ProcessGroup with size 3.  In lazy initialization mode, this will result in a new 2-rank NCCL communicator to be created. (function operator())

[2026-08-22 18:11:30] iZ2zebufj7xahy3u5wakcpZ:1115787:1115787 [4] misc/ibvwrap.cc:173 NCCL WARN lib wrapper not initialized.
[rank20]:[W822 18:16:35.268209721 ProcessGroupNCCL.cpp:4173] Warning: An unbatched P2P op (send/recv) was called on this ProcessGroup with size 3.  In lazy initialization mode, this will result in a new 2-rank NCCL communicator to be created. (function operator())

[2026-08-22 18:11:31] iZ2zebufj7xahy3u5wakcpZ:1115784:1115784 [1] misc/ibvwrap.cc:173 NCCL WARN lib wrapper not initialized.
[rank17]:[W822 18:16:35.268295930 ProcessGroupNCCL.cpp:4173] Warning: An unbatched P2P op (send/recv) was called on this ProcessGroup with size 3.  In lazy initialization mode, this will result in a new 2-rank NCCL communicator to be created. (function operator())

[2026-08-22 18:11:31] iZ2zebufj7xahy3u5wakcpZ:1115786:1115786 [3] misc/ibvwrap.cc:173 NCCL WARN lib wrapper not initialized.
[rank19]:[W822 18:16:35.268462229 ProcessGroupNCCL.cpp:4173] Warning: An unbatched P2P op (send/recv) was called on this ProcessGroup with size 3.  In lazy initialization mode, this will result in a new 2-rank NCCL communicator to be created. (function operator())
NCCL version 2.29.7+cuda13.2

[2026-08-22 18:11:34] iZ2zebufj7xahy3u5wakcpZ:1115783:1115783 [0] misc/ibvwrap.cc:173 NCCL WARN lib wrapper not initialized.
[rank16]:[W822 18:16:35.268546534 ProcessGroupNCCL.cpp:4173] Warning: An unbatched P2P op (send/recv) was called on this ProcessGroup with size 3.  In lazy initialization mode, this will result in a new 2-rank NCCL communicator to be created. (function operator())

[2026-08-22 18:11:31] iZ2zebufj7xahy3u5wakcpZ:1115790:1115790 [7] misc/ibvwrap.cc:173 NCCL WARN lib wrapper not initialized.
[rank23]:[W822 18:16:35.268686902 ProcessGroupNCCL.cpp:4173] Warning: An unbatched P2P op (send/recv) was called on this ProcessGroup with size 3.  In lazy initialization mode, this will result in a new 2-rank NCCL communicator to be created. (function operator())
(Worker_PP2_TP1 pid=1115784) [k3t r?] step=2 tok=982 step=342.19ms | KDA: n=22 attn=99.4ms mlp=105.9ms other=3.9ms tot=209.2ms | full: n=9 attn=91.7ms mlp=39.3ms other=1.6ms tot=132.6ms | ALL: attn=191.1ms mlp=145.2ms model=342.2ms
(Worker_PP2_TP7 pid=1115790) [k3t r?] step=2 tok=982 step=342.21ms | KDA: n=22 attn=99.4ms mlp=105.9ms other=3.9ms tot=209.2ms | full: n=9 attn=91.6ms mlp=39.4ms other=1.6ms tot=132.6ms | ALL: attn=191.0ms mlp=145.3ms model=342.2ms
(Worker_PP2_TP0 pid=1115783) [k3t r?] step=2 tok=982 step=342.20ms | KDA: n=22 attn=99.4ms mlp=105.9ms other=3.9ms tot=209.2ms | full: n=9 attn=91.7ms mlp=39.4ms other=1.6ms tot=132.6ms | ALL: attn=191.1ms mlp=145.3ms model=342.2ms
(Worker_PP2_TP4 pid=1115787) [k3t r?] step=2 tok=982 step=342.21ms | KDA: n=22 attn=99.4ms mlp=105.9ms other=3.9ms tot=209.2ms | full: n=9 attn=91.7ms mlp=39.4ms other=1.6ms tot=132.6ms | ALL: attn=191.1ms mlp=145.3ms model=342.2ms
(Worker_PP2_TP3 pid=1115786) [k3t r?] step=2 tok=982 step=342.21ms | KDA: n=22 attn=97.6ms mlp=105.7ms other=5.5ms tot=208.7ms | full: n=9 attn=91.7ms mlp=39.4ms other=1.6ms tot=132.6ms | ALL: attn=189.2ms mlp=145.0ms model=342.2ms
(Worker_PP2_TP2 pid=1115785) [k3t r?] step=2 tok=982 step=342.20ms | KDA: n=22 attn=99.4ms mlp=105.9ms other=3.9ms tot=209.2ms | full: n=9 attn=91.7ms mlp=39.4ms other=1.6ms tot=132.6ms | ALL: attn=191.0ms mlp=145.3ms model=342.2ms
(Worker_PP2_TP6 pid=1115789) [k3t r?] step=2 tok=982 step=342.22ms | KDA: n=22 attn=99.4ms mlp=105.8ms other=4.2ms tot=209.4ms | full: n=9 attn=91.3ms mlp=39.1ms other=2.1ms tot=132.5ms | ALL: attn=190.7ms mlp=144.9ms model=342.2ms
(Worker_PP2_TP5 pid=1115788) [k3t r?] step=2 tok=982 step=342.23ms | KDA: n=22 attn=99.4ms mlp=105.9ms other=3.9ms tot=209.2ms | full: n=9 attn=91.7ms mlp=39.4ms other=1.6ms tot=132.6ms | ALL: attn=191.1ms mlp=145.3ms model=342.2ms
(Worker_PP2_TP5 pid=1115788) [k3t r?] logits=5.5ms step_tot=351.1ms
(Worker_PP2_TP4 pid=1115787) [k3t r?] logits=5.5ms step_tot=351.1ms
(Worker_PP2_TP3 pid=1115786) [k3t r?] logits=5.2ms step_tot=351.1ms
(Worker_PP2_TP6 pid=1115789) [k3t r?] logits=5.3ms step_tot=351.1ms
(Worker_PP2_TP2 pid=1115785) [k3t r?] logits=5.6ms step_tot=351.1ms
(Worker_PP2_TP7 pid=1115790) [k3t r?] logits=5.6ms step_tot=351.1ms
(Worker_PP2_TP1 pid=1115784) [k3t r?] logits=5.7ms step_tot=351.1ms
(Worker_PP2_TP0 pid=1115783) [k3t r?] logits=5.2ms step_tot=351.1ms
(Worker_PP2_TP1 pid=1115784) [k3t r?] logits=4.1ms
(Worker_PP2_TP2 pid=1115785) [k3t r?] logits=1586.0ms
(Worker_PP2_TP3 pid=1115786) [k3t r?] logits=569.8ms
(Worker_PP2_TP7 pid=1115790) [k3t r?] logits=115.8ms
(Worker_PP2_TP5 pid=1115788) [k3t r?] logits=1405.6ms
(Worker_PP2_TP0 pid=1115783) [k3t r?] logits=1426.6ms
(Worker_PP2_TP4 pid=1115787) [k3t r?] logits=1409.8ms
(Worker_PP2_TP6 pid=1115789) [k3t r?] logits=1548.1ms
(Worker_PP2_TP1 pid=1115784) [k3t r?] step=3 tok=491 step=172.83ms | KDA: n=22 attn=29.9ms mlp=79.2ms other=2.2ms tot=111.3ms | full: n=9 attn=29.6ms mlp=30.7ms other=0.9ms tot=61.3ms | ALL: attn=59.5ms mlp=109.9ms model=172.8ms
(Worker_PP2_TP7 pid=1115790) [k3t r?] step=3 tok=491 step=172.82ms | KDA: n=22 attn=29.9ms mlp=79.2ms other=2.2ms tot=111.3ms | full: n=9 attn=29.6ms mlp=30.7ms other=0.9ms tot=61.3ms | ALL: attn=59.5ms mlp=110.0ms model=172.8ms
(Worker_PP2_TP2 pid=1115785) [k3t r?] step=3 tok=491 step=172.83ms | KDA: n=22 attn=29.8ms mlp=79.3ms other=2.2ms tot=111.3ms | full: n=9 attn=29.6ms mlp=30.7ms other=0.9ms tot=61.3ms | ALL: attn=59.5ms mlp=110.0ms model=172.8ms
(Worker_PP2_TP3 pid=1115786) [k3t r?] step=3 tok=491 step=172.82ms | KDA: n=22 attn=29.9ms mlp=79.2ms other=2.2ms tot=111.3ms | full: n=9 attn=29.6ms mlp=30.7ms other=0.9ms tot=61.3ms | ALL: attn=59.5ms mlp=109.9ms model=172.8ms
(Worker_PP2_TP0 pid=1115783) [k3t r?] step=3 tok=491 step=172.83ms | KDA: n=22 attn=29.9ms mlp=79.3ms other=2.2ms tot=111.3ms | full: n=9 attn=29.6ms mlp=30.7ms other=0.9ms tot=61.3ms | ALL: attn=59.5ms mlp=110.0ms model=172.8ms
(Worker_PP2_TP5 pid=1115788) [k3t r?] step=3 tok=491 step=172.82ms | KDA: n=22 attn=29.8ms mlp=79.3ms other=2.2ms tot=111.3ms | full: n=9 attn=29.6ms mlp=30.7ms other=0.9ms tot=61.3ms | ALL: attn=59.5ms mlp=110.0ms model=172.8ms
(Worker_PP2_TP6 pid=1115789) [k3t r?] step=3 tok=491 step=172.82ms | KDA: n=22 attn=30.0ms mlp=78.5ms other=3.0ms tot=111.4ms | full: n=9 attn=29.7ms mlp=27.8ms other=3.5ms tot=61.0ms | ALL: attn=59.7ms mlp=106.4ms model=172.8ms
(Worker_PP2_TP4 pid=1115787) [k3t r?] step=3 tok=491 step=172.82ms | KDA: n=22 attn=29.9ms mlp=79.2ms other=2.2ms tot=111.3ms | full: n=9 attn=29.6ms mlp=30.7ms other=0.9ms tot=61.3ms | ALL: attn=59.5ms mlp=109.9ms model=172.8ms
(Worker_PP2_TP1 pid=1115784) [k3t r?] logits=2.7ms step_tot=176.7ms
(Worker_PP2_TP2 pid=1115785) [k3t r?] logits=2.7ms step_tot=176.7ms
(Worker_PP2_TP0 pid=1115783) [k3t r?] logits=2.6ms step_tot=176.8ms
(Worker_PP2_TP3 pid=1115786) [k3t r?] logits=2.7ms step_tot=176.8ms
(Worker_PP2_TP5 pid=1115788) [k3t r?] logits=2.5ms step_tot=176.8ms
(Worker_PP2_TP7 pid=1115790) [k3t r?] logits=2.7ms step_tot=176.8ms
(Worker_PP2_TP4 pid=1115787) [k3t r?] logits=2.1ms step_tot=176.8ms
(Worker_PP2_TP6 pid=1115789) [k3t r?] logits=2.1ms step_tot=176.8ms
(Worker_PP2_TP0 pid=1115783) WARNING 08-22 18:16:55 [flashinfer_all_reduce.py:78] Failed to initialize FlashInfer All Reduce workspace: [SymmDeviceMemory] Device does not support multicasting.. This is expected on GPUs without NVSwitch (e.g., NVLink bridge-only or PCIe topologies).
(Worker_PP2_TP0 pid=1115783) WARNING 08-22 18:16:55 [flashinfer_all_reduce.py:191] Failed to initialize FlashInfer Allreduce norm fusion workspace with backend=mnnvl
(Worker_PP2_TP0 pid=1115783) WARNING 08-22 18:16:55 [flashinfer_all_reduce.py:78] Failed to initialize FlashInfer All Reduce workspace: [SymmDeviceMemory] Device does not support multicasting.. This is expected on GPUs without NVSwitch (e.g., NVLink bridge-only or PCIe topologies).
(Worker_PP2_TP0 pid=1115783) WARNING 08-22 18:16:55 [flashinfer_all_reduce.py:78] Failed to initialize FlashInfer All Reduce workspace: [SymmDeviceMemory] Device does not support multicasting.. This is expected on GPUs without NVSwitch (e.g., NVLink bridge-only or PCIe topologies).
(Worker_PP2_TP0 pid=1115783) WARNING 08-22 18:16:55 [flashinfer_all_reduce.py:78] Failed to initialize FlashInfer All Reduce workspace: [SymmDeviceMemory] Device does not support multicasting.. This is expected on GPUs without NVSwitch (e.g., NVLink bridge-only or PCIe topologies).
(Worker_PP2_TP0 pid=1115783) WARNING 08-22 18:16:55 [flashinfer_all_reduce.py:78] Failed to initialize FlashInfer All Reduce workspace: [SymmDeviceMemory] Device does not support multicasting.. This is expected on GPUs without NVSwitch (e.g., NVLink bridge-only or PCIe topologies).
(Worker_PP2_TP0 pid=1115783) WARNING 08-22 18:16:55 [flashinfer_all_reduce.py:78] Failed to initialize FlashInfer All Reduce workspace: [SymmDeviceMemory] Device does not support multicasting.. This is expected on GPUs without NVSwitch (e.g., NVLink bridge-only or PCIe topologies).
(Worker_PP2_TP0 pid=1115783) WARNING 08-22 18:16:55 [flashinfer_all_reduce.py:78] Failed to initialize FlashInfer All Reduce workspace: [SymmDeviceMemory] Device does not support multicasting.. This is expected on GPUs without NVSwitch (e.g., NVLink bridge-only or PCIe topologies).
(Worker_PP2_TP0 pid=1115783) WARNING 08-22 18:16:55 [flashinfer_all_reduce.py:78] Failed to initialize FlashInfer All Reduce workspace: [SymmDeviceMemory] Device does not support multicasting.. This is expected on GPUs without NVSwitch (e.g., NVLink bridge-only or PCIe topologies).
(Worker_PP2_TP0 pid=1115783) WARNING 08-22 18:16:55 [flashinfer_all_reduce.py:78] Failed to initialize FlashInfer All Reduce workspace: [SymmDeviceMemory] Device does not support multicasting.. This is expected on GPUs without NVSwitch (e.g., NVLink bridge-only or PCIe topologies).
(Worker_PP2_TP0 pid=1115783) WARNING 08-22 18:16:55 [flashinfer_all_reduce.py:78] Failed to initialize FlashInfer All Reduce workspace: [SymmDeviceMemory] Device does not support multicasting.. This is expected on GPUs without NVSwitch (e.g., NVLink bridge-only or PCIe topologies).
(Worker_PP2_TP0 pid=1115783) WARNING 08-22 18:16:55 [flashinfer_all_reduce.py:78] Failed to initialize FlashInfer All Reduce workspace: [SymmDeviceMemory] Device does not support multicasting.. This is expected on GPUs without NVSwitch (e.g., NVLink bridge-only or PCIe topologies).
(Worker_PP2_TP0 pid=1115783) WARNING 08-22 18:16:55 [flashinfer_all_reduce.py:78] Failed to initialize FlashInfer All Reduce workspace: [SymmDeviceMemory] Device does not support multicasting.. This is expected on GPUs without NVSwitch (e.g., NVLink bridge-only or PCIe topologies).
(Worker_PP2_TP0 pid=1115783) WARNING 08-22 18:16:55 [flashinfer_all_reduce.py:78] Failed to initialize FlashInfer All Reduce workspace: [SymmDeviceMemory] Device does not support multicasting.. This is expected on GPUs without NVSwitch (e.g., NVLink bridge-only or PCIe topologies).
(Worker_PP2_TP0 pid=1115783) WARNING 08-22 18:16:55 [flashinfer_all_reduce.py:78] Failed to initialize FlashInfer All Reduce workspace: [SymmDeviceMemory] Device does not support multicasting.. This is expected on GPUs without NVSwitch (e.g., NVLink bridge-only or PCIe topologies).
(Worker_PP2_TP0 pid=1115783) WARNING 08-22 18:16:55 [flashinfer_all_reduce.py:78] Failed to initialize FlashInfer All Reduce workspace: [SymmDeviceMemory] Device does not support multicasting.. This is expected on GPUs without NVSwitch (e.g., NVLink bridge-only or PCIe topologies).
(Worker_PP2_TP0 pid=1115783) WARNING 08-22 18:16:55 [flashinfer_all_reduce.py:78] Failed to initialize FlashInfer All Reduce workspace: [SymmDeviceMemory] Device does not support multicasting.. This is expected on GPUs without NVSwitch (e.g., NVLink bridge-only or PCIe topologies).
(Worker_PP2_TP0 pid=1115783) WARNING 08-22 18:16:55 [flashinfer_all_reduce.py:78] Failed to initialize FlashInfer All Reduce workspace: [SymmDeviceMemory] Device does not support multicasting.. This is expected on GPUs without NVSwitch (e.g., NVLink bridge-only or PCIe topologies).
(Worker_PP2_TP0 pid=1115783) WARNING 08-22 18:16:55 [flashinfer_all_reduce.py:78] Failed to initialize FlashInfer All Reduce workspace: [SymmDeviceMemory] Device does not support multicasting.. This is expected on GPUs without NVSwitch (e.g., NVLink bridge-only or PCIe topologies).
(Worker_PP2_TP0 pid=1115783) WARNING 08-22 18:16:55 [flashinfer_all_reduce.py:78] Failed to initialize FlashInfer All Reduce workspace: [SymmDeviceMemory] Device does not support multicasting.. This is expected on GPUs without NVSwitch (e.g., NVLink bridge-only or PCIe topologies).
(Worker_PP2_TP0 pid=1115783) WARNING 08-22 18:16:55 [flashinfer_all_reduce.py:78] Failed to initialize FlashInfer All Reduce workspace: [SymmDeviceMemory] Device does not support multicasting.. This is expected on GPUs without NVSwitch (e.g., NVLink bridge-only or PCIe topologies).
(Worker_PP2_TP0 pid=1115783) WARNING 08-22 18:16:55 [flashinfer_all_reduce.py:78] Failed to initialize FlashInfer All Reduce workspace: [SymmDeviceMemory] Device does not support multicasting.. This is expected on GPUs without NVSwitch (e.g., NVLink bridge-only or PCIe topologies).
(Worker_PP2_TP0 pid=1115783) WARNING 08-22 18:16:55 [flashinfer_all_reduce.py:78] Failed to initialize FlashInfer All Reduce workspace: [SymmDeviceMemory] Device does not support multicasting.. This is expected on GPUs without NVSwitch (e.g., NVLink bridge-only or PCIe topologies).
(Worker_PP2_TP0 pid=1115783) WARNING 08-22 18:16:55 [flashinfer_all_reduce.py:78] Failed to initialize FlashInfer All Reduce workspace: [SymmDeviceMemory] Device does not support multicasting.. This is expected on GPUs without NVSwitch (e.g., NVLink bridge-only or PCIe topologies).
(Worker_PP2_TP0 pid=1115783) WARNING 08-22 18:16:55 [flashinfer_all_reduce.py:78] Failed to initialize FlashInfer All Reduce workspace: [SymmDeviceMemory] Device does not support multicasting.. This is expected on GPUs without NVSwitch (e.g., NVLink bridge-only or PCIe topologies).
(Worker_PP2_TP0 pid=1115783) WARNING 08-22 18:16:55 [flashinfer_all_reduce.py:78] Failed to initialize FlashInfer All Reduce workspace: [SymmDeviceMemory] Device does not support multicasting.. This is expected on GPUs without NVSwitch (e.g., NVLink bridge-only or PCIe topologies).
(Worker_PP2_TP0 pid=1115783) WARNING 08-22 18:16:55 [flashinfer_all_reduce.py:78] Failed to initialize FlashInfer All Reduce workspace: [SymmDeviceMemory] Device does not support multicasting.. This is expected on GPUs without NVSwitch (e.g., NVLink bridge-only or PCIe topologies).
(Worker_PP2_TP0 pid=1115783) WARNING 08-22 18:16:55 [flashinfer_all_reduce.py:78] Failed to initialize FlashInfer All Reduce workspace: [SymmDeviceMemory] Device does not support multicasting.. This is expected on GPUs without NVSwitch (e.g., NVLink bridge-only or PCIe topologies).
(Worker_PP2_TP0 pid=1115783) WARNING 08-22 18:16:55 [flashinfer_all_reduce.py:78] Failed to initialize FlashInfer All Reduce workspace: [SymmDeviceMemory] Device does not support multicasting.. This is expected on GPUs without NVSwitch (e.g., NVLink bridge-only or PCIe topologies).
(Worker_PP2_TP0 pid=1115783) WARNING 08-22 18:16:55 [flashinfer_all_reduce.py:78] Failed to initialize FlashInfer All Reduce workspace: [SymmDeviceMemory] Device does not support multicasting.. This is expected on GPUs without NVSwitch (e.g., NVLink bridge-only or PCIe topologies).
(Worker_PP2_TP0 pid=1115783) WARNING 08-22 18:16:55 [flashinfer_all_reduce.py:78] Failed to initialize FlashInfer All Reduce workspace: [SymmDeviceMemory] Device does not support multicasting.. This is expected on GPUs without NVSwitch (e.g., NVLink bridge-only or PCIe topologies).
(Worker_PP2_TP0 pid=1115783) WARNING 08-22 18:16:55 [flashinfer_all_reduce.py:78] Failed to initialize FlashInfer All Reduce workspace: [SymmDeviceMemory] Device does not support multicasting.. This is expected on GPUs without NVSwitch (e.g., NVLink bridge-only or PCIe topologies).
(Worker_PP2_TP0 pid=1115783) [k3t r?] step=4 tok=2 step=218.73ms | KDA: n=22 attn=58.0ms mlp=89.4ms other=1.6ms tot=149.0ms | full: n=9 attn=38.4ms mlp=30.7ms other=0.5ms tot=69.5ms | ALL: attn=96.4ms mlp=120.1ms model=218.7ms
(Worker_PP2_TP5 pid=1115788) [k3t r?] step=4 tok=2 step=218.73ms | KDA: n=22 attn=58.1ms mlp=89.4ms other=1.6ms tot=149.1ms | full: n=9 attn=38.4ms mlp=30.7ms other=0.4ms tot=69.5ms | ALL: attn=96.5ms mlp=120.0ms model=218.7ms
(Worker_PP2_TP7 pid=1115790) [k3t r?] step=4 tok=2 step=218.73ms | KDA: n=22 attn=58.0ms mlp=89.4ms other=1.7ms tot=149.1ms | full: n=9 attn=38.4ms mlp=30.7ms other=0.4ms tot=69.5ms | ALL: attn=96.4ms mlp=120.1ms model=218.7ms
(Worker_PP2_TP1 pid=1115784) [k3t r?] step=4 tok=2 step=218.73ms | KDA: n=22 attn=58.0ms mlp=89.4ms other=1.6ms tot=149.1ms | full: n=9 attn=38.4ms mlp=30.7ms other=0.4ms tot=69.5ms | ALL: attn=96.5ms mlp=120.1ms model=218.7ms
(Worker_PP2_TP3 pid=1115786) [k3t r?] step=4 tok=2 step=218.73ms | KDA: n=22 attn=58.0ms mlp=89.4ms other=1.6ms tot=149.1ms | full: n=9 attn=38.4ms mlp=30.7ms other=0.4ms tot=69.5ms | ALL: attn=96.4ms mlp=120.1ms model=218.7ms
(Worker_PP2_TP2 pid=1115785) [k3t r?] step=4 tok=2 step=218.73ms | KDA: n=22 attn=58.0ms mlp=89.4ms other=1.6ms tot=149.0ms | full: n=9 attn=38.4ms mlp=30.7ms other=0.4ms tot=69.5ms | ALL: attn=96.4ms mlp=120.1ms model=218.7ms
(Worker_PP2_TP4 pid=1115787) [k3t r?] step=4 tok=2 step=218.73ms | KDA: n=22 attn=48.1ms mlp=88.7ms other=14.4ms tot=151.2ms | full: n=9 attn=32.0ms mlp=30.5ms other=3.2ms tot=65.7ms | ALL: attn=80.1ms mlp=119.2ms model=218.7ms
(Worker_PP2_TP6 pid=1115789) [k3t r?] step=4 tok=2 step=219.44ms | KDA: n=22 attn=39.2ms mlp=88.2ms other=22.6ms tot=150.1ms | full: n=9 attn=28.6ms mlp=30.1ms other=7.0ms tot=65.7ms | ALL: attn=67.9ms mlp=118.3ms model=219.4ms
(Worker_PP2_TP5 pid=1115788) [k3t r?] logits=2.0ms step_tot=222.0ms
(Worker_PP2_TP0 pid=1115783) [k3t r?] logits=2.1ms step_tot=222.0ms
(Worker_PP2_TP1 pid=1115784) [k3t r?] logits=2.0ms step_tot=222.0ms
(Worker_PP2_TP2 pid=1115785) [k3t r?] logits=2.0ms step_tot=222.0ms
(Worker_PP2_TP7 pid=1115790) [k3t r?] logits=2.0ms step_tot=222.0ms
(Worker_PP2_TP3 pid=1115786) [k3t r?] logits=2.0ms step_tot=222.0ms
(Worker_PP2_TP4 pid=1115787) [k3t r?] logits=1.4ms step_tot=222.0ms
(Worker_PP2_TP6 pid=1115789) [k3t r?] logits=1.1ms step_tot=222.2ms
(Worker_PP2_TP0 pid=1115783) WARNING 08-22 18:16:57 [flashinfer_all_reduce.py:78] Failed to initialize FlashInfer All Reduce workspace: [SymmDeviceMemory] Device does not support multicasting.. This is expected on GPUs without NVSwitch (e.g., NVLink bridge-only or PCIe topologies).
(Worker_PP2_TP0 pid=1115783) WARNING 08-22 18:16:57 [flashinfer_all_reduce.py:78] Failed to initialize FlashInfer All Reduce workspace: [SymmDeviceMemory] Device does not support multicasting.. This is expected on GPUs without NVSwitch (e.g., NVLink bridge-only or PCIe topologies).
(Worker_PP2_TP0 pid=1115783) WARNING 08-22 18:16:57 [flashinfer_all_reduce.py:78] Failed to initialize FlashInfer All Reduce workspace: [SymmDeviceMemory] Device does not support multicasting.. This is expected on GPUs without NVSwitch (e.g., NVLink bridge-only or PCIe topologies).
(Worker_PP2_TP0 pid=1115783) WARNING 08-22 18:16:57 [flashinfer_all_reduce.py:78] Failed to initialize FlashInfer All Reduce workspace: [SymmDeviceMemory] Device does not support multicasting.. This is expected on GPUs without NVSwitch (e.g., NVLink bridge-only or PCIe topologies).
(Worker_PP2_TP0 pid=1115783) WARNING 08-22 18:16:57 [flashinfer_all_reduce.py:78] Failed to initialize FlashInfer All Reduce workspace: [SymmDeviceMemory] Device does not support multicasting.. This is expected on GPUs without NVSwitch (e.g., NVLink bridge-only or PCIe topologies).
(Worker_PP2_TP0 pid=1115783) WARNING 08-22 18:16:57 [flashinfer_all_reduce.py:78] Failed to initialize FlashInfer All Reduce workspace: [SymmDeviceMemory] Device does not support multicasting.. This is expected on GPUs without NVSwitch (e.g., NVLink bridge-only or PCIe topologies).
(Worker_PP2_TP0 pid=1115783) WARNING 08-22 18:16:57 [flashinfer_all_reduce.py:78] Failed to initialize FlashInfer All Reduce workspace: [SymmDeviceMemory] Device does not support multicasting.. This is expected on GPUs without NVSwitch (e.g., NVLink bridge-only or PCIe topologies).
(Worker_PP2_TP0 pid=1115783) WARNING 08-22 18:16:57 [flashinfer_all_reduce.py:78] Failed to initialize FlashInfer All Reduce workspace: [SymmDeviceMemory] Device does not support multicasting.. This is expected on GPUs without NVSwitch (e.g., NVLink bridge-only or PCIe topologies).
(Worker_PP2_TP0 pid=1115783) WARNING 08-22 18:16:57 [flashinfer_all_reduce.py:78] Failed to initialize FlashInfer All Reduce workspace: [SymmDeviceMemory] Device does not support multicasting.. This is expected on GPUs without NVSwitch (e.g., NVLink bridge-only or PCIe topologies).
(Worker_PP2_TP0 pid=1115783) WARNING 08-22 18:16:57 [flashinfer_all_reduce.py:78] Failed to initialize FlashInfer All Reduce workspace: [SymmDeviceMemory] Device does not support multicasting.. This is expected on GPUs without NVSwitch (e.g., NVLink bridge-only or PCIe topologies).
(Worker_PP2_TP0 pid=1115783) WARNING 08-22 18:16:57 [flashinfer_all_reduce.py:78] Failed to initialize FlashInfer All Reduce workspace: [SymmDeviceMemory] Device does not support multicasting.. This is expected on GPUs without NVSwitch (e.g., NVLink bridge-only or PCIe topologies).
(Worker_PP2_TP0 pid=1115783) WARNING 08-22 18:16:57 [flashinfer_all_reduce.py:78] Failed to initialize FlashInfer All Reduce workspace: [SymmDeviceMemory] Device does not support multicasting.. This is expected on GPUs without NVSwitch (e.g., NVLink bridge-only or PCIe topologies).
(Worker_PP2_TP0 pid=1115783) WARNING 08-22 18:16:57 [flashinfer_all_reduce.py:78] Failed to initialize FlashInfer All Reduce workspace: [SymmDeviceMemory] Device does not support multicasting.. This is expected on GPUs without NVSwitch (e.g., NVLink bridge-only or PCIe topologies).
(Worker_PP2_TP0 pid=1115783) WARNING 08-22 18:16:57 [flashinfer_all_reduce.py:78] Failed to initialize FlashInfer All Reduce workspace: [SymmDeviceMemory] Device does not support multicasting.. This is expected on GPUs without NVSwitch (e.g., NVLink bridge-only or PCIe topologies).
(Worker_PP2_TP0 pid=1115783) WARNING 08-22 18:16:57 [flashinfer_all_reduce.py:78] Failed to initialize FlashInfer All Reduce workspace: [SymmDeviceMemory] Device does not support multicasting.. This is expected on GPUs without NVSwitch (e.g., NVLink bridge-only or PCIe topologies).
(Worker_PP2_TP0 pid=1115783) WARNING 08-22 18:16:57 [flashinfer_all_reduce.py:78] Failed to initialize FlashInfer All Reduce workspace: [SymmDeviceMemory] Device does not support multicasting.. This is expected on GPUs without NVSwitch (e.g., NVLink bridge-only or PCIe topologies).
(Worker_PP2_TP0 pid=1115783) WARNING 08-22 18:16:57 [flashinfer_all_reduce.py:78] Failed to initialize FlashInfer All Reduce workspace: [SymmDeviceMemory] Device does not support multicasting.. This is expected on GPUs without NVSwitch (e.g., NVLink bridge-only or PCIe topologies).
(Worker_PP2_TP0 pid=1115783) WARNING 08-22 18:16:57 [flashinfer_all_reduce.py:78] Failed to initialize FlashInfer All Reduce workspace: [SymmDeviceMemory] Device does not support multicasting.. This is expected on GPUs without NVSwitch (e.g., NVLink bridge-only or PCIe topologies).
(Worker_PP2_TP0 pid=1115783) WARNING 08-22 18:16:57 [flashinfer_all_reduce.py:78] Failed to initialize FlashInfer All Reduce workspace: [SymmDeviceMemory] Device does not support multicasting.. This is expected on GPUs without NVSwitch (e.g., NVLink bridge-only or PCIe topologies).
(Worker_PP2_TP0 pid=1115783) WARNING 08-22 18:16:57 [flashinfer_all_reduce.py:78] Failed to initialize FlashInfer All Reduce workspace: [SymmDeviceMemory] Device does not support multicasting.. This is expected on GPUs without NVSwitch (e.g., NVLink bridge-only or PCIe topologies).
(Worker_PP2_TP0 pid=1115783) WARNING 08-22 18:16:57 [flashinfer_all_reduce.py:78] Failed to initialize FlashInfer All Reduce workspace: [SymmDeviceMemory] Device does not support multicasting.. This is expected on GPUs without NVSwitch (e.g., NVLink bridge-only or PCIe topologies).
(Worker_PP2_TP0 pid=1115783) WARNING 08-22 18:16:57 [flashinfer_all_reduce.py:78] Failed to initialize FlashInfer All Reduce workspace: [SymmDeviceMemory] Device does not support multicasting.. This is expected on GPUs without NVSwitch (e.g., NVLink bridge-only or PCIe topologies).
(Worker_PP2_TP0 pid=1115783) WARNING 08-22 18:16:57 [flashinfer_all_reduce.py:78] Failed to initialize FlashInfer All Reduce workspace: [SymmDeviceMemory] Device does not support multicasting.. This is expected on GPUs without NVSwitch (e.g., NVLink bridge-only or PCIe topologies).
(Worker_PP2_TP0 pid=1115783) WARNING 08-22 18:16:57 [flashinfer_all_reduce.py:78] Failed to initialize FlashInfer All Reduce workspace: [SymmDeviceMemory] Device does not support multicasting.. This is expected on GPUs without NVSwitch (e.g., NVLink bridge-only or PCIe topologies).
(Worker_PP2_TP0 pid=1115783) WARNING 08-22 18:16:57 [flashinfer_all_reduce.py:78] Failed to initialize FlashInfer All Reduce workspace: [SymmDeviceMemory] Device does not support multicasting.. This is expected on GPUs without NVSwitch (e.g., NVLink bridge-only or PCIe topologies).
(Worker_PP2_TP0 pid=1115783) WARNING 08-22 18:16:57 [flashinfer_all_reduce.py:78] Failed to initialize FlashInfer All Reduce workspace: [SymmDeviceMemory] Device does not support multicasting.. This is expected on GPUs without NVSwitch (e.g., NVLink bridge-only or PCIe topologies).
(Worker_PP2_TP0 pid=1115783) WARNING 08-22 18:16:57 [flashinfer_all_reduce.py:78] Failed to initialize FlashInfer All Reduce workspace: [SymmDeviceMemory] Device does not support multicasting.. This is expected on GPUs without NVSwitch (e.g., NVLink bridge-only or PCIe topologies).
(Worker_PP2_TP0 pid=1115783) WARNING 08-22 18:16:57 [flashinfer_all_reduce.py:78] Failed to initialize FlashInfer All Reduce workspace: [SymmDeviceMemory] Device does not support multicasting.. This is expected on GPUs without NVSwitch (e.g., NVLink bridge-only or PCIe topologies).
(Worker_PP2_TP0 pid=1115783) WARNING 08-22 18:16:57 [flashinfer_all_reduce.py:78] Failed to initialize FlashInfer All Reduce workspace: [SymmDeviceMemory] Device does not support multicasting.. This is expected on GPUs without NVSwitch (e.g., NVLink bridge-only or PCIe topologies).
(Worker_PP2_TP0 pid=1115783) WARNING 08-22 18:16:57 [flashinfer_all_reduce.py:78] Failed to initialize FlashInfer All Reduce workspace: [SymmDeviceMemory] Device does not support multicasting.. This is expected on GPUs without NVSwitch (e.g., NVLink bridge-only or PCIe topologies).
(Worker_PP2_TP0 pid=1115783) WARNING 08-22 18:16:57 [flashinfer_all_reduce.py:78] Failed to initialize FlashInfer All Reduce workspace: [SymmDeviceMemory] Device does not support multicasting.. This is expected on GPUs without NVSwitch (e.g., NVLink bridge-only or PCIe topologies).
(Worker_PP2_TP0 pid=1115783) [k3t r?] step=5 tok=1 step=671.11ms | KDA: n=22 attn=32.8ms mlp=536.0ms other=0.5ms tot=569.3ms | full: n=9 attn=71.1ms mlp=30.4ms other=0.2ms tot=101.8ms | ALL: attn=103.9ms mlp=566.4ms model=671.1ms
(Worker_PP2_TP1 pid=1115784) [k3t r?] step=5 tok=1 step=671.11ms | KDA: n=22 attn=32.8ms mlp=536.0ms other=0.5ms tot=569.3ms | full: n=9 attn=71.1ms mlp=30.4ms other=0.2ms tot=101.7ms | ALL: attn=103.9ms mlp=566.4ms model=671.1ms
(Worker_PP2_TP2 pid=1115785) [k3t r?] step=5 tok=1 step=671.11ms | KDA: n=22 attn=32.8ms mlp=536.0ms other=0.6ms tot=569.3ms | full: n=9 attn=71.1ms mlp=30.4ms other=0.2ms tot=101.7ms | ALL: attn=103.9ms mlp=566.4ms model=671.1ms
(Worker_PP2_TP3 pid=1115786) [k3t r?] step=5 tok=1 step=671.11ms | KDA: n=22 attn=32.7ms mlp=536.0ms other=0.6ms tot=569.3ms | full: n=9 attn=71.1ms mlp=30.4ms other=0.2ms tot=101.7ms | ALL: attn=103.9ms mlp=566.4ms model=671.1ms
(Worker_PP2_TP7 pid=1115790) [k3t r?] step=5 tok=1 step=671.11ms | KDA: n=22 attn=32.8ms mlp=536.0ms other=0.5ms tot=569.3ms | full: n=9 attn=71.1ms mlp=30.4ms other=0.2ms tot=101.7ms | ALL: attn=103.9ms mlp=566.4ms model=671.1ms
(Worker_PP2_TP5 pid=1115788) [k3t r?] step=5 tok=1 step=671.11ms | KDA: n=22 attn=32.8ms mlp=536.0ms other=0.6ms tot=569.3ms | full: n=9 attn=71.1ms mlp=30.4ms other=0.2ms tot=101.7ms | ALL: attn=103.9ms mlp=566.4ms model=671.1ms
(Worker_PP2_TP4 pid=1115787) [k3t r?] step=5 tok=1 step=671.84ms | KDA: n=22 attn=29.2ms mlp=536.3ms other=3.9ms tot=569.3ms | full: n=9 attn=68.0ms mlp=30.0ms other=3.0ms tot=101.0ms | ALL: attn=97.2ms mlp=566.3ms model=671.8ms
(Worker_PP2_TP6 pid=1115789) [k3t r?] step=5 tok=1 step=671.84ms | KDA: n=22 attn=17.2ms mlp=534.6ms other=14.9ms tot=566.6ms | full: n=9 attn=64.6ms mlp=30.7ms other=6.2ms tot=101.5ms | ALL: attn=81.9ms mlp=565.2ms model=671.8ms
(Worker_PP2_TP2 pid=1115785) [k3t r?] logits=2.1ms step_tot=674.5ms
(Worker_PP2_TP7 pid=1115790) [k3t r?] logits=2.1ms step_tot=674.5ms
(Worker_PP2_TP0 pid=1115783) [k3t r?] logits=2.4ms step_tot=674.5ms
(Worker_PP2_TP5 pid=1115788) [k3t r?] logits=2.0ms step_tot=674.5ms
(Worker_PP2_TP1 pid=1115784) [k3t r?] logits=2.1ms step_tot=674.5ms
(Worker_PP2_TP3 pid=1115786) [k3t r?] logits=2.1ms step_tot=674.5ms
(Worker_PP2_TP4 pid=1115787) [k3t r?] logits=1.0ms step_tot=674.7ms
(Worker_PP2_TP6 pid=1115789) [k3t r?] logits=1.0ms step_tot=674.7ms
(Worker_PP2_TP1 pid=1115784) INFO 08-22 18:16:58 [jit_monitor.py:79] Kernel JIT monitor activated; monitored JIT compilations during inference will use mode=warn.
(Worker_PP2_TP5 pid=1115788) INFO 08-22 18:16:58 [jit_monitor.py:79] Kernel JIT monitor activated; monitored JIT compilations during inference will use mode=warn.
(Worker_PP2_TP2 pid=1115785) INFO 08-22 18:16:58 [jit_monitor.py:79] Kernel JIT monitor activated; monitored JIT compilations during inference will use mode=warn.
(Worker_PP2_TP7 pid=1115790) INFO 08-22 18:16:58 [jit_monitor.py:79] Kernel JIT monitor activated; monitored JIT compilations during inference will use mode=warn.
(Worker_PP2_TP3 pid=1115786) INFO 08-22 18:16:58 [jit_monitor.py:79] Kernel JIT monitor activated; monitored JIT compilations during inference will use mode=warn.
(Worker_PP2_TP0 pid=1115783) INFO 08-22 18:16:58 [jit_monitor.py:79] Kernel JIT monitor activated; monitored JIT compilations during inference will use mode=warn.
(Worker_PP2_TP6 pid=1115789) INFO 08-22 18:16:58 [jit_monitor.py:79] Kernel JIT monitor activated; monitored JIT compilations during inference will use mode=warn.
(Worker_PP2_TP4 pid=1115787) INFO 08-22 18:16:58 [jit_monitor.py:79] Kernel JIT monitor activated; monitored JIT compilations during inference will use mode=warn.
(Worker_PP2_TP0 pid=1115783) WARNING 08-22 18:18:35 [jit_monitor.py:135] Triton kernel JIT compilation during inference: layer_norm_gated_fwd_kernel. This causes a latency spike; consider extending warmup to cover this shape/config.
(Worker_PP2_TP0 pid=1115783) WARNING 08-22 18:18:35 [flashinfer_all_reduce.py:78] Failed to initialize FlashInfer All Reduce workspace: [SymmDeviceMemory] Device does not support multicasting.. This is expected on GPUs without NVSwitch (e.g., NVLink bridge-only or PCIe topologies).
(Worker_PP2_TP0 pid=1115783) WARNING 08-22 18:18:35 [flashinfer_all_reduce.py:78] Failed to initialize FlashInfer All Reduce workspace: [SymmDeviceMemory] Device does not support multicasting.. This is expected on GPUs without NVSwitch (e.g., NVLink bridge-only or PCIe topologies).
(Worker_PP2_TP0 pid=1115783) WARNING 08-22 18:18:35 [flashinfer_all_reduce.py:78] Failed to initialize FlashInfer All Reduce workspace: [SymmDeviceMemory] Device does not support multicasting.. This is expected on GPUs without NVSwitch (e.g., NVLink bridge-only or PCIe topologies).
(Worker_PP2_TP0 pid=1115783) WARNING 08-22 18:18:35 [flashinfer_all_reduce.py:78] Failed to initialize FlashInfer All Reduce workspace: [SymmDeviceMemory] Device does not support multicasting.. This is expected on GPUs without NVSwitch (e.g., NVLink bridge-only or PCIe topologies).
(Worker_PP2_TP0 pid=1115783) WARNING 08-22 18:18:35 [flashinfer_all_reduce.py:78] Failed to initialize FlashInfer All Reduce workspace: [SymmDeviceMemory] Device does not support multicasting.. This is expected on GPUs without NVSwitch (e.g., NVLink bridge-only or PCIe topologies).
(Worker_PP2_TP0 pid=1115783) WARNING 08-22 18:18:35 [flashinfer_all_reduce.py:78] Failed to initialize FlashInfer All Reduce workspace: [SymmDeviceMemory] Device does not support multicasting.. This is expected on GPUs without NVSwitch (e.g., NVLink bridge-only or PCIe topologies).
(Worker_PP2_TP0 pid=1115783) WARNING 08-22 18:18:35 [flashinfer_all_reduce.py:78] Failed to initialize FlashInfer All Reduce workspace: [SymmDeviceMemory] Device does not support multicasting.. This is expected on GPUs without NVSwitch (e.g., NVLink bridge-only or PCIe topologies).
(Worker_PP2_TP0 pid=1115783) WARNING 08-22 18:18:35 [flashinfer_all_reduce.py:78] Failed to initialize FlashInfer All Reduce workspace: [SymmDeviceMemory] Device does not support multicasting.. This is expected on GPUs without NVSwitch (e.g., NVLink bridge-only or PCIe topologies).
(Worker_PP2_TP0 pid=1115783) WARNING 08-22 18:18:35 [flashinfer_all_reduce.py:78] Failed to initialize FlashInfer All Reduce workspace: [SymmDeviceMemory] Device does not support multicasting.. This is expected on GPUs without NVSwitch (e.g., NVLink bridge-only or PCIe topologies).
(Worker_PP2_TP0 pid=1115783) WARNING 08-22 18:18:35 [flashinfer_all_reduce.py:78] Failed to initialize FlashInfer All Reduce workspace: [SymmDeviceMemory] Device does not support multicasting.. This is expected on GPUs without NVSwitch (e.g., NVLink bridge-only or PCIe topologies).
(Worker_PP2_TP0 pid=1115783) WARNING 08-22 18:18:35 [flashinfer_all_reduce.py:78] Failed to initialize FlashInfer All Reduce workspace: [SymmDeviceMemory] Device does not support multicasting.. This is expected on GPUs without NVSwitch (e.g., NVLink bridge-only or PCIe topologies).
(Worker_PP2_TP0 pid=1115783) WARNING 08-22 18:18:35 [flashinfer_all_reduce.py:78] Failed to initialize FlashInfer All Reduce workspace: [SymmDeviceMemory] Device does not support multicasting.. This is expected on GPUs without NVSwitch (e.g., NVLink bridge-only or PCIe topologies).
(Worker_PP2_TP0 pid=1115783) WARNING 08-22 18:18:35 [flashinfer_all_reduce.py:78] Failed to initialize FlashInfer All Reduce workspace: [SymmDeviceMemory] Device does not support multicasting.. This is expected on GPUs without NVSwitch (e.g., NVLink bridge-only or PCIe topologies).
(Worker_PP2_TP0 pid=1115783) WARNING 08-22 18:18:35 [flashinfer_all_reduce.py:78] Failed to initialize FlashInfer All Reduce workspace: [SymmDeviceMemory] Device does not support multicasting.. This is expected on GPUs without NVSwitch (e.g., NVLink bridge-only or PCIe topologies).
(Worker_PP2_TP0 pid=1115783) WARNING 08-22 18:18:35 [flashinfer_all_reduce.py:78] Failed to initialize FlashInfer All Reduce workspace: [SymmDeviceMemory] Device does not support multicasting.. This is expected on GPUs without NVSwitch (e.g., NVLink bridge-only or PCIe topologies).
(Worker_PP2_TP0 pid=1115783) WARNING 08-22 18:18:35 [flashinfer_all_reduce.py:78] Failed to initialize FlashInfer All Reduce workspace: [SymmDeviceMemory] Device does not support multicasting.. This is expected on GPUs without NVSwitch (e.g., NVLink bridge-only or PCIe topologies).
(Worker_PP2_TP0 pid=1115783) WARNING 08-22 18:18:35 [flashinfer_all_reduce.py:78] Failed to initialize FlashInfer All Reduce workspace: [SymmDeviceMemory] Device does not support multicasting.. This is expected on GPUs without NVSwitch (e.g., NVLink bridge-only or PCIe topologies).
(Worker_PP2_TP0 pid=1115783) WARNING 08-22 18:18:35 [flashinfer_all_reduce.py:78] Failed to initialize FlashInfer All Reduce workspace: [SymmDeviceMemory] Device does not support multicasting.. This is expected on GPUs without NVSwitch (e.g., NVLink bridge-only or PCIe topologies).
(Worker_PP2_TP0 pid=1115783) WARNING 08-22 18:18:35 [flashinfer_all_reduce.py:78] Failed to initialize FlashInfer All Reduce workspace: [SymmDeviceMemory] Device does not support multicasting.. This is expected on GPUs without NVSwitch (e.g., NVLink bridge-only or PCIe topologies).
(Worker_PP2_TP0 pid=1115783) WARNING 08-22 18:18:35 [flashinfer_all_reduce.py:78] Failed to initialize FlashInfer All Reduce workspace: [SymmDeviceMemory] Device does not support multicasting.. This is expected on GPUs without NVSwitch (e.g., NVLink bridge-only or PCIe topologies).
(Worker_PP2_TP0 pid=1115783) WARNING 08-22 18:18:35 [flashinfer_all_reduce.py:78] Failed to initialize FlashInfer All Reduce workspace: [SymmDeviceMemory] Device does not support multicasting.. This is expected on GPUs without NVSwitch (e.g., NVLink bridge-only or PCIe topologies).
(Worker_PP2_TP0 pid=1115783) WARNING 08-22 18:18:35 [flashinfer_all_reduce.py:78] Failed to initialize FlashInfer All Reduce workspace: [SymmDeviceMemory] Device does not support multicasting.. This is expected on GPUs without NVSwitch (e.g., NVLink bridge-only or PCIe topologies).
(Worker_PP2_TP0 pid=1115783) WARNING 08-22 18:18:35 [flashinfer_all_reduce.py:78] Failed to initialize FlashInfer All Reduce workspace: [SymmDeviceMemory] Device does not support multicasting.. This is expected on GPUs without NVSwitch (e.g., NVLink bridge-only or PCIe topologies).
(Worker_PP2_TP0 pid=1115783) WARNING 08-22 18:18:35 [flashinfer_all_reduce.py:78] Failed to initialize FlashInfer All Reduce workspace: [SymmDeviceMemory] Device does not support multicasting.. This is expected on GPUs without NVSwitch (e.g., NVLink bridge-only or PCIe topologies).
(Worker_PP2_TP0 pid=1115783) WARNING 08-22 18:18:35 [flashinfer_all_reduce.py:78] Failed to initialize FlashInfer All Reduce workspace: [SymmDeviceMemory] Device does not support multicasting.. This is expected on GPUs without NVSwitch (e.g., NVLink bridge-only or PCIe topologies).
(Worker_PP2_TP0 pid=1115783) WARNING 08-22 18:18:35 [flashinfer_all_reduce.py:78] Failed to initialize FlashInfer All Reduce workspace: [SymmDeviceMemory] Device does not support multicasting.. This is expected on GPUs without NVSwitch (e.g., NVLink bridge-only or PCIe topologies).
(Worker_PP2_TP0 pid=1115783) WARNING 08-22 18:18:35 [flashinfer_all_reduce.py:78] Failed to initialize FlashInfer All Reduce workspace: [SymmDeviceMemory] Device does not support multicasting.. This is expected on GPUs without NVSwitch (e.g., NVLink bridge-only or PCIe topologies).
(Worker_PP2_TP0 pid=1115783) WARNING 08-22 18:18:35 [flashinfer_all_reduce.py:78] Failed to initialize FlashInfer All Reduce workspace: [SymmDeviceMemory] Device does not support multicasting.. This is expected on GPUs without NVSwitch (e.g., NVLink bridge-only or PCIe topologies).
(Worker_PP2_TP0 pid=1115783) WARNING 08-22 18:18:35 [flashinfer_all_reduce.py:78] Failed to initialize FlashInfer All Reduce workspace: [SymmDeviceMemory] Device does not support multicasting.. This is expected on GPUs without NVSwitch (e.g., NVLink bridge-only or PCIe topologies).
(Worker_PP2_TP0 pid=1115783) WARNING 08-22 18:18:35 [flashinfer_all_reduce.py:78] Failed to initialize FlashInfer All Reduce workspace: [SymmDeviceMemory] Device does not support multicasting.. This is expected on GPUs without NVSwitch (e.g., NVLink bridge-only or PCIe topologies).
(Worker_PP2_TP0 pid=1115783) WARNING 08-22 18:18:35 [flashinfer_all_reduce.py:78] Failed to initialize FlashInfer All Reduce workspace: [SymmDeviceMemory] Device does not support multicasting.. This is expected on GPUs without NVSwitch (e.g., NVLink bridge-only or PCIe topologies).
(Worker_PP2_TP1 pid=1115784) [k3t r?] step=6 tok=12 step=156.07ms | KDA: n=22 attn=49.5ms mlp=60.3ms other=0.6ms tot=110.4ms | full: n=9 attn=24.7ms mlp=20.4ms other=0.4ms tot=45.5ms | ALL: attn=74.2ms mlp=80.7ms model=156.1ms
(Worker_PP2_TP2 pid=1115785) [k3t r?] step=6 tok=12 step=156.07ms | KDA: n=22 attn=49.5ms mlp=59.8ms other=0.6ms tot=109.9ms | full: n=9 attn=25.1ms mlp=20.4ms other=0.5ms tot=46.0ms | ALL: attn=74.6ms mlp=80.2ms model=156.1ms
(Worker_PP2_TP3 pid=1115786) [k3t r?] step=6 tok=12 step=156.07ms | KDA: n=22 attn=49.5ms mlp=60.3ms other=0.6ms tot=110.4ms | full: n=9 attn=24.7ms mlp=20.4ms other=0.4ms tot=45.5ms | ALL: attn=74.2ms mlp=80.7ms model=156.1ms
(Worker_PP2_TP4 pid=1115787) [k3t r?] step=6 tok=12 step=156.07ms | KDA: n=22 attn=49.5ms mlp=59.9ms other=0.6ms tot=109.9ms | full: n=9 attn=25.1ms mlp=20.4ms other=0.5ms tot=46.0ms | ALL: attn=74.5ms mlp=80.2ms model=156.1ms
(Worker_PP2_TP6 pid=1115789) [k3t r?] step=6 tok=12 step=156.07ms | KDA: n=22 attn=49.5ms mlp=60.3ms other=0.6ms tot=110.3ms | full: n=9 attn=24.7ms mlp=20.4ms other=0.5ms tot=45.6ms | ALL: attn=74.2ms mlp=80.6ms model=156.1ms
(Worker_PP2_TP7 pid=1115790) [k3t r?] step=6 tok=12 step=156.07ms | KDA: n=22 attn=47.2ms mlp=60.4ms other=3.0ms tot=110.5ms | full: n=9 attn=23.4ms mlp=20.3ms other=1.3ms tot=44.9ms | ALL: attn=70.6ms mlp=80.6ms model=156.1ms
(Worker_PP2_TP5 pid=1115788) [k3t r?] step=6 tok=12 step=156.07ms | KDA: n=22 attn=49.5ms mlp=59.7ms other=0.6ms tot=109.8ms | full: n=9 attn=25.3ms mlp=20.4ms other=0.4ms tot=46.1ms | ALL: attn=74.8ms mlp=80.1ms model=156.1ms
(Worker_PP2_TP0 pid=1115783) [k3t r?] step=6 tok=12 step=156.58ms | KDA: n=22 attn=41.2ms mlp=59.5ms other=8.9ms tot=109.6ms | full: n=9 attn=20.7ms mlp=19.9ms other=4.0ms tot=44.6ms | ALL: attn=61.9ms mlp=79.4ms model=156.6ms
(Worker_PP2_TP5 pid=1115788) [k3t r?] logits=0.7ms step_tot=158.1ms
(Worker_PP2_TP6 pid=1115789) [k3t r?] logits=0.7ms step_tot=158.1ms
(Worker_PP2_TP2 pid=1115785) [k3t r?] logits=0.7ms step_tot=158.1ms
(Worker_PP2_TP1 pid=1115784) [k3t r?] logits=0.7ms step_tot=158.1ms
(Worker_PP2_TP4 pid=1115787) [k3t r?] logits=0.7ms step_tot=158.2ms
(Worker_PP2_TP7 pid=1115790) [k3t r?] logits=0.6ms step_tot=158.2ms
(Worker_PP2_TP3 pid=1115786) [k3t r?] logits=0.7ms step_tot=158.2ms
(Worker_PP2_TP0 pid=1115783) [k3t r?] logits=0.5ms step_tot=158.2ms
(Worker_PP2_TP0 pid=1115783) WARNING 08-22 18:18:35 [flashinfer_all_reduce.py:78] Failed to initialize FlashInfer All Reduce workspace: [SymmDeviceMemory] Device does not support multicasting.. This is expected on GPUs without NVSwitch (e.g., NVLink bridge-only or PCIe topologies).
(Worker_PP2_TP0 pid=1115783) WARNING 08-22 18:18:35 [flashinfer_all_reduce.py:78] Failed to initialize FlashInfer All Reduce workspace: [SymmDeviceMemory] Device does not support multicasting.. This is expected on GPUs without NVSwitch (e.g., NVLink bridge-only or PCIe topologies).
(Worker_PP2_TP0 pid=1115783) WARNING 08-22 18:18:35 [flashinfer_all_reduce.py:78] Failed to initialize FlashInfer All Reduce workspace: [SymmDeviceMemory] Device does not support multicasting.. This is expected on GPUs without NVSwitch (e.g., NVLink bridge-only or PCIe topologies).
(Worker_PP2_TP0 pid=1115783) WARNING 08-22 18:18:35 [flashinfer_all_reduce.py:78] Failed to initialize FlashInfer All Reduce workspace: [SymmDeviceMemory] Device does not support multicasting.. This is expected on GPUs without NVSwitch (e.g., NVLink bridge-only or PCIe topologies).
(Worker_PP2_TP0 pid=1115783) WARNING 08-22 18:18:35 [flashinfer_all_reduce.py:78] Failed to initialize FlashInfer All Reduce workspace: [SymmDeviceMemory] Device does not support multicasting.. This is expected on GPUs without NVSwitch (e.g., NVLink bridge-only or PCIe topologies).
(Worker_PP2_TP0 pid=1115783) WARNING 08-22 18:18:35 [flashinfer_all_reduce.py:78] Failed to initialize FlashInfer All Reduce workspace: [SymmDeviceMemory] Device does not support multicasting.. This is expected on GPUs without NVSwitch (e.g., NVLink bridge-only or PCIe topologies).
(Worker_PP2_TP0 pid=1115783) WARNING 08-22 18:18:35 [flashinfer_all_reduce.py:78] Failed to initialize FlashInfer All Reduce workspace: [SymmDeviceMemory] Device does not support multicasting.. This is expected on GPUs without NVSwitch (e.g., NVLink bridge-only or PCIe topologies).
(Worker_PP2_TP0 pid=1115783) WARNING 08-22 18:18:35 [flashinfer_all_reduce.py:78] Failed to initialize FlashInfer All Reduce workspace: [SymmDeviceMemory] Device does not support multicasting.. This is expected on GPUs without NVSwitch (e.g., NVLink bridge-only or PCIe topologies).
(Worker_PP2_TP0 pid=1115783) WARNING 08-22 18:18:35 [flashinfer_all_reduce.py:78] Failed to initialize FlashInfer All Reduce workspace: [SymmDeviceMemory] Device does not support multicasting.. This is expected on GPUs without NVSwitch (e.g., NVLink bridge-only or PCIe topologies).
(Worker_PP2_TP0 pid=1115783) WARNING 08-22 18:18:35 [flashinfer_all_reduce.py:78] Failed to initialize FlashInfer All Reduce workspace: [SymmDeviceMemory] Device does not support multicasting.. This is expected on GPUs without NVSwitch (e.g., NVLink bridge-only or PCIe topologies).
(Worker_PP2_TP0 pid=1115783) WARNING 08-22 18:18:35 [flashinfer_all_reduce.py:78] Failed to initialize FlashInfer All Reduce workspace: [SymmDeviceMemory] Device does not support multicasting.. This is expected on GPUs without NVSwitch (e.g., NVLink bridge-only or PCIe topologies).
(Worker_PP2_TP0 pid=1115783) WARNING 08-22 18:18:35 [flashinfer_all_reduce.py:78] Failed to initialize FlashInfer All Reduce workspace: [SymmDeviceMemory] Device does not support multicasting.. This is expected on GPUs without NVSwitch (e.g., NVLink bridge-only or PCIe topologies).
(Worker_PP2_TP0 pid=1115783) WARNING 08-22 18:18:35 [flashinfer_all_reduce.py:78] Failed to initialize FlashInfer All Reduce workspace: [SymmDeviceMemory] Device does not support multicasting.. This is expected on GPUs without NVSwitch (e.g., NVLink bridge-only or PCIe topologies).
(Worker_PP2_TP0 pid=1115783) WARNING 08-22 18:18:35 [flashinfer_all_reduce.py:78] Failed to initialize FlashInfer All Reduce workspace: [SymmDeviceMemory] Device does not support multicasting.. This is expected on GPUs without NVSwitch (e.g., NVLink bridge-only or PCIe topologies).
(Worker_PP2_TP0 pid=1115783) WARNING 08-22 18:18:35 [flashinfer_all_reduce.py:78] Failed to initialize FlashInfer All Reduce workspace: [SymmDeviceMemory] Device does not support multicasting.. This is expected on GPUs without NVSwitch (e.g., NVLink bridge-only or PCIe topologies).
(Worker_PP2_TP0 pid=1115783) WARNING 08-22 18:18:35 [flashinfer_all_reduce.py:78] Failed to initialize FlashInfer All Reduce workspace: [SymmDeviceMemory] Device does not support multicasting.. This is expected on GPUs without NVSwitch (e.g., NVLink bridge-only or PCIe topologies).
(Worker_PP2_TP0 pid=1115783) WARNING 08-22 18:18:35 [flashinfer_all_reduce.py:78] Failed to initialize FlashInfer All Reduce workspace: [SymmDeviceMemory] Device does not support multicasting.. This is expected on GPUs without NVSwitch (e.g., NVLink bridge-only or PCIe topologies).
(Worker_PP2_TP0 pid=1115783) WARNING 08-22 18:18:35 [flashinfer_all_reduce.py:78] Failed to initialize FlashInfer All Reduce workspace: [SymmDeviceMemory] Device does not support multicasting.. This is expected on GPUs without NVSwitch (e.g., NVLink bridge-only or PCIe topologies).
(Worker_PP2_TP0 pid=1115783) WARNING 08-22 18:18:35 [flashinfer_all_reduce.py:78] Failed to initialize FlashInfer All Reduce workspace: [SymmDeviceMemory] Device does not support multicasting.. This is expected on GPUs without NVSwitch (e.g., NVLink bridge-only or PCIe topologies).
(Worker_PP2_TP0 pid=1115783) WARNING 08-22 18:18:35 [flashinfer_all_reduce.py:78] Failed to initialize FlashInfer All Reduce workspace: [SymmDeviceMemory] Device does not support multicasting.. This is expected on GPUs without NVSwitch (e.g., NVLink bridge-only or PCIe topologies).
(Worker_PP2_TP0 pid=1115783) WARNING 08-22 18:18:35 [flashinfer_all_reduce.py:78] Failed to initialize FlashInfer All Reduce workspace: [SymmDeviceMemory] Device does not support multicasting.. This is expected on GPUs without NVSwitch (e.g., NVLink bridge-only or PCIe topologies).
(Worker_PP2_TP0 pid=1115783) WARNING 08-22 18:18:35 [flashinfer_all_reduce.py:78] Failed to initialize FlashInfer All Reduce workspace: [SymmDeviceMemory] Device does not support multicasting.. This is expected on GPUs without NVSwitch (e.g., NVLink bridge-only or PCIe topologies).
(Worker_PP2_TP0 pid=1115783) WARNING 08-22 18:18:35 [flashinfer_all_reduce.py:78] Failed to initialize FlashInfer All Reduce workspace: [SymmDeviceMemory] Device does not support multicasting.. This is expected on GPUs without NVSwitch (e.g., NVLink bridge-only or PCIe topologies).
(Worker_PP2_TP0 pid=1115783) WARNING 08-22 18:18:35 [flashinfer_all_reduce.py:78] Failed to initialize FlashInfer All Reduce workspace: [SymmDeviceMemory] Device does not support multicasting.. This is expected on GPUs without NVSwitch (e.g., NVLink bridge-only or PCIe topologies).
(Worker_PP2_TP0 pid=1115783) WARNING 08-22 18:18:35 [flashinfer_all_reduce.py:78] Failed to initialize FlashInfer All Reduce workspace: [SymmDeviceMemory] Device does not support multicasting.. This is expected on GPUs without NVSwitch (e.g., NVLink bridge-only or PCIe topologies).
(Worker_PP2_TP0 pid=1115783) WARNING 08-22 18:18:35 [flashinfer_all_reduce.py:78] Failed to initialize FlashInfer All Reduce workspace: [SymmDeviceMemory] Device does not support multicasting.. This is expected on GPUs without NVSwitch (e.g., NVLink bridge-only or PCIe topologies).
(Worker_PP2_TP0 pid=1115783) WARNING 08-22 18:18:35 [flashinfer_all_reduce.py:78] Failed to initialize FlashInfer All Reduce workspace: [SymmDeviceMemory] Device does not support multicasting.. This is expected on GPUs without NVSwitch (e.g., NVLink bridge-only or PCIe topologies).
(Worker_PP2_TP0 pid=1115783) WARNING 08-22 18:18:35 [flashinfer_all_reduce.py:78] Failed to initialize FlashInfer All Reduce workspace: [SymmDeviceMemory] Device does not support multicasting.. This is expected on GPUs without NVSwitch (e.g., NVLink bridge-only or PCIe topologies).
(Worker_PP2_TP0 pid=1115783) WARNING 08-22 18:18:35 [flashinfer_all_reduce.py:78] Failed to initialize FlashInfer All Reduce workspace: [SymmDeviceMemory] Device does not support multicasting.. This is expected on GPUs without NVSwitch (e.g., NVLink bridge-only or PCIe topologies).
(Worker_PP2_TP0 pid=1115783) WARNING 08-22 18:18:35 [flashinfer_all_reduce.py:78] Failed to initialize FlashInfer All Reduce workspace: [SymmDeviceMemory] Device does not support multicasting.. This is expected on GPUs without NVSwitch (e.g., NVLink bridge-only or PCIe topologies).
(Worker_PP2_TP0 pid=1115783) WARNING 08-22 18:18:35 [flashinfer_all_reduce.py:78] Failed to initialize FlashInfer All Reduce workspace: [SymmDeviceMemory] Device does not support multicasting.. This is expected on GPUs without NVSwitch (e.g., NVLink bridge-only or PCIe topologies).
(Worker_PP2_TP1 pid=1115784) [k3t r?] step=7 tok=1 step=87.20ms | KDA: n=22 attn=17.0ms mlp=41.8ms other=0.6ms tot=59.4ms | full: n=9 attn=11.0ms mlp=16.6ms other=0.2ms tot=27.7ms | ALL: attn=28.0ms mlp=58.3ms model=87.2ms
(Worker_PP2_TP6 pid=1115789) [k3t r?] step=7 tok=1 step=87.20ms | KDA: n=22 attn=17.1ms mlp=41.8ms other=0.6ms tot=59.4ms | full: n=9 attn=10.9ms mlp=16.6ms other=0.2ms tot=27.7ms | ALL: attn=28.0ms mlp=58.3ms model=87.2ms
(Worker_PP2_TP7 pid=1115790) [k3t r?] step=7 tok=1 step=87.20ms | KDA: n=22 attn=17.1ms mlp=41.7ms other=0.6ms tot=59.4ms | full: n=9 attn=10.9ms mlp=16.5ms other=0.2ms tot=27.7ms | ALL: attn=28.0ms mlp=58.3ms model=87.2ms
(Worker_PP2_TP3 pid=1115786) [k3t r?] step=7 tok=1 step=87.20ms | KDA: n=22 attn=17.1ms mlp=41.8ms other=0.5ms tot=59.4ms | full: n=9 attn=11.0ms mlp=16.6ms other=0.2ms tot=27.7ms | ALL: attn=28.0ms mlp=58.3ms model=87.2ms
(Worker_PP2_TP4 pid=1115787) [k3t r?] step=7 tok=1 step=87.20ms | KDA: n=22 attn=17.1ms mlp=41.7ms other=0.6ms tot=59.4ms | full: n=9 attn=10.9ms mlp=16.6ms other=0.2ms tot=27.7ms | ALL: attn=28.0ms mlp=58.3ms model=87.2ms
(Worker_PP2_TP2 pid=1115785) [k3t r?] step=7 tok=1 step=87.20ms | KDA: n=22 attn=17.1ms mlp=41.7ms other=0.6ms tot=59.4ms | full: n=9 attn=10.9ms mlp=16.6ms other=0.2ms tot=27.7ms | ALL: attn=28.0ms mlp=58.3ms model=87.2ms
(Worker_PP2_TP5 pid=1115788) [k3t r?] step=7 tok=1 step=87.20ms | KDA: n=22 attn=17.1ms mlp=41.7ms other=0.6ms tot=59.4ms | full: n=9 attn=11.0ms mlp=16.5ms other=0.2ms tot=27.7ms | ALL: attn=28.0ms mlp=58.3ms model=87.2ms
(Worker_PP2_TP0 pid=1115783) [k3t r?] step=7 tok=1 step=87.71ms | KDA: n=22 attn=8.8ms mlp=40.9ms other=8.2ms tot=58.0ms | full: n=9 attn=7.7ms mlp=16.4ms other=3.2ms tot=27.4ms | ALL: attn=16.6ms mlp=57.3ms model=87.7ms
(Worker_PP2_TP2 pid=1115785) [k3t r?] logits=0.5ms step_tot=89.1ms
(Worker_PP2_TP7 pid=1115790) [k3t r?] logits=0.6ms step_tot=89.1ms
(Worker_PP2_TP5 pid=1115788) [k3t r?] logits=0.5ms step_tot=89.1ms
(Worker_PP2_TP3 pid=1115786) [k3t r?] logits=0.6ms step_tot=89.1ms
(Worker_PP2_TP6 pid=1115789) [k3t r?] logits=0.6ms step_tot=89.1ms
(Worker_PP2_TP4 pid=1115787) [k3t r?] logits=0.6ms step_tot=89.1ms
(Worker_PP2_TP1 pid=1115784) [k3t r?] logits=0.6ms step_tot=89.1ms
(Worker_PP2_TP0 pid=1115783) [k3t r?] logits=0.3ms step_tot=89.1ms
(Worker_PP2_TP0 pid=1115783) WARNING 08-22 18:18:35 [flashinfer_all_reduce.py:78] Failed to initialize FlashInfer All Reduce workspace: [SymmDeviceMemory] Device does not support multicasting.. This is expected on GPUs without NVSwitch (e.g., NVLink bridge-only or PCIe topologies).
(Worker_PP2_TP0 pid=1115783) WARNING 08-22 18:18:35 [flashinfer_all_reduce.py:78] Failed to initialize FlashInfer All Reduce workspace: [SymmDeviceMemory] Device does not support multicasting.. This is expected on GPUs without NVSwitch (e.g., NVLink bridge-only or PCIe topologies).
(Worker_PP2_TP0 pid=1115783) WARNING 08-22 18:18:36 [flashinfer_all_reduce.py:78] Failed to initialize FlashInfer All Reduce workspace: [SymmDeviceMemory] Device does not support multicasting.. This is expected on GPUs without NVSwitch (e.g., NVLink bridge-only or PCIe topologies).
(Worker_PP2_TP0 pid=1115783) WARNING 08-22 18:18:36 [flashinfer_all_reduce.py:78] Failed to initialize FlashInfer All Reduce workspace: [SymmDeviceMemory] Device does not support multicasting.. This is expected on GPUs without NVSwitch (e.g., NVLink bridge-only or PCIe topologies).
(Worker_PP2_TP0 pid=1115783) WARNING 08-22 18:18:36 [flashinfer_all_reduce.py:78] Failed to initialize FlashInfer All Reduce workspace: [SymmDeviceMemory] Device does not support multicasting.. This is expected on GPUs without NVSwitch (e.g., NVLink bridge-only or PCIe topologies).
(Worker_PP2_TP0 pid=1115783) WARNING 08-22 18:18:36 [flashinfer_all_reduce.py:78] Failed to initialize FlashInfer All Reduce workspace: [SymmDeviceMemory] Device does not support multicasting.. This is expected on GPUs without NVSwitch (e.g., NVLink bridge-only or PCIe topologies).
(Worker_PP2_TP0 pid=1115783) WARNING 08-22 18:18:36 [flashinfer_all_reduce.py:78] Failed to initialize FlashInfer All Reduce workspace: [SymmDeviceMemory] Device does not support multicasting.. This is expected on GPUs without NVSwitch (e.g., NVLink bridge-only or PCIe topologies).
(Worker_PP2_TP0 pid=1115783) WARNING 08-22 18:18:36 [flashinfer_all_reduce.py:78] Failed to initialize FlashInfer All Reduce workspace: [SymmDeviceMemory] Device does not support multicasting.. This is expected on GPUs without NVSwitch (e.g., NVLink bridge-only or PCIe topologies).
(Worker_PP2_TP0 pid=1115783) WARNING 08-22 18:18:36 [flashinfer_all_reduce.py:78] Failed to initialize FlashInfer All Reduce workspace: [SymmDeviceMemory] Device does not support multicasting.. This is expected on GPUs without NVSwitch (e.g., NVLink bridge-only or PCIe topologies).
(Worker_PP2_TP0 pid=1115783) WARNING 08-22 18:18:36 [flashinfer_all_reduce.py:78] Failed to initialize FlashInfer All Reduce workspace: [SymmDeviceMemory] Device does not support multicasting.. This is expected on GPUs without NVSwitch (e.g., NVLink bridge-only or PCIe topologies).
(Worker_PP2_TP0 pid=1115783) WARNING 08-22 18:18:36 [flashinfer_all_reduce.py:78] Failed to initialize FlashInfer All Reduce workspace: [SymmDeviceMemory] Device does not support multicasting.. This is expected on GPUs without NVSwitch (e.g., NVLink bridge-only or PCIe topologies).
(Worker_PP2_TP0 pid=1115783) WARNING 08-22 18:18:36 [flashinfer_all_reduce.py:78] Failed to initialize FlashInfer All Reduce workspace: [SymmDeviceMemory] Device does not support multicasting.. This is expected on GPUs without NVSwitch (e.g., NVLink bridge-only or PCIe topologies).
(Worker_PP2_TP0 pid=1115783) WARNING 08-22 18:18:36 [flashinfer_all_reduce.py:78] Failed to initialize FlashInfer All Reduce workspace: [SymmDeviceMemory] Device does not support multicasting.. This is expected on GPUs without NVSwitch (e.g., NVLink bridge-only or PCIe topologies).
(Worker_PP2_TP0 pid=1115783) WARNING 08-22 18:18:36 [flashinfer_all_reduce.py:78] Failed to initialize FlashInfer All Reduce workspace: [SymmDeviceMemory] Device does not support multicasting.. This is expected on GPUs without NVSwitch (e.g., NVLink bridge-only or PCIe topologies).
(Worker_PP2_TP0 pid=1115783) WARNING 08-22 18:18:36 [flashinfer_all_reduce.py:78] Failed to initialize FlashInfer All Reduce workspace: [SymmDeviceMemory] Device does not support multicasting.. This is expected on GPUs without NVSwitch (e.g., NVLink bridge-only or PCIe topologies).
(Worker_PP2_TP0 pid=1115783) WARNING 08-22 18:18:36 [flashinfer_all_reduce.py:78] Failed to initialize FlashInfer All Reduce workspace: [SymmDeviceMemory] Device does not support multicasting.. This is expected on GPUs without NVSwitch (e.g., NVLink bridge-only or PCIe topologies).
(Worker_PP2_TP0 pid=1115783) WARNING 08-22 18:18:36 [flashinfer_all_reduce.py:78] Failed to initialize FlashInfer All Reduce workspace: [SymmDeviceMemory] Device does not support multicasting.. This is expected on GPUs without NVSwitch (e.g., NVLink bridge-only or PCIe topologies).
(Worker_PP2_TP0 pid=1115783) WARNING 08-22 18:18:36 [flashinfer_all_reduce.py:78] Failed to initialize FlashInfer All Reduce workspace: [SymmDeviceMemory] Device does not support multicasting.. This is expected on GPUs without NVSwitch (e.g., NVLink bridge-only or PCIe topologies).
(Worker_PP2_TP0 pid=1115783) WARNING 08-22 18:18:36 [flashinfer_all_reduce.py:78] Failed to initialize FlashInfer All Reduce workspace: [SymmDeviceMemory] Device does not support multicasting.. This is expected on GPUs without NVSwitch (e.g., NVLink bridge-only or PCIe topologies).
(Worker_PP2_TP0 pid=1115783) WARNING 08-22 18:18:36 [flashinfer_all_reduce.py:78] Failed to initialize FlashInfer All Reduce workspace: [SymmDeviceMemory] Device does not support multicasting.. This is expected on GPUs without NVSwitch (e.g., NVLink bridge-only or PCIe topologies).
(Worker_PP2_TP0 pid=1115783) WARNING 08-22 18:18:36 [flashinfer_all_reduce.py:78] Failed to initialize FlashInfer All Reduce workspace: [SymmDeviceMemory] Device does not support multicasting.. This is expected on GPUs without NVSwitch (e.g., NVLink bridge-only or PCIe topologies).
(Worker_PP2_TP0 pid=1115783) WARNING 08-22 18:18:36 [flashinfer_all_reduce.py:78] Failed to initialize FlashInfer All Reduce workspace: [SymmDeviceMemory] Device does not support multicasting.. This is expected on GPUs without NVSwitch (e.g., NVLink bridge-only or PCIe topologies).
(Worker_PP2_TP0 pid=1115783) WARNING 08-22 18:18:36 [flashinfer_all_reduce.py:78] Failed to initialize FlashInfer All Reduce workspace: [SymmDeviceMemory] Device does not support multicasting.. This is expected on GPUs without NVSwitch (e.g., NVLink bridge-only or PCIe topologies).
(Worker_PP2_TP0 pid=1115783) WARNING 08-22 18:18:36 [flashinfer_all_reduce.py:78] Failed to initialize FlashInfer All Reduce workspace: [SymmDeviceMemory] Device does not support multicasting.. This is expected on GPUs without NVSwitch (e.g., NVLink bridge-only or PCIe topologies).
(Worker_PP2_TP0 pid=1115783) WARNING 08-22 18:18:36 [flashinfer_all_reduce.py:78] Failed to initialize FlashInfer All Reduce workspace: [SymmDeviceMemory] Device does not support multicasting.. This is expected on GPUs without NVSwitch (e.g., NVLink bridge-only or PCIe topologies).
(Worker_PP2_TP0 pid=1115783) WARNING 08-22 18:18:36 [flashinfer_all_reduce.py:78] Failed to initialize FlashInfer All Reduce workspace: [SymmDeviceMemory] Device does not support multicasting.. This is expected on GPUs without NVSwitch (e.g., NVLink bridge-only or PCIe topologies).
(Worker_PP2_TP0 pid=1115783) WARNING 08-22 18:18:36 [flashinfer_all_reduce.py:78] Failed to initialize FlashInfer All Reduce workspace: [SymmDeviceMemory] Device does not support multicasting.. This is expected on GPUs without NVSwitch (e.g., NVLink bridge-only or PCIe topologies).
(Worker_PP2_TP0 pid=1115783) WARNING 08-22 18:18:36 [flashinfer_all_reduce.py:78] Failed to initialize FlashInfer All Reduce workspace: [SymmDeviceMemory] Device does not support multicasting.. This is expected on GPUs without NVSwitch (e.g., NVLink bridge-only or PCIe topologies).
(Worker_PP2_TP0 pid=1115783) WARNING 08-22 18:18:36 [flashinfer_all_reduce.py:78] Failed to initialize FlashInfer All Reduce workspace: [SymmDeviceMemory] Device does not support multicasting.. This is expected on GPUs without NVSwitch (e.g., NVLink bridge-only or PCIe topologies).
(Worker_PP2_TP0 pid=1115783) WARNING 08-22 18:18:36 [flashinfer_all_reduce.py:78] Failed to initialize FlashInfer All Reduce workspace: [SymmDeviceMemory] Device does not support multicasting.. This is expected on GPUs without NVSwitch (e.g., NVLink bridge-only or PCIe topologies).
(Worker_PP2_TP0 pid=1115783) WARNING 08-22 18:18:36 [flashinfer_all_reduce.py:78] Failed to initialize FlashInfer All Reduce workspace: [SymmDeviceMemory] Device does not support multicasting.. This is expected on GPUs without NVSwitch (e.g., NVLink bridge-only or PCIe topologies).
(Worker_PP2_TP1 pid=1115784) [k3t r?] step=8 tok=1 step=90.71ms | KDA: n=22 attn=17.0ms mlp=42.6ms other=0.6ms tot=60.1ms | full: n=9 attn=12.2ms mlp=18.1ms other=0.2ms tot=30.5ms | ALL: attn=29.1ms mlp=60.7ms model=90.7ms
(Worker_PP2_TP2 pid=1115785) [k3t r?] step=8 tok=1 step=90.71ms | KDA: n=22 attn=17.0ms mlp=42.6ms other=0.6ms tot=60.1ms | full: n=9 attn=12.1ms mlp=18.1ms other=0.2ms tot=30.5ms | ALL: attn=29.1ms mlp=60.7ms model=90.7ms
(Worker_PP2_TP6 pid=1115789) [k3t r?] step=8 tok=1 step=90.71ms | KDA: n=22 attn=17.0ms mlp=42.6ms other=0.6ms tot=60.1ms | full: n=9 attn=12.1ms mlp=18.1ms other=0.2ms tot=30.5ms | ALL: attn=29.1ms mlp=60.7ms model=90.7ms
(Worker_PP2_TP4 pid=1115787) [k3t r?] step=8 tok=1 step=90.72ms | KDA: n=22 attn=17.0ms mlp=42.6ms other=0.6ms tot=60.1ms | full: n=9 attn=12.1ms mlp=18.1ms other=0.2ms tot=30.5ms | ALL: attn=29.1ms mlp=60.7ms model=90.7ms
(Worker_PP2_TP7 pid=1115790) [k3t r?] step=8 tok=1 step=90.71ms | KDA: n=22 attn=17.0ms mlp=42.6ms other=0.6ms tot=60.1ms | full: n=9 attn=12.1ms mlp=18.1ms other=0.2ms tot=30.5ms | ALL: attn=29.1ms mlp=60.7ms model=90.7ms
(Worker_PP2_TP5 pid=1115788) [k3t r?] step=8 tok=1 step=90.71ms | KDA: n=22 attn=17.0ms mlp=42.6ms other=0.6ms tot=60.1ms | full: n=9 attn=12.1ms mlp=18.1ms other=0.2ms tot=30.5ms | ALL: attn=29.1ms mlp=60.7ms model=90.7ms
(Worker_PP2_TP3 pid=1115786) [k3t r?] step=8 tok=1 step=90.71ms | KDA: n=22 attn=17.0ms mlp=42.6ms other=0.6ms tot=60.1ms | full: n=9 attn=12.1ms mlp=18.1ms other=0.2ms tot=30.5ms | ALL: attn=29.1ms mlp=60.7ms model=90.7ms
(Worker_PP2_TP0 pid=1115783) [k3t r?] step=8 tok=1 step=91.22ms | KDA: n=22 attn=8.9ms mlp=41.7ms other=8.3ms tot=58.9ms | full: n=9 attn=8.5ms mlp=18.1ms other=3.6ms tot=30.2ms | ALL: attn=17.4ms mlp=59.8ms model=91.2ms
(Worker_PP2_TP7 pid=1115790) [k3t r?] logits=0.7ms step_tot=92.6ms
(Worker_PP2_TP3 pid=1115786) [k3t r?] logits=0.7ms step_tot=92.6ms
(Worker_PP2_TP6 pid=1115789) [k3t r?] logits=0.6ms step_tot=92.6ms
(Worker_PP2_TP2 pid=1115785) [k3t r?] logits=0.7ms step_tot=92.6ms
(Worker_PP2_TP4 pid=1115787) [k3t r?] logits=0.7ms step_tot=92.6ms
(Worker_PP2_TP5 pid=1115788) [k3t r?] logits=0.7ms step_tot=92.6ms
(Worker_PP2_TP1 pid=1115784) [k3t r?] logits=0.7ms step_tot=92.6ms
(Worker_PP2_TP0 pid=1115783) [k3t r?] logits=0.3ms step_tot=92.7ms
(Worker_PP2_TP0 pid=1115783) WARNING 08-22 18:18:36 [flashinfer_all_reduce.py:78] Failed to initialize FlashInfer All Reduce workspace: [SymmDeviceMemory] Device does not support multicasting.. This is expected on GPUs without NVSwitch (e.g., NVLink bridge-only or PCIe topologies).
(Worker_PP2_TP0 pid=1115783) WARNING 08-22 18:18:36 [flashinfer_all_reduce.py:78] Failed to initialize FlashInfer All Reduce workspace: [SymmDeviceMemory] Device does not support multicasting.. This is expected on GPUs without NVSwitch (e.g., NVLink bridge-only or PCIe topologies).
(Worker_PP2_TP0 pid=1115783) WARNING 08-22 18:18:36 [flashinfer_all_reduce.py:78] Failed to initialize FlashInfer All Reduce workspace: [SymmDeviceMemory] Device does not support multicasting.. This is expected on GPUs without NVSwitch (e.g., NVLink bridge-only or PCIe topologies).
(Worker_PP2_TP0 pid=1115783) WARNING 08-22 18:18:36 [flashinfer_all_reduce.py:78] Failed to initialize FlashInfer All Reduce workspace: [SymmDeviceMemory] Device does not support multicasting.. This is expected on GPUs without NVSwitch (e.g., NVLink bridge-only or PCIe topologies).
(Worker_PP2_TP0 pid=1115783) WARNING 08-22 18:18:36 [flashinfer_all_reduce.py:78] Failed to initialize FlashInfer All Reduce workspace: [SymmDeviceMemory] Device does not support multicasting.. This is expected on GPUs without NVSwitch (e.g., NVLink bridge-only or PCIe topologies).
(Worker_PP2_TP0 pid=1115783) WARNING 08-22 18:18:36 [flashinfer_all_reduce.py:78] Failed to initialize FlashInfer All Reduce workspace: [SymmDeviceMemory] Device does not support multicasting.. This is expected on GPUs without NVSwitch (e.g., NVLink bridge-only or PCIe topologies).
(Worker_PP2_TP0 pid=1115783) WARNING 08-22 18:18:36 [flashinfer_all_reduce.py:78] Failed to initialize FlashInfer All Reduce workspace: [SymmDeviceMemory] Device does not support multicasting.. This is expected on GPUs without NVSwitch (e.g., NVLink bridge-only or PCIe topologies).
(Worker_PP2_TP0 pid=1115783) WARNING 08-22 18:18:36 [flashinfer_all_reduce.py:78] Failed to initialize FlashInfer All Reduce workspace: [SymmDeviceMemory] Device does not support multicasting.. This is expected on GPUs without NVSwitch (e.g., NVLink bridge-only or PCIe topologies).
(Worker_PP2_TP0 pid=1115783) WARNING 08-22 18:18:36 [flashinfer_all_reduce.py:78] Failed to initialize FlashInfer All Reduce workspace: [SymmDeviceMemory] Device does not support multicasting.. This is expected on GPUs without NVSwitch (e.g., NVLink bridge-only or PCIe topologies).
(Worker_PP2_TP0 pid=1115783) WARNING 08-22 18:18:36 [flashinfer_all_reduce.py:78] Failed to initialize FlashInfer All Reduce workspace: [SymmDeviceMemory] Device does not support multicasting.. This is expected on GPUs without NVSwitch (e.g., NVLink bridge-only or PCIe topologies).
(Worker_PP2_TP0 pid=1115783) WARNING 08-22 18:18:36 [flashinfer_all_reduce.py:78] Failed to initialize FlashInfer All Reduce workspace: [SymmDeviceMemory] Device does not support multicasting.. This is expected on GPUs without NVSwitch (e.g., NVLink bridge-only or PCIe topologies).
(Worker_PP2_TP0 pid=1115783) WARNING 08-22 18:18:36 [flashinfer_all_reduce.py:78] Failed to initialize FlashInfer All Reduce workspace: [SymmDeviceMemory] Device does not support multicasting.. This is expected on GPUs without NVSwitch (e.g., NVLink bridge-only or PCIe topologies).
(Worker_PP2_TP0 pid=1115783) WARNING 08-22 18:18:36 [flashinfer_all_reduce.py:78] Failed to initialize FlashInfer All Reduce workspace: [SymmDeviceMemory] Device does not support multicasting.. This is expected on GPUs without NVSwitch (e.g., NVLink bridge-only or PCIe topologies).
(Worker_PP2_TP0 pid=1115783) WARNING 08-22 18:18:36 [flashinfer_all_reduce.py:78] Failed to initialize FlashInfer All Reduce workspace: [SymmDeviceMemory] Device does not support multicasting.. This is expected on GPUs without NVSwitch (e.g., NVLink bridge-only or PCIe topologies).
(Worker_PP2_TP0 pid=1115783) WARNING 08-22 18:18:36 [flashinfer_all_reduce.py:78] Failed to initialize FlashInfer All Reduce workspace: [SymmDeviceMemory] Device does not support multicasting.. This is expected on GPUs without NVSwitch (e.g., NVLink bridge-only or PCIe topologies).
(Worker_PP2_TP0 pid=1115783) WARNING 08-22 18:18:36 [flashinfer_all_reduce.py:78] Failed to initialize FlashInfer All Reduce workspace: [SymmDeviceMemory] Device does not support multicasting.. This is expected on GPUs without NVSwitch (e.g., NVLink bridge-only or PCIe topologies).
(Worker_PP2_TP0 pid=1115783) WARNING 08-22 18:18:36 [flashinfer_all_reduce.py:78] Failed to initialize FlashInfer All Reduce workspace: [SymmDeviceMemory] Device does not support multicasting.. This is expected on GPUs without NVSwitch (e.g., NVLink bridge-only or PCIe topologies).
(Worker_PP2_TP0 pid=1115783) WARNING 08-22 18:18:36 [flashinfer_all_reduce.py:78] Failed to initialize FlashInfer All Reduce workspace: [SymmDeviceMemory] Device does not support multicasting.. This is expected on GPUs without NVSwitch (e.g., NVLink bridge-only or PCIe topologies).
(Worker_PP2_TP0 pid=1115783) WARNING 08-22 18:18:36 [flashinfer_all_reduce.py:78] Failed to initialize FlashInfer All Reduce workspace: [SymmDeviceMemory] Device does not support multicasting.. This is expected on GPUs without NVSwitch (e.g., NVLink bridge-only or PCIe topologies).
(Worker_PP2_TP0 pid=1115783) WARNING 08-22 18:18:36 [flashinfer_all_reduce.py:78] Failed to initialize FlashInfer All Reduce workspace: [SymmDeviceMemory] Device does not support multicasting.. This is expected on GPUs without NVSwitch (e.g., NVLink bridge-only or PCIe topologies).
(Worker_PP2_TP0 pid=1115783) WARNING 08-22 18:18:36 [flashinfer_all_reduce.py:78] Failed to initialize FlashInfer All Reduce workspace: [SymmDeviceMemory] Device does not support multicasting.. This is expected on GPUs without NVSwitch (e.g., NVLink bridge-only or PCIe topologies).
(Worker_PP2_TP0 pid=1115783) WARNING 08-22 18:18:36 [flashinfer_all_reduce.py:78] Failed to initialize FlashInfer All Reduce workspace: [SymmDeviceMemory] Device does not support multicasting.. This is expected on GPUs without NVSwitch (e.g., NVLink bridge-only or PCIe topologies).
(Worker_PP2_TP0 pid=1115783) WARNING 08-22 18:18:36 [flashinfer_all_reduce.py:78] Failed to initialize FlashInfer All Reduce workspace: [SymmDeviceMemory] Device does not support multicasting.. This is expected on GPUs without NVSwitch (e.g., NVLink bridge-only or PCIe topologies).
(Worker_PP2_TP0 pid=1115783) WARNING 08-22 18:18:36 [flashinfer_all_reduce.py:78] Failed to initialize FlashInfer All Reduce workspace: [SymmDeviceMemory] Device does not support multicasting.. This is expected on GPUs without NVSwitch (e.g., NVLink bridge-only or PCIe topologies).
(Worker_PP2_TP0 pid=1115783) WARNING 08-22 18:18:36 [flashinfer_all_reduce.py:78] Failed to initialize FlashInfer All Reduce workspace: [SymmDeviceMemory] Device does not support multicasting.. This is expected on GPUs without NVSwitch (e.g., NVLink bridge-only or PCIe topologies).
(Worker_PP2_TP0 pid=1115783) WARNING 08-22 18:18:36 [flashinfer_all_reduce.py:78] Failed to initialize FlashInfer All Reduce workspace: [SymmDeviceMemory] Device does not support multicasting.. This is expected on GPUs without NVSwitch (e.g., NVLink bridge-only or PCIe topologies).
(Worker_PP2_TP0 pid=1115783) WARNING 08-22 18:18:36 [flashinfer_all_reduce.py:78] Failed to initialize FlashInfer All Reduce workspace: [SymmDeviceMemory] Device does not support multicasting.. This is expected on GPUs without NVSwitch (e.g., NVLink bridge-only or PCIe topologies).
(Worker_PP2_TP0 pid=1115783) WARNING 08-22 18:18:36 [flashinfer_all_reduce.py:78] Failed to initialize FlashInfer All Reduce workspace: [SymmDeviceMemory] Device does not support multicasting.. This is expected on GPUs without NVSwitch (e.g., NVLink bridge-only or PCIe topologies).
(Worker_PP2_TP0 pid=1115783) WARNING 08-22 18:18:36 [flashinfer_all_reduce.py:78] Failed to initialize FlashInfer All Reduce workspace: [SymmDeviceMemory] Device does not support multicasting.. This is expected on GPUs without NVSwitch (e.g., NVLink bridge-only or PCIe topologies).
(Worker_PP2_TP0 pid=1115783) WARNING 08-22 18:18:36 [flashinfer_all_reduce.py:78] Failed to initialize FlashInfer All Reduce workspace: [SymmDeviceMemory] Device does not support multicasting.. This is expected on GPUs without NVSwitch (e.g., NVLink bridge-only or PCIe topologies).
(Worker_PP2_TP0 pid=1115783) WARNING 08-22 18:18:36 [flashinfer_all_reduce.py:78] Failed to initialize FlashInfer All Reduce workspace: [SymmDeviceMemory] Device does not support multicasting.. This is expected on GPUs without NVSwitch (e.g., NVLink bridge-only or PCIe topologies).
(Worker_PP2_TP1 pid=1115784) [k3t r?] step=9 tok=1 step=91.17ms | KDA: n=22 attn=17.0ms mlp=42.5ms other=0.6ms tot=60.1ms | full: n=9 attn=12.1ms mlp=18.7ms other=0.2ms tot=31.0ms | ALL: attn=29.1ms mlp=61.2ms model=91.2ms
(Worker_PP2_TP7 pid=1115790) [k3t r?] step=9 tok=1 step=91.17ms | KDA: n=22 attn=17.0ms mlp=42.5ms other=0.6ms tot=60.1ms | full: n=9 attn=12.1ms mlp=18.7ms other=0.2ms tot=31.0ms | ALL: attn=29.1ms mlp=61.2ms model=91.2ms
(Worker_PP2_TP2 pid=1115785) [k3t r?] step=9 tok=1 step=91.17ms | KDA: n=22 attn=17.0ms mlp=42.5ms other=0.6ms tot=60.1ms | full: n=9 attn=12.1ms mlp=18.7ms other=0.2ms tot=31.0ms | ALL: attn=29.1ms mlp=61.2ms model=91.2ms
(Worker_PP2_TP6 pid=1115789) [k3t r?] step=9 tok=1 step=91.17ms | KDA: n=22 attn=17.0ms mlp=42.5ms other=0.6ms tot=60.1ms | full: n=9 attn=12.1ms mlp=18.7ms other=0.2ms tot=31.0ms | ALL: attn=29.1ms mlp=61.2ms model=91.2ms
(Worker_PP2_TP4 pid=1115787) [k3t r?] step=9 tok=1 step=91.17ms | KDA: n=22 attn=17.0ms mlp=42.5ms other=0.6ms tot=60.1ms | full: n=9 attn=12.1ms mlp=18.7ms other=0.2ms tot=31.0ms | ALL: attn=29.1ms mlp=61.2ms model=91.2ms
(Worker_PP2_TP3 pid=1115786) [k3t r?] step=9 tok=1 step=91.17ms | KDA: n=22 attn=17.0ms mlp=42.5ms other=0.6ms tot=60.1ms | full: n=9 attn=12.1ms mlp=18.7ms other=0.2ms tot=31.0ms | ALL: attn=29.1ms mlp=61.2ms model=91.2ms
(Worker_PP2_TP5 pid=1115788) [k3t r?] step=9 tok=1 step=91.17ms | KDA: n=22 attn=17.1ms mlp=42.5ms other=0.6ms tot=60.1ms | full: n=9 attn=12.1ms mlp=18.7ms other=0.2ms tot=31.0ms | ALL: attn=29.1ms mlp=61.2ms model=91.2ms
(Worker_PP2_TP0 pid=1115783) [k3t r?] step=9 tok=1 step=91.59ms | KDA: n=22 attn=8.9ms mlp=42.2ms other=7.9ms tot=59.0ms | full: n=9 attn=8.8ms mlp=17.8ms other=3.7ms tot=30.3ms | ALL: attn=17.7ms mlp=60.0ms model=91.6ms
(Worker_PP2_TP6 pid=1115789) [k3t r?] logits=0.6ms step_tot=92.9ms
(Worker_PP2_TP5 pid=1115788) [k3t r?] logits=0.5ms step_tot=93.0ms
(Worker_PP2_TP7 pid=1115790) [k3t r?] logits=0.6ms step_tot=92.9ms
(Worker_PP2_TP2 pid=1115785) [k3t r?] logits=0.6ms step_tot=92.9ms
(Worker_PP2_TP3 pid=1115786) [k3t r?] logits=0.6ms step_tot=92.9ms
(Worker_PP2_TP4 pid=1115787) [k3t r?] logits=0.6ms step_tot=92.9ms
(Worker_PP2_TP1 pid=1115784) [k3t r?] logits=0.6ms step_tot=93.0ms
(Worker_PP2_TP0 pid=1115783) [k3t r?] logits=0.3ms step_tot=93.0ms
(Worker_PP2_TP0 pid=1115783) WARNING 08-22 18:18:36 [flashinfer_all_reduce.py:78] Failed to initialize FlashInfer All Reduce workspace: [SymmDeviceMemory] Device does not support multicasting.. This is expected on GPUs without NVSwitch (e.g., NVLink bridge-only or PCIe topologies).
(Worker_PP2_TP0 pid=1115783) WARNING 08-22 18:18:36 [flashinfer_all_reduce.py:78] Failed to initialize FlashInfer All Reduce workspace: [SymmDeviceMemory] Device does not support multicasting.. This is expected on GPUs without NVSwitch (e.g., NVLink bridge-only or PCIe topologies).
(Worker_PP2_TP0 pid=1115783) WARNING 08-22 18:18:36 [flashinfer_all_reduce.py:78] Failed to initialize FlashInfer All Reduce workspace: [SymmDeviceMemory] Device does not support multicasting.. This is expected on GPUs without NVSwitch (e.g., NVLink bridge-only or PCIe topologies).
(Worker_PP2_TP0 pid=1115783) WARNING 08-22 18:18:36 [flashinfer_all_reduce.py:78] Failed to initialize FlashInfer All Reduce workspace: [SymmDeviceMemory] Device does not support multicasting.. This is expected on GPUs without NVSwitch (e.g., NVLink bridge-only or PCIe topologies).
(Worker_PP2_TP0 pid=1115783) WARNING 08-22 18:18:36 [flashinfer_all_reduce.py:78] Failed to initialize FlashInfer All Reduce workspace: [SymmDeviceMemory] Device does not support multicasting.. This is expected on GPUs without NVSwitch (e.g., NVLink bridge-only or PCIe topologies).
(Worker_PP2_TP0 pid=1115783) WARNING 08-22 18:18:36 [flashinfer_all_reduce.py:78] Failed to initialize FlashInfer All Reduce workspace: [SymmDeviceMemory] Device does not support multicasting.. This is expected on GPUs without NVSwitch (e.g., NVLink bridge-only or PCIe topologies).
(Worker_PP2_TP0 pid=1115783) WARNING 08-22 18:18:36 [flashinfer_all_reduce.py:78] Failed to initialize FlashInfer All Reduce workspace: [SymmDeviceMemory] Device does not support multicasting.. This is expected on GPUs without NVSwitch (e.g., NVLink bridge-only or PCIe topologies).
(Worker_PP2_TP0 pid=1115783) WARNING 08-22 18:18:36 [flashinfer_all_reduce.py:78] Failed to initialize FlashInfer All Reduce workspace: [SymmDeviceMemory] Device does not support multicasting.. This is expected on GPUs without NVSwitch (e.g., NVLink bridge-only or PCIe topologies).
(Worker_PP2_TP0 pid=1115783) WARNING 08-22 18:18:36 [flashinfer_all_reduce.py:78] Failed to initialize FlashInfer All Reduce workspace: [SymmDeviceMemory] Device does not support multicasting.. This is expected on GPUs without NVSwitch (e.g., NVLink bridge-only or PCIe topologies).
(Worker_PP2_TP0 pid=1115783) WARNING 08-22 18:18:36 [flashinfer_all_reduce.py:78] Failed to initialize FlashInfer All Reduce workspace: [SymmDeviceMemory] Device does not support multicasting.. This is expected on GPUs without NVSwitch (e.g., NVLink bridge-only or PCIe topologies).
(Worker_PP2_TP0 pid=1115783) WARNING 08-22 18:18:36 [flashinfer_all_reduce.py:78] Failed to initialize FlashInfer All Reduce workspace: [SymmDeviceMemory] Device does not support multicasting.. This is expected on GPUs without NVSwitch (e.g., NVLink bridge-only or PCIe topologies).
(Worker_PP2_TP0 pid=1115783) WARNING 08-22 18:18:36 [flashinfer_all_reduce.py:78] Failed to initialize FlashInfer All Reduce workspace: [SymmDeviceMemory] Device does not support multicasting.. This is expected on GPUs without NVSwitch (e.g., NVLink bridge-only or PCIe topologies).
(Worker_PP2_TP0 pid=1115783) WARNING 08-22 18:18:36 [flashinfer_all_reduce.py:78] Failed to initialize FlashInfer All Reduce workspace: [SymmDeviceMemory] Device does not support multicasting.. This is expected on GPUs without NVSwitch (e.g., NVLink bridge-only or PCIe topologies).
(Worker_PP2_TP0 pid=1115783) WARNING 08-22 18:18:36 [flashinfer_all_reduce.py:78] Failed to initialize FlashInfer All Reduce workspace: [SymmDeviceMemory] Device does not support multicasting.. This is expected on GPUs without NVSwitch (e.g., NVLink bridge-only or PCIe topologies).
(Worker_PP2_TP0 pid=1115783) WARNING 08-22 18:18:36 [flashinfer_all_reduce.py:78] Failed to initialize FlashInfer All Reduce workspace: [SymmDeviceMemory] Device does not support multicasting.. This is expected on GPUs without NVSwitch (e.g., NVLink bridge-only or PCIe topologies).
(Worker_PP2_TP0 pid=1115783) WARNING 08-22 18:18:36 [flashinfer_all_reduce.py:78] Failed to initialize FlashInfer All Reduce workspace: [SymmDeviceMemory] Device does not support multicasting.. This is expected on GPUs without NVSwitch (e.g., NVLink bridge-only or PCIe topologies).
(Worker_PP2_TP0 pid=1115783) WARNING 08-22 18:18:36 [flashinfer_all_reduce.py:78] Failed to initialize FlashInfer All Reduce workspace: [SymmDeviceMemory] Device does not support multicasting.. This is expected on GPUs without NVSwitch (e.g., NVLink bridge-only or PCIe topologies).
(Worker_PP2_TP0 pid=1115783) WARNING 08-22 18:18:36 [flashinfer_all_reduce.py:78] Failed to initialize FlashInfer All Reduce workspace: [SymmDeviceMemory] Device does not support multicasting.. This is expected on GPUs without NVSwitch (e.g., NVLink bridge-only or PCIe topologies).
(Worker_PP2_TP0 pid=1115783) WARNING 08-22 18:18:36 [flashinfer_all_reduce.py:78] Failed to initialize FlashInfer All Reduce workspace: [SymmDeviceMemory] Device does not support multicasting.. This is expected on GPUs without NVSwitch (e.g., NVLink bridge-only or PCIe topologies).
(Worker_PP2_TP0 pid=1115783) WARNING 08-22 18:18:36 [flashinfer_all_reduce.py:78] Failed to initialize FlashInfer All Reduce workspace: [SymmDeviceMemory] Device does not support multicasting.. This is expected on GPUs without NVSwitch (e.g., NVLink bridge-only or PCIe topologies).
(Worker_PP2_TP0 pid=1115783) WARNING 08-22 18:18:36 [flashinfer_all_reduce.py:78] Failed to initialize FlashInfer All Reduce workspace: [SymmDeviceMemory] Device does not support multicasting.. This is expected on GPUs without NVSwitch (e.g., NVLink bridge-only or PCIe topologies).
(Worker_PP2_TP0 pid=1115783) WARNING 08-22 18:18:36 [flashinfer_all_reduce.py:78] Failed to initialize FlashInfer All Reduce workspace: [SymmDeviceMemory] Device does not support multicasting.. This is expected on GPUs without NVSwitch (e.g., NVLink bridge-only or PCIe topologies).
(Worker_PP2_TP0 pid=1115783) WARNING 08-22 18:18:36 [flashinfer_all_reduce.py:78] Failed to initialize FlashInfer All Reduce workspace: [SymmDeviceMemory] Device does not support multicasting.. This is expected on GPUs without NVSwitch (e.g., NVLink bridge-only or PCIe topologies).
(Worker_PP2_TP0 pid=1115783) WARNING 08-22 18:18:36 [flashinfer_all_reduce.py:78] Failed to initialize FlashInfer All Reduce workspace: [SymmDeviceMemory] Device does not support multicasting.. This is expected on GPUs without NVSwitch (e.g., NVLink bridge-only or PCIe topologies).
(Worker_PP2_TP0 pid=1115783) WARNING 08-22 18:18:36 [flashinfer_all_reduce.py:78] Failed to initialize FlashInfer All Reduce workspace: [SymmDeviceMemory] Device does not support multicasting.. This is expected on GPUs without NVSwitch (e.g., NVLink bridge-only or PCIe topologies).
(Worker_PP2_TP0 pid=1115783) WARNING 08-22 18:18:36 [flashinfer_all_reduce.py:78] Failed to initialize FlashInfer All Reduce workspace: [SymmDeviceMemory] Device does not support multicasting.. This is expected on GPUs without NVSwitch (e.g., NVLink bridge-only or PCIe topologies).
(Worker_PP2_TP0 pid=1115783) WARNING 08-22 18:18:36 [flashinfer_all_reduce.py:78] Failed to initialize FlashInfer All Reduce workspace: [SymmDeviceMemory] Device does not support multicasting.. This is expected on GPUs without NVSwitch (e.g., NVLink bridge-only or PCIe topologies).
(Worker_PP2_TP0 pid=1115783) WARNING 08-22 18:18:36 [flashinfer_all_reduce.py:78] Failed to initialize FlashInfer All Reduce workspace: [SymmDeviceMemory] Device does not support multicasting.. This is expected on GPUs without NVSwitch (e.g., NVLink bridge-only or PCIe topologies).
(Worker_PP2_TP0 pid=1115783) WARNING 08-22 18:18:36 [flashinfer_all_reduce.py:78] Failed to initialize FlashInfer All Reduce workspace: [SymmDeviceMemory] Device does not support multicasting.. This is expected on GPUs without NVSwitch (e.g., NVLink bridge-only or PCIe topologies).
(Worker_PP2_TP0 pid=1115783) WARNING 08-22 18:18:36 [flashinfer_all_reduce.py:78] Failed to initialize FlashInfer All Reduce workspace: [SymmDeviceMemory] Device does not support multicasting.. This is expected on GPUs without NVSwitch (e.g., NVLink bridge-only or PCIe topologies).
(Worker_PP2_TP0 pid=1115783) WARNING 08-22 18:18:36 [flashinfer_all_reduce.py:78] Failed to initialize FlashInfer All Reduce workspace: [SymmDeviceMemory] Device does not support multicasting.. This is expected on GPUs without NVSwitch (e.g., NVLink bridge-only or PCIe topologies).
(Worker_PP2_TP5 pid=1115788) [k3t r?] step=10 tok=1 step=86.17ms | KDA: n=22 attn=16.8ms mlp=41.7ms other=0.6ms tot=59.0ms | full: n=9 attn=10.8ms mlp=16.0ms other=0.2ms tot=27.1ms | ALL: attn=27.6ms mlp=57.7ms model=86.2ms
(Worker_PP2_TP1 pid=1115784) [k3t r?] step=10 tok=1 step=86.17ms | KDA: n=22 attn=16.8ms mlp=41.7ms other=0.6ms tot=59.0ms | full: n=9 attn=10.8ms mlp=16.0ms other=0.2ms tot=27.1ms | ALL: attn=27.6ms mlp=57.7ms model=86.2ms
(Worker_PP2_TP2 pid=1115785) [k3t r?] step=10 tok=1 step=86.17ms | KDA: n=22 attn=16.8ms mlp=41.7ms other=0.6ms tot=59.0ms | full: n=9 attn=10.8ms mlp=16.0ms other=0.2ms tot=27.1ms | ALL: attn=27.6ms mlp=57.7ms model=86.2ms
(Worker_PP2_TP7 pid=1115790) [k3t r?] step=10 tok=1 step=86.17ms | KDA: n=22 attn=16.8ms mlp=41.7ms other=0.6ms tot=59.0ms | full: n=9 attn=10.8ms mlp=16.0ms other=0.2ms tot=27.1ms | ALL: attn=27.6ms mlp=57.7ms model=86.2ms
(Worker_PP2_TP6 pid=1115789) [k3t r?] step=10 tok=1 step=86.18ms | KDA: n=22 attn=16.8ms mlp=41.7ms other=0.6ms tot=59.0ms | full: n=9 attn=10.8ms mlp=16.0ms other=0.2ms tot=27.1ms | ALL: attn=27.6ms mlp=57.7ms model=86.2ms
(Worker_PP2_TP4 pid=1115787) [k3t r?] step=10 tok=1 step=86.17ms | KDA: n=22 attn=16.8ms mlp=41.7ms other=0.6ms tot=59.0ms | full: n=9 attn=10.8ms mlp=16.0ms other=0.2ms tot=27.1ms | ALL: attn=27.6ms mlp=57.7ms model=86.2ms
(Worker_PP2_TP3 pid=1115786) [k3t r?] step=10 tok=1 step=86.17ms | KDA: n=22 attn=16.8ms mlp=41.7ms other=0.6ms tot=59.0ms | full: n=9 attn=10.8ms mlp=16.0ms other=0.2ms tot=27.1ms | ALL: attn=27.6ms mlp=57.7ms model=86.2ms
(Worker_PP2_TP0 pid=1115783) [k3t r?] step=10 tok=1 step=86.68ms | KDA: n=22 attn=8.9ms mlp=40.6ms other=8.2ms tot=57.7ms | full: n=9 attn=7.6ms mlp=15.9ms other=3.3ms tot=26.9ms | ALL: attn=16.5ms mlp=56.5ms model=86.7ms
(Worker_PP2_TP3 pid=1115786) [k3t r?] logits=0.6ms step_tot=88.0ms
(Worker_PP2_TP7 pid=1115790) [k3t r?] logits=0.6ms step_tot=88.0ms
(Worker_PP2_TP1 pid=1115784) [k3t r?] logits=0.6ms step_tot=88.0ms
(Worker_PP2_TP4 pid=1115787) [k3t r?] logits=0.6ms step_tot=88.0ms
(Worker_PP2_TP6 pid=1115789) [k3t r?] logits=0.6ms step_tot=88.0ms
(Worker_PP2_TP5 pid=1115788) [k3t r?] logits=0.6ms step_tot=88.0ms
(Worker_PP2_TP2 pid=1115785) [k3t r?] logits=0.6ms step_tot=88.0ms
(Worker_PP2_TP0 pid=1115783) [k3t r?] logits=0.4ms step_tot=88.1ms
(Worker_PP2_TP0 pid=1115783) WARNING 08-22 18:18:37 [flashinfer_all_reduce.py:78] Failed to initialize FlashInfer All Reduce workspace: [SymmDeviceMemory] Device does not support multicasting.. This is expected on GPUs without NVSwitch (e.g., NVLink bridge-only or PCIe topologies).
(Worker_PP2_TP0 pid=1115783) WARNING 08-22 18:18:37 [flashinfer_all_reduce.py:78] Failed to initialize FlashInfer All Reduce workspace: [SymmDeviceMemory] Device does not support multicasting.. This is expected on GPUs without NVSwitch (e.g., NVLink bridge-only or PCIe topologies).
(Worker_PP2_TP0 pid=1115783) WARNING 08-22 18:18:37 [flashinfer_all_reduce.py:78] Failed to initialize FlashInfer All Reduce workspace: [SymmDeviceMemory] Device does not support multicasting.. This is expected on GPUs without NVSwitch (e.g., NVLink bridge-only or PCIe topologies).
(Worker_PP2_TP0 pid=1115783) WARNING 08-22 18:18:37 [flashinfer_all_reduce.py:78] Failed to initialize FlashInfer All Reduce workspace: [SymmDeviceMemory] Device does not support multicasting.. This is expected on GPUs without NVSwitch (e.g., NVLink bridge-only or PCIe topologies).
(Worker_PP2_TP0 pid=1115783) WARNING 08-22 18:18:37 [flashinfer_all_reduce.py:78] Failed to initialize FlashInfer All Reduce workspace: [SymmDeviceMemory] Device does not support multicasting.. This is expected on GPUs without NVSwitch (e.g., NVLink bridge-only or PCIe topologies).
(Worker_PP2_TP0 pid=1115783) WARNING 08-22 18:18:37 [flashinfer_all_reduce.py:78] Failed to initialize FlashInfer All Reduce workspace: [SymmDeviceMemory] Device does not support multicasting.. This is expected on GPUs without NVSwitch (e.g., NVLink bridge-only or PCIe topologies).
(Worker_PP2_TP0 pid=1115783) WARNING 08-22 18:18:37 [flashinfer_all_reduce.py:78] Failed to initialize FlashInfer All Reduce workspace: [SymmDeviceMemory] Device does not support multicasting.. This is expected on GPUs without NVSwitch (e.g., NVLink bridge-only or PCIe topologies).
(Worker_PP2_TP0 pid=1115783) WARNING 08-22 18:18:37 [flashinfer_all_reduce.py:78] Failed to initialize FlashInfer All Reduce workspace: [SymmDeviceMemory] Device does not support multicasting.. This is expected on GPUs without NVSwitch (e.g., NVLink bridge-only or PCIe topologies).
(Worker_PP2_TP0 pid=1115783) WARNING 08-22 18:18:37 [flashinfer_all_reduce.py:78] Failed to initialize FlashInfer All Reduce workspace: [SymmDeviceMemory] Device does not support multicasting.. This is expected on GPUs without NVSwitch (e.g., NVLink bridge-only or PCIe topologies).
(Worker_PP2_TP0 pid=1115783) WARNING 08-22 18:18:37 [flashinfer_all_reduce.py:78] Failed to initialize FlashInfer All Reduce workspace: [SymmDeviceMemory] Device does not support multicasting.. This is expected on GPUs without NVSwitch (e.g., NVLink bridge-only or PCIe topologies).
(Worker_PP2_TP0 pid=1115783) WARNING 08-22 18:18:37 [flashinfer_all_reduce.py:78] Failed to initialize FlashInfer All Reduce workspace: [SymmDeviceMemory] Device does not support multicasting.. This is expected on GPUs without NVSwitch (e.g., NVLink bridge-only or PCIe topologies).
(Worker_PP2_TP0 pid=1115783) WARNING 08-22 18:18:37 [flashinfer_all_reduce.py:78] Failed to initialize FlashInfer All Reduce workspace: [SymmDeviceMemory] Device does not support multicasting.. This is expected on GPUs without NVSwitch (e.g., NVLink bridge-only or PCIe topologies).
(Worker_PP2_TP0 pid=1115783) WARNING 08-22 18:18:37 [flashinfer_all_reduce.py:78] Failed to initialize FlashInfer All Reduce workspace: [SymmDeviceMemory] Device does not support multicasting.. This is expected on GPUs without NVSwitch (e.g., NVLink bridge-only or PCIe topologies).
(Worker_PP2_TP0 pid=1115783) WARNING 08-22 18:18:37 [flashinfer_all_reduce.py:78] Failed to initialize FlashInfer All Reduce workspace: [SymmDeviceMemory] Device does not support multicasting.. This is expected on GPUs without NVSwitch (e.g., NVLink bridge-only or PCIe topologies).
(Worker_PP2_TP0 pid=1115783) WARNING 08-22 18:18:37 [flashinfer_all_reduce.py:78] Failed to initialize FlashInfer All Reduce workspace: [SymmDeviceMemory] Device does not support multicasting.. This is expected on GPUs without NVSwitch (e.g., NVLink bridge-only or PCIe topologies).
(Worker_PP2_TP0 pid=1115783) WARNING 08-22 18:18:37 [flashinfer_all_reduce.py:78] Failed to initialize FlashInfer All Reduce workspace: [SymmDeviceMemory] Device does not support multicasting.. This is expected on GPUs without NVSwitch (e.g., NVLink bridge-only or PCIe topologies).
(Worker_PP2_TP0 pid=1115783) WARNING 08-22 18:18:37 [flashinfer_all_reduce.py:78] Failed to initialize FlashInfer All Reduce workspace: [SymmDeviceMemory] Device does not support multicasting.. This is expected on GPUs without NVSwitch (e.g., NVLink bridge-only or PCIe topologies).
(Worker_PP2_TP0 pid=1115783) WARNING 08-22 18:18:37 [flashinfer_all_reduce.py:78] Failed to initialize FlashInfer All Reduce workspace: [SymmDeviceMemory] Device does not support multicasting.. This is expected on GPUs without NVSwitch (e.g., NVLink bridge-only or PCIe topologies).
(Worker_PP2_TP0 pid=1115783) WARNING 08-22 18:18:37 [flashinfer_all_reduce.py:78] Failed to initialize FlashInfer All Reduce workspace: [SymmDeviceMemory] Device does not support multicasting.. This is expected on GPUs without NVSwitch (e.g., NVLink bridge-only or PCIe topologies).
(Worker_PP2_TP0 pid=1115783) WARNING 08-22 18:18:37 [flashinfer_all_reduce.py:78] Failed to initialize FlashInfer All Reduce workspace: [SymmDeviceMemory] Device does not support multicasting.. This is expected on GPUs without NVSwitch (e.g., NVLink bridge-only or PCIe topologies).
(Worker_PP2_TP0 pid=1115783) WARNING 08-22 18:18:37 [flashinfer_all_reduce.py:78] Failed to initialize FlashInfer All Reduce workspace: [SymmDeviceMemory] Device does not support multicasting.. This is expected on GPUs without NVSwitch (e.g., NVLink bridge-only or PCIe topologies).
(Worker_PP2_TP0 pid=1115783) WARNING 08-22 18:18:37 [flashinfer_all_reduce.py:78] Failed to initialize FlashInfer All Reduce workspace: [SymmDeviceMemory] Device does not support multicasting.. This is expected on GPUs without NVSwitch (e.g., NVLink bridge-only or PCIe topologies).
(Worker_PP2_TP0 pid=1115783) WARNING 08-22 18:18:37 [flashinfer_all_reduce.py:78] Failed to initialize FlashInfer All Reduce workspace: [SymmDeviceMemory] Device does not support multicasting.. This is expected on GPUs without NVSwitch (e.g., NVLink bridge-only or PCIe topologies).
(Worker_PP2_TP0 pid=1115783) WARNING 08-22 18:18:37 [flashinfer_all_reduce.py:78] Failed to initialize FlashInfer All Reduce workspace: [SymmDeviceMemory] Device does not support multicasting.. This is expected on GPUs without NVSwitch (e.g., NVLink bridge-only or PCIe topologies).
(Worker_PP2_TP0 pid=1115783) WARNING 08-22 18:18:37 [flashinfer_all_reduce.py:78] Failed to initialize FlashInfer All Reduce workspace: [SymmDeviceMemory] Device does not support multicasting.. This is expected on GPUs without NVSwitch (e.g., NVLink bridge-only or PCIe topologies).
(Worker_PP2_TP0 pid=1115783) WARNING 08-22 18:18:37 [flashinfer_all_reduce.py:78] Failed to initialize FlashInfer All Reduce workspace: [SymmDeviceMemory] Device does not support multicasting.. This is expected on GPUs without NVSwitch (e.g., NVLink bridge-only or PCIe topologies).
(Worker_PP2_TP0 pid=1115783) WARNING 08-22 18:18:37 [flashinfer_all_reduce.py:78] Failed to initialize FlashInfer All Reduce workspace: [SymmDeviceMemory] Device does not support multicasting.. This is expected on GPUs without NVSwitch (e.g., NVLink bridge-only or PCIe topologies).
(Worker_PP2_TP0 pid=1115783) WARNING 08-22 18:18:37 [flashinfer_all_reduce.py:78] Failed to initialize FlashInfer All Reduce workspace: [SymmDeviceMemory] Device does not support multicasting.. This is expected on GPUs without NVSwitch (e.g., NVLink bridge-only or PCIe topologies).
(Worker_PP2_TP0 pid=1115783) WARNING 08-22 18:18:37 [flashinfer_all_reduce.py:78] Failed to initialize FlashInfer All Reduce workspace: [SymmDeviceMemory] Device does not support multicasting.. This is expected on GPUs without NVSwitch (e.g., NVLink bridge-only or PCIe topologies).
(Worker_PP2_TP0 pid=1115783) WARNING 08-22 18:18:37 [flashinfer_all_reduce.py:78] Failed to initialize FlashInfer All Reduce workspace: [SymmDeviceMemory] Device does not support multicasting.. This is expected on GPUs without NVSwitch (e.g., NVLink bridge-only or PCIe topologies).
(Worker_PP2_TP0 pid=1115783) WARNING 08-22 18:18:37 [flashinfer_all_reduce.py:78] Failed to initialize FlashInfer All Reduce workspace: [SymmDeviceMemory] Device does not support multicasting.. This is expected on GPUs without NVSwitch (e.g., NVLink bridge-only or PCIe topologies).
(Worker_PP2_TP0 pid=1115783) [k3t r?] step=11 tok=1 step=91.09ms | KDA: n=22 attn=9.0ms mlp=40.7ms other=8.0ms tot=57.6ms | full: n=9 attn=9.0ms mlp=18.8ms other=3.6ms tot=31.4ms | ALL: attn=17.9ms mlp=59.5ms model=91.1ms
(Worker_PP2_TP2 pid=1115785) [k3t r?] step=11 tok=1 step=91.09ms | KDA: n=22 attn=17.0ms mlp=41.2ms other=0.6ms tot=58.7ms | full: n=9 attn=12.7ms mlp=19.3ms other=0.2ms tot=32.2ms | ALL: attn=29.6ms mlp=60.5ms model=91.1ms
(Worker_PP2_TP7 pid=1115790) [k3t r?] step=11 tok=1 step=91.09ms | KDA: n=22 attn=17.0ms mlp=41.2ms other=0.6ms tot=58.8ms | full: n=9 attn=12.7ms mlp=19.3ms other=0.2ms tot=32.2ms | ALL: attn=29.6ms mlp=60.5ms model=91.1ms
(Worker_PP2_TP1 pid=1115784) [k3t r?] step=11 tok=1 step=91.09ms | KDA: n=22 attn=17.0ms mlp=41.2ms other=0.6ms tot=58.8ms | full: n=9 attn=12.7ms mlp=19.3ms other=0.2ms tot=32.2ms | ALL: attn=29.7ms mlp=60.5ms model=91.1ms
(Worker_PP2_TP3 pid=1115786) [k3t r?] step=11 tok=1 step=91.09ms | KDA: n=22 attn=17.0ms mlp=41.2ms other=0.6ms tot=58.8ms | full: n=9 attn=12.7ms mlp=19.3ms other=0.2ms tot=32.2ms | ALL: attn=29.7ms mlp=60.5ms model=91.1ms
(Worker_PP2_TP5 pid=1115788) [k3t r?] step=11 tok=1 step=91.09ms | KDA: n=22 attn=17.0ms mlp=41.2ms other=0.6ms tot=58.8ms | full: n=9 attn=12.7ms mlp=19.3ms other=0.2ms tot=32.2ms | ALL: attn=29.7ms mlp=60.5ms model=91.1ms
(Worker_PP2_TP4 pid=1115787) [k3t r?] step=11 tok=1 step=91.28ms | KDA: n=22 attn=17.0ms mlp=41.2ms other=0.6ms tot=58.8ms | full: n=9 attn=12.7ms mlp=19.3ms other=0.2ms tot=32.2ms | ALL: attn=29.7ms mlp=60.5ms model=91.3ms
(Worker_PP2_TP6 pid=1115789) [k3t r?] step=11 tok=1 step=91.81ms | KDA: n=22 attn=17.0ms mlp=41.2ms other=0.6ms tot=58.8ms | full: n=9 attn=12.4ms mlp=19.4ms other=0.8ms tot=32.6ms | ALL: attn=29.4ms mlp=60.6ms model=91.8ms
(Worker_PP2_TP5 pid=1115788) [k3t r?] logits=1.6ms step_tot=93.9ms
(Worker_PP2_TP3 pid=1115786) [k3t r?] logits=1.6ms step_tot=93.9ms
(Worker_PP2_TP1 pid=1115784) [k3t r?] logits=1.6ms step_tot=93.9ms
(Worker_PP2_TP2 pid=1115785) [k3t r?] logits=1.6ms step_tot=93.9ms
(Worker_PP2_TP7 pid=1115790) [k3t r?] logits=1.6ms step_tot=93.9ms
(Worker_PP2_TP0 pid=1115783) [k3t r?] logits=1.7ms step_tot=93.9ms
(Worker_PP2_TP4 pid=1115787) [k3t r?] logits=1.0ms step_tot=94.0ms
(Worker_PP2_TP6 pid=1115789) [k3t r?] logits=0.5ms step_tot=94.0ms
(Worker_PP2_TP0 pid=1115783) WARNING 08-22 18:18:37 [flashinfer_all_reduce.py:78] Failed to initialize FlashInfer All Reduce workspace: [SymmDeviceMemory] Device does not support multicasting.. This is expected on GPUs without NVSwitch (e.g., NVLink bridge-only or PCIe topologies).
(Worker_PP2_TP0 pid=1115783) WARNING 08-22 18:18:37 [flashinfer_all_reduce.py:78] Failed to initialize FlashInfer All Reduce workspace: [SymmDeviceMemory] Device does not support multicasting.. This is expected on GPUs without NVSwitch (e.g., NVLink bridge-only or PCIe topologies).
(Worker_PP2_TP0 pid=1115783) WARNING 08-22 18:18:37 [flashinfer_all_reduce.py:78] Failed to initialize FlashInfer All Reduce workspace: [SymmDeviceMemory] Device does not support multicasting.. This is expected on GPUs without NVSwitch (e.g., NVLink bridge-only or PCIe topologies).
(Worker_PP2_TP0 pid=1115783) WARNING 08-22 18:18:37 [flashinfer_all_reduce.py:78] Failed to initialize FlashInfer All Reduce workspace: [SymmDeviceMemory] Device does not support multicasting.. This is expected on GPUs without NVSwitch (e.g., NVLink bridge-only or PCIe topologies).
(Worker_PP2_TP0 pid=1115783) WARNING 08-22 18:18:37 [flashinfer_all_reduce.py:78] Failed to initialize FlashInfer All Reduce workspace: [SymmDeviceMemory] Device does not support multicasting.. This is expected on GPUs without NVSwitch (e.g., NVLink bridge-only or PCIe topologies).
(Worker_PP2_TP0 pid=1115783) WARNING 08-22 18:18:37 [flashinfer_all_reduce.py:78] Failed to initialize FlashInfer All Reduce workspace: [SymmDeviceMemory] Device does not support multicasting.. This is expected on GPUs without NVSwitch (e.g., NVLink bridge-only or PCIe topologies).
(Worker_PP2_TP0 pid=1115783) WARNING 08-22 18:18:37 [flashinfer_all_reduce.py:78] Failed to initialize FlashInfer All Reduce workspace: [SymmDeviceMemory] Device does not support multicasting.. This is expected on GPUs without NVSwitch (e.g., NVLink bridge-only or PCIe topologies).
(Worker_PP2_TP0 pid=1115783) WARNING 08-22 18:18:37 [flashinfer_all_reduce.py:78] Failed to initialize FlashInfer All Reduce workspace: [SymmDeviceMemory] Device does not support multicasting.. This is expected on GPUs without NVSwitch (e.g., NVLink bridge-only or PCIe topologies).
(Worker_PP2_TP0 pid=1115783) WARNING 08-22 18:18:37 [flashinfer_all_reduce.py:78] Failed to initialize FlashInfer All Reduce workspace: [SymmDeviceMemory] Device does not support multicasting.. This is expected on GPUs without NVSwitch (e.g., NVLink bridge-only or PCIe topologies).
(Worker_PP2_TP0 pid=1115783) WARNING 08-22 18:18:37 [flashinfer_all_reduce.py:78] Failed to initialize FlashInfer All Reduce workspace: [SymmDeviceMemory] Device does not support multicasting.. This is expected on GPUs without NVSwitch (e.g., NVLink bridge-only or PCIe topologies).
(Worker_PP2_TP0 pid=1115783) WARNING 08-22 18:18:37 [flashinfer_all_reduce.py:78] Failed to initialize FlashInfer All Reduce workspace: [SymmDeviceMemory] Device does not support multicasting.. This is expected on GPUs without NVSwitch (e.g., NVLink bridge-only or PCIe topologies).
(Worker_PP2_TP0 pid=1115783) WARNING 08-22 18:18:37 [flashinfer_all_reduce.py:78] Failed to initialize FlashInfer All Reduce workspace: [SymmDeviceMemory] Device does not support multicasting.. This is expected on GPUs without NVSwitch (e.g., NVLink bridge-only or PCIe topologies).
(Worker_PP2_TP0 pid=1115783) WARNING 08-22 18:18:37 [flashinfer_all_reduce.py:78] Failed to initialize FlashInfer All Reduce workspace: [SymmDeviceMemory] Device does not support multicasting.. This is expected on GPUs without NVSwitch (e.g., NVLink bridge-only or PCIe topologies).
(Worker_PP2_TP0 pid=1115783) WARNING 08-22 18:18:37 [flashinfer_all_reduce.py:78] Failed to initialize FlashInfer All Reduce workspace: [SymmDeviceMemory] Device does not support multicasting.. This is expected on GPUs without NVSwitch (e.g., NVLink bridge-only or PCIe topologies).
(Worker_PP2_TP0 pid=1115783) WARNING 08-22 18:18:37 [flashinfer_all_reduce.py:78] Failed to initialize FlashInfer All Reduce workspace: [SymmDeviceMemory] Device does not support multicasting.. This is expected on GPUs without NVSwitch (e.g., NVLink bridge-only or PCIe topologies).
(Worker_PP2_TP0 pid=1115783) WARNING 08-22 18:18:37 [flashinfer_all_reduce.py:78] Failed to initialize FlashInfer All Reduce workspace: [SymmDeviceMemory] Device does not support multicasting.. This is expected on GPUs without NVSwitch (e.g., NVLink bridge-only or PCIe topologies).
(Worker_PP2_TP0 pid=1115783) WARNING 08-22 18:18:37 [flashinfer_all_reduce.py:78] Failed to initialize FlashInfer All Reduce workspace: [SymmDeviceMemory] Device does not support multicasting.. This is expected on GPUs without NVSwitch (e.g., NVLink bridge-only or PCIe topologies).
(Worker_PP2_TP0 pid=1115783) WARNING 08-22 18:18:37 [flashinfer_all_reduce.py:78] Failed to initialize FlashInfer All Reduce workspace: [SymmDeviceMemory] Device does not support multicasting.. This is expected on GPUs without NVSwitch (e.g., NVLink bridge-only or PCIe topologies).
(Worker_PP2_TP0 pid=1115783) WARNING 08-22 18:18:37 [flashinfer_all_reduce.py:78] Failed to initialize FlashInfer All Reduce workspace: [SymmDeviceMemory] Device does not support multicasting.. This is expected on GPUs without NVSwitch (e.g., NVLink bridge-only or PCIe topologies).
(Worker_PP2_TP0 pid=1115783) WARNING 08-22 18:18:37 [flashinfer_all_reduce.py:78] Failed to initialize FlashInfer All Reduce workspace: [SymmDeviceMemory] Device does not support multicasting.. This is expected on GPUs without NVSwitch (e.g., NVLink bridge-only or PCIe topologies).
(Worker_PP2_TP0 pid=1115783) WARNING 08-22 18:18:37 [flashinfer_all_reduce.py:78] Failed to initialize FlashInfer All Reduce workspace: [SymmDeviceMemory] Device does not support multicasting.. This is expected on GPUs without NVSwitch (e.g., NVLink bridge-only or PCIe topologies).
(Worker_PP2_TP0 pid=1115783) WARNING 08-22 18:18:37 [flashinfer_all_reduce.py:78] Failed to initialize FlashInfer All Reduce workspace: [SymmDeviceMemory] Device does not support multicasting.. This is expected on GPUs without NVSwitch (e.g., NVLink bridge-only or PCIe topologies).
(Worker_PP2_TP0 pid=1115783) WARNING 08-22 18:18:37 [flashinfer_all_reduce.py:78] Failed to initialize FlashInfer All Reduce workspace: [SymmDeviceMemory] Device does not support multicasting.. This is expected on GPUs without NVSwitch (e.g., NVLink bridge-only or PCIe topologies).
(Worker_PP2_TP0 pid=1115783) WARNING 08-22 18:18:37 [flashinfer_all_reduce.py:78] Failed to initialize FlashInfer All Reduce workspace: [SymmDeviceMemory] Device does not support multicasting.. This is expected on GPUs without NVSwitch (e.g., NVLink bridge-only or PCIe topologies).
(Worker_PP2_TP0 pid=1115783) WARNING 08-22 18:18:37 [flashinfer_all_reduce.py:78] Failed to initialize FlashInfer All Reduce workspace: [SymmDeviceMemory] Device does not support multicasting.. This is expected on GPUs without NVSwitch (e.g., NVLink bridge-only or PCIe topologies).
(Worker_PP2_TP0 pid=1115783) WARNING 08-22 18:18:37 [flashinfer_all_reduce.py:78] Failed to initialize FlashInfer All Reduce workspace: [SymmDeviceMemory] Device does not support multicasting.. This is expected on GPUs without NVSwitch (e.g., NVLink bridge-only or PCIe topologies).
(Worker_PP2_TP0 pid=1115783) WARNING 08-22 18:18:37 [flashinfer_all_reduce.py:78] Failed to initialize FlashInfer All Reduce workspace: [SymmDeviceMemory] Device does not support multicasting.. This is expected on GPUs without NVSwitch (e.g., NVLink bridge-only or PCIe topologies).
(Worker_PP2_TP0 pid=1115783) WARNING 08-22 18:18:37 [flashinfer_all_reduce.py:78] Failed to initialize FlashInfer All Reduce workspace: [SymmDeviceMemory] Device does not support multicasting.. This is expected on GPUs without NVSwitch (e.g., NVLink bridge-only or PCIe topologies).
(Worker_PP2_TP0 pid=1115783) WARNING 08-22 18:18:37 [flashinfer_all_reduce.py:78] Failed to initialize FlashInfer All Reduce workspace: [SymmDeviceMemory] Device does not support multicasting.. This is expected on GPUs without NVSwitch (e.g., NVLink bridge-only or PCIe topologies).
(Worker_PP2_TP0 pid=1115783) WARNING 08-22 18:18:37 [flashinfer_all_reduce.py:78] Failed to initialize FlashInfer All Reduce workspace: [SymmDeviceMemory] Device does not support multicasting.. This is expected on GPUs without NVSwitch (e.g., NVLink bridge-only or PCIe topologies).
(Worker_PP2_TP0 pid=1115783) WARNING 08-22 18:18:37 [flashinfer_all_reduce.py:78] Failed to initialize FlashInfer All Reduce workspace: [SymmDeviceMemory] Device does not support multicasting.. This is expected on GPUs without NVSwitch (e.g., NVLink bridge-only or PCIe topologies).
(Worker_PP2_TP0 pid=1115783) [k3t r?] step=12 tok=1 step=138.59ms | KDA: n=22 attn=27.2ms mlp=64.7ms other=0.6ms tot=92.4ms | full: n=9 attn=19.6ms mlp=26.2ms other=0.2ms tot=46.1ms | ALL: attn=46.7ms mlp=91.0ms model=138.6ms
(Worker_PP2_TP5 pid=1115788) [k3t r?] step=12 tok=1 step=138.60ms | KDA: n=22 attn=27.2ms mlp=64.7ms other=0.5ms tot=92.4ms | full: n=9 attn=19.6ms mlp=26.2ms other=0.2ms tot=46.1ms | ALL: attn=46.8ms mlp=91.0ms model=138.6ms
(Worker_PP2_TP1 pid=1115784) [k3t r?] step=12 tok=1 step=138.59ms | KDA: n=22 attn=27.1ms mlp=64.7ms other=0.6ms tot=92.4ms | full: n=9 attn=19.6ms mlp=26.2ms other=0.2ms tot=46.1ms | ALL: attn=46.7ms mlp=91.0ms model=138.6ms
(Worker_PP2_TP7 pid=1115790) [k3t r?] step=12 tok=1 step=138.59ms | KDA: n=22 attn=27.2ms mlp=64.7ms other=0.6ms tot=92.4ms | full: n=9 attn=19.6ms mlp=26.2ms other=0.2ms tot=46.1ms | ALL: attn=46.7ms mlp=91.0ms model=138.6ms
(Worker_PP2_TP2 pid=1115785) [k3t r?] step=12 tok=1 step=138.59ms | KDA: n=22 attn=27.2ms mlp=64.7ms other=0.6ms tot=92.4ms | full: n=9 attn=19.6ms mlp=26.2ms other=0.2ms tot=46.1ms | ALL: attn=46.8ms mlp=91.0ms model=138.6ms
(Worker_PP2_TP3 pid=1115786) [k3t r?] step=12 tok=1 step=138.59ms | KDA: n=22 attn=27.1ms mlp=64.7ms other=0.6ms tot=92.4ms | full: n=9 attn=19.6ms mlp=26.2ms other=0.2ms tot=46.1ms | ALL: attn=46.7ms mlp=91.0ms model=138.6ms
(Worker_PP2_TP4 pid=1115787) [k3t r?] step=12 tok=1 step=139.32ms | KDA: n=22 attn=14.9ms mlp=63.5ms other=12.7ms tot=91.1ms | full: n=9 attn=14.3ms mlp=25.7ms other=5.0ms tot=44.9ms | ALL: attn=29.2ms mlp=89.1ms model=139.3ms
(Worker_PP2_TP6 pid=1115789) [k3t r?] step=12 tok=1 step=139.32ms | KDA: n=22 attn=14.9ms mlp=63.5ms other=12.6ms tot=91.0ms | full: n=9 attn=14.3ms mlp=25.7ms other=5.0ms tot=44.9ms | ALL: attn=29.2ms mlp=89.1ms model=139.3ms
(Worker_PP2_TP1 pid=1115784) [k3t r?] logits=1.5ms step_tot=141.4ms
(Worker_PP2_TP7 pid=1115790) [k3t r?] logits=1.5ms step_tot=141.4ms
(Worker_PP2_TP5 pid=1115788) [k3t r?] logits=1.6ms step_tot=141.4ms
(Worker_PP2_TP3 pid=1115786) [k3t r?] logits=1.4ms step_tot=141.4ms
(Worker_PP2_TP2 pid=1115785) [k3t r?] logits=1.5ms step_tot=141.4ms
(Worker_PP2_TP0 pid=1115783) [k3t r?] logits=1.5ms step_tot=141.4ms
(Worker_PP2_TP4 pid=1115787) [k3t r?] logits=0.5ms step_tot=141.5ms
(Worker_PP2_TP6 pid=1115789) [k3t r?] logits=0.5ms step_tot=141.5ms
(Worker_PP2_TP0 pid=1115783) WARNING 08-22 18:18:38 [flashinfer_all_reduce.py:78] Failed to initialize FlashInfer All Reduce workspace: [SymmDeviceMemory] Device does not support multicasting.. This is expected on GPUs without NVSwitch (e.g., NVLink bridge-only or PCIe topologies).
(Worker_PP2_TP0 pid=1115783) WARNING 08-22 18:18:38 [flashinfer_all_reduce.py:78] Failed to initialize FlashInfer All Reduce workspace: [SymmDeviceMemory] Device does not support multicasting.. This is expected on GPUs without NVSwitch (e.g., NVLink bridge-only or PCIe topologies).
(Worker_PP2_TP0 pid=1115783) WARNING 08-22 18:18:38 [flashinfer_all_reduce.py:78] Failed to initialize FlashInfer All Reduce workspace: [SymmDeviceMemory] Device does not support multicasting.. This is expected on GPUs without NVSwitch (e.g., NVLink bridge-only or PCIe topologies).
(Worker_PP2_TP0 pid=1115783) WARNING 08-22 18:18:38 [flashinfer_all_reduce.py:78] Failed to initialize FlashInfer All Reduce workspace: [SymmDeviceMemory] Device does not support multicasting.. This is expected on GPUs without NVSwitch (e.g., NVLink bridge-only or PCIe topologies).
(Worker_PP2_TP0 pid=1115783) WARNING 08-22 18:18:38 [flashinfer_all_reduce.py:78] Failed to initialize FlashInfer All Reduce workspace: [SymmDeviceMemory] Device does not support multicasting.. This is expected on GPUs without NVSwitch (e.g., NVLink bridge-only or PCIe topologies).
(Worker_PP2_TP0 pid=1115783) WARNING 08-22 18:18:38 [flashinfer_all_reduce.py:78] Failed to initialize FlashInfer All Reduce workspace: [SymmDeviceMemory] Device does not support multicasting.. This is expected on GPUs without NVSwitch (e.g., NVLink bridge-only or PCIe topologies).
(Worker_PP2_TP0 pid=1115783) WARNING 08-22 18:18:38 [flashinfer_all_reduce.py:78] Failed to initialize FlashInfer All Reduce workspace: [SymmDeviceMemory] Device does not support multicasting.. This is expected on GPUs without NVSwitch (e.g., NVLink bridge-only or PCIe topologies).
(Worker_PP2_TP0 pid=1115783) WARNING 08-22 18:18:38 [flashinfer_all_reduce.py:78] Failed to initialize FlashInfer All Reduce workspace: [SymmDeviceMemory] Device does not support multicasting.. This is expected on GPUs without NVSwitch (e.g., NVLink bridge-only or PCIe topologies).
(Worker_PP2_TP0 pid=1115783) WARNING 08-22 18:18:38 [flashinfer_all_reduce.py:78] Failed to initialize FlashInfer All Reduce workspace: [SymmDeviceMemory] Device does not support multicasting.. This is expected on GPUs without NVSwitch (e.g., NVLink bridge-only or PCIe topologies).
(Worker_PP2_TP0 pid=1115783) WARNING 08-22 18:18:38 [flashinfer_all_reduce.py:78] Failed to initialize FlashInfer All Reduce workspace: [SymmDeviceMemory] Device does not support multicasting.. This is expected on GPUs without NVSwitch (e.g., NVLink bridge-only or PCIe topologies).
(Worker_PP2_TP0 pid=1115783) WARNING 08-22 18:18:38 [flashinfer_all_reduce.py:78] Failed to initialize FlashInfer All Reduce workspace: [SymmDeviceMemory] Device does not support multicasting.. This is expected on GPUs without NVSwitch (e.g., NVLink bridge-only or PCIe topologies).
(Worker_PP2_TP0 pid=1115783) WARNING 08-22 18:18:38 [flashinfer_all_reduce.py:78] Failed to initialize FlashInfer All Reduce workspace: [SymmDeviceMemory] Device does not support multicasting.. This is expected on GPUs without NVSwitch (e.g., NVLink bridge-only or PCIe topologies).
(Worker_PP2_TP0 pid=1115783) WARNING 08-22 18:18:38 [flashinfer_all_reduce.py:78] Failed to initialize FlashInfer All Reduce workspace: [SymmDeviceMemory] Device does not support multicasting.. This is expected on GPUs without NVSwitch (e.g., NVLink bridge-only or PCIe topologies).
(Worker_PP2_TP0 pid=1115783) WARNING 08-22 18:18:38 [flashinfer_all_reduce.py:78] Failed to initialize FlashInfer All Reduce workspace: [SymmDeviceMemory] Device does not support multicasting.. This is expected on GPUs without NVSwitch (e.g., NVLink bridge-only or PCIe topologies).
(Worker_PP2_TP0 pid=1115783) WARNING 08-22 18:18:38 [flashinfer_all_reduce.py:78] Failed to initialize FlashInfer All Reduce workspace: [SymmDeviceMemory] Device does not support multicasting.. This is expected on GPUs without NVSwitch (e.g., NVLink bridge-only or PCIe topologies).
(Worker_PP2_TP0 pid=1115783) WARNING 08-22 18:18:38 [flashinfer_all_reduce.py:78] Failed to initialize FlashInfer All Reduce workspace: [SymmDeviceMemory] Device does not support multicasting.. This is expected on GPUs without NVSwitch (e.g., NVLink bridge-only or PCIe topologies).
(Worker_PP2_TP0 pid=1115783) WARNING 08-22 18:18:38 [flashinfer_all_reduce.py:78] Failed to initialize FlashInfer All Reduce workspace: [SymmDeviceMemory] Device does not support multicasting.. This is expected on GPUs without NVSwitch (e.g., NVLink bridge-only or PCIe topologies).
(Worker_PP2_TP0 pid=1115783) WARNING 08-22 18:18:38 [flashinfer_all_reduce.py:78] Failed to initialize FlashInfer All Reduce workspace: [SymmDeviceMemory] Device does not support multicasting.. This is expected on GPUs without NVSwitch (e.g., NVLink bridge-only or PCIe topologies).
(Worker_PP2_TP0 pid=1115783) WARNING 08-22 18:18:38 [flashinfer_all_reduce.py:78] Failed to initialize FlashInfer All Reduce workspace: [SymmDeviceMemory] Device does not support multicasting.. This is expected on GPUs without NVSwitch (e.g., NVLink bridge-only or PCIe topologies).
(Worker_PP2_TP0 pid=1115783) WARNING 08-22 18:18:38 [flashinfer_all_reduce.py:78] Failed to initialize FlashInfer All Reduce workspace: [SymmDeviceMemory] Device does not support multicasting.. This is expected on GPUs without NVSwitch (e.g., NVLink bridge-only or PCIe topologies).
(Worker_PP2_TP0 pid=1115783) WARNING 08-22 18:18:38 [flashinfer_all_reduce.py:78] Failed to initialize FlashInfer All Reduce workspace: [SymmDeviceMemory] Device does not support multicasting.. This is expected on GPUs without NVSwitch (e.g., NVLink bridge-only or PCIe topologies).
(Worker_PP2_TP0 pid=1115783) WARNING 08-22 18:18:38 [flashinfer_all_reduce.py:78] Failed to initialize FlashInfer All Reduce workspace: [SymmDeviceMemory] Device does not support multicasting.. This is expected on GPUs without NVSwitch (e.g., NVLink bridge-only or PCIe topologies).
(Worker_PP2_TP0 pid=1115783) WARNING 08-22 18:18:38 [flashinfer_all_reduce.py:78] Failed to initialize FlashInfer All Reduce workspace: [SymmDeviceMemory] Device does not support multicasting.. This is expected on GPUs without NVSwitch (e.g., NVLink bridge-only or PCIe topologies).
(Worker_PP2_TP0 pid=1115783) WARNING 08-22 18:18:38 [flashinfer_all_reduce.py:78] Failed to initialize FlashInfer All Reduce workspace: [SymmDeviceMemory] Device does not support multicasting.. This is expected on GPUs without NVSwitch (e.g., NVLink bridge-only or PCIe topologies).
(Worker_PP2_TP0 pid=1115783) WARNING 08-22 18:18:38 [flashinfer_all_reduce.py:78] Failed to initialize FlashInfer All Reduce workspace: [SymmDeviceMemory] Device does not support multicasting.. This is expected on GPUs without NVSwitch (e.g., NVLink bridge-only or PCIe topologies).
(Worker_PP2_TP0 pid=1115783) WARNING 08-22 18:18:38 [flashinfer_all_reduce.py:78] Failed to initialize FlashInfer All Reduce workspace: [SymmDeviceMemory] Device does not support multicasting.. This is expected on GPUs without NVSwitch (e.g., NVLink bridge-only or PCIe topologies).
(Worker_PP2_TP0 pid=1115783) WARNING 08-22 18:18:38 [flashinfer_all_reduce.py:78] Failed to initialize FlashInfer All Reduce workspace: [SymmDeviceMemory] Device does not support multicasting.. This is expected on GPUs without NVSwitch (e.g., NVLink bridge-only or PCIe topologies).
(Worker_PP2_TP0 pid=1115783) WARNING 08-22 18:18:38 [flashinfer_all_reduce.py:78] Failed to initialize FlashInfer All Reduce workspace: [SymmDeviceMemory] Device does not support multicasting.. This is expected on GPUs without NVSwitch (e.g., NVLink bridge-only or PCIe topologies).
(Worker_PP2_TP0 pid=1115783) WARNING 08-22 18:18:38 [flashinfer_all_reduce.py:78] Failed to initialize FlashInfer All Reduce workspace: [SymmDeviceMemory] Device does not support multicasting.. This is expected on GPUs without NVSwitch (e.g., NVLink bridge-only or PCIe topologies).
(Worker_PP2_TP0 pid=1115783) WARNING 08-22 18:18:38 [flashinfer_all_reduce.py:78] Failed to initialize FlashInfer All Reduce workspace: [SymmDeviceMemory] Device does not support multicasting.. This is expected on GPUs without NVSwitch (e.g., NVLink bridge-only or PCIe topologies).
(Worker_PP2_TP0 pid=1115783) WARNING 08-22 18:18:38 [flashinfer_all_reduce.py:78] Failed to initialize FlashInfer All Reduce workspace: [SymmDeviceMemory] Device does not support multicasting.. This is expected on GPUs without NVSwitch (e.g., NVLink bridge-only or PCIe topologies).
(Worker_PP2_TP2 pid=1115785) [k3t r?] step=13 tok=1 step=142.71ms | KDA: n=22 attn=28.3ms mlp=67.2ms other=0.6ms tot=96.1ms | full: n=9 attn=19.7ms mlp=26.6ms other=0.2ms tot=46.5ms | ALL: attn=48.0ms mlp=93.8ms model=142.7ms
(Worker_PP2_TP1 pid=1115784) [k3t r?] step=13 tok=1 step=142.71ms | KDA: n=22 attn=28.3ms mlp=67.3ms other=0.5ms tot=96.1ms | full: n=9 attn=19.7ms mlp=26.6ms other=0.2ms tot=46.5ms | ALL: attn=48.0ms mlp=93.8ms model=142.7ms
(Worker_PP2_TP5 pid=1115788) [k3t r?] step=13 tok=1 step=142.71ms | KDA: n=22 attn=28.3ms mlp=67.2ms other=0.6ms tot=96.1ms | full: n=9 attn=19.7ms mlp=26.6ms other=0.2ms tot=46.5ms | ALL: attn=48.0ms mlp=93.8ms model=142.7ms
(Worker_PP2_TP0 pid=1115783) [k3t r?] step=13 tok=1 step=142.71ms | KDA: n=22 attn=28.3ms mlp=67.3ms other=0.6ms tot=96.1ms | full: n=9 attn=19.7ms mlp=26.6ms other=0.2ms tot=46.5ms | ALL: attn=48.0ms mlp=93.8ms model=142.7ms
(Worker_PP2_TP3 pid=1115786) [k3t r?] step=13 tok=1 step=142.72ms | KDA: n=22 attn=28.3ms mlp=67.3ms other=0.6ms tot=96.1ms | full: n=9 attn=19.7ms mlp=26.6ms other=0.2ms tot=46.5ms | ALL: attn=48.0ms mlp=93.8ms model=142.7ms
(Worker_PP2_TP7 pid=1115790) [k3t r?] step=13 tok=1 step=142.71ms | KDA: n=22 attn=28.3ms mlp=67.2ms other=0.6ms tot=96.1ms | full: n=9 attn=19.7ms mlp=26.6ms other=0.2ms tot=46.5ms | ALL: attn=48.0ms mlp=93.8ms model=142.7ms
(Worker_PP2_TP6 pid=1115789) [k3t r?] step=13 tok=1 step=143.44ms | KDA: n=22 attn=26.5ms mlp=66.8ms other=2.6ms tot=95.9ms | full: n=9 attn=18.3ms mlp=26.6ms other=1.6ms tot=46.5ms | ALL: attn=44.8ms mlp=93.4ms model=143.4ms
(Worker_PP2_TP4 pid=1115787) [k3t r?] step=13 tok=1 step=143.45ms | KDA: n=22 attn=16.1ms mlp=65.2ms other=13.4ms tot=94.7ms | full: n=9 attn=14.2ms mlp=25.8ms other=5.4ms tot=45.3ms | ALL: attn=30.3ms mlp=90.9ms model=143.5ms
(Worker_PP2_TP1 pid=1115784) [k3t r?] logits=1.7ms step_tot=145.7ms
(Worker_PP2_TP5 pid=1115788) [k3t r?] logits=1.7ms step_tot=145.7ms
(Worker_PP2_TP7 pid=1115790) [k3t r?] logits=1.6ms step_tot=145.7ms
(Worker_PP2_TP3 pid=1115786) [k3t r?] logits=1.6ms step_tot=145.7ms
(Worker_PP2_TP2 pid=1115785) [k3t r?] logits=1.7ms step_tot=145.7ms
(Worker_PP2_TP0 pid=1115783) [k3t r?] logits=1.6ms step_tot=145.7ms
(Worker_PP2_TP4 pid=1115787) [k3t r?] logits=0.6ms step_tot=145.8ms
(Worker_PP2_TP6 pid=1115789) [k3t r?] logits=0.7ms step_tot=145.8ms
(Worker_PP2_TP0 pid=1115783) WARNING 08-22 18:18:38 [flashinfer_all_reduce.py:78] Failed to initialize FlashInfer All Reduce workspace: [SymmDeviceMemory] Device does not support multicasting.. This is expected on GPUs without NVSwitch (e.g., NVLink bridge-only or PCIe topologies).
(Worker_PP2_TP0 pid=1115783) WARNING 08-22 18:18:38 [flashinfer_all_reduce.py:78] Failed to initialize FlashInfer All Reduce workspace: [SymmDeviceMemory] Device does not support multicasting.. This is expected on GPUs without NVSwitch (e.g., NVLink bridge-only or PCIe topologies).
(Worker_PP2_TP0 pid=1115783) WARNING 08-22 18:18:38 [flashinfer_all_reduce.py:78] Failed to initialize FlashInfer All Reduce workspace: [SymmDeviceMemory] Device does not support multicasting.. This is expected on GPUs without NVSwitch (e.g., NVLink bridge-only or PCIe topologies).
(Worker_PP2_TP0 pid=1115783) WARNING 08-22 18:18:38 [flashinfer_all_reduce.py:78] Failed to initialize FlashInfer All Reduce workspace: [SymmDeviceMemory] Device does not support multicasting.. This is expected on GPUs without NVSwitch (e.g., NVLink bridge-only or PCIe topologies).
(Worker_PP2_TP0 pid=1115783) WARNING 08-22 18:18:38 [flashinfer_all_reduce.py:78] Failed to initialize FlashInfer All Reduce workspace: [SymmDeviceMemory] Device does not support multicasting.. This is expected on GPUs without NVSwitch (e.g., NVLink bridge-only or PCIe topologies).
(Worker_PP2_TP0 pid=1115783) WARNING 08-22 18:18:38 [flashinfer_all_reduce.py:78] Failed to initialize FlashInfer All Reduce workspace: [SymmDeviceMemory] Device does not support multicasting.. This is expected on GPUs without NVSwitch (e.g., NVLink bridge-only or PCIe topologies).
(Worker_PP2_TP0 pid=1115783) WARNING 08-22 18:18:38 [flashinfer_all_reduce.py:78] Failed to initialize FlashInfer All Reduce workspace: [SymmDeviceMemory] Device does not support multicasting.. This is expected on GPUs without NVSwitch (e.g., NVLink bridge-only or PCIe topologies).
(Worker_PP2_TP0 pid=1115783) WARNING 08-22 18:18:38 [flashinfer_all_reduce.py:78] Failed to initialize FlashInfer All Reduce workspace: [SymmDeviceMemory] Device does not support multicasting.. This is expected on GPUs without NVSwitch (e.g., NVLink bridge-only or PCIe topologies).
(Worker_PP2_TP0 pid=1115783) WARNING 08-22 18:18:38 [flashinfer_all_reduce.py:78] Failed to initialize FlashInfer All Reduce workspace: [SymmDeviceMemory] Device does not support multicasting.. This is expected on GPUs without NVSwitch (e.g., NVLink bridge-only or PCIe topologies).
(Worker_PP2_TP0 pid=1115783) WARNING 08-22 18:18:38 [flashinfer_all_reduce.py:78] Failed to initialize FlashInfer All Reduce workspace: [SymmDeviceMemory] Device does not support multicasting.. This is expected on GPUs without NVSwitch (e.g., NVLink bridge-only or PCIe topologies).
(Worker_PP2_TP0 pid=1115783) WARNING 08-22 18:18:38 [flashinfer_all_reduce.py:78] Failed to initialize FlashInfer All Reduce workspace: [SymmDeviceMemory] Device does not support multicasting.. This is expected on GPUs without NVSwitch (e.g., NVLink bridge-only or PCIe topologies).
(Worker_PP2_TP0 pid=1115783) WARNING 08-22 18:18:38 [flashinfer_all_reduce.py:78] Failed to initialize FlashInfer All Reduce workspace: [SymmDeviceMemory] Device does not support multicasting.. This is expected on GPUs without NVSwitch (e.g., NVLink bridge-only or PCIe topologies).
(Worker_PP2_TP0 pid=1115783) WARNING 08-22 18:18:38 [flashinfer_all_reduce.py:78] Failed to initialize FlashInfer All Reduce workspace: [SymmDeviceMemory] Device does not support multicasting.. This is expected on GPUs without NVSwitch (e.g., NVLink bridge-only or PCIe topologies).
(Worker_PP2_TP0 pid=1115783) WARNING 08-22 18:18:38 [flashinfer_all_reduce.py:78] Failed to initialize FlashInfer All Reduce workspace: [SymmDeviceMemory] Device does not support multicasting.. This is expected on GPUs without NVSwitch (e.g., NVLink bridge-only or PCIe topologies).
(Worker_PP2_TP0 pid=1115783) WARNING 08-22 18:18:38 [flashinfer_all_reduce.py:78] Failed to initialize FlashInfer All Reduce workspace: [SymmDeviceMemory] Device does not support multicasting.. This is expected on GPUs without NVSwitch (e.g., NVLink bridge-only or PCIe topologies).
(Worker_PP2_TP0 pid=1115783) WARNING 08-22 18:18:38 [flashinfer_all_reduce.py:78] Failed to initialize FlashInfer All Reduce workspace: [SymmDeviceMemory] Device does not support multicasting.. This is expected on GPUs without NVSwitch (e.g., NVLink bridge-only or PCIe topologies).
(Worker_PP2_TP0 pid=1115783) WARNING 08-22 18:18:38 [flashinfer_all_reduce.py:78] Failed to initialize FlashInfer All Reduce workspace: [SymmDeviceMemory] Device does not support multicasting.. This is expected on GPUs without NVSwitch (e.g., NVLink bridge-only or PCIe topologies).
(Worker_PP2_TP0 pid=1115783) WARNING 08-22 18:18:38 [flashinfer_all_reduce.py:78] Failed to initialize FlashInfer All Reduce workspace: [SymmDeviceMemory] Device does not support multicasting.. This is expected on GPUs without NVSwitch (e.g., NVLink bridge-only or PCIe topologies).
(Worker_PP2_TP0 pid=1115783) WARNING 08-22 18:18:38 [flashinfer_all_reduce.py:78] Failed to initialize FlashInfer All Reduce workspace: [SymmDeviceMemory] Device does not support multicasting.. This is expected on GPUs without NVSwitch (e.g., NVLink bridge-only or PCIe topologies).
(Worker_PP2_TP0 pid=1115783) WARNING 08-22 18:18:38 [flashinfer_all_reduce.py:78] Failed to initialize FlashInfer All Reduce workspace: [SymmDeviceMemory] Device does not support multicasting.. This is expected on GPUs without NVSwitch (e.g., NVLink bridge-only or PCIe topologies).
(Worker_PP2_TP0 pid=1115783) WARNING 08-22 18:18:38 [flashinfer_all_reduce.py:78] Failed to initialize FlashInfer All Reduce workspace: [SymmDeviceMemory] Device does not support multicasting.. This is expected on GPUs without NVSwitch (e.g., NVLink bridge-only or PCIe topologies).
(Worker_PP2_TP0 pid=1115783) WARNING 08-22 18:18:38 [flashinfer_all_reduce.py:78] Failed to initialize FlashInfer All Reduce workspace: [SymmDeviceMemory] Device does not support multicasting.. This is expected on GPUs without NVSwitch (e.g., NVLink bridge-only or PCIe topologies).
(Worker_PP2_TP0 pid=1115783) WARNING 08-22 18:18:38 [flashinfer_all_reduce.py:78] Failed to initialize FlashInfer All Reduce workspace: [SymmDeviceMemory] Device does not support multicasting.. This is expected on GPUs without NVSwitch (e.g., NVLink bridge-only or PCIe topologies).
(Worker_PP2_TP0 pid=1115783) WARNING 08-22 18:18:38 [flashinfer_all_reduce.py:78] Failed to initialize FlashInfer All Reduce workspace: [SymmDeviceMemory] Device does not support multicasting.. This is expected on GPUs without NVSwitch (e.g., NVLink bridge-only or PCIe topologies).
(Worker_PP2_TP0 pid=1115783) WARNING 08-22 18:18:38 [flashinfer_all_reduce.py:78] Failed to initialize FlashInfer All Reduce workspace: [SymmDeviceMemory] Device does not support multicasting.. This is expected on GPUs without NVSwitch (e.g., NVLink bridge-only or PCIe topologies).
(Worker_PP2_TP0 pid=1115783) WARNING 08-22 18:18:38 [flashinfer_all_reduce.py:78] Failed to initialize FlashInfer All Reduce workspace: [SymmDeviceMemory] Device does not support multicasting.. This is expected on GPUs without NVSwitch (e.g., NVLink bridge-only or PCIe topologies).
(Worker_PP2_TP0 pid=1115783) WARNING 08-22 18:18:38 [flashinfer_all_reduce.py:78] Failed to initialize FlashInfer All Reduce workspace: [SymmDeviceMemory] Device does not support multicasting.. This is expected on GPUs without NVSwitch (e.g., NVLink bridge-only or PCIe topologies).
(Worker_PP2_TP0 pid=1115783) WARNING 08-22 18:18:38 [flashinfer_all_reduce.py:78] Failed to initialize FlashInfer All Reduce workspace: [SymmDeviceMemory] Device does not support multicasting.. This is expected on GPUs without NVSwitch (e.g., NVLink bridge-only or PCIe topologies).
(Worker_PP2_TP0 pid=1115783) WARNING 08-22 18:18:38 [flashinfer_all_reduce.py:78] Failed to initialize FlashInfer All Reduce workspace: [SymmDeviceMemory] Device does not support multicasting.. This is expected on GPUs without NVSwitch (e.g., NVLink bridge-only or PCIe topologies).
(Worker_PP2_TP0 pid=1115783) WARNING 08-22 18:18:38 [flashinfer_all_reduce.py:78] Failed to initialize FlashInfer All Reduce workspace: [SymmDeviceMemory] Device does not support multicasting.. This is expected on GPUs without NVSwitch (e.g., NVLink bridge-only or PCIe topologies).
(Worker_PP2_TP0 pid=1115783) WARNING 08-22 18:18:38 [flashinfer_all_reduce.py:78] Failed to initialize FlashInfer All Reduce workspace: [SymmDeviceMemory] Device does not support multicasting.. This is expected on GPUs without NVSwitch (e.g., NVLink bridge-only or PCIe topologies).
(Worker_PP2_TP0 pid=1115783) [k3t r?] step=14 tok=1 step=139.48ms | KDA: n=22 attn=27.8ms mlp=64.7ms other=0.6ms tot=93.1ms | full: n=9 attn=19.2ms mlp=26.9ms other=0.2ms tot=46.3ms | ALL: attn=47.0ms mlp=91.6ms model=139.5ms
(Worker_PP2_TP1 pid=1115784) [k3t r?] step=14 tok=1 step=139.49ms | KDA: n=22 attn=27.8ms mlp=64.7ms other=0.6ms tot=93.1ms | full: n=9 attn=19.2ms mlp=26.9ms other=0.2ms tot=46.3ms | ALL: attn=47.0ms mlp=91.6ms model=139.5ms
(Worker_PP2_TP2 pid=1115785) [k3t r?] step=14 tok=1 step=139.48ms | KDA: n=22 attn=27.8ms mlp=64.7ms other=0.6ms tot=93.1ms | full: n=9 attn=19.2ms mlp=26.9ms other=0.2ms tot=46.3ms | ALL: attn=47.0ms mlp=91.6ms model=139.5ms
(Worker_PP2_TP3 pid=1115786) [k3t r?] step=14 tok=1 step=139.49ms | KDA: n=22 attn=27.8ms mlp=64.7ms other=0.6ms tot=93.1ms | full: n=9 attn=19.2ms mlp=26.9ms other=0.2ms tot=46.3ms | ALL: attn=47.0ms mlp=91.6ms model=139.5ms
(Worker_PP2_TP7 pid=1115790) [k3t r?] step=14 tok=1 step=139.48ms | KDA: n=22 attn=27.8ms mlp=64.7ms other=0.6ms tot=93.1ms | full: n=9 attn=19.2ms mlp=26.9ms other=0.2ms tot=46.3ms | ALL: attn=47.0ms mlp=91.6ms model=139.5ms
(Worker_PP2_TP5 pid=1115788) [k3t r?] step=14 tok=1 step=139.48ms | KDA: n=22 attn=27.8ms mlp=64.7ms other=0.6ms tot=93.1ms | full: n=9 attn=19.2ms mlp=26.9ms other=0.2ms tot=46.3ms | ALL: attn=47.0ms mlp=91.6ms model=139.5ms
(Worker_PP2_TP6 pid=1115789) [k3t r?] step=14 tok=1 step=140.19ms | KDA: n=22 attn=15.4ms mlp=63.7ms other=12.3ms tot=91.4ms | full: n=9 attn=14.1ms mlp=25.7ms other=5.6ms tot=45.3ms | ALL: attn=29.5ms mlp=89.4ms model=140.2ms
(Worker_PP2_TP4 pid=1115787) [k3t r?] step=14 tok=1 step=140.19ms | KDA: n=22 attn=15.5ms mlp=63.7ms other=12.3ms tot=91.4ms | full: n=9 attn=14.1ms mlp=25.7ms other=5.6ms tot=45.4ms | ALL: attn=29.5ms mlp=89.4ms model=140.2ms
(Worker_PP2_TP5 pid=1115788) [k3t r?] logits=1.4ms step_tot=142.3ms
(Worker_PP2_TP0 pid=1115783) [k3t r?] logits=1.5ms step_tot=142.3ms
(Worker_PP2_TP2 pid=1115785) [k3t r?] logits=1.6ms step_tot=142.3ms
(Worker_PP2_TP1 pid=1115784) [k3t r?] logits=1.6ms step_tot=142.3ms
(Worker_PP2_TP3 pid=1115786) [k3t r?] logits=1.5ms step_tot=142.3ms
(Worker_PP2_TP7 pid=1115790) [k3t r?] logits=1.5ms step_tot=142.3ms
(Worker_PP2_TP6 pid=1115789) [k3t r?] logits=0.5ms step_tot=142.4ms
(Worker_PP2_TP4 pid=1115787) [k3t r?] logits=0.5ms step_tot=142.4ms
(Worker_PP2_TP0 pid=1115783) WARNING 08-22 18:18:39 [flashinfer_all_reduce.py:78] Failed to initialize FlashInfer All Reduce workspace: [SymmDeviceMemory] Device does not support multicasting.. This is expected on GPUs without NVSwitch (e.g., NVLink bridge-only or PCIe topologies).
(Worker_PP2_TP0 pid=1115783) WARNING 08-22 18:18:39 [flashinfer_all_reduce.py:78] Failed to initialize FlashInfer All Reduce workspace: [SymmDeviceMemory] Device does not support multicasting.. This is expected on GPUs without NVSwitch (e.g., NVLink bridge-only or PCIe topologies).
(Worker_PP2_TP0 pid=1115783) WARNING 08-22 18:18:39 [flashinfer_all_reduce.py:78] Failed to initialize FlashInfer All Reduce workspace: [SymmDeviceMemory] Device does not support multicasting.. This is expected on GPUs without NVSwitch (e.g., NVLink bridge-only or PCIe topologies).
(Worker_PP2_TP0 pid=1115783) WARNING 08-22 18:18:39 [flashinfer_all_reduce.py:78] Failed to initialize FlashInfer All Reduce workspace: [SymmDeviceMemory] Device does not support multicasting.. This is expected on GPUs without NVSwitch (e.g., NVLink bridge-only or PCIe topologies).
(Worker_PP2_TP0 pid=1115783) WARNING 08-22 18:18:39 [flashinfer_all_reduce.py:78] Failed to initialize FlashInfer All Reduce workspace: [SymmDeviceMemory] Device does not support multicasting.. This is expected on GPUs without NVSwitch (e.g., NVLink bridge-only or PCIe topologies).
(Worker_PP2_TP0 pid=1115783) WARNING 08-22 18:18:39 [flashinfer_all_reduce.py:78] Failed to initialize FlashInfer All Reduce workspace: [SymmDeviceMemory] Device does not support multicasting.. This is expected on GPUs without NVSwitch (e.g., NVLink bridge-only or PCIe topologies).
(Worker_PP2_TP0 pid=1115783) WARNING 08-22 18:18:39 [flashinfer_all_reduce.py:78] Failed to initialize FlashInfer All Reduce workspace: [SymmDeviceMemory] Device does not support multicasting.. This is expected on GPUs without NVSwitch (e.g., NVLink bridge-only or PCIe topologies).
(Worker_PP2_TP0 pid=1115783) WARNING 08-22 18:18:39 [flashinfer_all_reduce.py:78] Failed to initialize FlashInfer All Reduce workspace: [SymmDeviceMemory] Device does not support multicasting.. This is expected on GPUs without NVSwitch (e.g., NVLink bridge-only or PCIe topologies).
(Worker_PP2_TP0 pid=1115783) WARNING 08-22 18:18:39 [flashinfer_all_reduce.py:78] Failed to initialize FlashInfer All Reduce workspace: [SymmDeviceMemory] Device does not support multicasting.. This is expected on GPUs without NVSwitch (e.g., NVLink bridge-only or PCIe topologies).
(Worker_PP2_TP0 pid=1115783) WARNING 08-22 18:18:39 [flashinfer_all_reduce.py:78] Failed to initialize FlashInfer All Reduce workspace: [SymmDeviceMemory] Device does not support multicasting.. This is expected on GPUs without NVSwitch (e.g., NVLink bridge-only or PCIe topologies).
(Worker_PP2_TP0 pid=1115783) WARNING 08-22 18:18:39 [flashinfer_all_reduce.py:78] Failed to initialize FlashInfer All Reduce workspace: [SymmDeviceMemory] Device does not support multicasting.. This is expected on GPUs without NVSwitch (e.g., NVLink bridge-only or PCIe topologies).
(Worker_PP2_TP0 pid=1115783) WARNING 08-22 18:18:39 [flashinfer_all_reduce.py:78] Failed to initialize FlashInfer All Reduce workspace: [SymmDeviceMemory] Device does not support multicasting.. This is expected on GPUs without NVSwitch (e.g., NVLink bridge-only or PCIe topologies).
(Worker_PP2_TP0 pid=1115783) WARNING 08-22 18:18:39 [flashinfer_all_reduce.py:78] Failed to initialize FlashInfer All Reduce workspace: [SymmDeviceMemory] Device does not support multicasting.. This is expected on GPUs without NVSwitch (e.g., NVLink bridge-only or PCIe topologies).
(Worker_PP2_TP0 pid=1115783) WARNING 08-22 18:18:39 [flashinfer_all_reduce.py:78] Failed to initialize FlashInfer All Reduce workspace: [SymmDeviceMemory] Device does not support multicasting.. This is expected on GPUs without NVSwitch (e.g., NVLink bridge-only or PCIe topologies).
(Worker_PP2_TP0 pid=1115783) WARNING 08-22 18:18:39 [flashinfer_all_reduce.py:78] Failed to initialize FlashInfer All Reduce workspace: [SymmDeviceMemory] Device does not support multicasting.. This is expected on GPUs without NVSwitch (e.g., NVLink bridge-only or PCIe topologies).
(Worker_PP2_TP0 pid=1115783) WARNING 08-22 18:18:39 [flashinfer_all_reduce.py:78] Failed to initialize FlashInfer All Reduce workspace: [SymmDeviceMemory] Device does not support multicasting.. This is expected on GPUs without NVSwitch (e.g., NVLink bridge-only or PCIe topologies).
(Worker_PP2_TP0 pid=1115783) WARNING 08-22 18:18:39 [flashinfer_all_reduce.py:78] Failed to initialize FlashInfer All Reduce workspace: [SymmDeviceMemory] Device does not support multicasting.. This is expected on GPUs without NVSwitch (e.g., NVLink bridge-only or PCIe topologies).
(Worker_PP2_TP0 pid=1115783) WARNING 08-22 18:18:39 [flashinfer_all_reduce.py:78] Failed to initialize FlashInfer All Reduce workspace: [SymmDeviceMemory] Device does not support multicasting.. This is expected on GPUs without NVSwitch (e.g., NVLink bridge-only or PCIe topologies).
(Worker_PP2_TP0 pid=1115783) WARNING 08-22 18:18:39 [flashinfer_all_reduce.py:78] Failed to initialize FlashInfer All Reduce workspace: [SymmDeviceMemory] Device does not support multicasting.. This is expected on GPUs without NVSwitch (e.g., NVLink bridge-only or PCIe topologies).
(Worker_PP2_TP0 pid=1115783) WARNING 08-22 18:18:39 [flashinfer_all_reduce.py:78] Failed to initialize FlashInfer All Reduce workspace: [SymmDeviceMemory] Device does not support multicasting.. This is expected on GPUs without NVSwitch (e.g., NVLink bridge-only or PCIe topologies).
(Worker_PP2_TP0 pid=1115783) WARNING 08-22 18:18:39 [flashinfer_all_reduce.py:78] Failed to initialize FlashInfer All Reduce workspace: [SymmDeviceMemory] Device does not support multicasting.. This is expected on GPUs without NVSwitch (e.g., NVLink bridge-only or PCIe topologies).
(Worker_PP2_TP0 pid=1115783) WARNING 08-22 18:18:39 [flashinfer_all_reduce.py:78] Failed to initialize FlashInfer All Reduce workspace: [SymmDeviceMemory] Device does not support multicasting.. This is expected on GPUs without NVSwitch (e.g., NVLink bridge-only or PCIe topologies).
(Worker_PP2_TP0 pid=1115783) WARNING 08-22 18:18:39 [flashinfer_all_reduce.py:78] Failed to initialize FlashInfer All Reduce workspace: [SymmDeviceMemory] Device does not support multicasting.. This is expected on GPUs without NVSwitch (e.g., NVLink bridge-only or PCIe topologies).
(Worker_PP2_TP0 pid=1115783) WARNING 08-22 18:18:39 [flashinfer_all_reduce.py:78] Failed to initialize FlashInfer All Reduce workspace: [SymmDeviceMemory] Device does not support multicasting.. This is expected on GPUs without NVSwitch (e.g., NVLink bridge-only or PCIe topologies).
(Worker_PP2_TP0 pid=1115783) WARNING 08-22 18:18:39 [flashinfer_all_reduce.py:78] Failed to initialize FlashInfer All Reduce workspace: [SymmDeviceMemory] Device does not support multicasting.. This is expected on GPUs without NVSwitch (e.g., NVLink bridge-only or PCIe topologies).
(Worker_PP2_TP0 pid=1115783) WARNING 08-22 18:18:39 [flashinfer_all_reduce.py:78] Failed to initialize FlashInfer All Reduce workspace: [SymmDeviceMemory] Device does not support multicasting.. This is expected on GPUs without NVSwitch (e.g., NVLink bridge-only or PCIe topologies).
(Worker_PP2_TP0 pid=1115783) WARNING 08-22 18:18:39 [flashinfer_all_reduce.py:78] Failed to initialize FlashInfer All Reduce workspace: [SymmDeviceMemory] Device does not support multicasting.. This is expected on GPUs without NVSwitch (e.g., NVLink bridge-only or PCIe topologies).
(Worker_PP2_TP0 pid=1115783) WARNING 08-22 18:18:39 [flashinfer_all_reduce.py:78] Failed to initialize FlashInfer All Reduce workspace: [SymmDeviceMemory] Device does not support multicasting.. This is expected on GPUs without NVSwitch (e.g., NVLink bridge-only or PCIe topologies).
(Worker_PP2_TP0 pid=1115783) WARNING 08-22 18:18:39 [flashinfer_all_reduce.py:78] Failed to initialize FlashInfer All Reduce workspace: [SymmDeviceMemory] Device does not support multicasting.. This is expected on GPUs without NVSwitch (e.g., NVLink bridge-only or PCIe topologies).
(Worker_PP2_TP0 pid=1115783) WARNING 08-22 18:18:39 [flashinfer_all_reduce.py:78] Failed to initialize FlashInfer All Reduce workspace: [SymmDeviceMemory] Device does not support multicasting.. This is expected on GPUs without NVSwitch (e.g., NVLink bridge-only or PCIe topologies).
(Worker_PP2_TP0 pid=1115783) WARNING 08-22 18:18:39 [flashinfer_all_reduce.py:78] Failed to initialize FlashInfer All Reduce workspace: [SymmDeviceMemory] Device does not support multicasting.. This is expected on GPUs without NVSwitch (e.g., NVLink bridge-only or PCIe topologies).
(Worker_PP2_TP0 pid=1115783) [k3t r?] step=15 tok=1 step=138.79ms | KDA: n=22 attn=27.7ms mlp=64.7ms other=0.5ms tot=93.0ms | full: n=9 attn=19.2ms mlp=26.3ms other=0.2ms tot=45.7ms | ALL: attn=46.9ms mlp=91.0ms model=138.8ms
(Worker_PP2_TP2 pid=1115785) [k3t r?] step=15 tok=1 step=138.79ms | KDA: n=22 attn=27.7ms mlp=64.7ms other=0.6ms tot=93.0ms | full: n=9 attn=19.2ms mlp=26.2ms other=0.2ms tot=45.7ms | ALL: attn=46.9ms mlp=91.0ms model=138.8ms
(Worker_PP2_TP1 pid=1115784) [k3t r?] step=15 tok=1 step=138.79ms | KDA: n=22 attn=27.7ms mlp=64.7ms other=0.6ms tot=93.0ms | full: n=9 attn=19.2ms mlp=26.2ms other=0.2ms tot=45.7ms | ALL: attn=47.0ms mlp=91.0ms model=138.8ms
(Worker_PP2_TP5 pid=1115788) [k3t r?] step=15 tok=1 step=138.79ms | KDA: n=22 attn=27.7ms mlp=64.7ms other=0.6ms tot=93.0ms | full: n=9 attn=19.2ms mlp=26.2ms other=0.2ms tot=45.7ms | ALL: attn=46.9ms mlp=91.0ms model=138.8ms
(Worker_PP2_TP3 pid=1115786) [k3t r?] step=15 tok=1 step=138.79ms | KDA: n=22 attn=27.7ms mlp=64.7ms other=0.6ms tot=93.0ms | full: n=9 attn=19.2ms mlp=26.2ms other=0.2ms tot=45.7ms | ALL: attn=46.9ms mlp=91.0ms model=138.8ms
(Worker_PP2_TP7 pid=1115790) [k3t r?] step=15 tok=1 step=138.80ms | KDA: n=22 attn=27.7ms mlp=64.7ms other=0.6ms tot=93.0ms | full: n=9 attn=19.2ms mlp=26.2ms other=0.2ms tot=45.7ms | ALL: attn=46.9ms mlp=91.0ms model=138.8ms
(Worker_PP2_TP6 pid=1115789) [k3t r?] step=15 tok=1 step=139.50ms | KDA: n=22 attn=15.2ms mlp=63.4ms other=12.5ms tot=91.1ms | full: n=9 attn=14.0ms mlp=25.8ms other=5.2ms tot=45.1ms | ALL: attn=29.2ms mlp=89.2ms model=139.5ms
(Worker_PP2_TP4 pid=1115787) [k3t r?] step=15 tok=1 step=139.50ms | KDA: n=22 attn=15.2ms mlp=63.4ms other=12.5ms tot=91.1ms | full: n=9 attn=14.0ms mlp=25.8ms other=5.2ms tot=45.1ms | ALL: attn=29.2ms mlp=89.2ms model=139.5ms
(Worker_PP2_TP3 pid=1115786) [k3t r?] logits=1.5ms step_tot=141.6ms
(Worker_PP2_TP7 pid=1115790) [k3t r?] logits=1.5ms step_tot=141.6ms
(Worker_PP2_TP1 pid=1115784) [k3t r?] logits=1.6ms step_tot=141.6ms
(Worker_PP2_TP5 pid=1115788) [k3t r?] logits=1.5ms step_tot=141.6ms
(Worker_PP2_TP2 pid=1115785) [k3t r?] logits=1.6ms step_tot=141.6ms
(Worker_PP2_TP0 pid=1115783) [k3t r?] logits=1.6ms step_tot=141.6ms
(Worker_PP2_TP4 pid=1115787) [k3t r?] logits=0.6ms step_tot=141.7ms
(Worker_PP2_TP6 pid=1115789) [k3t r?] logits=0.6ms step_tot=141.7ms
(Worker_PP2_TP0 pid=1115783) WARNING 08-22 18:18:39 [flashinfer_all_reduce.py:78] Failed to initialize FlashInfer All Reduce workspace: [SymmDeviceMemory] Device does not support multicasting.. This is expected on GPUs without NVSwitch (e.g., NVLink bridge-only or PCIe topologies).
(Worker_PP2_TP0 pid=1115783) WARNING 08-22 18:18:39 [flashinfer_all_reduce.py:78] Failed to initialize FlashInfer All Reduce workspace: [SymmDeviceMemory] Device does not support multicasting.. This is expected on GPUs without NVSwitch (e.g., NVLink bridge-only or PCIe topologies).
(Worker_PP2_TP0 pid=1115783) WARNING 08-22 18:18:39 [flashinfer_all_reduce.py:78] Failed to initialize FlashInfer All Reduce workspace: [SymmDeviceMemory] Device does not support multicasting.. This is expected on GPUs without NVSwitch (e.g., NVLink bridge-only or PCIe topologies).
(Worker_PP2_TP0 pid=1115783) WARNING 08-22 18:18:39 [flashinfer_all_reduce.py:78] Failed to initialize FlashInfer All Reduce workspace: [SymmDeviceMemory] Device does not support multicasting.. This is expected on GPUs without NVSwitch (e.g., NVLink bridge-only or PCIe topologies).
(Worker_PP2_TP0 pid=1115783) WARNING 08-22 18:18:39 [flashinfer_all_reduce.py:78] Failed to initialize FlashInfer All Reduce workspace: [SymmDeviceMemory] Device does not support multicasting.. This is expected on GPUs without NVSwitch (e.g., NVLink bridge-only or PCIe topologies).
(Worker_PP2_TP0 pid=1115783) WARNING 08-22 18:18:39 [flashinfer_all_reduce.py:78] Failed to initialize FlashInfer All Reduce workspace: [SymmDeviceMemory] Device does not support multicasting.. This is expected on GPUs without NVSwitch (e.g., NVLink bridge-only or PCIe topologies).
(Worker_PP2_TP0 pid=1115783) WARNING 08-22 18:18:39 [flashinfer_all_reduce.py:78] Failed to initialize FlashInfer All Reduce workspace: [SymmDeviceMemory] Device does not support multicasting.. This is expected on GPUs without NVSwitch (e.g., NVLink bridge-only or PCIe topologies).
(Worker_PP2_TP0 pid=1115783) WARNING 08-22 18:18:39 [flashinfer_all_reduce.py:78] Failed to initialize FlashInfer All Reduce workspace: [SymmDeviceMemory] Device does not support multicasting.. This is expected on GPUs without NVSwitch (e.g., NVLink bridge-only or PCIe topologies).
(Worker_PP2_TP0 pid=1115783) WARNING 08-22 18:18:39 [flashinfer_all_reduce.py:78] Failed to initialize FlashInfer All Reduce workspace: [SymmDeviceMemory] Device does not support multicasting.. This is expected on GPUs without NVSwitch (e.g., NVLink bridge-only or PCIe topologies).
(Worker_PP2_TP0 pid=1115783) WARNING 08-22 18:18:39 [flashinfer_all_reduce.py:78] Failed to initialize FlashInfer All Reduce workspace: [SymmDeviceMemory] Device does not support multicasting.. This is expected on GPUs without NVSwitch (e.g., NVLink bridge-only or PCIe topologies).
(Worker_PP2_TP0 pid=1115783) WARNING 08-22 18:18:39 [flashinfer_all_reduce.py:78] Failed to initialize FlashInfer All Reduce workspace: [SymmDeviceMemory] Device does not support multicasting.. This is expected on GPUs without NVSwitch (e.g., NVLink bridge-only or PCIe topologies).
(Worker_PP2_TP0 pid=1115783) WARNING 08-22 18:18:39 [flashinfer_all_reduce.py:78] Failed to initialize FlashInfer All Reduce workspace: [SymmDeviceMemory] Device does not support multicasting.. This is expected on GPUs without NVSwitch (e.g., NVLink bridge-only or PCIe topologies).
(Worker_PP2_TP0 pid=1115783) WARNING 08-22 18:18:39 [flashinfer_all_reduce.py:78] Failed to initialize FlashInfer All Reduce workspace: [SymmDeviceMemory] Device does not support multicasting.. This is expected on GPUs without NVSwitch (e.g., NVLink bridge-only or PCIe topologies).
(Worker_PP2_TP0 pid=1115783) WARNING 08-22 18:18:39 [flashinfer_all_reduce.py:78] Failed to initialize FlashInfer All Reduce workspace: [SymmDeviceMemory] Device does not support multicasting.. This is expected on GPUs without NVSwitch (e.g., NVLink bridge-only or PCIe topologies).
(Worker_PP2_TP0 pid=1115783) WARNING 08-22 18:18:39 [flashinfer_all_reduce.py:78] Failed to initialize FlashInfer All Reduce workspace: [SymmDeviceMemory] Device does not support multicasting.. This is expected on GPUs without NVSwitch (e.g., NVLink bridge-only or PCIe topologies).
(Worker_PP2_TP0 pid=1115783) WARNING 08-22 18:18:39 [flashinfer_all_reduce.py:78] Failed to initialize FlashInfer All Reduce workspace: [SymmDeviceMemory] Device does not support multicasting.. This is expected on GPUs without NVSwitch (e.g., NVLink bridge-only or PCIe topologies).
(Worker_PP2_TP0 pid=1115783) WARNING 08-22 18:18:39 [flashinfer_all_reduce.py:78] Failed to initialize FlashInfer All Reduce workspace: [SymmDeviceMemory] Device does not support multicasting.. This is expected on GPUs without NVSwitch (e.g., NVLink bridge-only or PCIe topologies).
(Worker_PP2_TP0 pid=1115783) WARNING 08-22 18:18:39 [flashinfer_all_reduce.py:78] Failed to initialize FlashInfer All Reduce workspace: [SymmDeviceMemory] Device does not support multicasting.. This is expected on GPUs without NVSwitch (e.g., NVLink bridge-only or PCIe topologies).
(Worker_PP2_TP0 pid=1115783) WARNING 08-22 18:18:39 [flashinfer_all_reduce.py:78] Failed to initialize FlashInfer All Reduce workspace: [SymmDeviceMemory] Device does not support multicasting.. This is expected on GPUs without NVSwitch (e.g., NVLink bridge-only or PCIe topologies).
(Worker_PP2_TP0 pid=1115783) WARNING 08-22 18:18:39 [flashinfer_all_reduce.py:78] Failed to initialize FlashInfer All Reduce workspace: [SymmDeviceMemory] Device does not support multicasting.. This is expected on GPUs without NVSwitch (e.g., NVLink bridge-only or PCIe topologies).
(Worker_PP2_TP0 pid=1115783) WARNING 08-22 18:18:39 [flashinfer_all_reduce.py:78] Failed to initialize FlashInfer All Reduce workspace: [SymmDeviceMemory] Device does not support multicasting.. This is expected on GPUs without NVSwitch (e.g., NVLink bridge-only or PCIe topologies).
(Worker_PP2_TP0 pid=1115783) WARNING 08-22 18:18:39 [flashinfer_all_reduce.py:78] Failed to initialize FlashInfer All Reduce workspace: [SymmDeviceMemory] Device does not support multicasting.. This is expected on GPUs without NVSwitch (e.g., NVLink bridge-only or PCIe topologies).
(Worker_PP2_TP0 pid=1115783) WARNING 08-22 18:18:39 [flashinfer_all_reduce.py:78] Failed to initialize FlashInfer All Reduce workspace: [SymmDeviceMemory] Device does not support multicasting.. This is expected on GPUs without NVSwitch (e.g., NVLink bridge-only or PCIe topologies).
(Worker_PP2_TP0 pid=1115783) WARNING 08-22 18:18:39 [flashinfer_all_reduce.py:78] Failed to initialize FlashInfer All Reduce workspace: [SymmDeviceMemory] Device does not support multicasting.. This is expected on GPUs without NVSwitch (e.g., NVLink bridge-only or PCIe topologies).
(Worker_PP2_TP0 pid=1115783) WARNING 08-22 18:18:39 [flashinfer_all_reduce.py:78] Failed to initialize FlashInfer All Reduce workspace: [SymmDeviceMemory] Device does not support multicasting.. This is expected on GPUs without NVSwitch (e.g., NVLink bridge-only or PCIe topologies).
(Worker_PP2_TP0 pid=1115783) WARNING 08-22 18:18:39 [flashinfer_all_reduce.py:78] Failed to initialize FlashInfer All Reduce workspace: [SymmDeviceMemory] Device does not support multicasting.. This is expected on GPUs without NVSwitch (e.g., NVLink bridge-only or PCIe topologies).
(Worker_PP2_TP0 pid=1115783) WARNING 08-22 18:18:39 [flashinfer_all_reduce.py:78] Failed to initialize FlashInfer All Reduce workspace: [SymmDeviceMemory] Device does not support multicasting.. This is expected on GPUs without NVSwitch (e.g., NVLink bridge-only or PCIe topologies).
(Worker_PP2_TP0 pid=1115783) WARNING 08-22 18:18:39 [flashinfer_all_reduce.py:78] Failed to initialize FlashInfer All Reduce workspace: [SymmDeviceMemory] Device does not support multicasting.. This is expected on GPUs without NVSwitch (e.g., NVLink bridge-only or PCIe topologies).
(Worker_PP2_TP0 pid=1115783) WARNING 08-22 18:18:39 [flashinfer_all_reduce.py:78] Failed to initialize FlashInfer All Reduce workspace: [SymmDeviceMemory] Device does not support multicasting.. This is expected on GPUs without NVSwitch (e.g., NVLink bridge-only or PCIe topologies).
(Worker_PP2_TP0 pid=1115783) WARNING 08-22 18:18:39 [flashinfer_all_reduce.py:78] Failed to initialize FlashInfer All Reduce workspace: [SymmDeviceMemory] Device does not support multicasting.. This is expected on GPUs without NVSwitch (e.g., NVLink bridge-only or PCIe topologies).
(Worker_PP2_TP0 pid=1115783) WARNING 08-22 18:18:39 [flashinfer_all_reduce.py:78] Failed to initialize FlashInfer All Reduce workspace: [SymmDeviceMemory] Device does not support multicasting.. This is expected on GPUs without NVSwitch (e.g., NVLink bridge-only or PCIe topologies).
(Worker_PP2_TP0 pid=1115783) [k3t r?] step=16 tok=1 step=146.96ms | KDA: n=22 attn=28.0ms mlp=71.2ms other=0.5ms tot=99.8ms | full: n=9 attn=20.0ms mlp=26.8ms other=0.2ms tot=47.1ms | ALL: attn=48.1ms mlp=98.0ms model=147.0ms
(Worker_PP2_TP1 pid=1115784) [k3t r?] step=16 tok=1 step=146.96ms | KDA: n=22 attn=28.0ms mlp=71.2ms other=0.6ms tot=99.8ms | full: n=9 attn=20.0ms mlp=26.8ms other=0.2ms tot=47.1ms | ALL: attn=48.0ms mlp=98.0ms model=147.0ms
(Worker_PP2_TP5 pid=1115788) [k3t r?] step=16 tok=1 step=146.96ms | KDA: n=22 attn=28.0ms mlp=71.2ms other=0.5ms tot=99.8ms | full: n=9 attn=20.0ms mlp=26.8ms other=0.2ms tot=47.1ms | ALL: attn=48.1ms mlp=98.0ms model=147.0ms
(Worker_PP2_TP7 pid=1115790) [k3t r?] step=16 tok=1 step=146.96ms | KDA: n=22 attn=28.0ms mlp=71.2ms other=0.6ms tot=99.8ms | full: n=9 attn=20.0ms mlp=26.8ms other=0.2ms tot=47.1ms | ALL: attn=48.0ms mlp=98.0ms model=147.0ms
(Worker_PP2_TP2 pid=1115785) [k3t r?] step=16 tok=1 step=146.95ms | KDA: n=22 attn=28.0ms mlp=71.2ms other=0.6ms tot=99.8ms | full: n=9 attn=20.0ms mlp=26.8ms other=0.2ms tot=47.1ms | ALL: attn=48.0ms mlp=98.0ms model=147.0ms
(Worker_PP2_TP3 pid=1115786) [k3t r?] step=16 tok=1 step=146.96ms | KDA: n=22 attn=28.0ms mlp=71.2ms other=0.5ms tot=99.8ms | full: n=9 attn=20.0ms mlp=26.8ms other=0.2ms tot=47.1ms | ALL: attn=48.0ms mlp=98.1ms model=147.0ms
(Worker_PP2_TP4 pid=1115787) [k3t r?] step=16 tok=1 step=146.96ms | KDA: n=22 attn=27.3ms mlp=71.3ms other=1.1ms tot=99.7ms | full: n=9 attn=20.0ms mlp=26.8ms other=0.2ms tot=47.1ms | ALL: attn=47.3ms mlp=98.1ms model=147.0ms
(Worker_PP2_TP6 pid=1115789) [k3t r?] step=16 tok=1 step=147.53ms | KDA: n=22 attn=15.5ms mlp=70.1ms other=12.5ms tot=98.2ms | full: n=9 attn=14.5ms mlp=26.0ms other=5.7ms tot=46.2ms | ALL: attn=30.0ms mlp=96.1ms model=147.5ms
(Worker_PP2_TP1 pid=1115784) [k3t r?] logits=1.7ms step_tot=149.9ms
(Worker_PP2_TP2 pid=1115785) [k3t r?] logits=1.7ms step_tot=149.9ms
(Worker_PP2_TP7 pid=1115790) [k3t r?] logits=1.7ms step_tot=149.9ms
(Worker_PP2_TP3 pid=1115786) [k3t r?] logits=1.7ms step_tot=149.9ms
(Worker_PP2_TP0 pid=1115783) [k3t r?] logits=1.7ms step_tot=149.9ms
(Worker_PP2_TP5 pid=1115788) [k3t r?] logits=1.7ms step_tot=149.9ms
(Worker_PP2_TP4 pid=1115787) [k3t r?] logits=1.2ms step_tot=150.0ms
(Worker_PP2_TP6 pid=1115789) [k3t r?] logits=0.7ms step_tot=150.0ms
(Worker_PP2_TP0 pid=1115783) WARNING 08-22 18:18:39 [flashinfer_all_reduce.py:78] Failed to initialize FlashInfer All Reduce workspace: [SymmDeviceMemory] Device does not support multicasting.. This is expected on GPUs without NVSwitch (e.g., NVLink bridge-only or PCIe topologies).
(Worker_PP2_TP0 pid=1115783) WARNING 08-22 18:18:39 [flashinfer_all_reduce.py:78] Failed to initialize FlashInfer All Reduce workspace: [SymmDeviceMemory] Device does not support multicasting.. This is expected on GPUs without NVSwitch (e.g., NVLink bridge-only or PCIe topologies).
(Worker_PP2_TP0 pid=1115783) WARNING 08-22 18:18:39 [flashinfer_all_reduce.py:78] Failed to initialize FlashInfer All Reduce workspace: [SymmDeviceMemory] Device does not support multicasting.. This is expected on GPUs without NVSwitch (e.g., NVLink bridge-only or PCIe topologies).
(Worker_PP2_TP0 pid=1115783) WARNING 08-22 18:18:39 [flashinfer_all_reduce.py:78] Failed to initialize FlashInfer All Reduce workspace: [SymmDeviceMemory] Device does not support multicasting.. This is expected on GPUs without NVSwitch (e.g., NVLink bridge-only or PCIe topologies).
(Worker_PP2_TP0 pid=1115783) WARNING 08-22 18:18:39 [flashinfer_all_reduce.py:78] Failed to initialize FlashInfer All Reduce workspace: [SymmDeviceMemory] Device does not support multicasting.. This is expected on GPUs without NVSwitch (e.g., NVLink bridge-only or PCIe topologies).
(Worker_PP2_TP0 pid=1115783) WARNING 08-22 18:18:39 [flashinfer_all_reduce.py:78] Failed to initialize FlashInfer All Reduce workspace: [SymmDeviceMemory] Device does not support multicasting.. This is expected on GPUs without NVSwitch (e.g., NVLink bridge-only or PCIe topologies).
(Worker_PP2_TP0 pid=1115783) WARNING 08-22 18:18:39 [flashinfer_all_reduce.py:78] Failed to initialize FlashInfer All Reduce workspace: [SymmDeviceMemory] Device does not support multicasting.. This is expected on GPUs without NVSwitch (e.g., NVLink bridge-only or PCIe topologies).
(Worker_PP2_TP0 pid=1115783) WARNING 08-22 18:18:39 [flashinfer_all_reduce.py:78] Failed to initialize FlashInfer All Reduce workspace: [SymmDeviceMemory] Device does not support multicasting.. This is expected on GPUs without NVSwitch (e.g., NVLink bridge-only or PCIe topologies).
(Worker_PP2_TP0 pid=1115783) WARNING 08-22 18:18:39 [flashinfer_all_reduce.py:78] Failed to initialize FlashInfer All Reduce workspace: [SymmDeviceMemory] Device does not support multicasting.. This is expected on GPUs without NVSwitch (e.g., NVLink bridge-only or PCIe topologies).
(Worker_PP2_TP0 pid=1115783) WARNING 08-22 18:18:40 [flashinfer_all_reduce.py:78] Failed to initialize FlashInfer All Reduce workspace: [SymmDeviceMemory] Device does not support multicasting.. This is expected on GPUs without NVSwitch (e.g., NVLink bridge-only or PCIe topologies).
(Worker_PP2_TP0 pid=1115783) WARNING 08-22 18:18:40 [flashinfer_all_reduce.py:78] Failed to initialize FlashInfer All Reduce workspace: [SymmDeviceMemory] Device does not support multicasting.. This is expected on GPUs without NVSwitch (e.g., NVLink bridge-only or PCIe topologies).
(Worker_PP2_TP0 pid=1115783) WARNING 08-22 18:18:40 [flashinfer_all_reduce.py:78] Failed to initialize FlashInfer All Reduce workspace: [SymmDeviceMemory] Device does not support multicasting.. This is expected on GPUs without NVSwitch (e.g., NVLink bridge-only or PCIe topologies).
(Worker_PP2_TP0 pid=1115783) WARNING 08-22 18:18:40 [flashinfer_all_reduce.py:78] Failed to initialize FlashInfer All Reduce workspace: [SymmDeviceMemory] Device does not support multicasting.. This is expected on GPUs without NVSwitch (e.g., NVLink bridge-only or PCIe topologies).
(Worker_PP2_TP0 pid=1115783) WARNING 08-22 18:18:40 [flashinfer_all_reduce.py:78] Failed to initialize FlashInfer All Reduce workspace: [SymmDeviceMemory] Device does not support multicasting.. This is expected on GPUs without NVSwitch (e.g., NVLink bridge-only or PCIe topologies).
(Worker_PP2_TP0 pid=1115783) WARNING 08-22 18:18:40 [flashinfer_all_reduce.py:78] Failed to initialize FlashInfer All Reduce workspace: [SymmDeviceMemory] Device does not support multicasting.. This is expected on GPUs without NVSwitch (e.g., NVLink bridge-only or PCIe topologies).
(Worker_PP2_TP0 pid=1115783) WARNING 08-22 18:18:40 [flashinfer_all_reduce.py:78] Failed to initialize FlashInfer All Reduce workspace: [SymmDeviceMemory] Device does not support multicasting.. This is expected on GPUs without NVSwitch (e.g., NVLink bridge-only or PCIe topologies).
(Worker_PP2_TP0 pid=1115783) WARNING 08-22 18:18:40 [flashinfer_all_reduce.py:78] Failed to initialize FlashInfer All Reduce workspace: [SymmDeviceMemory] Device does not support multicasting.. This is expected on GPUs without NVSwitch (e.g., NVLink bridge-only or PCIe topologies).
(Worker_PP2_TP0 pid=1115783) WARNING 08-22 18:18:40 [flashinfer_all_reduce.py:78] Failed to initialize FlashInfer All Reduce workspace: [SymmDeviceMemory] Device does not support multicasting.. This is expected on GPUs without NVSwitch (e.g., NVLink bridge-only or PCIe topologies).
(Worker_PP2_TP0 pid=1115783) WARNING 08-22 18:18:40 [flashinfer_all_reduce.py:78] Failed to initialize FlashInfer All Reduce workspace: [SymmDeviceMemory] Device does not support multicasting.. This is expected on GPUs without NVSwitch (e.g., NVLink bridge-only or PCIe topologies).
(Worker_PP2_TP0 pid=1115783) WARNING 08-22 18:18:40 [flashinfer_all_reduce.py:78] Failed to initialize FlashInfer All Reduce workspace: [SymmDeviceMemory] Device does not support multicasting.. This is expected on GPUs without NVSwitch (e.g., NVLink bridge-only or PCIe topologies).
(Worker_PP2_TP0 pid=1115783) WARNING 08-22 18:18:40 [flashinfer_all_reduce.py:78] Failed to initialize FlashInfer All Reduce workspace: [SymmDeviceMemory] Device does not support multicasting.. This is expected on GPUs without NVSwitch (e.g., NVLink bridge-only or PCIe topologies).
(Worker_PP2_TP0 pid=1115783) WARNING 08-22 18:18:40 [flashinfer_all_reduce.py:78] Failed to initialize FlashInfer All Reduce workspace: [SymmDeviceMemory] Device does not support multicasting.. This is expected on GPUs without NVSwitch (e.g., NVLink bridge-only or PCIe topologies).
(Worker_PP2_TP0 pid=1115783) WARNING 08-22 18:18:40 [flashinfer_all_reduce.py:78] Failed to initialize FlashInfer All Reduce workspace: [SymmDeviceMemory] Device does not support multicasting.. This is expected on GPUs without NVSwitch (e.g., NVLink bridge-only or PCIe topologies).
(Worker_PP2_TP0 pid=1115783) WARNING 08-22 18:18:40 [flashinfer_all_reduce.py:78] Failed to initialize FlashInfer All Reduce workspace: [SymmDeviceMemory] Device does not support multicasting.. This is expected on GPUs without NVSwitch (e.g., NVLink bridge-only or PCIe topologies).
(Worker_PP2_TP0 pid=1115783) WARNING 08-22 18:18:40 [flashinfer_all_reduce.py:78] Failed to initialize FlashInfer All Reduce workspace: [SymmDeviceMemory] Device does not support multicasting.. This is expected on GPUs without NVSwitch (e.g., NVLink bridge-only or PCIe topologies).
(Worker_PP2_TP0 pid=1115783) WARNING 08-22 18:18:40 [flashinfer_all_reduce.py:78] Failed to initialize FlashInfer All Reduce workspace: [SymmDeviceMemory] Device does not support multicasting.. This is expected on GPUs without NVSwitch (e.g., NVLink bridge-only or PCIe topologies).
(Worker_PP2_TP0 pid=1115783) WARNING 08-22 18:18:40 [flashinfer_all_reduce.py:78] Failed to initialize FlashInfer All Reduce workspace: [SymmDeviceMemory] Device does not support multicasting.. This is expected on GPUs without NVSwitch (e.g., NVLink bridge-only or PCIe topologies).
(Worker_PP2_TP0 pid=1115783) WARNING 08-22 18:18:40 [flashinfer_all_reduce.py:78] Failed to initialize FlashInfer All Reduce workspace: [SymmDeviceMemory] Device does not support multicasting.. This is expected on GPUs without NVSwitch (e.g., NVLink bridge-only or PCIe topologies).
(Worker_PP2_TP0 pid=1115783) WARNING 08-22 18:18:40 [flashinfer_all_reduce.py:78] Failed to initialize FlashInfer All Reduce workspace: [SymmDeviceMemory] Device does not support multicasting.. This is expected on GPUs without NVSwitch (e.g., NVLink bridge-only or PCIe topologies).
(Worker_PP2_TP0 pid=1115783) WARNING 08-22 18:18:40 [flashinfer_all_reduce.py:78] Failed to initialize FlashInfer All Reduce workspace: [SymmDeviceMemory] Device does not support multicasting.. This is expected on GPUs without NVSwitch (e.g., NVLink bridge-only or PCIe topologies).
(Worker_PP2_TP0 pid=1115783) WARNING 08-22 18:18:40 [flashinfer_all_reduce.py:78] Failed to initialize FlashInfer All Reduce workspace: [SymmDeviceMemory] Device does not support multicasting.. This is expected on GPUs without NVSwitch (e.g., NVLink bridge-only or PCIe topologies).
(Worker_PP2_TP0 pid=1115783) [k3t r?] step=17 tok=1 step=139.03ms | KDA: n=22 attn=27.3ms mlp=65.0ms other=0.6ms tot=92.9ms | full: n=9 attn=19.3ms mlp=26.5ms other=0.2ms tot=46.1ms | ALL: attn=46.7ms mlp=91.5ms model=139.0ms
(Worker_PP2_TP1 pid=1115784) [k3t r?] step=17 tok=1 step=139.03ms | KDA: n=22 attn=27.3ms mlp=65.0ms other=0.6ms tot=92.9ms | full: n=9 attn=19.3ms mlp=26.5ms other=0.2ms tot=46.1ms | ALL: attn=46.7ms mlp=91.5ms model=139.0ms
(Worker_PP2_TP2 pid=1115785) [k3t r?] step=17 tok=1 step=139.03ms | KDA: n=22 attn=27.3ms mlp=65.0ms other=0.6ms tot=92.9ms | full: n=9 attn=19.3ms mlp=26.5ms other=0.2ms tot=46.1ms | ALL: attn=46.7ms mlp=91.5ms model=139.0ms
(Worker_PP2_TP3 pid=1115786) [k3t r?] step=17 tok=1 step=139.03ms | KDA: n=22 attn=27.3ms mlp=65.0ms other=0.6ms tot=92.9ms | full: n=9 attn=19.3ms mlp=26.5ms other=0.2ms tot=46.1ms | ALL: attn=46.7ms mlp=91.5ms model=139.0ms
(Worker_PP2_TP7 pid=1115790) [k3t r?] step=17 tok=1 step=139.03ms | KDA: n=22 attn=27.3ms mlp=65.0ms other=0.6ms tot=92.9ms | full: n=9 attn=19.3ms mlp=26.5ms other=0.2ms tot=46.0ms | ALL: attn=46.7ms mlp=91.5ms model=139.0ms
(Worker_PP2_TP5 pid=1115788) [k3t r?] step=17 tok=1 step=139.03ms | KDA: n=22 attn=27.4ms mlp=65.0ms other=0.5ms tot=92.9ms | full: n=9 attn=19.3ms mlp=26.5ms other=0.2ms tot=46.1ms | ALL: attn=46.7ms mlp=91.5ms model=139.0ms
(Worker_PP2_TP4 pid=1115787) [k3t r?] step=17 tok=1 step=139.74ms | KDA: n=22 attn=15.2ms mlp=63.6ms other=12.8ms tot=91.6ms | full: n=9 attn=14.1ms mlp=25.7ms other=5.2ms tot=44.9ms | ALL: attn=29.3ms mlp=89.2ms model=139.7ms
(Worker_PP2_TP6 pid=1115789) [k3t r?] step=17 tok=1 step=139.74ms | KDA: n=22 attn=15.3ms mlp=63.6ms other=12.7ms tot=91.5ms | full: n=9 attn=14.1ms mlp=25.7ms other=5.2ms tot=44.9ms | ALL: attn=29.3ms mlp=89.3ms model=139.7ms
(Worker_PP2_TP5 pid=1115788) [k3t r?] logits=1.5ms step_tot=141.8ms
(Worker_PP2_TP3 pid=1115786) [k3t r?] logits=1.5ms step_tot=141.8ms
(Worker_PP2_TP0 pid=1115783) [k3t r?] logits=1.6ms step_tot=141.8ms
(Worker_PP2_TP1 pid=1115784) [k3t r?] logits=1.6ms step_tot=141.8ms
(Worker_PP2_TP2 pid=1115785) [k3t r?] logits=1.5ms step_tot=141.8ms
(Worker_PP2_TP7 pid=1115790) [k3t r?] logits=1.4ms step_tot=141.8ms
(Worker_PP2_TP4 pid=1115787) [k3t r?] logits=0.5ms step_tot=142.0ms
(Worker_PP2_TP6 pid=1115789) [k3t r?] logits=0.5ms step_tot=142.0ms
(Worker_PP2_TP0 pid=1115783) WARNING 08-22 18:18:40 [flashinfer_all_reduce.py:78] Failed to initialize FlashInfer All Reduce workspace: [SymmDeviceMemory] Device does not support multicasting.. This is expected on GPUs without NVSwitch (e.g., NVLink bridge-only or PCIe topologies).
(Worker_PP2_TP0 pid=1115783) WARNING 08-22 18:18:40 [flashinfer_all_reduce.py:78] Failed to initialize FlashInfer All Reduce workspace: [SymmDeviceMemory] Device does not support multicasting.. This is expected on GPUs without NVSwitch (e.g., NVLink bridge-only or PCIe topologies).
(Worker_PP2_TP0 pid=1115783) WARNING 08-22 18:18:40 [flashinfer_all_reduce.py:78] Failed to initialize FlashInfer All Reduce workspace: [SymmDeviceMemory] Device does not support multicasting.. This is expected on GPUs without NVSwitch (e.g., NVLink bridge-only or PCIe topologies).
(Worker_PP2_TP0 pid=1115783) WARNING 08-22 18:18:40 [flashinfer_all_reduce.py:78] Failed to initialize FlashInfer All Reduce workspace: [SymmDeviceMemory] Device does not support multicasting.. This is expected on GPUs without NVSwitch (e.g., NVLink bridge-only or PCIe topologies).
(Worker_PP2_TP0 pid=1115783) WARNING 08-22 18:18:40 [flashinfer_all_reduce.py:78] Failed to initialize FlashInfer All Reduce workspace: [SymmDeviceMemory] Device does not support multicasting.. This is expected on GPUs without NVSwitch (e.g., NVLink bridge-only or PCIe topologies).
(Worker_PP2_TP0 pid=1115783) WARNING 08-22 18:18:40 [flashinfer_all_reduce.py:78] Failed to initialize FlashInfer All Reduce workspace: [SymmDeviceMemory] Device does not support multicasting.. This is expected on GPUs without NVSwitch (e.g., NVLink bridge-only or PCIe topologies).
(Worker_PP2_TP0 pid=1115783) WARNING 08-22 18:18:40 [flashinfer_all_reduce.py:78] Failed to initialize FlashInfer All Reduce workspace: [SymmDeviceMemory] Device does not support multicasting.. This is expected on GPUs without NVSwitch (e.g., NVLink bridge-only or PCIe topologies).
(Worker_PP2_TP0 pid=1115783) WARNING 08-22 18:18:40 [flashinfer_all_reduce.py:78] Failed to initialize FlashInfer All Reduce workspace: [SymmDeviceMemory] Device does not support multicasting.. This is expected on GPUs without NVSwitch (e.g., NVLink bridge-only or PCIe topologies).
(Worker_PP2_TP0 pid=1115783) WARNING 08-22 18:18:40 [flashinfer_all_reduce.py:78] Failed to initialize FlashInfer All Reduce workspace: [SymmDeviceMemory] Device does not support multicasting.. This is expected on GPUs without NVSwitch (e.g., NVLink bridge-only or PCIe topologies).
(Worker_PP2_TP0 pid=1115783) WARNING 08-22 18:18:40 [flashinfer_all_reduce.py:78] Failed to initialize FlashInfer All Reduce workspace: [SymmDeviceMemory] Device does not support multicasting.. This is expected on GPUs without NVSwitch (e.g., NVLink bridge-only or PCIe topologies).
(Worker_PP2_TP0 pid=1115783) WARNING 08-22 18:18:40 [flashinfer_all_reduce.py:78] Failed to initialize FlashInfer All Reduce workspace: [SymmDeviceMemory] Device does not support multicasting.. This is expected on GPUs without NVSwitch (e.g., NVLink bridge-only or PCIe topologies).
(Worker_PP2_TP0 pid=1115783) WARNING 08-22 18:18:40 [flashinfer_all_reduce.py:78] Failed to initialize FlashInfer All Reduce workspace: [SymmDeviceMemory] Device does not support multicasting.. This is expected on GPUs without NVSwitch (e.g., NVLink bridge-only or PCIe topologies).
(Worker_PP2_TP0 pid=1115783) WARNING 08-22 18:18:40 [flashinfer_all_reduce.py:78] Failed to initialize FlashInfer All Reduce workspace: [SymmDeviceMemory] Device does not support multicasting.. This is expected on GPUs without NVSwitch (e.g., NVLink bridge-only or PCIe topologies).
(Worker_PP2_TP0 pid=1115783) WARNING 08-22 18:18:40 [flashinfer_all_reduce.py:78] Failed to initialize FlashInfer All Reduce workspace: [SymmDeviceMemory] Device does not support multicasting.. This is expected on GPUs without NVSwitch (e.g., NVLink bridge-only or PCIe topologies).
(Worker_PP2_TP0 pid=1115783) WARNING 08-22 18:18:40 [flashinfer_all_reduce.py:78] Failed to initialize FlashInfer All Reduce workspace: [SymmDeviceMemory] Device does not support multicasting.. This is expected on GPUs without NVSwitch (e.g., NVLink bridge-only or PCIe topologies).
(Worker_PP2_TP0 pid=1115783) WARNING 08-22 18:18:40 [flashinfer_all_reduce.py:78] Failed to initialize FlashInfer All Reduce workspace: [SymmDeviceMemory] Device does not support multicasting.. This is expected on GPUs without NVSwitch (e.g., NVLink bridge-only or PCIe topologies).
(Worker_PP2_TP0 pid=1115783) WARNING 08-22 18:18:40 [flashinfer_all_reduce.py:78] Failed to initialize FlashInfer All Reduce workspace: [SymmDeviceMemory] Device does not support multicasting.. This is expected on GPUs without NVSwitch (e.g., NVLink bridge-only or PCIe topologies).
(Worker_PP2_TP0 pid=1115783) WARNING 08-22 18:18:40 [flashinfer_all_reduce.py:78] Failed to initialize FlashInfer All Reduce workspace: [SymmDeviceMemory] Device does not support multicasting.. This is expected on GPUs without NVSwitch (e.g., NVLink bridge-only or PCIe topologies).
(Worker_PP2_TP0 pid=1115783) WARNING 08-22 18:18:40 [flashinfer_all_reduce.py:78] Failed to initialize FlashInfer All Reduce workspace: [SymmDeviceMemory] Device does not support multicasting.. This is expected on GPUs without NVSwitch (e.g., NVLink bridge-only or PCIe topologies).
(Worker_PP2_TP0 pid=1115783) WARNING 08-22 18:18:40 [flashinfer_all_reduce.py:78] Failed to initialize FlashInfer All Reduce workspace: [SymmDeviceMemory] Device does not support multicasting.. This is expected on GPUs without NVSwitch (e.g., NVLink bridge-only or PCIe topologies).
(Worker_PP2_TP0 pid=1115783) WARNING 08-22 18:18:40 [flashinfer_all_reduce.py:78] Failed to initialize FlashInfer All Reduce workspace: [SymmDeviceMemory] Device does not support multicasting.. This is expected on GPUs without NVSwitch (e.g., NVLink bridge-only or PCIe topologies).
(Worker_PP2_TP0 pid=1115783) WARNING 08-22 18:18:40 [flashinfer_all_reduce.py:78] Failed to initialize FlashInfer All Reduce workspace: [SymmDeviceMemory] Device does not support multicasting.. This is expected on GPUs without NVSwitch (e.g., NVLink bridge-only or PCIe topologies).
(Worker_PP2_TP0 pid=1115783) WARNING 08-22 18:18:40 [flashinfer_all_reduce.py:78] Failed to initialize FlashInfer All Reduce workspace: [SymmDeviceMemory] Device does not support multicasting.. This is expected on GPUs without NVSwitch (e.g., NVLink bridge-only or PCIe topologies).
(Worker_PP2_TP0 pid=1115783) WARNING 08-22 18:18:40 [flashinfer_all_reduce.py:78] Failed to initialize FlashInfer All Reduce workspace: [SymmDeviceMemory] Device does not support multicasting.. This is expected on GPUs without NVSwitch (e.g., NVLink bridge-only or PCIe topologies).
(Worker_PP2_TP0 pid=1115783) WARNING 08-22 18:18:40 [flashinfer_all_reduce.py:78] Failed to initialize FlashInfer All Reduce workspace: [SymmDeviceMemory] Device does not support multicasting.. This is expected on GPUs without NVSwitch (e.g., NVLink bridge-only or PCIe topologies).
(Worker_PP2_TP0 pid=1115783) WARNING 08-22 18:18:40 [flashinfer_all_reduce.py:78] Failed to initialize FlashInfer All Reduce workspace: [SymmDeviceMemory] Device does not support multicasting.. This is expected on GPUs without NVSwitch (e.g., NVLink bridge-only or PCIe topologies).
(Worker_PP2_TP0 pid=1115783) WARNING 08-22 18:18:40 [flashinfer_all_reduce.py:78] Failed to initialize FlashInfer All Reduce workspace: [SymmDeviceMemory] Device does not support multicasting.. This is expected on GPUs without NVSwitch (e.g., NVLink bridge-only or PCIe topologies).
(Worker_PP2_TP0 pid=1115783) WARNING 08-22 18:18:40 [flashinfer_all_reduce.py:78] Failed to initialize FlashInfer All Reduce workspace: [SymmDeviceMemory] Device does not support multicasting.. This is expected on GPUs without NVSwitch (e.g., NVLink bridge-only or PCIe topologies).
(Worker_PP2_TP0 pid=1115783) WARNING 08-22 18:18:40 [flashinfer_all_reduce.py:78] Failed to initialize FlashInfer All Reduce workspace: [SymmDeviceMemory] Device does not support multicasting.. This is expected on GPUs without NVSwitch (e.g., NVLink bridge-only or PCIe topologies).
(Worker_PP2_TP0 pid=1115783) WARNING 08-22 18:18:40 [flashinfer_all_reduce.py:78] Failed to initialize FlashInfer All Reduce workspace: [SymmDeviceMemory] Device does not support multicasting.. This is expected on GPUs without NVSwitch (e.g., NVLink bridge-only or PCIe topologies).
(Worker_PP2_TP0 pid=1115783) WARNING 08-22 18:18:40 [flashinfer_all_reduce.py:78] Failed to initialize FlashInfer All Reduce workspace: [SymmDeviceMemory] Device does not support multicasting.. This is expected on GPUs without NVSwitch (e.g., NVLink bridge-only or PCIe topologies).
(Worker_PP2_TP0 pid=1115783) [k3t r?] step=18 tok=1 step=138.19ms | KDA: n=22 attn=27.5ms mlp=64.1ms other=0.5ms tot=92.1ms | full: n=9 attn=19.2ms mlp=26.5ms other=0.2ms tot=46.0ms | ALL: attn=46.7ms mlp=90.7ms model=138.2ms
(Worker_PP2_TP2 pid=1115785) [k3t r?] step=18 tok=1 step=138.19ms | KDA: n=22 attn=27.4ms mlp=64.1ms other=0.6ms tot=92.1ms | full: n=9 attn=19.2ms mlp=26.5ms other=0.2ms tot=46.0ms | ALL: attn=46.7ms mlp=90.6ms model=138.2ms
(Worker_PP2_TP1 pid=1115784) [k3t r?] step=18 tok=1 step=138.19ms | KDA: n=22 attn=27.5ms mlp=64.1ms other=0.6ms tot=92.1ms | full: n=9 attn=19.2ms mlp=26.5ms other=0.2ms tot=46.0ms | ALL: attn=46.7ms mlp=90.6ms model=138.2ms
(Worker_PP2_TP5 pid=1115788) [k3t r?] step=18 tok=1 step=138.19ms | KDA: n=22 attn=27.4ms mlp=64.1ms other=0.6ms tot=92.1ms | full: n=9 attn=19.2ms mlp=26.5ms other=0.2ms tot=46.0ms | ALL: attn=46.7ms mlp=90.6ms model=138.2ms
(Worker_PP2_TP3 pid=1115786) [k3t r?] step=18 tok=1 step=138.19ms | KDA: n=22 attn=27.5ms mlp=64.1ms other=0.6ms tot=92.1ms | full: n=9 attn=19.2ms mlp=26.5ms other=0.2ms tot=45.9ms | ALL: attn=46.7ms mlp=90.7ms model=138.2ms
(Worker_PP2_TP7 pid=1115790) [k3t r?] step=18 tok=1 step=138.19ms | KDA: n=22 attn=27.5ms mlp=64.1ms other=0.6ms tot=92.2ms | full: n=9 attn=19.2ms mlp=26.5ms other=0.2ms tot=46.0ms | ALL: attn=46.7ms mlp=90.6ms model=138.2ms
(Worker_PP2_TP4 pid=1115787) [k3t r?] step=18 tok=1 step=138.91ms | KDA: n=22 attn=15.3ms mlp=63.2ms other=12.1ms tot=90.5ms | full: n=9 attn=13.9ms mlp=25.6ms other=5.4ms tot=44.9ms | ALL: attn=29.2ms mlp=88.8ms model=138.9ms
(Worker_PP2_TP6 pid=1115789) [k3t r?] step=18 tok=1 step=138.91ms | KDA: n=22 attn=15.3ms mlp=63.2ms other=12.0ms tot=90.5ms | full: n=9 attn=13.9ms mlp=25.6ms other=5.4ms tot=44.9ms | ALL: attn=29.2ms mlp=88.9ms model=138.9ms
(Worker_PP2_TP7 pid=1115790) [k3t r?] logits=1.6ms step_tot=141.0ms
(Worker_PP2_TP5 pid=1115788) [k3t r?] logits=1.6ms step_tot=141.0ms
(Worker_PP2_TP0 pid=1115783) [k3t r?] logits=1.6ms step_tot=141.0ms
(Worker_PP2_TP1 pid=1115784) [k3t r?] logits=1.6ms step_tot=141.0ms
(Worker_PP2_TP3 pid=1115786) [k3t r?] logits=1.6ms step_tot=141.0ms
(Worker_PP2_TP2 pid=1115785) [k3t r?] logits=1.6ms step_tot=141.0ms
(Worker_PP2_TP4 pid=1115787) [k3t r?] logits=0.6ms step_tot=141.1ms
(Worker_PP2_TP6 pid=1115789) [k3t r?] logits=0.6ms step_tot=141.1ms
(Worker_PP2_TP0 pid=1115783) WARNING 08-22 18:18:40 [flashinfer_all_reduce.py:78] Failed to initialize FlashInfer All Reduce workspace: [SymmDeviceMemory] Device does not support multicasting.. This is expected on GPUs without NVSwitch (e.g., NVLink bridge-only or PCIe topologies).
(Worker_PP2_TP0 pid=1115783) WARNING 08-22 18:18:40 [flashinfer_all_reduce.py:78] Failed to initialize FlashInfer All Reduce workspace: [SymmDeviceMemory] Device does not support multicasting.. This is expected on GPUs without NVSwitch (e.g., NVLink bridge-only or PCIe topologies).
(Worker_PP2_TP0 pid=1115783) WARNING 08-22 18:18:40 [flashinfer_all_reduce.py:78] Failed to initialize FlashInfer All Reduce workspace: [SymmDeviceMemory] Device does not support multicasting.. This is expected on GPUs without NVSwitch (e.g., NVLink bridge-only or PCIe topologies).
(Worker_PP2_TP0 pid=1115783) WARNING 08-22 18:18:40 [flashinfer_all_reduce.py:78] Failed to initialize FlashInfer All Reduce workspace: [SymmDeviceMemory] Device does not support multicasting.. This is expected on GPUs without NVSwitch (e.g., NVLink bridge-only or PCIe topologies).
(Worker_PP2_TP0 pid=1115783) WARNING 08-22 18:18:40 [flashinfer_all_reduce.py:78] Failed to initialize FlashInfer All Reduce workspace: [SymmDeviceMemory] Device does not support multicasting.. This is expected on GPUs without NVSwitch (e.g., NVLink bridge-only or PCIe topologies).
(Worker_PP2_TP0 pid=1115783) WARNING 08-22 18:18:40 [flashinfer_all_reduce.py:78] Failed to initialize FlashInfer All Reduce workspace: [SymmDeviceMemory] Device does not support multicasting.. This is expected on GPUs without NVSwitch (e.g., NVLink bridge-only or PCIe topologies).
(Worker_PP2_TP0 pid=1115783) WARNING 08-22 18:18:40 [flashinfer_all_reduce.py:78] Failed to initialize FlashInfer All Reduce workspace: [SymmDeviceMemory] Device does not support multicasting.. This is expected on GPUs without NVSwitch (e.g., NVLink bridge-only or PCIe topologies).
(Worker_PP2_TP0 pid=1115783) WARNING 08-22 18:18:40 [flashinfer_all_reduce.py:78] Failed to initialize FlashInfer All Reduce workspace: [SymmDeviceMemory] Device does not support multicasting.. This is expected on GPUs without NVSwitch (e.g., NVLink bridge-only or PCIe topologies).
(Worker_PP2_TP0 pid=1115783) WARNING 08-22 18:18:40 [flashinfer_all_reduce.py:78] Failed to initialize FlashInfer All Reduce workspace: [SymmDeviceMemory] Device does not support multicasting.. This is expected on GPUs without NVSwitch (e.g., NVLink bridge-only or PCIe topologies).
(Worker_PP2_TP0 pid=1115783) WARNING 08-22 18:18:40 [flashinfer_all_reduce.py:78] Failed to initialize FlashInfer All Reduce workspace: [SymmDeviceMemory] Device does not support multicasting.. This is expected on GPUs without NVSwitch (e.g., NVLink bridge-only or PCIe topologies).
(Worker_PP2_TP0 pid=1115783) WARNING 08-22 18:18:40 [flashinfer_all_reduce.py:78] Failed to initialize FlashInfer All Reduce workspace: [SymmDeviceMemory] Device does not support multicasting.. This is expected on GPUs without NVSwitch (e.g., NVLink bridge-only or PCIe topologies).
(Worker_PP2_TP0 pid=1115783) WARNING 08-22 18:18:40 [flashinfer_all_reduce.py:78] Failed to initialize FlashInfer All Reduce workspace: [SymmDeviceMemory] Device does not support multicasting.. This is expected on GPUs without NVSwitch (e.g., NVLink bridge-only or PCIe topologies).
(Worker_PP2_TP0 pid=1115783) WARNING 08-22 18:18:40 [flashinfer_all_reduce.py:78] Failed to initialize FlashInfer All Reduce workspace: [SymmDeviceMemory] Device does not support multicasting.. This is expected on GPUs without NVSwitch (e.g., NVLink bridge-only or PCIe topologies).
(Worker_PP2_TP0 pid=1115783) WARNING 08-22 18:18:40 [flashinfer_all_reduce.py:78] Failed to initialize FlashInfer All Reduce workspace: [SymmDeviceMemory] Device does not support multicasting.. This is expected on GPUs without NVSwitch (e.g., NVLink bridge-only or PCIe topologies).
(Worker_PP2_TP0 pid=1115783) WARNING 08-22 18:18:40 [flashinfer_all_reduce.py:78] Failed to initialize FlashInfer All Reduce workspace: [SymmDeviceMemory] Device does not support multicasting.. This is expected on GPUs without NVSwitch (e.g., NVLink bridge-only or PCIe topologies).
(Worker_PP2_TP0 pid=1115783) WARNING 08-22 18:18:40 [flashinfer_all_reduce.py:78] Failed to initialize FlashInfer All Reduce workspace: [SymmDeviceMemory] Device does not support multicasting.. This is expected on GPUs without NVSwitch (e.g., NVLink bridge-only or PCIe topologies).
(Worker_PP2_TP0 pid=1115783) WARNING 08-22 18:18:40 [flashinfer_all_reduce.py:78] Failed to initialize FlashInfer All Reduce workspace: [SymmDeviceMemory] Device does not support multicasting.. This is expected on GPUs without NVSwitch (e.g., NVLink bridge-only or PCIe topologies).
(Worker_PP2_TP0 pid=1115783) WARNING 08-22 18:18:40 [flashinfer_all_reduce.py:78] Failed to initialize FlashInfer All Reduce workspace: [SymmDeviceMemory] Device does not support multicasting.. This is expected on GPUs without NVSwitch (e.g., NVLink bridge-only or PCIe topologies).
(Worker_PP2_TP0 pid=1115783) WARNING 08-22 18:18:40 [flashinfer_all_reduce.py:78] Failed to initialize FlashInfer All Reduce workspace: [SymmDeviceMemory] Device does not support multicasting.. This is expected on GPUs without NVSwitch (e.g., NVLink bridge-only or PCIe topologies).
(Worker_PP2_TP0 pid=1115783) WARNING 08-22 18:18:40 [flashinfer_all_reduce.py:78] Failed to initialize FlashInfer All Reduce workspace: [SymmDeviceMemory] Device does not support multicasting.. This is expected on GPUs without NVSwitch (e.g., NVLink bridge-only or PCIe topologies).
(Worker_PP2_TP0 pid=1115783) WARNING 08-22 18:18:40 [flashinfer_all_reduce.py:78] Failed to initialize FlashInfer All Reduce workspace: [SymmDeviceMemory] Device does not support multicasting.. This is expected on GPUs without NVSwitch (e.g., NVLink bridge-only or PCIe topologies).
(Worker_PP2_TP0 pid=1115783) WARNING 08-22 18:18:40 [flashinfer_all_reduce.py:78] Failed to initialize FlashInfer All Reduce workspace: [SymmDeviceMemory] Device does not support multicasting.. This is expected on GPUs without NVSwitch (e.g., NVLink bridge-only or PCIe topologies).
(Worker_PP2_TP0 pid=1115783) WARNING 08-22 18:18:40 [flashinfer_all_reduce.py:78] Failed to initialize FlashInfer All Reduce workspace: [SymmDeviceMemory] Device does not support multicasting.. This is expected on GPUs without NVSwitch (e.g., NVLink bridge-only or PCIe topologies).
(Worker_PP2_TP0 pid=1115783) WARNING 08-22 18:18:40 [flashinfer_all_reduce.py:78] Failed to initialize FlashInfer All Reduce workspace: [SymmDeviceMemory] Device does not support multicasting.. This is expected on GPUs without NVSwitch (e.g., NVLink bridge-only or PCIe topologies).
(Worker_PP2_TP0 pid=1115783) WARNING 08-22 18:18:40 [flashinfer_all_reduce.py:78] Failed to initialize FlashInfer All Reduce workspace: [SymmDeviceMemory] Device does not support multicasting.. This is expected on GPUs without NVSwitch (e.g., NVLink bridge-only or PCIe topologies).
(Worker_PP2_TP0 pid=1115783) WARNING 08-22 18:18:40 [flashinfer_all_reduce.py:78] Failed to initialize FlashInfer All Reduce workspace: [SymmDeviceMemory] Device does not support multicasting.. This is expected on GPUs without NVSwitch (e.g., NVLink bridge-only or PCIe topologies).
(Worker_PP2_TP0 pid=1115783) WARNING 08-22 18:18:40 [flashinfer_all_reduce.py:78] Failed to initialize FlashInfer All Reduce workspace: [SymmDeviceMemory] Device does not support multicasting.. This is expected on GPUs without NVSwitch (e.g., NVLink bridge-only or PCIe topologies).
(Worker_PP2_TP0 pid=1115783) WARNING 08-22 18:18:40 [flashinfer_all_reduce.py:78] Failed to initialize FlashInfer All Reduce workspace: [SymmDeviceMemory] Device does not support multicasting.. This is expected on GPUs without NVSwitch (e.g., NVLink bridge-only or PCIe topologies).
(Worker_PP2_TP0 pid=1115783) WARNING 08-22 18:18:40 [flashinfer_all_reduce.py:78] Failed to initialize FlashInfer All Reduce workspace: [SymmDeviceMemory] Device does not support multicasting.. This is expected on GPUs without NVSwitch (e.g., NVLink bridge-only or PCIe topologies).
(Worker_PP2_TP0 pid=1115783) WARNING 08-22 18:18:40 [flashinfer_all_reduce.py:78] Failed to initialize FlashInfer All Reduce workspace: [SymmDeviceMemory] Device does not support multicasting.. This is expected on GPUs without NVSwitch (e.g., NVLink bridge-only or PCIe topologies).
(Worker_PP2_TP0 pid=1115783) WARNING 08-22 18:18:40 [flashinfer_all_reduce.py:78] Failed to initialize FlashInfer All Reduce workspace: [SymmDeviceMemory] Device does not support multicasting.. This is expected on GPUs without NVSwitch (e.g., NVLink bridge-only or PCIe topologies).
(Worker_PP2_TP0 pid=1115783) [k3t r?] step=19 tok=1 step=144.12ms | KDA: n=22 attn=29.3ms mlp=68.6ms other=0.5ms tot=98.5ms | full: n=9 attn=19.1ms mlp=26.2ms other=0.2ms tot=45.5ms | ALL: attn=48.4ms mlp=94.8ms model=144.1ms
(Worker_PP2_TP1 pid=1115784) [k3t r?] step=19 tok=1 step=144.12ms | KDA: n=22 attn=29.3ms mlp=68.6ms other=0.6ms tot=98.5ms | full: n=9 attn=19.1ms mlp=26.2ms other=0.2ms tot=45.5ms | ALL: attn=48.4ms mlp=94.8ms model=144.1ms
(Worker_PP2_TP5 pid=1115788) [k3t r?] step=19 tok=1 step=144.12ms | KDA: n=22 attn=29.3ms mlp=68.6ms other=0.5ms tot=98.5ms | full: n=9 attn=19.1ms mlp=26.2ms other=0.2ms tot=45.5ms | ALL: attn=48.4ms mlp=94.8ms model=144.1ms
(Worker_PP2_TP3 pid=1115786) [k3t r?] step=19 tok=1 step=144.12ms | KDA: n=22 attn=29.3ms mlp=68.6ms other=0.6ms tot=98.5ms | full: n=9 attn=19.1ms mlp=26.2ms other=0.2ms tot=45.5ms | ALL: attn=48.4ms mlp=94.8ms model=144.1ms
(Worker_PP2_TP7 pid=1115790) [k3t r?] step=19 tok=1 step=144.12ms | KDA: n=22 attn=29.3ms mlp=68.6ms other=0.6ms tot=98.5ms | full: n=9 attn=19.1ms mlp=26.2ms other=0.2ms tot=45.5ms | ALL: attn=48.4ms mlp=94.8ms model=144.1ms
(Worker_PP2_TP2 pid=1115785) [k3t r?] step=19 tok=1 step=144.12ms | KDA: n=22 attn=29.3ms mlp=68.6ms other=0.5ms tot=98.5ms | full: n=9 attn=19.1ms mlp=26.2ms other=0.2ms tot=45.5ms | ALL: attn=48.4ms mlp=94.8ms model=144.1ms
(Worker_PP2_TP4 pid=1115787) [k3t r?] step=19 tok=1 step=144.12ms | KDA: n=22 attn=29.3ms mlp=68.6ms other=0.6ms tot=98.5ms | full: n=9 attn=19.1ms mlp=26.2ms other=0.2ms tot=45.5ms | ALL: attn=48.4ms mlp=94.8ms model=144.1ms
(Worker_PP2_TP6 pid=1115789) [k3t r?] step=19 tok=1 step=144.79ms | KDA: n=22 attn=16.3ms mlp=67.6ms other=12.5ms tot=96.4ms | full: n=9 attn=13.8ms mlp=25.1ms other=5.9ms tot=44.8ms | ALL: attn=30.1ms mlp=92.6ms model=144.8ms
(Worker_PP2_TP2 pid=1115785) [k3t r?] logits=1.6ms step_tot=147.0ms
(Worker_PP2_TP3 pid=1115786) [k3t r?] logits=1.6ms step_tot=147.0ms
(Worker_PP2_TP5 pid=1115788) [k3t r?] logits=1.6ms step_tot=147.0ms
(Worker_PP2_TP1 pid=1115784) [k3t r?] logits=1.6ms step_tot=147.0ms
(Worker_PP2_TP0 pid=1115783) [k3t r?] logits=1.6ms step_tot=147.0ms
(Worker_PP2_TP7 pid=1115790) [k3t r?] logits=1.6ms step_tot=147.0ms
(Worker_PP2_TP4 pid=1115787) [k3t r?] logits=1.0ms step_tot=147.0ms
(Worker_PP2_TP6 pid=1115789) [k3t r?] logits=0.6ms step_tot=147.1ms
(Worker_PP2_TP0 pid=1115783) WARNING 08-22 18:18:41 [flashinfer_all_reduce.py:78] Failed to initialize FlashInfer All Reduce workspace: [SymmDeviceMemory] Device does not support multicasting.. This is expected on GPUs without NVSwitch (e.g., NVLink bridge-only or PCIe topologies).
(Worker_PP2_TP0 pid=1115783) WARNING 08-22 18:18:41 [flashinfer_all_reduce.py:78] Failed to initialize FlashInfer All Reduce workspace: [SymmDeviceMemory] Device does not support multicasting.. This is expected on GPUs without NVSwitch (e.g., NVLink bridge-only or PCIe topologies).
(Worker_PP2_TP0 pid=1115783) WARNING 08-22 18:18:41 [flashinfer_all_reduce.py:78] Failed to initialize FlashInfer All Reduce workspace: [SymmDeviceMemory] Device does not support multicasting.. This is expected on GPUs without NVSwitch (e.g., NVLink bridge-only or PCIe topologies).
(Worker_PP2_TP0 pid=1115783) WARNING 08-22 18:18:41 [flashinfer_all_reduce.py:78] Failed to initialize FlashInfer All Reduce workspace: [SymmDeviceMemory] Device does not support multicasting.. This is expected on GPUs without NVSwitch (e.g., NVLink bridge-only or PCIe topologies).
(Worker_PP2_TP0 pid=1115783) WARNING 08-22 18:18:41 [flashinfer_all_reduce.py:78] Failed to initialize FlashInfer All Reduce workspace: [SymmDeviceMemory] Device does not support multicasting.. This is expected on GPUs without NVSwitch (e.g., NVLink bridge-only or PCIe topologies).
(Worker_PP2_TP0 pid=1115783) WARNING 08-22 18:18:41 [flashinfer_all_reduce.py:78] Failed to initialize FlashInfer All Reduce workspace: [SymmDeviceMemory] Device does not support multicasting.. This is expected on GPUs without NVSwitch (e.g., NVLink bridge-only or PCIe topologies).
(Worker_PP2_TP0 pid=1115783) WARNING 08-22 18:18:41 [flashinfer_all_reduce.py:78] Failed to initialize FlashInfer All Reduce workspace: [SymmDeviceMemory] Device does not support multicasting.. This is expected on GPUs without NVSwitch (e.g., NVLink bridge-only or PCIe topologies).
(Worker_PP2_TP0 pid=1115783) WARNING 08-22 18:18:41 [flashinfer_all_reduce.py:78] Failed to initialize FlashInfer All Reduce workspace: [SymmDeviceMemory] Device does not support multicasting.. This is expected on GPUs without NVSwitch (e.g., NVLink bridge-only or PCIe topologies).
(Worker_PP2_TP0 pid=1115783) WARNING 08-22 18:18:41 [flashinfer_all_reduce.py:78] Failed to initialize FlashInfer All Reduce workspace: [SymmDeviceMemory] Device does not support multicasting.. This is expected on GPUs without NVSwitch (e.g., NVLink bridge-only or PCIe topologies).
(Worker_PP2_TP0 pid=1115783) WARNING 08-22 18:18:41 [flashinfer_all_reduce.py:78] Failed to initialize FlashInfer All Reduce workspace: [SymmDeviceMemory] Device does not support multicasting.. This is expected on GPUs without NVSwitch (e.g., NVLink bridge-only or PCIe topologies).
(Worker_PP2_TP0 pid=1115783) WARNING 08-22 18:18:41 [flashinfer_all_reduce.py:78] Failed to initialize FlashInfer All Reduce workspace: [SymmDeviceMemory] Device does not support multicasting.. This is expected on GPUs without NVSwitch (e.g., NVLink bridge-only or PCIe topologies).
(Worker_PP2_TP0 pid=1115783) WARNING 08-22 18:18:41 [flashinfer_all_reduce.py:78] Failed to initialize FlashInfer All Reduce workspace: [SymmDeviceMemory] Device does not support multicasting.. This is expected on GPUs without NVSwitch (e.g., NVLink bridge-only or PCIe topologies).
(Worker_PP2_TP0 pid=1115783) WARNING 08-22 18:18:41 [flashinfer_all_reduce.py:78] Failed to initialize FlashInfer All Reduce workspace: [SymmDeviceMemory] Device does not support multicasting.. This is expected on GPUs without NVSwitch (e.g., NVLink bridge-only or PCIe topologies).
(Worker_PP2_TP0 pid=1115783) WARNING 08-22 18:18:41 [flashinfer_all_reduce.py:78] Failed to initialize FlashInfer All Reduce workspace: [SymmDeviceMemory] Device does not support multicasting.. This is expected on GPUs without NVSwitch (e.g., NVLink bridge-only or PCIe topologies).
(Worker_PP2_TP0 pid=1115783) WARNING 08-22 18:18:41 [flashinfer_all_reduce.py:78] Failed to initialize FlashInfer All Reduce workspace: [SymmDeviceMemory] Device does not support multicasting.. This is expected on GPUs without NVSwitch (e.g., NVLink bridge-only or PCIe topologies).
(Worker_PP2_TP0 pid=1115783) WARNING 08-22 18:18:41 [flashinfer_all_reduce.py:78] Failed to initialize FlashInfer All Reduce workspace: [SymmDeviceMemory] Device does not support multicasting.. This is expected on GPUs without NVSwitch (e.g., NVLink bridge-only or PCIe topologies).
(Worker_PP2_TP0 pid=1115783) WARNING 08-22 18:18:41 [flashinfer_all_reduce.py:78] Failed to initialize FlashInfer All Reduce workspace: [SymmDeviceMemory] Device does not support multicasting.. This is expected on GPUs without NVSwitch (e.g., NVLink bridge-only or PCIe topologies).
(Worker_PP2_TP0 pid=1115783) WARNING 08-22 18:18:41 [flashinfer_all_reduce.py:78] Failed to initialize FlashInfer All Reduce workspace: [SymmDeviceMemory] Device does not support multicasting.. This is expected on GPUs without NVSwitch (e.g., NVLink bridge-only or PCIe topologies).
(Worker_PP2_TP0 pid=1115783) WARNING 08-22 18:18:41 [flashinfer_all_reduce.py:78] Failed to initialize FlashInfer All Reduce workspace: [SymmDeviceMemory] Device does not support multicasting.. This is expected on GPUs without NVSwitch (e.g., NVLink bridge-only or PCIe topologies).
(Worker_PP2_TP0 pid=1115783) WARNING 08-22 18:18:41 [flashinfer_all_reduce.py:78] Failed to initialize FlashInfer All Reduce workspace: [SymmDeviceMemory] Device does not support multicasting.. This is expected on GPUs without NVSwitch (e.g., NVLink bridge-only or PCIe topologies).
(Worker_PP2_TP0 pid=1115783) WARNING 08-22 18:18:41 [flashinfer_all_reduce.py:78] Failed to initialize FlashInfer All Reduce workspace: [SymmDeviceMemory] Device does not support multicasting.. This is expected on GPUs without NVSwitch (e.g., NVLink bridge-only or PCIe topologies).
(Worker_PP2_TP0 pid=1115783) WARNING 08-22 18:18:41 [flashinfer_all_reduce.py:78] Failed to initialize FlashInfer All Reduce workspace: [SymmDeviceMemory] Device does not support multicasting.. This is expected on GPUs without NVSwitch (e.g., NVLink bridge-only or PCIe topologies).
(Worker_PP2_TP0 pid=1115783) WARNING 08-22 18:18:41 [flashinfer_all_reduce.py:78] Failed to initialize FlashInfer All Reduce workspace: [SymmDeviceMemory] Device does not support multicasting.. This is expected on GPUs without NVSwitch (e.g., NVLink bridge-only or PCIe topologies).
(Worker_PP2_TP0 pid=1115783) WARNING 08-22 18:18:41 [flashinfer_all_reduce.py:78] Failed to initialize FlashInfer All Reduce workspace: [SymmDeviceMemory] Device does not support multicasting.. This is expected on GPUs without NVSwitch (e.g., NVLink bridge-only or PCIe topologies).
(Worker_PP2_TP0 pid=1115783) WARNING 08-22 18:18:41 [flashinfer_all_reduce.py:78] Failed to initialize FlashInfer All Reduce workspace: [SymmDeviceMemory] Device does not support multicasting.. This is expected on GPUs without NVSwitch (e.g., NVLink bridge-only or PCIe topologies).
(Worker_PP2_TP0 pid=1115783) WARNING 08-22 18:18:41 [flashinfer_all_reduce.py:78] Failed to initialize FlashInfer All Reduce workspace: [SymmDeviceMemory] Device does not support multicasting.. This is expected on GPUs without NVSwitch (e.g., NVLink bridge-only or PCIe topologies).
(Worker_PP2_TP0 pid=1115783) WARNING 08-22 18:18:41 [flashinfer_all_reduce.py:78] Failed to initialize FlashInfer All Reduce workspace: [SymmDeviceMemory] Device does not support multicasting.. This is expected on GPUs without NVSwitch (e.g., NVLink bridge-only or PCIe topologies).
(Worker_PP2_TP0 pid=1115783) WARNING 08-22 18:18:41 [flashinfer_all_reduce.py:78] Failed to initialize FlashInfer All Reduce workspace: [SymmDeviceMemory] Device does not support multicasting.. This is expected on GPUs without NVSwitch (e.g., NVLink bridge-only or PCIe topologies).
(Worker_PP2_TP0 pid=1115783) WARNING 08-22 18:18:41 [flashinfer_all_reduce.py:78] Failed to initialize FlashInfer All Reduce workspace: [SymmDeviceMemory] Device does not support multicasting.. This is expected on GPUs without NVSwitch (e.g., NVLink bridge-only or PCIe topologies).
(Worker_PP2_TP0 pid=1115783) WARNING 08-22 18:18:41 [flashinfer_all_reduce.py:78] Failed to initialize FlashInfer All Reduce workspace: [SymmDeviceMemory] Device does not support multicasting.. This is expected on GPUs without NVSwitch (e.g., NVLink bridge-only or PCIe topologies).
(Worker_PP2_TP0 pid=1115783) WARNING 08-22 18:18:41 [flashinfer_all_reduce.py:78] Failed to initialize FlashInfer All Reduce workspace: [SymmDeviceMemory] Device does not support multicasting.. This is expected on GPUs without NVSwitch (e.g., NVLink bridge-only or PCIe topologies).
(Worker_PP2_TP0 pid=1115783) [k3t r?] step=20 tok=1 step=138.19ms | KDA: n=22 attn=27.3ms mlp=64.6ms other=0.6ms tot=92.4ms | full: n=9 attn=19.3ms mlp=26.1ms other=0.2ms tot=45.6ms | ALL: attn=46.5ms mlp=90.8ms model=138.2ms
(Worker_PP2_TP2 pid=1115785) [k3t r?] step=20 tok=1 step=138.19ms | KDA: n=22 attn=27.3ms mlp=64.6ms other=0.6ms tot=92.4ms | full: n=9 attn=19.3ms mlp=26.1ms other=0.2ms tot=45.7ms | ALL: attn=46.5ms mlp=90.8ms model=138.2ms
(Worker_PP2_TP1 pid=1115784) [k3t r?] step=20 tok=1 step=138.19ms | KDA: n=22 attn=27.2ms mlp=64.6ms other=0.6ms tot=92.4ms | full: n=9 attn=19.3ms mlp=26.1ms other=0.2ms tot=45.7ms | ALL: attn=46.5ms mlp=90.8ms model=138.2ms
(Worker_PP2_TP5 pid=1115788) [k3t r?] step=20 tok=1 step=138.19ms | KDA: n=22 attn=27.3ms mlp=64.6ms other=0.5ms tot=92.4ms | full: n=9 attn=19.3ms mlp=26.1ms other=0.2ms tot=45.7ms | ALL: attn=46.6ms mlp=90.8ms model=138.2ms
(Worker_PP2_TP7 pid=1115790) [k3t r?] step=20 tok=1 step=138.19ms | KDA: n=22 attn=27.2ms mlp=64.6ms other=0.6ms tot=92.4ms | full: n=9 attn=19.3ms mlp=26.1ms other=0.2ms tot=45.7ms | ALL: attn=46.5ms mlp=90.8ms model=138.2ms
(Worker_PP2_TP3 pid=1115786) [k3t r?] step=20 tok=1 step=138.19ms | KDA: n=22 attn=27.3ms mlp=64.6ms other=0.6ms tot=92.4ms | full: n=9 attn=19.3ms mlp=26.1ms other=0.2ms tot=45.6ms | ALL: attn=46.5ms mlp=90.8ms model=138.2ms
(Worker_PP2_TP4 pid=1115787) [k3t r?] step=20 tok=1 step=138.89ms | KDA: n=22 attn=14.9ms mlp=63.2ms other=12.6ms tot=90.7ms | full: n=9 attn=14.0ms mlp=25.6ms other=5.1ms tot=44.8ms | ALL: attn=28.9ms mlp=88.8ms model=138.9ms
(Worker_PP2_TP6 pid=1115789) [k3t r?] step=20 tok=1 step=138.89ms | KDA: n=22 attn=14.9ms mlp=63.2ms other=12.6ms tot=90.7ms | full: n=9 attn=14.0ms mlp=25.6ms other=5.1ms tot=44.8ms | ALL: attn=29.0ms mlp=88.8ms model=138.9ms
(Worker_PP2_TP1 pid=1115784) [k3t r?] logits=1.6ms step_tot=141.0ms
(Worker_PP2_TP7 pid=1115790) [k3t r?] logits=1.5ms step_tot=141.0ms
(Worker_PP2_TP3 pid=1115786) [k3t r?] logits=1.6ms step_tot=141.0ms
(Worker_PP2_TP0 pid=1115783) [k3t r?] logits=1.6ms step_tot=141.0ms
(Worker_PP2_TP2 pid=1115785) [k3t r?] logits=1.6ms step_tot=141.0ms
(Worker_PP2_TP4 pid=1115787) [k3t r?] logits=0.6ms step_tot=141.1ms
(Worker_PP2_TP6 pid=1115789) [k3t r?] logits=0.6ms step_tot=141.1ms
(Worker_PP2_TP5 pid=1115788) [k3t r?] logits=1.9ms step_tot=141.3ms
(Worker_PP2_TP0 pid=1115783) WARNING 08-22 18:18:41 [flashinfer_all_reduce.py:78] Failed to initialize FlashInfer All Reduce workspace: [SymmDeviceMemory] Device does not support multicasting.. This is expected on GPUs without NVSwitch (e.g., NVLink bridge-only or PCIe topologies).
(Worker_PP2_TP0 pid=1115783) WARNING 08-22 18:18:41 [flashinfer_all_reduce.py:78] Failed to initialize FlashInfer All Reduce workspace: [SymmDeviceMemory] Device does not support multicasting.. This is expected on GPUs without NVSwitch (e.g., NVLink bridge-only or PCIe topologies).
(Worker_PP2_TP0 pid=1115783) WARNING 08-22 18:18:41 [flashinfer_all_reduce.py:78] Failed to initialize FlashInfer All Reduce workspace: [SymmDeviceMemory] Device does not support multicasting.. This is expected on GPUs without NVSwitch (e.g., NVLink bridge-only or PCIe topologies).
(Worker_PP2_TP0 pid=1115783) WARNING 08-22 18:18:41 [flashinfer_all_reduce.py:78] Failed to initialize FlashInfer All Reduce workspace: [SymmDeviceMemory] Device does not support multicasting.. This is expected on GPUs without NVSwitch (e.g., NVLink bridge-only or PCIe topologies).
(Worker_PP2_TP0 pid=1115783) WARNING 08-22 18:18:41 [flashinfer_all_reduce.py:78] Failed to initialize FlashInfer All Reduce workspace: [SymmDeviceMemory] Device does not support multicasting.. This is expected on GPUs without NVSwitch (e.g., NVLink bridge-only or PCIe topologies).
(Worker_PP2_TP0 pid=1115783) WARNING 08-22 18:18:41 [flashinfer_all_reduce.py:78] Failed to initialize FlashInfer All Reduce workspace: [SymmDeviceMemory] Device does not support multicasting.. This is expected on GPUs without NVSwitch (e.g., NVLink bridge-only or PCIe topologies).
(Worker_PP2_TP0 pid=1115783) WARNING 08-22 18:18:41 [flashinfer_all_reduce.py:78] Failed to initialize FlashInfer All Reduce workspace: [SymmDeviceMemory] Device does not support multicasting.. This is expected on GPUs without NVSwitch (e.g., NVLink bridge-only or PCIe topologies).
(Worker_PP2_TP0 pid=1115783) WARNING 08-22 18:18:41 [flashinfer_all_reduce.py:78] Failed to initialize FlashInfer All Reduce workspace: [SymmDeviceMemory] Device does not support multicasting.. This is expected on GPUs without NVSwitch (e.g., NVLink bridge-only or PCIe topologies).
(Worker_PP2_TP0 pid=1115783) WARNING 08-22 18:18:41 [flashinfer_all_reduce.py:78] Failed to initialize FlashInfer All Reduce workspace: [SymmDeviceMemory] Device does not support multicasting.. This is expected on GPUs without NVSwitch (e.g., NVLink bridge-only or PCIe topologies).
(Worker_PP2_TP0 pid=1115783) WARNING 08-22 18:18:41 [flashinfer_all_reduce.py:78] Failed to initialize FlashInfer All Reduce workspace: [SymmDeviceMemory] Device does not support multicasting.. This is expected on GPUs without NVSwitch (e.g., NVLink bridge-only or PCIe topologies).
(Worker_PP2_TP0 pid=1115783) WARNING 08-22 18:18:41 [flashinfer_all_reduce.py:78] Failed to initialize FlashInfer All Reduce workspace: [SymmDeviceMemory] Device does not support multicasting.. This is expected on GPUs without NVSwitch (e.g., NVLink bridge-only or PCIe topologies).
(Worker_PP2_TP0 pid=1115783) WARNING 08-22 18:18:41 [flashinfer_all_reduce.py:78] Failed to initialize FlashInfer All Reduce workspace: [SymmDeviceMemory] Device does not support multicasting.. This is expected on GPUs without NVSwitch (e.g., NVLink bridge-only or PCIe topologies).
(Worker_PP2_TP0 pid=1115783) WARNING 08-22 18:18:41 [flashinfer_all_reduce.py:78] Failed to initialize FlashInfer All Reduce workspace: [SymmDeviceMemory] Device does not support multicasting.. This is expected on GPUs without NVSwitch (e.g., NVLink bridge-only or PCIe topologies).
(Worker_PP2_TP0 pid=1115783) WARNING 08-22 18:18:41 [flashinfer_all_reduce.py:78] Failed to initialize FlashInfer All Reduce workspace: [SymmDeviceMemory] Device does not support multicasting.. This is expected on GPUs without NVSwitch (e.g., NVLink bridge-only or PCIe topologies).
(Worker_PP2_TP0 pid=1115783) WARNING 08-22 18:18:41 [flashinfer_all_reduce.py:78] Failed to initialize FlashInfer All Reduce workspace: [SymmDeviceMemory] Device does not support multicasting.. This is expected on GPUs without NVSwitch (e.g., NVLink bridge-only or PCIe topologies).
(Worker_PP2_TP0 pid=1115783) WARNING 08-22 18:18:41 [flashinfer_all_reduce.py:78] Failed to initialize FlashInfer All Reduce workspace: [SymmDeviceMemory] Device does not support multicasting.. This is expected on GPUs without NVSwitch (e.g., NVLink bridge-only or PCIe topologies).
(Worker_PP2_TP0 pid=1115783) WARNING 08-22 18:18:41 [flashinfer_all_reduce.py:78] Failed to initialize FlashInfer All Reduce workspace: [SymmDeviceMemory] Device does not support multicasting.. This is expected on GPUs without NVSwitch (e.g., NVLink bridge-only or PCIe topologies).
(Worker_PP2_TP0 pid=1115783) WARNING 08-22 18:18:41 [flashinfer_all_reduce.py:78] Failed to initialize FlashInfer All Reduce workspace: [SymmDeviceMemory] Device does not support multicasting.. This is expected on GPUs without NVSwitch (e.g., NVLink bridge-only or PCIe topologies).
(Worker_PP2_TP0 pid=1115783) WARNING 08-22 18:18:41 [flashinfer_all_reduce.py:78] Failed to initialize FlashInfer All Reduce workspace: [SymmDeviceMemory] Device does not support multicasting.. This is expected on GPUs without NVSwitch (e.g., NVLink bridge-only or PCIe topologies).
(Worker_PP2_TP0 pid=1115783) WARNING 08-22 18:18:41 [flashinfer_all_reduce.py:78] Failed to initialize FlashInfer All Reduce workspace: [SymmDeviceMemory] Device does not support multicasting.. This is expected on GPUs without NVSwitch (e.g., NVLink bridge-only or PCIe topologies).
(Worker_PP2_TP0 pid=1115783) WARNING 08-22 18:18:41 [flashinfer_all_reduce.py:78] Failed to initialize FlashInfer All Reduce workspace: [SymmDeviceMemory] Device does not support multicasting.. This is expected on GPUs without NVSwitch (e.g., NVLink bridge-only or PCIe topologies).
(Worker_PP2_TP0 pid=1115783) WARNING 08-22 18:18:41 [flashinfer_all_reduce.py:78] Failed to initialize FlashInfer All Reduce workspace: [SymmDeviceMemory] Device does not support multicasting.. This is expected on GPUs without NVSwitch (e.g., NVLink bridge-only or PCIe topologies).
(Worker_PP2_TP0 pid=1115783) WARNING 08-22 18:18:41 [flashinfer_all_reduce.py:78] Failed to initialize FlashInfer All Reduce workspace: [SymmDeviceMemory] Device does not support multicasting.. This is expected on GPUs without NVSwitch (e.g., NVLink bridge-only or PCIe topologies).
(Worker_PP2_TP0 pid=1115783) WARNING 08-22 18:18:41 [flashinfer_all_reduce.py:78] Failed to initialize FlashInfer All Reduce workspace: [SymmDeviceMemory] Device does not support multicasting.. This is expected on GPUs without NVSwitch (e.g., NVLink bridge-only or PCIe topologies).
(Worker_PP2_TP0 pid=1115783) WARNING 08-22 18:18:41 [flashinfer_all_reduce.py:78] Failed to initialize FlashInfer All Reduce workspace: [SymmDeviceMemory] Device does not support multicasting.. This is expected on GPUs without NVSwitch (e.g., NVLink bridge-only or PCIe topologies).
(Worker_PP2_TP0 pid=1115783) WARNING 08-22 18:18:41 [flashinfer_all_reduce.py:78] Failed to initialize FlashInfer All Reduce workspace: [SymmDeviceMemory] Device does not support multicasting.. This is expected on GPUs without NVSwitch (e.g., NVLink bridge-only or PCIe topologies).
(Worker_PP2_TP0 pid=1115783) WARNING 08-22 18:18:41 [flashinfer_all_reduce.py:78] Failed to initialize FlashInfer All Reduce workspace: [SymmDeviceMemory] Device does not support multicasting.. This is expected on GPUs without NVSwitch (e.g., NVLink bridge-only or PCIe topologies).
(Worker_PP2_TP0 pid=1115783) WARNING 08-22 18:18:41 [flashinfer_all_reduce.py:78] Failed to initialize FlashInfer All Reduce workspace: [SymmDeviceMemory] Device does not support multicasting.. This is expected on GPUs without NVSwitch (e.g., NVLink bridge-only or PCIe topologies).
(Worker_PP2_TP0 pid=1115783) WARNING 08-22 18:18:41 [flashinfer_all_reduce.py:78] Failed to initialize FlashInfer All Reduce workspace: [SymmDeviceMemory] Device does not support multicasting.. This is expected on GPUs without NVSwitch (e.g., NVLink bridge-only or PCIe topologies).
(Worker_PP2_TP0 pid=1115783) WARNING 08-22 18:18:41 [flashinfer_all_reduce.py:78] Failed to initialize FlashInfer All Reduce workspace: [SymmDeviceMemory] Device does not support multicasting.. This is expected on GPUs without NVSwitch (e.g., NVLink bridge-only or PCIe topologies).
(Worker_PP2_TP0 pid=1115783) WARNING 08-22 18:18:41 [flashinfer_all_reduce.py:78] Failed to initialize FlashInfer All Reduce workspace: [SymmDeviceMemory] Device does not support multicasting.. This is expected on GPUs without NVSwitch (e.g., NVLink bridge-only or PCIe topologies).
(Worker_PP2_TP0 pid=1115783) [k3t r?] step=21 tok=1 step=138.79ms | KDA: n=22 attn=27.3ms mlp=65.1ms other=0.6ms tot=93.0ms | full: n=9 attn=19.3ms mlp=26.2ms other=0.2ms tot=45.7ms | ALL: attn=46.6ms mlp=91.3ms model=138.8ms
(Worker_PP2_TP1 pid=1115784) [k3t r?] step=21 tok=1 step=138.79ms | KDA: n=22 attn=27.3ms mlp=65.1ms other=0.6ms tot=93.0ms | full: n=9 attn=19.3ms mlp=26.2ms other=0.2ms tot=45.7ms | ALL: attn=46.5ms mlp=91.3ms model=138.8ms
(Worker_PP2_TP7 pid=1115790) [k3t r?] step=21 tok=1 step=138.79ms | KDA: n=22 attn=27.3ms mlp=65.1ms other=0.6ms tot=93.0ms | full: n=9 attn=19.3ms mlp=26.2ms other=0.2ms tot=45.7ms | ALL: attn=46.6ms mlp=91.3ms model=138.8ms
(Worker_PP2_TP2 pid=1115785) [k3t r?] step=21 tok=1 step=138.79ms | KDA: n=22 attn=27.3ms mlp=65.1ms other=0.6ms tot=93.0ms | full: n=9 attn=19.3ms mlp=26.2ms other=0.2ms tot=45.7ms | ALL: attn=46.6ms mlp=91.3ms model=138.8ms
(Worker_PP2_TP3 pid=1115786) [k3t r?] step=21 tok=1 step=138.79ms | KDA: n=22 attn=27.3ms mlp=65.1ms other=0.6ms tot=93.0ms | full: n=9 attn=19.3ms mlp=26.2ms other=0.2ms tot=45.7ms | ALL: attn=46.6ms mlp=91.3ms model=138.8ms
(Worker_PP2_TP5 pid=1115788) [k3t r?] step=21 tok=1 step=138.79ms | KDA: n=22 attn=27.3ms mlp=65.1ms other=0.6ms tot=93.0ms | full: n=9 attn=19.3ms mlp=26.2ms other=0.2ms tot=45.7ms | ALL: attn=46.6ms mlp=91.3ms model=138.8ms
(Worker_PP2_TP4 pid=1115787) [k3t r?] step=21 tok=1 step=139.40ms | KDA: n=22 attn=15.1ms mlp=63.9ms other=12.4ms tot=91.4ms | full: n=9 attn=14.0ms mlp=25.5ms other=5.3ms tot=44.8ms | ALL: attn=29.1ms mlp=89.4ms model=139.4ms
(Worker_PP2_TP6 pid=1115789) [k3t r?] step=21 tok=1 step=139.40ms | KDA: n=22 attn=15.1ms mlp=63.9ms other=12.4ms tot=91.4ms | full: n=9 attn=14.0ms mlp=25.5ms other=5.3ms tot=44.8ms | ALL: attn=29.0ms mlp=89.4ms model=139.4ms
(Worker_PP2_TP5 pid=1115788) [k3t r?] logits=1.4ms step_tot=141.5ms
(Worker_PP2_TP1 pid=1115784) [k3t r?] logits=1.5ms step_tot=141.5ms
(Worker_PP2_TP2 pid=1115785) [k3t r?] logits=1.5ms step_tot=141.5ms
(Worker_PP2_TP7 pid=1115790) [k3t r?] logits=1.5ms step_tot=141.5ms
(Worker_PP2_TP3 pid=1115786) [k3t r?] logits=1.5ms step_tot=141.5ms
(Worker_PP2_TP0 pid=1115783) [k3t r?] logits=1.5ms step_tot=141.5ms
(Worker_PP2_TP4 pid=1115787) [k3t r?] logits=0.6ms step_tot=141.7ms
(Worker_PP2_TP6 pid=1115789) [k3t r?] logits=0.6ms step_tot=141.7ms
(Worker_PP2_TP0 pid=1115783) WARNING 08-22 18:18:42 [flashinfer_all_reduce.py:78] Failed to initialize FlashInfer All Reduce workspace: [SymmDeviceMemory] Device does not support multicasting.. This is expected on GPUs without NVSwitch (e.g., NVLink bridge-only or PCIe topologies).
(Worker_PP2_TP0 pid=1115783) WARNING 08-22 18:18:42 [flashinfer_all_reduce.py:78] Failed to initialize FlashInfer All Reduce workspace: [SymmDeviceMemory] Device does not support multicasting.. This is expected on GPUs without NVSwitch (e.g., NVLink bridge-only or PCIe topologies).
(Worker_PP2_TP0 pid=1115783) WARNING 08-22 18:18:42 [flashinfer_all_reduce.py:78] Failed to initialize FlashInfer All Reduce workspace: [SymmDeviceMemory] Device does not support multicasting.. This is expected on GPUs without NVSwitch (e.g., NVLink bridge-only or PCIe topologies).
(Worker_PP2_TP0 pid=1115783) WARNING 08-22 18:18:42 [flashinfer_all_reduce.py:78] Failed to initialize FlashInfer All Reduce workspace: [SymmDeviceMemory] Device does not support multicasting.. This is expected on GPUs without NVSwitch (e.g., NVLink bridge-only or PCIe topologies).
(Worker_PP2_TP0 pid=1115783) WARNING 08-22 18:18:42 [flashinfer_all_reduce.py:78] Failed to initialize FlashInfer All Reduce workspace: [SymmDeviceMemory] Device does not support multicasting.. This is expected on GPUs without NVSwitch (e.g., NVLink bridge-only or PCIe topologies).
(Worker_PP2_TP0 pid=1115783) WARNING 08-22 18:18:42 [flashinfer_all_reduce.py:78] Failed to initialize FlashInfer All Reduce workspace: [SymmDeviceMemory] Device does not support multicasting.. This is expected on GPUs without NVSwitch (e.g., NVLink bridge-only or PCIe topologies).
(Worker_PP2_TP0 pid=1115783) WARNING 08-22 18:18:42 [flashinfer_all_reduce.py:78] Failed to initialize FlashInfer All Reduce workspace: [SymmDeviceMemory] Device does not support multicasting.. This is expected on GPUs without NVSwitch (e.g., NVLink bridge-only or PCIe topologies).
(Worker_PP2_TP0 pid=1115783) WARNING 08-22 18:18:42 [flashinfer_all_reduce.py:78] Failed to initialize FlashInfer All Reduce workspace: [SymmDeviceMemory] Device does not support multicasting.. This is expected on GPUs without NVSwitch (e.g., NVLink bridge-only or PCIe topologies).
(Worker_PP2_TP0 pid=1115783) WARNING 08-22 18:18:42 [flashinfer_all_reduce.py:78] Failed to initialize FlashInfer All Reduce workspace: [SymmDeviceMemory] Device does not support multicasting.. This is expected on GPUs without NVSwitch (e.g., NVLink bridge-only or PCIe topologies).
(Worker_PP2_TP0 pid=1115783) WARNING 08-22 18:18:42 [flashinfer_all_reduce.py:78] Failed to initialize FlashInfer All Reduce workspace: [SymmDeviceMemory] Device does not support multicasting.. This is expected on GPUs without NVSwitch (e.g., NVLink bridge-only or PCIe topologies).
(Worker_PP2_TP0 pid=1115783) WARNING 08-22 18:18:42 [flashinfer_all_reduce.py:78] Failed to initialize FlashInfer All Reduce workspace: [SymmDeviceMemory] Device does not support multicasting.. This is expected on GPUs without NVSwitch (e.g., NVLink bridge-only or PCIe topologies).
(Worker_PP2_TP0 pid=1115783) WARNING 08-22 18:18:42 [flashinfer_all_reduce.py:78] Failed to initialize FlashInfer All Reduce workspace: [SymmDeviceMemory] Device does not support multicasting.. This is expected on GPUs without NVSwitch (e.g., NVLink bridge-only or PCIe topologies).
(Worker_PP2_TP0 pid=1115783) WARNING 08-22 18:18:42 [flashinfer_all_reduce.py:78] Failed to initialize FlashInfer All Reduce workspace: [SymmDeviceMemory] Device does not support multicasting.. This is expected on GPUs without NVSwitch (e.g., NVLink bridge-only or PCIe topologies).
(Worker_PP2_TP0 pid=1115783) WARNING 08-22 18:18:42 [flashinfer_all_reduce.py:78] Failed to initialize FlashInfer All Reduce workspace: [SymmDeviceMemory] Device does not support multicasting.. This is expected on GPUs without NVSwitch (e.g., NVLink bridge-only or PCIe topologies).
(Worker_PP2_TP0 pid=1115783) WARNING 08-22 18:18:42 [flashinfer_all_reduce.py:78] Failed to initialize FlashInfer All Reduce workspace: [SymmDeviceMemory] Device does not support multicasting.. This is expected on GPUs without NVSwitch (e.g., NVLink bridge-only or PCIe topologies).
(Worker_PP2_TP0 pid=1115783) WARNING 08-22 18:18:42 [flashinfer_all_reduce.py:78] Failed to initialize FlashInfer All Reduce workspace: [SymmDeviceMemory] Device does not support multicasting.. This is expected on GPUs without NVSwitch (e.g., NVLink bridge-only or PCIe topologies).
(Worker_PP2_TP0 pid=1115783) WARNING 08-22 18:18:42 [flashinfer_all_reduce.py:78] Failed to initialize FlashInfer All Reduce workspace: [SymmDeviceMemory] Device does not support multicasting.. This is expected on GPUs without NVSwitch (e.g., NVLink bridge-only or PCIe topologies).
(Worker_PP2_TP0 pid=1115783) WARNING 08-22 18:18:42 [flashinfer_all_reduce.py:78] Failed to initialize FlashInfer All Reduce workspace: [SymmDeviceMemory] Device does not support multicasting.. This is expected on GPUs without NVSwitch (e.g., NVLink bridge-only or PCIe topologies).
(Worker_PP2_TP0 pid=1115783) WARNING 08-22 18:18:42 [flashinfer_all_reduce.py:78] Failed to initialize FlashInfer All Reduce workspace: [SymmDeviceMemory] Device does not support multicasting.. This is expected on GPUs without NVSwitch (e.g., NVLink bridge-only or PCIe topologies).
(Worker_PP2_TP0 pid=1115783) WARNING 08-22 18:18:42 [flashinfer_all_reduce.py:78] Failed to initialize FlashInfer All Reduce workspace: [SymmDeviceMemory] Device does not support multicasting.. This is expected on GPUs without NVSwitch (e.g., NVLink bridge-only or PCIe topologies).
(Worker_PP2_TP0 pid=1115783) WARNING 08-22 18:18:42 [flashinfer_all_reduce.py:78] Failed to initialize FlashInfer All Reduce workspace: [SymmDeviceMemory] Device does not support multicasting.. This is expected on GPUs without NVSwitch (e.g., NVLink bridge-only or PCIe topologies).
(Worker_PP2_TP0 pid=1115783) WARNING 08-22 18:18:42 [flashinfer_all_reduce.py:78] Failed to initialize FlashInfer All Reduce workspace: [SymmDeviceMemory] Device does not support multicasting.. This is expected on GPUs without NVSwitch (e.g., NVLink bridge-only or PCIe topologies).
(Worker_PP2_TP0 pid=1115783) WARNING 08-22 18:18:42 [flashinfer_all_reduce.py:78] Failed to initialize FlashInfer All Reduce workspace: [SymmDeviceMemory] Device does not support multicasting.. This is expected on GPUs without NVSwitch (e.g., NVLink bridge-only or PCIe topologies).
(Worker_PP2_TP0 pid=1115783) WARNING 08-22 18:18:42 [flashinfer_all_reduce.py:78] Failed to initialize FlashInfer All Reduce workspace: [SymmDeviceMemory] Device does not support multicasting.. This is expected on GPUs without NVSwitch (e.g., NVLink bridge-only or PCIe topologies).
(Worker_PP2_TP0 pid=1115783) WARNING 08-22 18:18:42 [flashinfer_all_reduce.py:78] Failed to initialize FlashInfer All Reduce workspace: [SymmDeviceMemory] Device does not support multicasting.. This is expected on GPUs without NVSwitch (e.g., NVLink bridge-only or PCIe topologies).
(Worker_PP2_TP0 pid=1115783) WARNING 08-22 18:18:42 [flashinfer_all_reduce.py:78] Failed to initialize FlashInfer All Reduce workspace: [SymmDeviceMemory] Device does not support multicasting.. This is expected on GPUs without NVSwitch (e.g., NVLink bridge-only or PCIe topologies).
(Worker_PP2_TP0 pid=1115783) WARNING 08-22 18:18:42 [flashinfer_all_reduce.py:78] Failed to initialize FlashInfer All Reduce workspace: [SymmDeviceMemory] Device does not support multicasting.. This is expected on GPUs without NVSwitch (e.g., NVLink bridge-only or PCIe topologies).
(Worker_PP2_TP0 pid=1115783) WARNING 08-22 18:18:42 [flashinfer_all_reduce.py:78] Failed to initialize FlashInfer All Reduce workspace: [SymmDeviceMemory] Device does not support multicasting.. This is expected on GPUs without NVSwitch (e.g., NVLink bridge-only or PCIe topologies).
(Worker_PP2_TP0 pid=1115783) WARNING 08-22 18:18:42 [flashinfer_all_reduce.py:78] Failed to initialize FlashInfer All Reduce workspace: [SymmDeviceMemory] Device does not support multicasting.. This is expected on GPUs without NVSwitch (e.g., NVLink bridge-only or PCIe topologies).
(Worker_PP2_TP0 pid=1115783) WARNING 08-22 18:18:42 [flashinfer_all_reduce.py:78] Failed to initialize FlashInfer All Reduce workspace: [SymmDeviceMemory] Device does not support multicasting.. This is expected on GPUs without NVSwitch (e.g., NVLink bridge-only or PCIe topologies).
(Worker_PP2_TP0 pid=1115783) WARNING 08-22 18:18:42 [flashinfer_all_reduce.py:78] Failed to initialize FlashInfer All Reduce workspace: [SymmDeviceMemory] Device does not support multicasting.. This is expected on GPUs without NVSwitch (e.g., NVLink bridge-only or PCIe topologies).
(Worker_PP2_TP1 pid=1115784) [k3t r?] step=22 tok=1 step=144.44ms | KDA: n=22 attn=28.6ms mlp=65.0ms other=0.5ms tot=94.2ms | full: n=9 attn=19.6ms mlp=30.3ms other=0.2ms tot=50.2ms | ALL: attn=48.2ms mlp=95.3ms model=144.4ms
(Worker_PP2_TP0 pid=1115783) [k3t r?] step=22 tok=1 step=144.44ms | KDA: n=22 attn=28.6ms mlp=65.0ms other=0.5ms tot=94.2ms | full: n=9 attn=19.6ms mlp=30.3ms other=0.2ms tot=50.2ms | ALL: attn=48.2ms mlp=95.3ms model=144.4ms
(Worker_PP2_TP2 pid=1115785) [k3t r?] step=22 tok=1 step=144.44ms | KDA: n=22 attn=28.6ms mlp=65.0ms other=0.6ms tot=94.2ms | full: n=9 attn=19.6ms mlp=30.3ms other=0.2ms tot=50.2ms | ALL: attn=48.2ms mlp=95.3ms model=144.4ms
(Worker_PP2_TP5 pid=1115788) [k3t r?] step=22 tok=1 step=144.44ms | KDA: n=22 attn=28.6ms mlp=65.0ms other=0.6ms tot=94.2ms | full: n=9 attn=19.6ms mlp=30.3ms other=0.2ms tot=50.2ms | ALL: attn=48.2ms mlp=95.3ms model=144.4ms
(Worker_PP2_TP7 pid=1115790) [k3t r?] step=22 tok=1 step=144.44ms | KDA: n=22 attn=28.6ms mlp=65.0ms other=0.6ms tot=94.2ms | full: n=9 attn=19.6ms mlp=30.3ms other=0.2ms tot=50.2ms | ALL: attn=48.2ms mlp=95.3ms model=144.4ms
(Worker_PP2_TP3 pid=1115786) [k3t r?] step=22 tok=1 step=144.44ms | KDA: n=22 attn=28.6ms mlp=65.0ms other=0.6ms tot=94.2ms | full: n=9 attn=19.6ms mlp=30.3ms other=0.2ms tot=50.2ms | ALL: attn=48.2ms mlp=95.3ms model=144.4ms
(Worker_PP2_TP4 pid=1115787) [k3t r?] step=22 tok=1 step=144.44ms | KDA: n=22 attn=26.1ms mlp=64.8ms other=3.1ms tot=94.0ms | full: n=9 attn=18.4ms mlp=29.2ms other=2.2ms tot=49.8ms | ALL: attn=44.4ms mlp=94.0ms model=144.4ms
(Worker_PP2_TP6 pid=1115789) [k3t r?] step=22 tok=1 step=145.10ms | KDA: n=22 attn=17.6ms mlp=64.1ms other=10.9ms tot=92.6ms | full: n=9 attn=15.0ms mlp=27.4ms other=7.1ms tot=49.5ms | ALL: attn=32.6ms mlp=91.5ms model=145.1ms
(Worker_PP2_TP5 pid=1115788) [k3t r?] logits=1.7ms step_tot=147.4ms
(Worker_PP2_TP1 pid=1115784) [k3t r?] logits=1.7ms step_tot=147.4ms
(Worker_PP2_TP7 pid=1115790) [k3t r?] logits=1.6ms step_tot=147.4ms
(Worker_PP2_TP0 pid=1115783) [k3t r?] logits=1.5ms step_tot=147.4ms
(Worker_PP2_TP2 pid=1115785) [k3t r?] logits=1.7ms step_tot=147.4ms
(Worker_PP2_TP3 pid=1115786) [k3t r?] logits=1.6ms step_tot=147.4ms
(Worker_PP2_TP4 pid=1115787) [k3t r?] logits=1.1ms step_tot=147.4ms
(Worker_PP2_TP6 pid=1115789) [k3t r?] logits=0.6ms step_tot=147.5ms
(Worker_PP2_TP0 pid=1115783) WARNING 08-22 18:18:42 [flashinfer_all_reduce.py:78] Failed to initialize FlashInfer All Reduce workspace: [SymmDeviceMemory] Device does not support multicasting.. This is expected on GPUs without NVSwitch (e.g., NVLink bridge-only or PCIe topologies).
(Worker_PP2_TP0 pid=1115783) WARNING 08-22 18:18:42 [flashinfer_all_reduce.py:78] Failed to initialize FlashInfer All Reduce workspace: [SymmDeviceMemory] Device does not support multicasting.. This is expected on GPUs without NVSwitch (e.g., NVLink bridge-only or PCIe topologies).
(Worker_PP2_TP0 pid=1115783) WARNING 08-22 18:18:42 [flashinfer_all_reduce.py:78] Failed to initialize FlashInfer All Reduce workspace: [SymmDeviceMemory] Device does not support multicasting.. This is expected on GPUs without NVSwitch (e.g., NVLink bridge-only or PCIe topologies).
(Worker_PP2_TP0 pid=1115783) WARNING 08-22 18:18:42 [flashinfer_all_reduce.py:78] Failed to initialize FlashInfer All Reduce workspace: [SymmDeviceMemory] Device does not support multicasting.. This is expected on GPUs without NVSwitch (e.g., NVLink bridge-only or PCIe topologies).
(Worker_PP2_TP0 pid=1115783) WARNING 08-22 18:18:42 [flashinfer_all_reduce.py:78] Failed to initialize FlashInfer All Reduce workspace: [SymmDeviceMemory] Device does not support multicasting.. This is expected on GPUs without NVSwitch (e.g., NVLink bridge-only or PCIe topologies).
(Worker_PP2_TP0 pid=1115783) WARNING 08-22 18:18:42 [flashinfer_all_reduce.py:78] Failed to initialize FlashInfer All Reduce workspace: [SymmDeviceMemory] Device does not support multicasting.. This is expected on GPUs without NVSwitch (e.g., NVLink bridge-only or PCIe topologies).
(Worker_PP2_TP0 pid=1115783) WARNING 08-22 18:18:42 [flashinfer_all_reduce.py:78] Failed to initialize FlashInfer All Reduce workspace: [SymmDeviceMemory] Device does not support multicasting.. This is expected on GPUs without NVSwitch (e.g., NVLink bridge-only or PCIe topologies).
(Worker_PP2_TP0 pid=1115783) WARNING 08-22 18:18:42 [flashinfer_all_reduce.py:78] Failed to initialize FlashInfer All Reduce workspace: [SymmDeviceMemory] Device does not support multicasting.. This is expected on GPUs without NVSwitch (e.g., NVLink bridge-only or PCIe topologies).
(Worker_PP2_TP0 pid=1115783) WARNING 08-22 18:18:42 [flashinfer_all_reduce.py:78] Failed to initialize FlashInfer All Reduce workspace: [SymmDeviceMemory] Device does not support multicasting.. This is expected on GPUs without NVSwitch (e.g., NVLink bridge-only or PCIe topologies).
(Worker_PP2_TP0 pid=1115783) WARNING 08-22 18:18:42 [flashinfer_all_reduce.py:78] Failed to initialize FlashInfer All Reduce workspace: [SymmDeviceMemory] Device does not support multicasting.. This is expected on GPUs without NVSwitch (e.g., NVLink bridge-only or PCIe topologies).
(Worker_PP2_TP0 pid=1115783) WARNING 08-22 18:18:42 [flashinfer_all_reduce.py:78] Failed to initialize FlashInfer All Reduce workspace: [SymmDeviceMemory] Device does not support multicasting.. This is expected on GPUs without NVSwitch (e.g., NVLink bridge-only or PCIe topologies).
(Worker_PP2_TP0 pid=1115783) WARNING 08-22 18:18:42 [flashinfer_all_reduce.py:78] Failed to initialize FlashInfer All Reduce workspace: [SymmDeviceMemory] Device does not support multicasting.. This is expected on GPUs without NVSwitch (e.g., NVLink bridge-only or PCIe topologies).
(Worker_PP2_TP0 pid=1115783) WARNING 08-22 18:18:42 [flashinfer_all_reduce.py:78] Failed to initialize FlashInfer All Reduce workspace: [SymmDeviceMemory] Device does not support multicasting.. This is expected on GPUs without NVSwitch (e.g., NVLink bridge-only or PCIe topologies).
(Worker_PP2_TP0 pid=1115783) WARNING 08-22 18:18:42 [flashinfer_all_reduce.py:78] Failed to initialize FlashInfer All Reduce workspace: [SymmDeviceMemory] Device does not support multicasting.. This is expected on GPUs without NVSwitch (e.g., NVLink bridge-only or PCIe topologies).
(Worker_PP2_TP0 pid=1115783) WARNING 08-22 18:18:42 [flashinfer_all_reduce.py:78] Failed to initialize FlashInfer All Reduce workspace: [SymmDeviceMemory] Device does not support multicasting.. This is expected on GPUs without NVSwitch (e.g., NVLink bridge-only or PCIe topologies).
(Worker_PP2_TP0 pid=1115783) WARNING 08-22 18:18:42 [flashinfer_all_reduce.py:78] Failed to initialize FlashInfer All Reduce workspace: [SymmDeviceMemory] Device does not support multicasting.. This is expected on GPUs without NVSwitch (e.g., NVLink bridge-only or PCIe topologies).
(Worker_PP2_TP0 pid=1115783) WARNING 08-22 18:18:42 [flashinfer_all_reduce.py:78] Failed to initialize FlashInfer All Reduce workspace: [SymmDeviceMemory] Device does not support multicasting.. This is expected on GPUs without NVSwitch (e.g., NVLink bridge-only or PCIe topologies).
(Worker_PP2_TP0 pid=1115783) WARNING 08-22 18:18:42 [flashinfer_all_reduce.py:78] Failed to initialize FlashInfer All Reduce workspace: [SymmDeviceMemory] Device does not support multicasting.. This is expected on GPUs without NVSwitch (e.g., NVLink bridge-only or PCIe topologies).
(Worker_PP2_TP0 pid=1115783) WARNING 08-22 18:18:42 [flashinfer_all_reduce.py:78] Failed to initialize FlashInfer All Reduce workspace: [SymmDeviceMemory] Device does not support multicasting.. This is expected on GPUs without NVSwitch (e.g., NVLink bridge-only or PCIe topologies).
(Worker_PP2_TP0 pid=1115783) WARNING 08-22 18:18:42 [flashinfer_all_reduce.py:78] Failed to initialize FlashInfer All Reduce workspace: [SymmDeviceMemory] Device does not support multicasting.. This is expected on GPUs without NVSwitch (e.g., NVLink bridge-only or PCIe topologies).
(Worker_PP2_TP0 pid=1115783) WARNING 08-22 18:18:42 [flashinfer_all_reduce.py:78] Failed to initialize FlashInfer All Reduce workspace: [SymmDeviceMemory] Device does not support multicasting.. This is expected on GPUs without NVSwitch (e.g., NVLink bridge-only or PCIe topologies).
(Worker_PP2_TP0 pid=1115783) WARNING 08-22 18:18:42 [flashinfer_all_reduce.py:78] Failed to initialize FlashInfer All Reduce workspace: [SymmDeviceMemory] Device does not support multicasting.. This is expected on GPUs without NVSwitch (e.g., NVLink bridge-only or PCIe topologies).
(Worker_PP2_TP0 pid=1115783) WARNING 08-22 18:18:42 [flashinfer_all_reduce.py:78] Failed to initialize FlashInfer All Reduce workspace: [SymmDeviceMemory] Device does not support multicasting.. This is expected on GPUs without NVSwitch (e.g., NVLink bridge-only or PCIe topologies).
(Worker_PP2_TP0 pid=1115783) WARNING 08-22 18:18:42 [flashinfer_all_reduce.py:78] Failed to initialize FlashInfer All Reduce workspace: [SymmDeviceMemory] Device does not support multicasting.. This is expected on GPUs without NVSwitch (e.g., NVLink bridge-only or PCIe topologies).
(Worker_PP2_TP0 pid=1115783) WARNING 08-22 18:18:42 [flashinfer_all_reduce.py:78] Failed to initialize FlashInfer All Reduce workspace: [SymmDeviceMemory] Device does not support multicasting.. This is expected on GPUs without NVSwitch (e.g., NVLink bridge-only or PCIe topologies).
(Worker_PP2_TP0 pid=1115783) WARNING 08-22 18:18:42 [flashinfer_all_reduce.py:78] Failed to initialize FlashInfer All Reduce workspace: [SymmDeviceMemory] Device does not support multicasting.. This is expected on GPUs without NVSwitch (e.g., NVLink bridge-only or PCIe topologies).
(Worker_PP2_TP0 pid=1115783) WARNING 08-22 18:18:42 [flashinfer_all_reduce.py:78] Failed to initialize FlashInfer All Reduce workspace: [SymmDeviceMemory] Device does not support multicasting.. This is expected on GPUs without NVSwitch (e.g., NVLink bridge-only or PCIe topologies).
(Worker_PP2_TP0 pid=1115783) WARNING 08-22 18:18:42 [flashinfer_all_reduce.py:78] Failed to initialize FlashInfer All Reduce workspace: [SymmDeviceMemory] Device does not support multicasting.. This is expected on GPUs without NVSwitch (e.g., NVLink bridge-only or PCIe topologies).
(Worker_PP2_TP0 pid=1115783) WARNING 08-22 18:18:42 [flashinfer_all_reduce.py:78] Failed to initialize FlashInfer All Reduce workspace: [SymmDeviceMemory] Device does not support multicasting.. This is expected on GPUs without NVSwitch (e.g., NVLink bridge-only or PCIe topologies).
(Worker_PP2_TP0 pid=1115783) WARNING 08-22 18:18:42 [flashinfer_all_reduce.py:78] Failed to initialize FlashInfer All Reduce workspace: [SymmDeviceMemory] Device does not support multicasting.. This is expected on GPUs without NVSwitch (e.g., NVLink bridge-only or PCIe topologies).
(Worker_PP2_TP0 pid=1115783) WARNING 08-22 18:18:42 [flashinfer_all_reduce.py:78] Failed to initialize FlashInfer All Reduce workspace: [SymmDeviceMemory] Device does not support multicasting.. This is expected on GPUs without NVSwitch (e.g., NVLink bridge-only or PCIe topologies).
(Worker_PP2_TP2 pid=1115785) [k3t r?] step=23 tok=1 step=143.15ms | KDA: n=22 attn=28.0ms mlp=66.5ms other=0.6ms tot=95.0ms | full: n=9 attn=20.3ms mlp=27.5ms other=0.2ms tot=48.0ms | ALL: attn=48.3ms mlp=94.0ms model=143.2ms
(Worker_PP2_TP1 pid=1115784) [k3t r?] step=23 tok=1 step=143.15ms | KDA: n=22 attn=28.0ms mlp=66.5ms other=0.6ms tot=95.1ms | full: n=9 attn=20.3ms mlp=27.5ms other=0.2ms tot=48.0ms | ALL: attn=48.3ms mlp=94.0ms model=143.2ms
(Worker_PP2_TP0 pid=1115783) [k3t r?] step=23 tok=1 step=143.15ms | KDA: n=22 attn=28.0ms mlp=66.2ms other=0.9ms tot=95.1ms | full: n=9 attn=20.3ms mlp=27.5ms other=0.2ms tot=48.0ms | ALL: attn=48.3ms mlp=93.7ms model=143.1ms
(Worker_PP2_TP7 pid=1115790) [k3t r?] step=23 tok=1 step=143.15ms | KDA: n=22 attn=28.0ms mlp=66.5ms other=0.5ms tot=95.1ms | full: n=9 attn=20.3ms mlp=27.5ms other=0.2ms tot=48.0ms | ALL: attn=48.3ms mlp=94.0ms model=143.2ms
(Worker_PP2_TP3 pid=1115786) [k3t r?] step=23 tok=1 step=143.15ms | KDA: n=22 attn=28.0ms mlp=66.5ms other=0.6ms tot=95.1ms | full: n=9 attn=20.3ms mlp=27.5ms other=0.2ms tot=48.0ms | ALL: attn=48.3ms mlp=94.0ms model=143.2ms
(Worker_PP2_TP5 pid=1115788) [k3t r?] step=23 tok=1 step=143.15ms | KDA: n=22 attn=28.0ms mlp=66.5ms other=0.6ms tot=95.1ms | full: n=9 attn=20.3ms mlp=27.5ms other=0.2ms tot=48.0ms | ALL: attn=48.3ms mlp=94.0ms model=143.2ms
(Worker_PP2_TP4 pid=1115787) [k3t r?] step=23 tok=1 step=143.15ms | KDA: n=22 attn=25.5ms mlp=66.4ms other=3.0ms tot=94.9ms | full: n=9 attn=18.9ms mlp=27.3ms other=1.3ms tot=47.5ms | ALL: attn=44.3ms mlp=93.8ms model=143.2ms
(Worker_PP2_TP6 pid=1115789) [k3t r?] step=23 tok=1 step=143.82ms | KDA: n=22 attn=15.2ms mlp=65.6ms other=12.5ms tot=93.3ms | full: n=9 attn=14.0ms mlp=26.4ms other=6.9ms tot=47.2ms | ALL: attn=29.1ms mlp=92.0ms model=143.8ms
(Worker_PP2_TP0 pid=1115783) [k3t r?] logits=1.5ms step_tot=145.9ms
(Worker_PP2_TP1 pid=1115784) [k3t r?] logits=1.5ms step_tot=145.9ms
(Worker_PP2_TP7 pid=1115790) [k3t r?] logits=1.4ms step_tot=145.9ms
(Worker_PP2_TP2 pid=1115785) [k3t r?] logits=1.5ms step_tot=145.9ms
(Worker_PP2_TP5 pid=1115788) [k3t r?] logits=1.3ms step_tot=145.9ms
(Worker_PP2_TP3 pid=1115786) [k3t r?] logits=1.4ms step_tot=145.9ms
(Worker_PP2_TP4 pid=1115787) [k3t r?] logits=1.0ms step_tot=145.9ms
(Worker_PP2_TP6 pid=1115789) [k3t r?] logits=0.5ms step_tot=146.0ms
(Worker_PP2_TP0 pid=1115783) WARNING 08-22 18:18:43 [flashinfer_all_reduce.py:78] Failed to initialize FlashInfer All Reduce workspace: [SymmDeviceMemory] Device does not support multicasting.. This is expected on GPUs without NVSwitch (e.g., NVLink bridge-only or PCIe topologies).
(Worker_PP2_TP0 pid=1115783) WARNING 08-22 18:18:43 [flashinfer_all_reduce.py:78] Failed to initialize FlashInfer All Reduce workspace: [SymmDeviceMemory] Device does not support multicasting.. This is expected on GPUs without NVSwitch (e.g., NVLink bridge-only or PCIe topologies).
(Worker_PP2_TP0 pid=1115783) WARNING 08-22 18:18:43 [flashinfer_all_reduce.py:78] Failed to initialize FlashInfer All Reduce workspace: [SymmDeviceMemory] Device does not support multicasting.. This is expected on GPUs without NVSwitch (e.g., NVLink bridge-only or PCIe topologies).
(Worker_PP2_TP0 pid=1115783) WARNING 08-22 18:18:43 [flashinfer_all_reduce.py:78] Failed to initialize FlashInfer All Reduce workspace: [SymmDeviceMemory] Device does not support multicasting.. This is expected on GPUs without NVSwitch (e.g., NVLink bridge-only or PCIe topologies).
(Worker_PP2_TP0 pid=1115783) WARNING 08-22 18:18:43 [flashinfer_all_reduce.py:78] Failed to initialize FlashInfer All Reduce workspace: [SymmDeviceMemory] Device does not support multicasting.. This is expected on GPUs without NVSwitch (e.g., NVLink bridge-only or PCIe topologies).
(Worker_PP2_TP0 pid=1115783) WARNING 08-22 18:18:43 [flashinfer_all_reduce.py:78] Failed to initialize FlashInfer All Reduce workspace: [SymmDeviceMemory] Device does not support multicasting.. This is expected on GPUs without NVSwitch (e.g., NVLink bridge-only or PCIe topologies).
(Worker_PP2_TP0 pid=1115783) WARNING 08-22 18:18:43 [flashinfer_all_reduce.py:78] Failed to initialize FlashInfer All Reduce workspace: [SymmDeviceMemory] Device does not support multicasting.. This is expected on GPUs without NVSwitch (e.g., NVLink bridge-only or PCIe topologies).
(Worker_PP2_TP0 pid=1115783) WARNING 08-22 18:18:43 [flashinfer_all_reduce.py:78] Failed to initialize FlashInfer All Reduce workspace: [SymmDeviceMemory] Device does not support multicasting.. This is expected on GPUs without NVSwitch (e.g., NVLink bridge-only or PCIe topologies).
(Worker_PP2_TP0 pid=1115783) WARNING 08-22 18:18:43 [flashinfer_all_reduce.py:78] Failed to initialize FlashInfer All Reduce workspace: [SymmDeviceMemory] Device does not support multicasting.. This is expected on GPUs without NVSwitch (e.g., NVLink bridge-only or PCIe topologies).
(Worker_PP2_TP0 pid=1115783) WARNING 08-22 18:18:43 [flashinfer_all_reduce.py:78] Failed to initialize FlashInfer All Reduce workspace: [SymmDeviceMemory] Device does not support multicasting.. This is expected on GPUs without NVSwitch (e.g., NVLink bridge-only or PCIe topologies).
(Worker_PP2_TP0 pid=1115783) WARNING 08-22 18:18:43 [flashinfer_all_reduce.py:78] Failed to initialize FlashInfer All Reduce workspace: [SymmDeviceMemory] Device does not support multicasting.. This is expected on GPUs without NVSwitch (e.g., NVLink bridge-only or PCIe topologies).
(Worker_PP2_TP0 pid=1115783) WARNING 08-22 18:18:43 [flashinfer_all_reduce.py:78] Failed to initialize FlashInfer All Reduce workspace: [SymmDeviceMemory] Device does not support multicasting.. This is expected on GPUs without NVSwitch (e.g., NVLink bridge-only or PCIe topologies).
(Worker_PP2_TP0 pid=1115783) WARNING 08-22 18:18:43 [flashinfer_all_reduce.py:78] Failed to initialize FlashInfer All Reduce workspace: [SymmDeviceMemory] Device does not support multicasting.. This is expected on GPUs without NVSwitch (e.g., NVLink bridge-only or PCIe topologies).
(Worker_PP2_TP0 pid=1115783) WARNING 08-22 18:18:43 [flashinfer_all_reduce.py:78] Failed to initialize FlashInfer All Reduce workspace: [SymmDeviceMemory] Device does not support multicasting.. This is expected on GPUs without NVSwitch (e.g., NVLink bridge-only or PCIe topologies).
(Worker_PP2_TP0 pid=1115783) WARNING 08-22 18:18:43 [flashinfer_all_reduce.py:78] Failed to initialize FlashInfer All Reduce workspace: [SymmDeviceMemory] Device does not support multicasting.. This is expected on GPUs without NVSwitch (e.g., NVLink bridge-only or PCIe topologies).
(Worker_PP2_TP0 pid=1115783) WARNING 08-22 18:18:43 [flashinfer_all_reduce.py:78] Failed to initialize FlashInfer All Reduce workspace: [SymmDeviceMemory] Device does not support multicasting.. This is expected on GPUs without NVSwitch (e.g., NVLink bridge-only or PCIe topologies).
(Worker_PP2_TP0 pid=1115783) WARNING 08-22 18:18:43 [flashinfer_all_reduce.py:78] Failed to initialize FlashInfer All Reduce workspace: [SymmDeviceMemory] Device does not support multicasting.. This is expected on GPUs without NVSwitch (e.g., NVLink bridge-only or PCIe topologies).
(Worker_PP2_TP0 pid=1115783) WARNING 08-22 18:18:43 [flashinfer_all_reduce.py:78] Failed to initialize FlashInfer All Reduce workspace: [SymmDeviceMemory] Device does not support multicasting.. This is expected on GPUs without NVSwitch (e.g., NVLink bridge-only or PCIe topologies).
(Worker_PP2_TP0 pid=1115783) WARNING 08-22 18:18:43 [flashinfer_all_reduce.py:78] Failed to initialize FlashInfer All Reduce workspace: [SymmDeviceMemory] Device does not support multicasting.. This is expected on GPUs without NVSwitch (e.g., NVLink bridge-only or PCIe topologies).
(Worker_PP2_TP0 pid=1115783) WARNING 08-22 18:18:43 [flashinfer_all_reduce.py:78] Failed to initialize FlashInfer All Reduce workspace: [SymmDeviceMemory] Device does not support multicasting.. This is expected on GPUs without NVSwitch (e.g., NVLink bridge-only or PCIe topologies).
(Worker_PP2_TP0 pid=1115783) WARNING 08-22 18:18:43 [flashinfer_all_reduce.py:78] Failed to initialize FlashInfer All Reduce workspace: [SymmDeviceMemory] Device does not support multicasting.. This is expected on GPUs without NVSwitch (e.g., NVLink bridge-only or PCIe topologies).
(Worker_PP2_TP0 pid=1115783) WARNING 08-22 18:18:43 [flashinfer_all_reduce.py:78] Failed to initialize FlashInfer All Reduce workspace: [SymmDeviceMemory] Device does not support multicasting.. This is expected on GPUs without NVSwitch (e.g., NVLink bridge-only or PCIe topologies).
(Worker_PP2_TP0 pid=1115783) WARNING 08-22 18:18:43 [flashinfer_all_reduce.py:78] Failed to initialize FlashInfer All Reduce workspace: [SymmDeviceMemory] Device does not support multicasting.. This is expected on GPUs without NVSwitch (e.g., NVLink bridge-only or PCIe topologies).
(Worker_PP2_TP0 pid=1115783) WARNING 08-22 18:18:43 [flashinfer_all_reduce.py:78] Failed to initialize FlashInfer All Reduce workspace: [SymmDeviceMemory] Device does not support multicasting.. This is expected on GPUs without NVSwitch (e.g., NVLink bridge-only or PCIe topologies).
(Worker_PP2_TP0 pid=1115783) WARNING 08-22 18:18:43 [flashinfer_all_reduce.py:78] Failed to initialize FlashInfer All Reduce workspace: [SymmDeviceMemory] Device does not support multicasting.. This is expected on GPUs without NVSwitch (e.g., NVLink bridge-only or PCIe topologies).
(Worker_PP2_TP0 pid=1115783) WARNING 08-22 18:18:43 [flashinfer_all_reduce.py:78] Failed to initialize FlashInfer All Reduce workspace: [SymmDeviceMemory] Device does not support multicasting.. This is expected on GPUs without NVSwitch (e.g., NVLink bridge-only or PCIe topologies).
(Worker_PP2_TP0 pid=1115783) WARNING 08-22 18:18:43 [flashinfer_all_reduce.py:78] Failed to initialize FlashInfer All Reduce workspace: [SymmDeviceMemory] Device does not support multicasting.. This is expected on GPUs without NVSwitch (e.g., NVLink bridge-only or PCIe topologies).
(Worker_PP2_TP0 pid=1115783) WARNING 08-22 18:18:43 [flashinfer_all_reduce.py:78] Failed to initialize FlashInfer All Reduce workspace: [SymmDeviceMemory] Device does not support multicasting.. This is expected on GPUs without NVSwitch (e.g., NVLink bridge-only or PCIe topologies).
(Worker_PP2_TP0 pid=1115783) WARNING 08-22 18:18:43 [flashinfer_all_reduce.py:78] Failed to initialize FlashInfer All Reduce workspace: [SymmDeviceMemory] Device does not support multicasting.. This is expected on GPUs without NVSwitch (e.g., NVLink bridge-only or PCIe topologies).
(Worker_PP2_TP0 pid=1115783) WARNING 08-22 18:18:43 [flashinfer_all_reduce.py:78] Failed to initialize FlashInfer All Reduce workspace: [SymmDeviceMemory] Device does not support multicasting.. This is expected on GPUs without NVSwitch (e.g., NVLink bridge-only or PCIe topologies).
(Worker_PP2_TP0 pid=1115783) WARNING 08-22 18:18:43 [flashinfer_all_reduce.py:78] Failed to initialize FlashInfer All Reduce workspace: [SymmDeviceMemory] Device does not support multicasting.. This is expected on GPUs without NVSwitch (e.g., NVLink bridge-only or PCIe topologies).
(Worker_PP2_TP0 pid=1115783) [k3t r?] step=24 tok=1 step=138.31ms | KDA: n=22 attn=27.4ms mlp=64.7ms other=0.6ms tot=92.7ms | full: n=9 attn=19.1ms mlp=26.2ms other=0.2ms tot=45.5ms | ALL: attn=46.5ms mlp=90.9ms model=138.3ms
(Worker_PP2_TP2 pid=1115785) [k3t r?] step=24 tok=1 step=138.30ms | KDA: n=22 attn=27.4ms mlp=64.7ms other=0.6ms tot=92.7ms | full: n=9 attn=19.1ms mlp=26.2ms other=0.2ms tot=45.5ms | ALL: attn=46.5ms mlp=90.9ms model=138.3ms
(Worker_PP2_TP1 pid=1115784) [k3t r?] step=24 tok=1 step=138.30ms | KDA: n=22 attn=27.4ms mlp=64.7ms other=0.6ms tot=92.7ms | full: n=9 attn=19.1ms mlp=26.2ms other=0.2ms tot=45.5ms | ALL: attn=46.5ms mlp=90.9ms model=138.3ms
(Worker_PP2_TP7 pid=1115790) [k3t r?] step=24 tok=1 step=138.30ms | KDA: n=22 attn=27.4ms mlp=64.7ms other=0.6ms tot=92.7ms | full: n=9 attn=19.1ms mlp=26.2ms other=0.2ms tot=45.5ms | ALL: attn=46.5ms mlp=90.9ms model=138.3ms
(Worker_PP2_TP3 pid=1115786) [k3t r?] step=24 tok=1 step=138.30ms | KDA: n=22 attn=27.3ms mlp=64.8ms other=0.6ms tot=92.7ms | full: n=9 attn=19.1ms mlp=26.2ms other=0.2ms tot=45.5ms | ALL: attn=46.5ms mlp=91.0ms model=138.3ms
(Worker_PP2_TP5 pid=1115788) [k3t r?] step=24 tok=1 step=138.30ms | KDA: n=22 attn=27.4ms mlp=64.8ms other=0.5ms tot=92.7ms | full: n=9 attn=19.1ms mlp=26.2ms other=0.2ms tot=45.5ms | ALL: attn=46.5ms mlp=90.9ms model=138.3ms
(Worker_PP2_TP4 pid=1115787) [k3t r?] step=24 tok=1 step=139.01ms | KDA: n=22 attn=15.6ms mlp=63.2ms other=12.0ms tot=90.7ms | full: n=9 attn=14.3ms mlp=25.7ms other=5.0ms tot=45.0ms | ALL: attn=29.9ms mlp=88.9ms model=139.0ms
(Worker_PP2_TP6 pid=1115789) [k3t r?] step=24 tok=1 step=139.00ms | KDA: n=22 attn=15.1ms mlp=63.3ms other=12.4ms tot=90.8ms | full: n=9 attn=14.0ms mlp=25.5ms other=5.3ms tot=44.8ms | ALL: attn=29.0ms mlp=88.8ms model=139.0ms
(Worker_PP2_TP5 pid=1115788) [k3t r?] logits=1.5ms step_tot=141.1ms
(Worker_PP2_TP3 pid=1115786) [k3t r?] logits=1.6ms step_tot=141.1ms
(Worker_PP2_TP2 pid=1115785) [k3t r?] logits=1.6ms step_tot=141.1ms
(Worker_PP2_TP7 pid=1115790) [k3t r?] logits=1.6ms step_tot=141.1ms
(Worker_PP2_TP0 pid=1115783) [k3t r?] logits=1.6ms step_tot=141.1ms
(Worker_PP2_TP1 pid=1115784) [k3t r?] logits=1.6ms step_tot=141.1ms
(Worker_PP2_TP4 pid=1115787) [k3t r?] logits=0.6ms step_tot=141.3ms
(Worker_PP2_TP6 pid=1115789) [k3t r?] logits=0.6ms step_tot=141.3ms
(Worker_PP2_TP0 pid=1115783) WARNING 08-22 18:18:43 [flashinfer_all_reduce.py:78] Failed to initialize FlashInfer All Reduce workspace: [SymmDeviceMemory] Device does not support multicasting.. This is expected on GPUs without NVSwitch (e.g., NVLink bridge-only or PCIe topologies).
(Worker_PP2_TP0 pid=1115783) WARNING 08-22 18:18:43 [flashinfer_all_reduce.py:78] Failed to initialize FlashInfer All Reduce workspace: [SymmDeviceMemory] Device does not support multicasting.. This is expected on GPUs without NVSwitch (e.g., NVLink bridge-only or PCIe topologies).
(Worker_PP2_TP0 pid=1115783) WARNING 08-22 18:18:43 [flashinfer_all_reduce.py:78] Failed to initialize FlashInfer All Reduce workspace: [SymmDeviceMemory] Device does not support multicasting.. This is expected on GPUs without NVSwitch (e.g., NVLink bridge-only or PCIe topologies).
(Worker_PP2_TP0 pid=1115783) WARNING 08-22 18:18:43 [flashinfer_all_reduce.py:78] Failed to initialize FlashInfer All Reduce workspace: [SymmDeviceMemory] Device does not support multicasting.. This is expected on GPUs without NVSwitch (e.g., NVLink bridge-only or PCIe topologies).
(Worker_PP2_TP0 pid=1115783) WARNING 08-22 18:18:43 [flashinfer_all_reduce.py:78] Failed to initialize FlashInfer All Reduce workspace: [SymmDeviceMemory] Device does not support multicasting.. This is expected on GPUs without NVSwitch (e.g., NVLink bridge-only or PCIe topologies).
(Worker_PP2_TP0 pid=1115783) WARNING 08-22 18:18:43 [flashinfer_all_reduce.py:78] Failed to initialize FlashInfer All Reduce workspace: [SymmDeviceMemory] Device does not support multicasting.. This is expected on GPUs without NVSwitch (e.g., NVLink bridge-only or PCIe topologies).
(Worker_PP2_TP0 pid=1115783) WARNING 08-22 18:18:43 [flashinfer_all_reduce.py:78] Failed to initialize FlashInfer All Reduce workspace: [SymmDeviceMemory] Device does not support multicasting.. This is expected on GPUs without NVSwitch (e.g., NVLink bridge-only or PCIe topologies).
(Worker_PP2_TP0 pid=1115783) WARNING 08-22 18:18:43 [flashinfer_all_reduce.py:78] Failed to initialize FlashInfer All Reduce workspace: [SymmDeviceMemory] Device does not support multicasting.. This is expected on GPUs without NVSwitch (e.g., NVLink bridge-only or PCIe topologies).
(Worker_PP2_TP0 pid=1115783) WARNING 08-22 18:18:43 [flashinfer_all_reduce.py:78] Failed to initialize FlashInfer All Reduce workspace: [SymmDeviceMemory] Device does not support multicasting.. This is expected on GPUs without NVSwitch (e.g., NVLink bridge-only or PCIe topologies).
(Worker_PP2_TP0 pid=1115783) WARNING 08-22 18:18:43 [flashinfer_all_reduce.py:78] Failed to initialize FlashInfer All Reduce workspace: [SymmDeviceMemory] Device does not support multicasting.. This is expected on GPUs without NVSwitch (e.g., NVLink bridge-only or PCIe topologies).
(Worker_PP2_TP0 pid=1115783) WARNING 08-22 18:18:43 [flashinfer_all_reduce.py:78] Failed to initialize FlashInfer All Reduce workspace: [SymmDeviceMemory] Device does not support multicasting.. This is expected on GPUs without NVSwitch (e.g., NVLink bridge-only or PCIe topologies).
(Worker_PP2_TP0 pid=1115783) WARNING 08-22 18:18:43 [flashinfer_all_reduce.py:78] Failed to initialize FlashInfer All Reduce workspace: [SymmDeviceMemory] Device does not support multicasting.. This is expected on GPUs without NVSwitch (e.g., NVLink bridge-only or PCIe topologies).
(Worker_PP2_TP0 pid=1115783) WARNING 08-22 18:18:43 [flashinfer_all_reduce.py:78] Failed to initialize FlashInfer All Reduce workspace: [SymmDeviceMemory] Device does not support multicasting.. This is expected on GPUs without NVSwitch (e.g., NVLink bridge-only or PCIe topologies).
(Worker_PP2_TP0 pid=1115783) WARNING 08-22 18:18:43 [flashinfer_all_reduce.py:78] Failed to initialize FlashInfer All Reduce workspace: [SymmDeviceMemory] Device does not support multicasting.. This is expected on GPUs without NVSwitch (e.g., NVLink bridge-only or PCIe topologies).
(Worker_PP2_TP0 pid=1115783) WARNING 08-22 18:18:43 [flashinfer_all_reduce.py:78] Failed to initialize FlashInfer All Reduce workspace: [SymmDeviceMemory] Device does not support multicasting.. This is expected on GPUs without NVSwitch (e.g., NVLink bridge-only or PCIe topologies).
(Worker_PP2_TP0 pid=1115783) WARNING 08-22 18:18:43 [flashinfer_all_reduce.py:78] Failed to initialize FlashInfer All Reduce workspace: [SymmDeviceMemory] Device does not support multicasting.. This is expected on GPUs without NVSwitch (e.g., NVLink bridge-only or PCIe topologies).
(Worker_PP2_TP0 pid=1115783) WARNING 08-22 18:18:43 [flashinfer_all_reduce.py:78] Failed to initialize FlashInfer All Reduce workspace: [SymmDeviceMemory] Device does not support multicasting.. This is expected on GPUs without NVSwitch (e.g., NVLink bridge-only or PCIe topologies).
(Worker_PP2_TP0 pid=1115783) WARNING 08-22 18:18:43 [flashinfer_all_reduce.py:78] Failed to initialize FlashInfer All Reduce workspace: [SymmDeviceMemory] Device does not support multicasting.. This is expected on GPUs without NVSwitch (e.g., NVLink bridge-only or PCIe topologies).
(Worker_PP2_TP0 pid=1115783) WARNING 08-22 18:18:43 [flashinfer_all_reduce.py:78] Failed to initialize FlashInfer All Reduce workspace: [SymmDeviceMemory] Device does not support multicasting.. This is expected on GPUs without NVSwitch (e.g., NVLink bridge-only or PCIe topologies).
(Worker_PP2_TP0 pid=1115783) WARNING 08-22 18:18:43 [flashinfer_all_reduce.py:78] Failed to initialize FlashInfer All Reduce workspace: [SymmDeviceMemory] Device does not support multicasting.. This is expected on GPUs without NVSwitch (e.g., NVLink bridge-only or PCIe topologies).
(Worker_PP2_TP0 pid=1115783) WARNING 08-22 18:18:43 [flashinfer_all_reduce.py:78] Failed to initialize FlashInfer All Reduce workspace: [SymmDeviceMemory] Device does not support multicasting.. This is expected on GPUs without NVSwitch (e.g., NVLink bridge-only or PCIe topologies).
(Worker_PP2_TP0 pid=1115783) WARNING 08-22 18:18:43 [flashinfer_all_reduce.py:78] Failed to initialize FlashInfer All Reduce workspace: [SymmDeviceMemory] Device does not support multicasting.. This is expected on GPUs without NVSwitch (e.g., NVLink bridge-only or PCIe topologies).
(Worker_PP2_TP0 pid=1115783) WARNING 08-22 18:18:43 [flashinfer_all_reduce.py:78] Failed to initialize FlashInfer All Reduce workspace: [SymmDeviceMemory] Device does not support multicasting.. This is expected on GPUs without NVSwitch (e.g., NVLink bridge-only or PCIe topologies).
(Worker_PP2_TP0 pid=1115783) WARNING 08-22 18:18:43 [flashinfer_all_reduce.py:78] Failed to initialize FlashInfer All Reduce workspace: [SymmDeviceMemory] Device does not support multicasting.. This is expected on GPUs without NVSwitch (e.g., NVLink bridge-only or PCIe topologies).
(Worker_PP2_TP0 pid=1115783) WARNING 08-22 18:18:43 [flashinfer_all_reduce.py:78] Failed to initialize FlashInfer All Reduce workspace: [SymmDeviceMemory] Device does not support multicasting.. This is expected on GPUs without NVSwitch (e.g., NVLink bridge-only or PCIe topologies).
(Worker_PP2_TP0 pid=1115783) WARNING 08-22 18:18:43 [flashinfer_all_reduce.py:78] Failed to initialize FlashInfer All Reduce workspace: [SymmDeviceMemory] Device does not support multicasting.. This is expected on GPUs without NVSwitch (e.g., NVLink bridge-only or PCIe topologies).
(Worker_PP2_TP0 pid=1115783) WARNING 08-22 18:18:43 [flashinfer_all_reduce.py:78] Failed to initialize FlashInfer All Reduce workspace: [SymmDeviceMemory] Device does not support multicasting.. This is expected on GPUs without NVSwitch (e.g., NVLink bridge-only or PCIe topologies).
(Worker_PP2_TP0 pid=1115783) WARNING 08-22 18:18:43 [flashinfer_all_reduce.py:78] Failed to initialize FlashInfer All Reduce workspace: [SymmDeviceMemory] Device does not support multicasting.. This is expected on GPUs without NVSwitch (e.g., NVLink bridge-only or PCIe topologies).
(Worker_PP2_TP0 pid=1115783) WARNING 08-22 18:18:43 [flashinfer_all_reduce.py:78] Failed to initialize FlashInfer All Reduce workspace: [SymmDeviceMemory] Device does not support multicasting.. This is expected on GPUs without NVSwitch (e.g., NVLink bridge-only or PCIe topologies).
(Worker_PP2_TP0 pid=1115783) WARNING 08-22 18:18:43 [flashinfer_all_reduce.py:78] Failed to initialize FlashInfer All Reduce workspace: [SymmDeviceMemory] Device does not support multicasting.. This is expected on GPUs without NVSwitch (e.g., NVLink bridge-only or PCIe topologies).
(Worker_PP2_TP0 pid=1115783) WARNING 08-22 18:18:43 [flashinfer_all_reduce.py:78] Failed to initialize FlashInfer All Reduce workspace: [SymmDeviceMemory] Device does not support multicasting.. This is expected on GPUs without NVSwitch (e.g., NVLink bridge-only or PCIe topologies).
(Worker_PP2_TP5 pid=1115788) [k3t r?] step=25 tok=1 step=141.05ms | KDA: n=22 attn=27.6ms mlp=65.4ms other=0.6ms tot=93.6ms | full: n=9 attn=20.5ms mlp=26.6ms other=0.2ms tot=47.4ms | ALL: attn=48.1ms mlp=92.0ms model=141.1ms
(Worker_PP2_TP0 pid=1115783) [k3t r?] step=25 tok=1 step=141.06ms | KDA: n=22 attn=27.6ms mlp=65.4ms other=0.5ms tot=93.6ms | full: n=9 attn=20.5ms mlp=26.6ms other=0.2ms tot=47.4ms | ALL: attn=48.1ms mlp=92.1ms model=141.1ms
(Worker_PP2_TP7 pid=1115790) [k3t r?] step=25 tok=1 step=141.06ms | KDA: n=22 attn=27.6ms mlp=65.4ms other=0.6ms tot=93.6ms | full: n=9 attn=20.5ms mlp=26.6ms other=0.2ms tot=47.4ms | ALL: attn=48.1ms mlp=92.0ms model=141.1ms
(Worker_PP2_TP1 pid=1115784) [k3t r?] step=25 tok=1 step=141.05ms | KDA: n=22 attn=27.6ms mlp=65.4ms other=0.6ms tot=93.6ms | full: n=9 attn=20.5ms mlp=26.6ms other=0.2ms tot=47.4ms | ALL: attn=48.1ms mlp=92.0ms model=141.1ms
(Worker_PP2_TP3 pid=1115786) [k3t r?] step=25 tok=1 step=141.05ms | KDA: n=22 attn=27.6ms mlp=65.4ms other=0.6ms tot=93.6ms | full: n=9 attn=20.5ms mlp=26.6ms other=0.2ms tot=47.4ms | ALL: attn=48.1ms mlp=92.0ms model=141.1ms
(Worker_PP2_TP2 pid=1115785) [k3t r?] step=25 tok=1 step=141.05ms | KDA: n=22 attn=27.6ms mlp=65.4ms other=0.6ms tot=93.6ms | full: n=9 attn=20.5ms mlp=26.6ms other=0.2ms tot=47.4ms | ALL: attn=48.1ms mlp=92.0ms model=141.1ms
(Worker_PP2_TP4 pid=1115787) [k3t r?] step=25 tok=1 step=141.06ms | KDA: n=22 attn=25.0ms mlp=65.4ms other=3.2ms tot=93.6ms | full: n=9 attn=19.0ms mlp=26.6ms other=1.2ms tot=46.7ms | ALL: attn=44.1ms mlp=91.9ms model=141.1ms
(Worker_PP2_TP6 pid=1115789) [k3t r?] step=25 tok=1 step=141.62ms | KDA: n=22 attn=15.2ms mlp=63.9ms other=13.0ms tot=92.1ms | full: n=9 attn=15.2ms mlp=25.7ms other=5.4ms tot=46.4ms | ALL: attn=30.4ms mlp=89.6ms model=141.6ms
(Worker_PP2_TP5 pid=1115788) [k3t r?] logits=1.6ms step_tot=144.0ms
(Worker_PP2_TP2 pid=1115785) [k3t r?] logits=1.6ms step_tot=144.0ms
(Worker_PP2_TP3 pid=1115786) [k3t r?] logits=1.7ms step_tot=144.0ms
(Worker_PP2_TP7 pid=1115790) [k3t r?] logits=1.7ms step_tot=144.0ms
(Worker_PP2_TP1 pid=1115784) [k3t r?] logits=1.7ms step_tot=144.0ms
(Worker_PP2_TP0 pid=1115783) [k3t r?] logits=1.7ms step_tot=144.0ms
(Worker_PP2_TP4 pid=1115787) [k3t r?] logits=1.2ms step_tot=144.0ms
(Worker_PP2_TP6 pid=1115789) [k3t r?] logits=0.6ms step_tot=144.1ms
(Worker_PP2_TP0 pid=1115783) WARNING 08-22 18:18:44 [flashinfer_all_reduce.py:78] Failed to initialize FlashInfer All Reduce workspace: [SymmDeviceMemory] Device does not support multicasting.. This is expected on GPUs without NVSwitch (e.g., NVLink bridge-only or PCIe topologies).
(Worker_PP2_TP0 pid=1115783) WARNING 08-22 18:18:44 [flashinfer_all_reduce.py:78] Failed to initialize FlashInfer All Reduce workspace: [SymmDeviceMemory] Device does not support multicasting.. This is expected on GPUs without NVSwitch (e.g., NVLink bridge-only or PCIe topologies).
(Worker_PP2_TP0 pid=1115783) WARNING 08-22 18:18:44 [flashinfer_all_reduce.py:78] Failed to initialize FlashInfer All Reduce workspace: [SymmDeviceMemory] Device does not support multicasting.. This is expected on GPUs without NVSwitch (e.g., NVLink bridge-only or PCIe topologies).
(Worker_PP2_TP0 pid=1115783) WARNING 08-22 18:18:44 [flashinfer_all_reduce.py:78] Failed to initialize FlashInfer All Reduce workspace: [SymmDeviceMemory] Device does not support multicasting.. This is expected on GPUs without NVSwitch (e.g., NVLink bridge-only or PCIe topologies).
(Worker_PP2_TP0 pid=1115783) WARNING 08-22 18:18:44 [flashinfer_all_reduce.py:78] Failed to initialize FlashInfer All Reduce workspace: [SymmDeviceMemory] Device does not support multicasting.. This is expected on GPUs without NVSwitch (e.g., NVLink bridge-only or PCIe topologies).
(Worker_PP2_TP0 pid=1115783) WARNING 08-22 18:18:44 [flashinfer_all_reduce.py:78] Failed to initialize FlashInfer All Reduce workspace: [SymmDeviceMemory] Device does not support multicasting.. This is expected on GPUs without NVSwitch (e.g., NVLink bridge-only or PCIe topologies).
(Worker_PP2_TP0 pid=1115783) WARNING 08-22 18:18:44 [flashinfer_all_reduce.py:78] Failed to initialize FlashInfer All Reduce workspace: [SymmDeviceMemory] Device does not support multicasting.. This is expected on GPUs without NVSwitch (e.g., NVLink bridge-only or PCIe topologies).
(Worker_PP2_TP0 pid=1115783) WARNING 08-22 18:18:44 [flashinfer_all_reduce.py:78] Failed to initialize FlashInfer All Reduce workspace: [SymmDeviceMemory] Device does not support multicasting.. This is expected on GPUs without NVSwitch (e.g., NVLink bridge-only or PCIe topologies).
(Worker_PP2_TP0 pid=1115783) WARNING 08-22 18:18:44 [flashinfer_all_reduce.py:78] Failed to initialize FlashInfer All Reduce workspace: [SymmDeviceMemory] Device does not support multicasting.. This is expected on GPUs without NVSwitch (e.g., NVLink bridge-only or PCIe topologies).
(Worker_PP2_TP0 pid=1115783) WARNING 08-22 18:18:44 [flashinfer_all_reduce.py:78] Failed to initialize FlashInfer All Reduce workspace: [SymmDeviceMemory] Device does not support multicasting.. This is expected on GPUs without NVSwitch (e.g., NVLink bridge-only or PCIe topologies).
(Worker_PP2_TP0 pid=1115783) WARNING 08-22 18:18:44 [flashinfer_all_reduce.py:78] Failed to initialize FlashInfer All Reduce workspace: [SymmDeviceMemory] Device does not support multicasting.. This is expected on GPUs without NVSwitch (e.g., NVLink bridge-only or PCIe topologies).
(Worker_PP2_TP0 pid=1115783) WARNING 08-22 18:18:44 [flashinfer_all_reduce.py:78] Failed to initialize FlashInfer All Reduce workspace: [SymmDeviceMemory] Device does not support multicasting.. This is expected on GPUs without NVSwitch (e.g., NVLink bridge-only or PCIe topologies).
(Worker_PP2_TP0 pid=1115783) WARNING 08-22 18:18:44 [flashinfer_all_reduce.py:78] Failed to initialize FlashInfer All Reduce workspace: [SymmDeviceMemory] Device does not support multicasting.. This is expected on GPUs without NVSwitch (e.g., NVLink bridge-only or PCIe topologies).
(Worker_PP2_TP0 pid=1115783) WARNING 08-22 18:18:44 [flashinfer_all_reduce.py:78] Failed to initialize FlashInfer All Reduce workspace: [SymmDeviceMemory] Device does not support multicasting.. This is expected on GPUs without NVSwitch (e.g., NVLink bridge-only or PCIe topologies).
(Worker_PP2_TP0 pid=1115783) WARNING 08-22 18:18:44 [flashinfer_all_reduce.py:78] Failed to initialize FlashInfer All Reduce workspace: [SymmDeviceMemory] Device does not support multicasting.. This is expected on GPUs without NVSwitch (e.g., NVLink bridge-only or PCIe topologies).
(Worker_PP2_TP0 pid=1115783) WARNING 08-22 18:18:44 [flashinfer_all_reduce.py:78] Failed to initialize FlashInfer All Reduce workspace: [SymmDeviceMemory] Device does not support multicasting.. This is expected on GPUs without NVSwitch (e.g., NVLink bridge-only or PCIe topologies).
(Worker_PP2_TP0 pid=1115783) WARNING 08-22 18:18:44 [flashinfer_all_reduce.py:78] Failed to initialize FlashInfer All Reduce workspace: [SymmDeviceMemory] Device does not support multicasting.. This is expected on GPUs without NVSwitch (e.g., NVLink bridge-only or PCIe topologies).
(Worker_PP2_TP0 pid=1115783) WARNING 08-22 18:18:44 [flashinfer_all_reduce.py:78] Failed to initialize FlashInfer All Reduce workspace: [SymmDeviceMemory] Device does not support multicasting.. This is expected on GPUs without NVSwitch (e.g., NVLink bridge-only or PCIe topologies).
(Worker_PP2_TP0 pid=1115783) WARNING 08-22 18:18:44 [flashinfer_all_reduce.py:78] Failed to initialize FlashInfer All Reduce workspace: [SymmDeviceMemory] Device does not support multicasting.. This is expected on GPUs without NVSwitch (e.g., NVLink bridge-only or PCIe topologies).
(Worker_PP2_TP0 pid=1115783) WARNING 08-22 18:18:44 [flashinfer_all_reduce.py:78] Failed to initialize FlashInfer All Reduce workspace: [SymmDeviceMemory] Device does not support multicasting.. This is expected on GPUs without NVSwitch (e.g., NVLink bridge-only or PCIe topologies).
(Worker_PP2_TP0 pid=1115783) WARNING 08-22 18:18:44 [flashinfer_all_reduce.py:78] Failed to initialize FlashInfer All Reduce workspace: [SymmDeviceMemory] Device does not support multicasting.. This is expected on GPUs without NVSwitch (e.g., NVLink bridge-only or PCIe topologies).
(Worker_PP2_TP0 pid=1115783) WARNING 08-22 18:18:44 [flashinfer_all_reduce.py:78] Failed to initialize FlashInfer All Reduce workspace: [SymmDeviceMemory] Device does not support multicasting.. This is expected on GPUs without NVSwitch (e.g., NVLink bridge-only or PCIe topologies).
(Worker_PP2_TP0 pid=1115783) WARNING 08-22 18:18:44 [flashinfer_all_reduce.py:78] Failed to initialize FlashInfer All Reduce workspace: [SymmDeviceMemory] Device does not support multicasting.. This is expected on GPUs without NVSwitch (e.g., NVLink bridge-only or PCIe topologies).
(Worker_PP2_TP0 pid=1115783) WARNING 08-22 18:18:44 [flashinfer_all_reduce.py:78] Failed to initialize FlashInfer All Reduce workspace: [SymmDeviceMemory] Device does not support multicasting.. This is expected on GPUs without NVSwitch (e.g., NVLink bridge-only or PCIe topologies).
(Worker_PP2_TP0 pid=1115783) WARNING 08-22 18:18:44 [flashinfer_all_reduce.py:78] Failed to initialize FlashInfer All Reduce workspace: [SymmDeviceMemory] Device does not support multicasting.. This is expected on GPUs without NVSwitch (e.g., NVLink bridge-only or PCIe topologies).
(Worker_PP2_TP0 pid=1115783) WARNING 08-22 18:18:44 [flashinfer_all_reduce.py:78] Failed to initialize FlashInfer All Reduce workspace: [SymmDeviceMemory] Device does not support multicasting.. This is expected on GPUs without NVSwitch (e.g., NVLink bridge-only or PCIe topologies).
(Worker_PP2_TP0 pid=1115783) WARNING 08-22 18:18:44 [flashinfer_all_reduce.py:78] Failed to initialize FlashInfer All Reduce workspace: [SymmDeviceMemory] Device does not support multicasting.. This is expected on GPUs without NVSwitch (e.g., NVLink bridge-only or PCIe topologies).
(Worker_PP2_TP0 pid=1115783) WARNING 08-22 18:18:44 [flashinfer_all_reduce.py:78] Failed to initialize FlashInfer All Reduce workspace: [SymmDeviceMemory] Device does not support multicasting.. This is expected on GPUs without NVSwitch (e.g., NVLink bridge-only or PCIe topologies).
(Worker_PP2_TP0 pid=1115783) WARNING 08-22 18:18:44 [flashinfer_all_reduce.py:78] Failed to initialize FlashInfer All Reduce workspace: [SymmDeviceMemory] Device does not support multicasting.. This is expected on GPUs without NVSwitch (e.g., NVLink bridge-only or PCIe topologies).
(Worker_PP2_TP0 pid=1115783) WARNING 08-22 18:18:44 [flashinfer_all_reduce.py:78] Failed to initialize FlashInfer All Reduce workspace: [SymmDeviceMemory] Device does not support multicasting.. This is expected on GPUs without NVSwitch (e.g., NVLink bridge-only or PCIe topologies).
(Worker_PP2_TP0 pid=1115783) WARNING 08-22 18:18:44 [flashinfer_all_reduce.py:78] Failed to initialize FlashInfer All Reduce workspace: [SymmDeviceMemory] Device does not support multicasting.. This is expected on GPUs without NVSwitch (e.g., NVLink bridge-only or PCIe topologies).
(Worker_PP2_TP0 pid=1115783) [k3t r?] step=26 tok=1 step=138.49ms | KDA: n=22 attn=27.4ms mlp=64.8ms other=0.6ms tot=92.7ms | full: n=9 attn=19.2ms mlp=26.3ms other=0.2ms tot=45.7ms | ALL: attn=46.5ms mlp=91.1ms model=138.5ms
(Worker_PP2_TP7 pid=1115790) [k3t r?] step=26 tok=1 step=138.49ms | KDA: n=22 attn=27.4ms mlp=64.8ms other=0.6ms tot=92.7ms | full: n=9 attn=19.2ms mlp=26.3ms other=0.2ms tot=45.7ms | ALL: attn=46.6ms mlp=91.0ms model=138.5ms
(Worker_PP2_TP5 pid=1115788) [k3t r?] step=26 tok=1 step=138.49ms | KDA: n=22 attn=27.4ms mlp=64.8ms other=0.5ms tot=92.7ms | full: n=9 attn=19.2ms mlp=26.3ms other=0.2ms tot=45.7ms | ALL: attn=46.6ms mlp=91.0ms model=138.5ms
(Worker_PP2_TP2 pid=1115785) [k3t r?] step=26 tok=1 step=138.49ms | KDA: n=22 attn=27.4ms mlp=64.8ms other=0.6ms tot=92.7ms | full: n=9 attn=19.2ms mlp=26.3ms other=0.2ms tot=45.7ms | ALL: attn=46.6ms mlp=91.0ms model=138.5ms
(Worker_PP2_TP1 pid=1115784) [k3t r?] step=26 tok=1 step=138.49ms | KDA: n=22 attn=27.3ms mlp=64.8ms other=0.6ms tot=92.7ms | full: n=9 attn=19.2ms mlp=26.3ms other=0.2ms tot=45.7ms | ALL: attn=46.5ms mlp=91.1ms model=138.5ms
(Worker_PP2_TP3 pid=1115786) [k3t r?] step=26 tok=1 step=138.49ms | KDA: n=22 attn=27.3ms mlp=64.8ms other=0.6ms tot=92.7ms | full: n=9 attn=19.2ms mlp=26.3ms other=0.2ms tot=45.7ms | ALL: attn=46.5ms mlp=91.1ms model=138.5ms
(Worker_PP2_TP4 pid=1115787) [k3t r?] step=26 tok=1 step=139.19ms | KDA: n=22 attn=15.0ms mlp=63.3ms other=12.7ms tot=91.0ms | full: n=9 attn=14.0ms mlp=25.6ms other=5.3ms tot=45.0ms | ALL: attn=29.0ms mlp=89.0ms model=139.2ms
(Worker_PP2_TP6 pid=1115789) [k3t r?] step=26 tok=1 step=139.19ms | KDA: n=22 attn=15.0ms mlp=63.3ms other=12.6ms tot=90.9ms | full: n=9 attn=14.0ms mlp=25.6ms other=5.4ms tot=45.0ms | ALL: attn=29.0ms mlp=88.9ms model=139.2ms
(Worker_PP2_TP3 pid=1115786) [k3t r?] logits=1.5ms step_tot=141.3ms
(Worker_PP2_TP5 pid=1115788) [k3t r?] logits=1.5ms step_tot=141.3ms
(Worker_PP2_TP7 pid=1115790) [k3t r?] logits=1.6ms step_tot=141.3ms
(Worker_PP2_TP1 pid=1115784) [k3t r?] logits=1.5ms step_tot=141.3ms
(Worker_PP2_TP2 pid=1115785) [k3t r?] logits=1.5ms step_tot=141.3ms
(Worker_PP2_TP0 pid=1115783) [k3t r?] logits=1.6ms step_tot=141.3ms
(Worker_PP2_TP6 pid=1115789) [k3t r?] logits=0.5ms step_tot=141.4ms
(Worker_PP2_TP4 pid=1115787) [k3t r?] logits=0.5ms step_tot=141.4ms
(Worker_PP2_TP0 pid=1115783) WARNING 08-22 18:18:44 [flashinfer_all_reduce.py:78] Failed to initialize FlashInfer All Reduce workspace: [SymmDeviceMemory] Device does not support multicasting.. This is expected on GPUs without NVSwitch (e.g., NVLink bridge-only or PCIe topologies).
(Worker_PP2_TP0 pid=1115783) WARNING 08-22 18:18:44 [flashinfer_all_reduce.py:78] Failed to initialize FlashInfer All Reduce workspace: [SymmDeviceMemory] Device does not support multicasting.. This is expected on GPUs without NVSwitch (e.g., NVLink bridge-only or PCIe topologies).
(Worker_PP2_TP0 pid=1115783) WARNING 08-22 18:18:44 [flashinfer_all_reduce.py:78] Failed to initialize FlashInfer All Reduce workspace: [SymmDeviceMemory] Device does not support multicasting.. This is expected on GPUs without NVSwitch (e.g., NVLink bridge-only or PCIe topologies).
(Worker_PP2_TP0 pid=1115783) WARNING 08-22 18:18:44 [flashinfer_all_reduce.py:78] Failed to initialize FlashInfer All Reduce workspace: [SymmDeviceMemory] Device does not support multicasting.. This is expected on GPUs without NVSwitch (e.g., NVLink bridge-only or PCIe topologies).
(Worker_PP2_TP0 pid=1115783) WARNING 08-22 18:18:44 [flashinfer_all_reduce.py:78] Failed to initialize FlashInfer All Reduce workspace: [SymmDeviceMemory] Device does not support multicasting.. This is expected on GPUs without NVSwitch (e.g., NVLink bridge-only or PCIe topologies).
(Worker_PP2_TP0 pid=1115783) WARNING 08-22 18:18:44 [flashinfer_all_reduce.py:78] Failed to initialize FlashInfer All Reduce workspace: [SymmDeviceMemory] Device does not support multicasting.. This is expected on GPUs without NVSwitch (e.g., NVLink bridge-only or PCIe topologies).
(Worker_PP2_TP0 pid=1115783) WARNING 08-22 18:18:44 [flashinfer_all_reduce.py:78] Failed to initialize FlashInfer All Reduce workspace: [SymmDeviceMemory] Device does not support multicasting.. This is expected on GPUs without NVSwitch (e.g., NVLink bridge-only or PCIe topologies).
(Worker_PP2_TP0 pid=1115783) WARNING 08-22 18:18:44 [flashinfer_all_reduce.py:78] Failed to initialize FlashInfer All Reduce workspace: [SymmDeviceMemory] Device does not support multicasting.. This is expected on GPUs without NVSwitch (e.g., NVLink bridge-only or PCIe topologies).
(Worker_PP2_TP0 pid=1115783) WARNING 08-22 18:18:44 [flashinfer_all_reduce.py:78] Failed to initialize FlashInfer All Reduce workspace: [SymmDeviceMemory] Device does not support multicasting.. This is expected on GPUs without NVSwitch (e.g., NVLink bridge-only or PCIe topologies).
(Worker_PP2_TP0 pid=1115783) WARNING 08-22 18:18:44 [flashinfer_all_reduce.py:78] Failed to initialize FlashInfer All Reduce workspace: [SymmDeviceMemory] Device does not support multicasting.. This is expected on GPUs without NVSwitch (e.g., NVLink bridge-only or PCIe topologies).
(Worker_PP2_TP0 pid=1115783) WARNING 08-22 18:18:44 [flashinfer_all_reduce.py:78] Failed to initialize FlashInfer All Reduce workspace: [SymmDeviceMemory] Device does not support multicasting.. This is expected on GPUs without NVSwitch (e.g., NVLink bridge-only or PCIe topologies).
(Worker_PP2_TP0 pid=1115783) WARNING 08-22 18:18:44 [flashinfer_all_reduce.py:78] Failed to initialize FlashInfer All Reduce workspace: [SymmDeviceMemory] Device does not support multicasting.. This is expected on GPUs without NVSwitch (e.g., NVLink bridge-only or PCIe topologies).
(Worker_PP2_TP0 pid=1115783) WARNING 08-22 18:18:44 [flashinfer_all_reduce.py:78] Failed to initialize FlashInfer All Reduce workspace: [SymmDeviceMemory] Device does not support multicasting.. This is expected on GPUs without NVSwitch (e.g., NVLink bridge-only or PCIe topologies).
(Worker_PP2_TP0 pid=1115783) WARNING 08-22 18:18:44 [flashinfer_all_reduce.py:78] Failed to initialize FlashInfer All Reduce workspace: [SymmDeviceMemory] Device does not support multicasting.. This is expected on GPUs without NVSwitch (e.g., NVLink bridge-only or PCIe topologies).
(Worker_PP2_TP0 pid=1115783) WARNING 08-22 18:18:44 [flashinfer_all_reduce.py:78] Failed to initialize FlashInfer All Reduce workspace: [SymmDeviceMemory] Device does not support multicasting.. This is expected on GPUs without NVSwitch (e.g., NVLink bridge-only or PCIe topologies).
(Worker_PP2_TP0 pid=1115783) WARNING 08-22 18:18:44 [flashinfer_all_reduce.py:78] Failed to initialize FlashInfer All Reduce workspace: [SymmDeviceMemory] Device does not support multicasting.. This is expected on GPUs without NVSwitch (e.g., NVLink bridge-only or PCIe topologies).
(Worker_PP2_TP0 pid=1115783) WARNING 08-22 18:18:44 [flashinfer_all_reduce.py:78] Failed to initialize FlashInfer All Reduce workspace: [SymmDeviceMemory] Device does not support multicasting.. This is expected on GPUs without NVSwitch (e.g., NVLink bridge-only or PCIe topologies).
(Worker_PP2_TP0 pid=1115783) WARNING 08-22 18:18:44 [flashinfer_all_reduce.py:78] Failed to initialize FlashInfer All Reduce workspace: [SymmDeviceMemory] Device does not support multicasting.. This is expected on GPUs without NVSwitch (e.g., NVLink bridge-only or PCIe topologies).
(Worker_PP2_TP0 pid=1115783) WARNING 08-22 18:18:44 [flashinfer_all_reduce.py:78] Failed to initialize FlashInfer All Reduce workspace: [SymmDeviceMemory] Device does not support multicasting.. This is expected on GPUs without NVSwitch (e.g., NVLink bridge-only or PCIe topologies).
(Worker_PP2_TP0 pid=1115783) WARNING 08-22 18:18:44 [flashinfer_all_reduce.py:78] Failed to initialize FlashInfer All Reduce workspace: [SymmDeviceMemory] Device does not support multicasting.. This is expected on GPUs without NVSwitch (e.g., NVLink bridge-only or PCIe topologies).
(Worker_PP2_TP0 pid=1115783) WARNING 08-22 18:18:44 [flashinfer_all_reduce.py:78] Failed to initialize FlashInfer All Reduce workspace: [SymmDeviceMemory] Device does not support multicasting.. This is expected on GPUs without NVSwitch (e.g., NVLink bridge-only or PCIe topologies).
(Worker_PP2_TP0 pid=1115783) WARNING 08-22 18:18:44 [flashinfer_all_reduce.py:78] Failed to initialize FlashInfer All Reduce workspace: [SymmDeviceMemory] Device does not support multicasting.. This is expected on GPUs without NVSwitch (e.g., NVLink bridge-only or PCIe topologies).
(Worker_PP2_TP0 pid=1115783) WARNING 08-22 18:18:44 [flashinfer_all_reduce.py:78] Failed to initialize FlashInfer All Reduce workspace: [SymmDeviceMemory] Device does not support multicasting.. This is expected on GPUs without NVSwitch (e.g., NVLink bridge-only or PCIe topologies).
(Worker_PP2_TP0 pid=1115783) WARNING 08-22 18:18:44 [flashinfer_all_reduce.py:78] Failed to initialize FlashInfer All Reduce workspace: [SymmDeviceMemory] Device does not support multicasting.. This is expected on GPUs without NVSwitch (e.g., NVLink bridge-only or PCIe topologies).
(Worker_PP2_TP0 pid=1115783) WARNING 08-22 18:18:44 [flashinfer_all_reduce.py:78] Failed to initialize FlashInfer All Reduce workspace: [SymmDeviceMemory] Device does not support multicasting.. This is expected on GPUs without NVSwitch (e.g., NVLink bridge-only or PCIe topologies).
(Worker_PP2_TP0 pid=1115783) WARNING 08-22 18:18:44 [flashinfer_all_reduce.py:78] Failed to initialize FlashInfer All Reduce workspace: [SymmDeviceMemory] Device does not support multicasting.. This is expected on GPUs without NVSwitch (e.g., NVLink bridge-only or PCIe topologies).
(Worker_PP2_TP0 pid=1115783) WARNING 08-22 18:18:44 [flashinfer_all_reduce.py:78] Failed to initialize FlashInfer All Reduce workspace: [SymmDeviceMemory] Device does not support multicasting.. This is expected on GPUs without NVSwitch (e.g., NVLink bridge-only or PCIe topologies).
(Worker_PP2_TP0 pid=1115783) WARNING 08-22 18:18:44 [flashinfer_all_reduce.py:78] Failed to initialize FlashInfer All Reduce workspace: [SymmDeviceMemory] Device does not support multicasting.. This is expected on GPUs without NVSwitch (e.g., NVLink bridge-only or PCIe topologies).
(Worker_PP2_TP0 pid=1115783) WARNING 08-22 18:18:44 [flashinfer_all_reduce.py:78] Failed to initialize FlashInfer All Reduce workspace: [SymmDeviceMemory] Device does not support multicasting.. This is expected on GPUs without NVSwitch (e.g., NVLink bridge-only or PCIe topologies).
(Worker_PP2_TP0 pid=1115783) WARNING 08-22 18:18:44 [flashinfer_all_reduce.py:78] Failed to initialize FlashInfer All Reduce workspace: [SymmDeviceMemory] Device does not support multicasting.. This is expected on GPUs without NVSwitch (e.g., NVLink bridge-only or PCIe topologies).
(Worker_PP2_TP0 pid=1115783) WARNING 08-22 18:18:44 [flashinfer_all_reduce.py:78] Failed to initialize FlashInfer All Reduce workspace: [SymmDeviceMemory] Device does not support multicasting.. This is expected on GPUs without NVSwitch (e.g., NVLink bridge-only or PCIe topologies).
(Worker_PP2_TP0 pid=1115783) [k3t r?] step=27 tok=1 step=138.76ms | KDA: n=22 attn=27.6ms mlp=64.7ms other=0.5ms tot=92.8ms | full: n=9 attn=19.2ms mlp=26.4ms other=0.2ms tot=45.8ms | ALL: attn=46.7ms mlp=91.1ms model=138.8ms
(Worker_PP2_TP2 pid=1115785) [k3t r?] step=27 tok=1 step=138.75ms | KDA: n=22 attn=27.6ms mlp=64.7ms other=0.6ms tot=92.9ms | full: n=9 attn=19.2ms mlp=26.4ms other=0.2ms tot=45.8ms | ALL: attn=46.7ms mlp=91.1ms model=138.8ms
(Worker_PP2_TP1 pid=1115784) [k3t r?] step=27 tok=1 step=138.76ms | KDA: n=22 attn=27.6ms mlp=64.7ms other=0.6ms tot=92.8ms | full: n=9 attn=19.2ms mlp=26.4ms other=0.2ms tot=45.8ms | ALL: attn=46.7ms mlp=91.1ms model=138.8ms
(Worker_PP2_TP5 pid=1115788) [k3t r?] step=27 tok=1 step=138.75ms | KDA: n=22 attn=27.6ms mlp=64.7ms other=0.6ms tot=92.9ms | full: n=9 attn=19.2ms mlp=26.4ms other=0.2ms tot=45.8ms | ALL: attn=46.7ms mlp=91.1ms model=138.8ms
(Worker_PP2_TP7 pid=1115790) [k3t r?] step=27 tok=1 step=138.76ms | KDA: n=22 attn=27.6ms mlp=64.7ms other=0.6ms tot=92.9ms | full: n=9 attn=19.2ms mlp=26.4ms other=0.2ms tot=45.8ms | ALL: attn=46.7ms mlp=91.1ms model=138.8ms
(Worker_PP2_TP3 pid=1115786) [k3t r?] step=27 tok=1 step=138.75ms | KDA: n=22 attn=27.6ms mlp=64.7ms other=0.6ms tot=92.8ms | full: n=9 attn=19.2ms mlp=26.4ms other=0.2ms tot=45.8ms | ALL: attn=46.7ms mlp=91.1ms model=138.8ms
(Worker_PP2_TP4 pid=1115787) [k3t r?] step=27 tok=1 step=139.36ms | KDA: n=22 attn=15.2ms mlp=63.5ms other=12.3ms tot=91.1ms | full: n=9 attn=13.9ms mlp=25.6ms other=5.5ms tot=45.0ms | ALL: attn=29.2ms mlp=89.1ms model=139.4ms
(Worker_PP2_TP6 pid=1115789) [k3t r?] step=27 tok=1 step=139.36ms | KDA: n=22 attn=15.2ms mlp=63.5ms other=12.3ms tot=91.1ms | full: n=9 attn=13.9ms mlp=25.6ms other=5.5ms tot=45.0ms | ALL: attn=29.2ms mlp=89.1ms model=139.4ms
(Worker_PP2_TP5 pid=1115788) [k3t r?] logits=1.5ms step_tot=141.5ms
(Worker_PP2_TP2 pid=1115785) [k3t r?] logits=1.5ms step_tot=141.5ms
(Worker_PP2_TP7 pid=1115790) [k3t r?] logits=1.4ms step_tot=141.6ms
(Worker_PP2_TP3 pid=1115786) [k3t r?] logits=1.4ms step_tot=141.6ms
(Worker_PP2_TP0 pid=1115783) [k3t r?] logits=1.5ms step_tot=141.6ms
(Worker_PP2_TP1 pid=1115784) [k3t r?] logits=1.5ms step_tot=141.6ms
(Worker_PP2_TP4 pid=1115787) [k3t r?] logits=0.6ms step_tot=141.7ms
(Worker_PP2_TP6 pid=1115789) [k3t r?] logits=0.6ms step_tot=141.7ms
(Worker_PP2_TP0 pid=1115783) WARNING 08-22 18:18:45 [flashinfer_all_reduce.py:78] Failed to initialize FlashInfer All Reduce workspace: [SymmDeviceMemory] Device does not support multicasting.. This is expected on GPUs without NVSwitch (e.g., NVLink bridge-only or PCIe topologies).
(Worker_PP2_TP0 pid=1115783) WARNING 08-22 18:18:45 [flashinfer_all_reduce.py:78] Failed to initialize FlashInfer All Reduce workspace: [SymmDeviceMemory] Device does not support multicasting.. This is expected on GPUs without NVSwitch (e.g., NVLink bridge-only or PCIe topologies).
(Worker_PP2_TP0 pid=1115783) WARNING 08-22 18:18:45 [flashinfer_all_reduce.py:78] Failed to initialize FlashInfer All Reduce workspace: [SymmDeviceMemory] Device does not support multicasting.. This is expected on GPUs without NVSwitch (e.g., NVLink bridge-only or PCIe topologies).
(Worker_PP2_TP0 pid=1115783) WARNING 08-22 18:18:45 [flashinfer_all_reduce.py:78] Failed to initialize FlashInfer All Reduce workspace: [SymmDeviceMemory] Device does not support multicasting.. This is expected on GPUs without NVSwitch (e.g., NVLink bridge-only or PCIe topologies).
(Worker_PP2_TP0 pid=1115783) WARNING 08-22 18:18:45 [flashinfer_all_reduce.py:78] Failed to initialize FlashInfer All Reduce workspace: [SymmDeviceMemory] Device does not support multicasting.. This is expected on GPUs without NVSwitch (e.g., NVLink bridge-only or PCIe topologies).
(Worker_PP2_TP0 pid=1115783) WARNING 08-22 18:18:45 [flashinfer_all_reduce.py:78] Failed to initialize FlashInfer All Reduce workspace: [SymmDeviceMemory] Device does not support multicasting.. This is expected on GPUs without NVSwitch (e.g., NVLink bridge-only or PCIe topologies).
(Worker_PP2_TP0 pid=1115783) WARNING 08-22 18:18:45 [flashinfer_all_reduce.py:78] Failed to initialize FlashInfer All Reduce workspace: [SymmDeviceMemory] Device does not support multicasting.. This is expected on GPUs without NVSwitch (e.g., NVLink bridge-only or PCIe topologies).
(Worker_PP2_TP0 pid=1115783) WARNING 08-22 18:18:45 [flashinfer_all_reduce.py:78] Failed to initialize FlashInfer All Reduce workspace: [SymmDeviceMemory] Device does not support multicasting.. This is expected on GPUs without NVSwitch (e.g., NVLink bridge-only or PCIe topologies).
(Worker_PP2_TP0 pid=1115783) WARNING 08-22 18:18:45 [flashinfer_all_reduce.py:78] Failed to initialize FlashInfer All Reduce workspace: [SymmDeviceMemory] Device does not support multicasting.. This is expected on GPUs without NVSwitch (e.g., NVLink bridge-only or PCIe topologies).
(Worker_PP2_TP0 pid=1115783) WARNING 08-22 18:18:45 [flashinfer_all_reduce.py:78] Failed to initialize FlashInfer All Reduce workspace: [SymmDeviceMemory] Device does not support multicasting.. This is expected on GPUs without NVSwitch (e.g., NVLink bridge-only or PCIe topologies).
(Worker_PP2_TP0 pid=1115783) WARNING 08-22 18:18:45 [flashinfer_all_reduce.py:78] Failed to initialize FlashInfer All Reduce workspace: [SymmDeviceMemory] Device does not support multicasting.. This is expected on GPUs without NVSwitch (e.g., NVLink bridge-only or PCIe topologies).
(Worker_PP2_TP0 pid=1115783) WARNING 08-22 18:18:45 [flashinfer_all_reduce.py:78] Failed to initialize FlashInfer All Reduce workspace: [SymmDeviceMemory] Device does not support multicasting.. This is expected on GPUs without NVSwitch (e.g., NVLink bridge-only or PCIe topologies).
(Worker_PP2_TP0 pid=1115783) WARNING 08-22 18:18:45 [flashinfer_all_reduce.py:78] Failed to initialize FlashInfer All Reduce workspace: [SymmDeviceMemory] Device does not support multicasting.. This is expected on GPUs without NVSwitch (e.g., NVLink bridge-only or PCIe topologies).
(Worker_PP2_TP0 pid=1115783) WARNING 08-22 18:18:45 [flashinfer_all_reduce.py:78] Failed to initialize FlashInfer All Reduce workspace: [SymmDeviceMemory] Device does not support multicasting.. This is expected on GPUs without NVSwitch (e.g., NVLink bridge-only or PCIe topologies).
(Worker_PP2_TP0 pid=1115783) WARNING 08-22 18:18:45 [flashinfer_all_reduce.py:78] Failed to initialize FlashInfer All Reduce workspace: [SymmDeviceMemory] Device does not support multicasting.. This is expected on GPUs without NVSwitch (e.g., NVLink bridge-only or PCIe topologies).
(Worker_PP2_TP0 pid=1115783) WARNING 08-22 18:18:45 [flashinfer_all_reduce.py:78] Failed to initialize FlashInfer All Reduce workspace: [SymmDeviceMemory] Device does not support multicasting.. This is expected on GPUs without NVSwitch (e.g., NVLink bridge-only or PCIe topologies).
(Worker_PP2_TP0 pid=1115783) WARNING 08-22 18:18:45 [flashinfer_all_reduce.py:78] Failed to initialize FlashInfer All Reduce workspace: [SymmDeviceMemory] Device does not support multicasting.. This is expected on GPUs without NVSwitch (e.g., NVLink bridge-only or PCIe topologies).
(Worker_PP2_TP0 pid=1115783) WARNING 08-22 18:18:45 [flashinfer_all_reduce.py:78] Failed to initialize FlashInfer All Reduce workspace: [SymmDeviceMemory] Device does not support multicasting.. This is expected on GPUs without NVSwitch (e.g., NVLink bridge-only or PCIe topologies).
(Worker_PP2_TP0 pid=1115783) WARNING 08-22 18:18:45 [flashinfer_all_reduce.py:78] Failed to initialize FlashInfer All Reduce workspace: [SymmDeviceMemory] Device does not support multicasting.. This is expected on GPUs without NVSwitch (e.g., NVLink bridge-only or PCIe topologies).
(Worker_PP2_TP0 pid=1115783) WARNING 08-22 18:18:45 [flashinfer_all_reduce.py:78] Failed to initialize FlashInfer All Reduce workspace: [SymmDeviceMemory] Device does not support multicasting.. This is expected on GPUs without NVSwitch (e.g., NVLink bridge-only or PCIe topologies).
(Worker_PP2_TP0 pid=1115783) WARNING 08-22 18:18:45 [flashinfer_all_reduce.py:78] Failed to initialize FlashInfer All Reduce workspace: [SymmDeviceMemory] Device does not support multicasting.. This is expected on GPUs without NVSwitch (e.g., NVLink bridge-only or PCIe topologies).
(Worker_PP2_TP0 pid=1115783) WARNING 08-22 18:18:45 [flashinfer_all_reduce.py:78] Failed to initialize FlashInfer All Reduce workspace: [SymmDeviceMemory] Device does not support multicasting.. This is expected on GPUs without NVSwitch (e.g., NVLink bridge-only or PCIe topologies).
(Worker_PP2_TP0 pid=1115783) WARNING 08-22 18:18:45 [flashinfer_all_reduce.py:78] Failed to initialize FlashInfer All Reduce workspace: [SymmDeviceMemory] Device does not support multicasting.. This is expected on GPUs without NVSwitch (e.g., NVLink bridge-only or PCIe topologies).
(Worker_PP2_TP0 pid=1115783) WARNING 08-22 18:18:45 [flashinfer_all_reduce.py:78] Failed to initialize FlashInfer All Reduce workspace: [SymmDeviceMemory] Device does not support multicasting.. This is expected on GPUs without NVSwitch (e.g., NVLink bridge-only or PCIe topologies).
(Worker_PP2_TP0 pid=1115783) WARNING 08-22 18:18:45 [flashinfer_all_reduce.py:78] Failed to initialize FlashInfer All Reduce workspace: [SymmDeviceMemory] Device does not support multicasting.. This is expected on GPUs without NVSwitch (e.g., NVLink bridge-only or PCIe topologies).
(Worker_PP2_TP0 pid=1115783) WARNING 08-22 18:18:45 [flashinfer_all_reduce.py:78] Failed to initialize FlashInfer All Reduce workspace: [SymmDeviceMemory] Device does not support multicasting.. This is expected on GPUs without NVSwitch (e.g., NVLink bridge-only or PCIe topologies).
(Worker_PP2_TP0 pid=1115783) WARNING 08-22 18:18:45 [flashinfer_all_reduce.py:78] Failed to initialize FlashInfer All Reduce workspace: [SymmDeviceMemory] Device does not support multicasting.. This is expected on GPUs without NVSwitch (e.g., NVLink bridge-only or PCIe topologies).
(Worker_PP2_TP0 pid=1115783) WARNING 08-22 18:18:45 [flashinfer_all_reduce.py:78] Failed to initialize FlashInfer All Reduce workspace: [SymmDeviceMemory] Device does not support multicasting.. This is expected on GPUs without NVSwitch (e.g., NVLink bridge-only or PCIe topologies).
(Worker_PP2_TP0 pid=1115783) WARNING 08-22 18:18:45 [flashinfer_all_reduce.py:78] Failed to initialize FlashInfer All Reduce workspace: [SymmDeviceMemory] Device does not support multicasting.. This is expected on GPUs without NVSwitch (e.g., NVLink bridge-only or PCIe topologies).
(Worker_PP2_TP0 pid=1115783) WARNING 08-22 18:18:45 [flashinfer_all_reduce.py:78] Failed to initialize FlashInfer All Reduce workspace: [SymmDeviceMemory] Device does not support multicasting.. This is expected on GPUs without NVSwitch (e.g., NVLink bridge-only or PCIe topologies).
(Worker_PP2_TP0 pid=1115783) WARNING 08-22 18:18:45 [flashinfer_all_reduce.py:78] Failed to initialize FlashInfer All Reduce workspace: [SymmDeviceMemory] Device does not support multicasting.. This is expected on GPUs without NVSwitch (e.g., NVLink bridge-only or PCIe topologies).
(Worker_PP2_TP5 pid=1115788) [k3t r?] step=28 tok=1 step=90.06ms | KDA: n=22 attn=17.0ms mlp=42.2ms other=0.6ms tot=59.7ms | full: n=9 attn=12.1ms mlp=17.9ms other=0.2ms tot=30.2ms | ALL: attn=29.1ms mlp=60.1ms model=90.1ms
(Worker_PP2_TP7 pid=1115790) [k3t r?] step=28 tok=1 step=90.07ms | KDA: n=22 attn=17.0ms mlp=42.2ms other=0.6ms tot=59.8ms | full: n=9 attn=12.1ms mlp=17.9ms other=0.2ms tot=30.2ms | ALL: attn=29.1ms mlp=60.1ms model=90.1ms
(Worker_PP2_TP2 pid=1115785) [k3t r?] step=28 tok=1 step=90.06ms | KDA: n=22 attn=16.9ms mlp=42.2ms other=0.6ms tot=59.7ms | full: n=9 attn=12.1ms mlp=17.9ms other=0.2ms tot=30.2ms | ALL: attn=29.1ms mlp=60.1ms model=90.1ms
(Worker_PP2_TP3 pid=1115786) [k3t r?] step=28 tok=1 step=90.07ms | KDA: n=22 attn=17.0ms mlp=42.2ms other=0.6ms tot=59.7ms | full: n=9 attn=12.1ms mlp=17.9ms other=0.2ms tot=30.2ms | ALL: attn=29.1ms mlp=60.1ms model=90.1ms
(Worker_PP2_TP1 pid=1115784) [k3t r?] step=28 tok=1 step=90.06ms | KDA: n=22 attn=17.0ms mlp=42.2ms other=0.6ms tot=59.8ms | full: n=9 attn=12.1ms mlp=17.9ms other=0.2ms tot=30.2ms | ALL: attn=29.1ms mlp=60.1ms model=90.1ms
(Worker_PP2_TP4 pid=1115787) [k3t r?] step=28 tok=1 step=90.07ms | KDA: n=22 attn=14.0ms mlp=41.9ms other=3.3ms tot=59.2ms | full: n=9 attn=11.0ms mlp=17.8ms other=1.3ms tot=30.2ms | ALL: attn=25.1ms mlp=59.7ms model=90.1ms
(Worker_PP2_TP6 pid=1115789) [k3t r?] step=28 tok=1 step=90.06ms | KDA: n=22 attn=16.9ms mlp=42.3ms other=0.6ms tot=59.8ms | full: n=9 attn=12.1ms mlp=17.9ms other=0.2ms tot=30.2ms | ALL: attn=29.1ms mlp=60.1ms model=90.1ms
(Worker_PP2_TP0 pid=1115783) [k3t r?] step=28 tok=1 step=90.48ms | KDA: n=22 attn=10.3ms mlp=41.7ms other=6.9ms tot=58.9ms | full: n=9 attn=9.2ms mlp=17.5ms other=3.1ms tot=29.8ms | ALL: attn=19.6ms mlp=59.2ms model=90.5ms
(Worker_PP2_TP6 pid=1115789) [k3t r?] logits=0.6ms step_tot=92.0ms
(Worker_PP2_TP7 pid=1115790) [k3t r?] logits=0.7ms step_tot=92.0ms
(Worker_PP2_TP1 pid=1115784) [k3t r?] logits=0.7ms step_tot=92.0ms
(Worker_PP2_TP3 pid=1115786) [k3t r?] logits=0.7ms step_tot=92.0ms
(Worker_PP2_TP5 pid=1115788) [k3t r?] logits=0.7ms step_tot=92.0ms
(Worker_PP2_TP2 pid=1115785) [k3t r?] logits=0.7ms step_tot=92.0ms
(Worker_PP2_TP4 pid=1115787) [k3t r?] logits=0.7ms step_tot=92.0ms
(Worker_PP2_TP0 pid=1115783) [k3t r?] logits=0.5ms step_tot=92.0ms
(Worker_PP2_TP0 pid=1115783) WARNING 08-22 18:18:45 [flashinfer_all_reduce.py:78] Failed to initialize FlashInfer All Reduce workspace: [SymmDeviceMemory] Device does not support multicasting.. This is expected on GPUs without NVSwitch (e.g., NVLink bridge-only or PCIe topologies).
(Worker_PP2_TP0 pid=1115783) WARNING 08-22 18:18:45 [flashinfer_all_reduce.py:78] Failed to initialize FlashInfer All Reduce workspace: [SymmDeviceMemory] Device does not support multicasting.. This is expected on GPUs without NVSwitch (e.g., NVLink bridge-only or PCIe topologies).
(Worker_PP2_TP0 pid=1115783) WARNING 08-22 18:18:45 [flashinfer_all_reduce.py:78] Failed to initialize FlashInfer All Reduce workspace: [SymmDeviceMemory] Device does not support multicasting.. This is expected on GPUs without NVSwitch (e.g., NVLink bridge-only or PCIe topologies).
(Worker_PP2_TP0 pid=1115783) WARNING 08-22 18:18:45 [flashinfer_all_reduce.py:78] Failed to initialize FlashInfer All Reduce workspace: [SymmDeviceMemory] Device does not support multicasting.. This is expected on GPUs without NVSwitch (e.g., NVLink bridge-only or PCIe topologies).
(Worker_PP2_TP0 pid=1115783) WARNING 08-22 18:18:45 [flashinfer_all_reduce.py:78] Failed to initialize FlashInfer All Reduce workspace: [SymmDeviceMemory] Device does not support multicasting.. This is expected on GPUs without NVSwitch (e.g., NVLink bridge-only or PCIe topologies).
(Worker_PP2_TP0 pid=1115783) WARNING 08-22 18:18:45 [flashinfer_all_reduce.py:78] Failed to initialize FlashInfer All Reduce workspace: [SymmDeviceMemory] Device does not support multicasting.. This is expected on GPUs without NVSwitch (e.g., NVLink bridge-only or PCIe topologies).
(Worker_PP2_TP0 pid=1115783) WARNING 08-22 18:18:45 [flashinfer_all_reduce.py:78] Failed to initialize FlashInfer All Reduce workspace: [SymmDeviceMemory] Device does not support multicasting.. This is expected on GPUs without NVSwitch (e.g., NVLink bridge-only or PCIe topologies).
(Worker_PP2_TP0 pid=1115783) WARNING 08-22 18:18:45 [flashinfer_all_reduce.py:78] Failed to initialize FlashInfer All Reduce workspace: [SymmDeviceMemory] Device does not support multicasting.. This is expected on GPUs without NVSwitch (e.g., NVLink bridge-only or PCIe topologies).
(Worker_PP2_TP0 pid=1115783) WARNING 08-22 18:18:45 [flashinfer_all_reduce.py:78] Failed to initialize FlashInfer All Reduce workspace: [SymmDeviceMemory] Device does not support multicasting.. This is expected on GPUs without NVSwitch (e.g., NVLink bridge-only or PCIe topologies).
(Worker_PP2_TP0 pid=1115783) WARNING 08-22 18:18:45 [flashinfer_all_reduce.py:78] Failed to initialize FlashInfer All Reduce workspace: [SymmDeviceMemory] Device does not support multicasting.. This is expected on GPUs without NVSwitch (e.g., NVLink bridge-only or PCIe topologies).
(Worker_PP2_TP0 pid=1115783) WARNING 08-22 18:18:45 [flashinfer_all_reduce.py:78] Failed to initialize FlashInfer All Reduce workspace: [SymmDeviceMemory] Device does not support multicasting.. This is expected on GPUs without NVSwitch (e.g., NVLink bridge-only or PCIe topologies).
(Worker_PP2_TP0 pid=1115783) WARNING 08-22 18:18:45 [flashinfer_all_reduce.py:78] Failed to initialize FlashInfer All Reduce workspace: [SymmDeviceMemory] Device does not support multicasting.. This is expected on GPUs without NVSwitch (e.g., NVLink bridge-only or PCIe topologies).
(Worker_PP2_TP0 pid=1115783) WARNING 08-22 18:18:45 [flashinfer_all_reduce.py:78] Failed to initialize FlashInfer All Reduce workspace: [SymmDeviceMemory] Device does not support multicasting.. This is expected on GPUs without NVSwitch (e.g., NVLink bridge-only or PCIe topologies).
(Worker_PP2_TP0 pid=1115783) WARNING 08-22 18:18:45 [flashinfer_all_reduce.py:78] Failed to initialize FlashInfer All Reduce workspace: [SymmDeviceMemory] Device does not support multicasting.. This is expected on GPUs without NVSwitch (e.g., NVLink bridge-only or PCIe topologies).
(Worker_PP2_TP0 pid=1115783) WARNING 08-22 18:18:45 [flashinfer_all_reduce.py:78] Failed to initialize FlashInfer All Reduce workspace: [SymmDeviceMemory] Device does not support multicasting.. This is expected on GPUs without NVSwitch (e.g., NVLink bridge-only or PCIe topologies).
(Worker_PP2_TP0 pid=1115783) WARNING 08-22 18:18:45 [flashinfer_all_reduce.py:78] Failed to initialize FlashInfer All Reduce workspace: [SymmDeviceMemory] Device does not support multicasting.. This is expected on GPUs without NVSwitch (e.g., NVLink bridge-only or PCIe topologies).
(Worker_PP2_TP0 pid=1115783) WARNING 08-22 18:18:45 [flashinfer_all_reduce.py:78] Failed to initialize FlashInfer All Reduce workspace: [SymmDeviceMemory] Device does not support multicasting.. This is expected on GPUs without NVSwitch (e.g., NVLink bridge-only or PCIe topologies).
(Worker_PP2_TP0 pid=1115783) WARNING 08-22 18:18:45 [flashinfer_all_reduce.py:78] Failed to initialize FlashInfer All Reduce workspace: [SymmDeviceMemory] Device does not support multicasting.. This is expected on GPUs without NVSwitch (e.g., NVLink bridge-only or PCIe topologies).
(Worker_PP2_TP0 pid=1115783) WARNING 08-22 18:18:45 [flashinfer_all_reduce.py:78] Failed to initialize FlashInfer All Reduce workspace: [SymmDeviceMemory] Device does not support multicasting.. This is expected on GPUs without NVSwitch (e.g., NVLink bridge-only or PCIe topologies).
(Worker_PP2_TP0 pid=1115783) WARNING 08-22 18:18:45 [flashinfer_all_reduce.py:78] Failed to initialize FlashInfer All Reduce workspace: [SymmDeviceMemory] Device does not support multicasting.. This is expected on GPUs without NVSwitch (e.g., NVLink bridge-only or PCIe topologies).
(Worker_PP2_TP0 pid=1115783) WARNING 08-22 18:18:45 [flashinfer_all_reduce.py:78] Failed to initialize FlashInfer All Reduce workspace: [SymmDeviceMemory] Device does not support multicasting.. This is expected on GPUs without NVSwitch (e.g., NVLink bridge-only or PCIe topologies).
(Worker_PP2_TP0 pid=1115783) WARNING 08-22 18:18:45 [flashinfer_all_reduce.py:78] Failed to initialize FlashInfer All Reduce workspace: [SymmDeviceMemory] Device does not support multicasting.. This is expected on GPUs without NVSwitch (e.g., NVLink bridge-only or PCIe topologies).
(Worker_PP2_TP0 pid=1115783) WARNING 08-22 18:18:45 [flashinfer_all_reduce.py:78] Failed to initialize FlashInfer All Reduce workspace: [SymmDeviceMemory] Device does not support multicasting.. This is expected on GPUs without NVSwitch (e.g., NVLink bridge-only or PCIe topologies).
(Worker_PP2_TP0 pid=1115783) WARNING 08-22 18:18:45 [flashinfer_all_reduce.py:78] Failed to initialize FlashInfer All Reduce workspace: [SymmDeviceMemory] Device does not support multicasting.. This is expected on GPUs without NVSwitch (e.g., NVLink bridge-only or PCIe topologies).
(Worker_PP2_TP0 pid=1115783) WARNING 08-22 18:18:45 [flashinfer_all_reduce.py:78] Failed to initialize FlashInfer All Reduce workspace: [SymmDeviceMemory] Device does not support multicasting.. This is expected on GPUs without NVSwitch (e.g., NVLink bridge-only or PCIe topologies).
(Worker_PP2_TP0 pid=1115783) WARNING 08-22 18:18:45 [flashinfer_all_reduce.py:78] Failed to initialize FlashInfer All Reduce workspace: [SymmDeviceMemory] Device does not support multicasting.. This is expected on GPUs without NVSwitch (e.g., NVLink bridge-only or PCIe topologies).
(Worker_PP2_TP0 pid=1115783) WARNING 08-22 18:18:45 [flashinfer_all_reduce.py:78] Failed to initialize FlashInfer All Reduce workspace: [SymmDeviceMemory] Device does not support multicasting.. This is expected on GPUs without NVSwitch (e.g., NVLink bridge-only or PCIe topologies).
(Worker_PP2_TP0 pid=1115783) WARNING 08-22 18:18:45 [flashinfer_all_reduce.py:78] Failed to initialize FlashInfer All Reduce workspace: [SymmDeviceMemory] Device does not support multicasting.. This is expected on GPUs without NVSwitch (e.g., NVLink bridge-only or PCIe topologies).
(Worker_PP2_TP0 pid=1115783) WARNING 08-22 18:18:45 [flashinfer_all_reduce.py:78] Failed to initialize FlashInfer All Reduce workspace: [SymmDeviceMemory] Device does not support multicasting.. This is expected on GPUs without NVSwitch (e.g., NVLink bridge-only or PCIe topologies).
(Worker_PP2_TP0 pid=1115783) WARNING 08-22 18:18:45 [flashinfer_all_reduce.py:78] Failed to initialize FlashInfer All Reduce workspace: [SymmDeviceMemory] Device does not support multicasting.. This is expected on GPUs without NVSwitch (e.g., NVLink bridge-only or PCIe topologies).
(Worker_PP2_TP0 pid=1115783) WARNING 08-22 18:18:45 [flashinfer_all_reduce.py:78] Failed to initialize FlashInfer All Reduce workspace: [SymmDeviceMemory] Device does not support multicasting.. This is expected on GPUs without NVSwitch (e.g., NVLink bridge-only or PCIe topologies).
(Worker_PP2_TP7 pid=1115790) [k3t r?] step=29 tok=1 step=90.65ms | KDA: n=22 attn=17.1ms mlp=42.1ms other=0.6ms tot=59.8ms | full: n=9 attn=12.3ms mlp=18.2ms other=0.2ms tot=30.8ms | ALL: attn=29.4ms mlp=60.4ms model=90.7ms
(Worker_PP2_TP1 pid=1115784) [k3t r?] step=29 tok=1 step=90.65ms | KDA: n=22 attn=17.1ms mlp=42.1ms other=0.6ms tot=59.8ms | full: n=9 attn=12.3ms mlp=18.2ms other=0.2ms tot=30.8ms | ALL: attn=29.4ms mlp=60.4ms model=90.7ms
(Worker_PP2_TP3 pid=1115786) [k3t r?] step=29 tok=1 step=90.65ms | KDA: n=22 attn=17.1ms mlp=42.2ms other=0.6ms tot=59.8ms | full: n=9 attn=12.3ms mlp=18.2ms other=0.2ms tot=30.8ms | ALL: attn=29.4ms mlp=60.4ms model=90.7ms
(Worker_PP2_TP2 pid=1115785) [k3t r?] step=29 tok=1 step=90.65ms | KDA: n=22 attn=17.1ms mlp=42.1ms other=0.6ms tot=59.8ms | full: n=9 attn=12.3ms mlp=18.2ms other=0.2ms tot=30.8ms | ALL: attn=29.4ms mlp=60.4ms model=90.7ms
(Worker_PP2_TP5 pid=1115788) [k3t r?] step=29 tok=1 step=90.65ms | KDA: n=22 attn=17.1ms mlp=42.2ms other=0.6ms tot=59.8ms | full: n=9 attn=12.3ms mlp=18.2ms other=0.2ms tot=30.8ms | ALL: attn=29.4ms mlp=60.4ms model=90.7ms
(Worker_PP2_TP6 pid=1115789) [k3t r?] step=29 tok=1 step=90.65ms | KDA: n=22 attn=17.1ms mlp=42.2ms other=0.6ms tot=59.8ms | full: n=9 attn=12.3ms mlp=18.2ms other=0.2ms tot=30.8ms | ALL: attn=29.4ms mlp=60.4ms model=90.7ms
(Worker_PP2_TP4 pid=1115787) [k3t r?] step=29 tok=1 step=90.65ms | KDA: n=22 attn=15.5ms mlp=42.1ms other=2.1ms tot=59.8ms | full: n=9 attn=11.4ms mlp=18.2ms other=0.8ms tot=30.4ms | ALL: attn=26.9ms mlp=60.3ms model=90.7ms
(Worker_PP2_TP0 pid=1115783) [k3t r?] step=29 tok=1 step=91.17ms | KDA: n=22 attn=9.1ms mlp=41.7ms other=7.7ms tot=58.5ms | full: n=9 attn=9.4ms mlp=17.7ms other=3.3ms tot=30.4ms | ALL: attn=18.5ms mlp=59.4ms model=91.2ms
(Worker_PP2_TP6 pid=1115789) [k3t r?] logits=0.6ms step_tot=92.5ms
(Worker_PP2_TP1 pid=1115784) [k3t r?] logits=0.7ms step_tot=92.5ms
(Worker_PP2_TP2 pid=1115785) [k3t r?] logits=0.6ms step_tot=92.5ms
(Worker_PP2_TP7 pid=1115790) [k3t r?] logits=0.7ms step_tot=92.5ms
(Worker_PP2_TP4 pid=1115787) [k3t r?] logits=0.6ms step_tot=92.5ms
(Worker_PP2_TP3 pid=1115786) [k3t r?] logits=0.7ms step_tot=92.5ms
(Worker_PP2_TP5 pid=1115788) [k3t r?] logits=0.7ms step_tot=92.5ms
(Worker_PP2_TP0 pid=1115783) [k3t r?] logits=0.3ms step_tot=92.6ms
(Worker_PP2_TP0 pid=1115783) WARNING 08-22 18:18:45 [flashinfer_all_reduce.py:78] Failed to initialize FlashInfer All Reduce workspace: [SymmDeviceMemory] Device does not support multicasting.. This is expected on GPUs without NVSwitch (e.g., NVLink bridge-only or PCIe topologies).
(Worker_PP2_TP0 pid=1115783) WARNING 08-22 18:18:45 [flashinfer_all_reduce.py:78] Failed to initialize FlashInfer All Reduce workspace: [SymmDeviceMemory] Device does not support multicasting.. This is expected on GPUs without NVSwitch (e.g., NVLink bridge-only or PCIe topologies).
(Worker_PP2_TP0 pid=1115783) WARNING 08-22 18:18:45 [flashinfer_all_reduce.py:78] Failed to initialize FlashInfer All Reduce workspace: [SymmDeviceMemory] Device does not support multicasting.. This is expected on GPUs without NVSwitch (e.g., NVLink bridge-only or PCIe topologies).
(Worker_PP2_TP0 pid=1115783) WARNING 08-22 18:18:45 [flashinfer_all_reduce.py:78] Failed to initialize FlashInfer All Reduce workspace: [SymmDeviceMemory] Device does not support multicasting.. This is expected on GPUs without NVSwitch (e.g., NVLink bridge-only or PCIe topologies).
(Worker_PP2_TP0 pid=1115783) WARNING 08-22 18:18:45 [flashinfer_all_reduce.py:78] Failed to initialize FlashInfer All Reduce workspace: [SymmDeviceMemory] Device does not support multicasting.. This is expected on GPUs without NVSwitch (e.g., NVLink bridge-only or PCIe topologies).
(Worker_PP2_TP0 pid=1115783) WARNING 08-22 18:18:45 [flashinfer_all_reduce.py:78] Failed to initialize FlashInfer All Reduce workspace: [SymmDeviceMemory] Device does not support multicasting.. This is expected on GPUs without NVSwitch (e.g., NVLink bridge-only or PCIe topologies).
(Worker_PP2_TP0 pid=1115783) WARNING 08-22 18:18:45 [flashinfer_all_reduce.py:78] Failed to initialize FlashInfer All Reduce workspace: [SymmDeviceMemory] Device does not support multicasting.. This is expected on GPUs without NVSwitch (e.g., NVLink bridge-only or PCIe topologies).
(Worker_PP2_TP0 pid=1115783) WARNING 08-22 18:18:45 [flashinfer_all_reduce.py:78] Failed to initialize FlashInfer All Reduce workspace: [SymmDeviceMemory] Device does not support multicasting.. This is expected on GPUs without NVSwitch (e.g., NVLink bridge-only or PCIe topologies).
(Worker_PP2_TP0 pid=1115783) WARNING 08-22 18:18:45 [flashinfer_all_reduce.py:78] Failed to initialize FlashInfer All Reduce workspace: [SymmDeviceMemory] Device does not support multicasting.. This is expected on GPUs without NVSwitch (e.g., NVLink bridge-only or PCIe topologies).
(Worker_PP2_TP0 pid=1115783) WARNING 08-22 18:18:45 [flashinfer_all_reduce.py:78] Failed to initialize FlashInfer All Reduce workspace: [SymmDeviceMemory] Device does not support multicasting.. This is expected on GPUs without NVSwitch (e.g., NVLink bridge-only or PCIe topologies).
(Worker_PP2_TP0 pid=1115783) WARNING 08-22 18:18:45 [flashinfer_all_reduce.py:78] Failed to initialize FlashInfer All Reduce workspace: [SymmDeviceMemory] Device does not support multicasting.. This is expected on GPUs without NVSwitch (e.g., NVLink bridge-only or PCIe topologies).
(Worker_PP2_TP0 pid=1115783) WARNING 08-22 18:18:45 [flashinfer_all_reduce.py:78] Failed to initialize FlashInfer All Reduce workspace: [SymmDeviceMemory] Device does not support multicasting.. This is expected on GPUs without NVSwitch (e.g., NVLink bridge-only or PCIe topologies).
(Worker_PP2_TP0 pid=1115783) WARNING 08-22 18:18:45 [flashinfer_all_reduce.py:78] Failed to initialize FlashInfer All Reduce workspace: [SymmDeviceMemory] Device does not support multicasting.. This is expected on GPUs without NVSwitch (e.g., NVLink bridge-only or PCIe topologies).
(Worker_PP2_TP0 pid=1115783) WARNING 08-22 18:18:45 [flashinfer_all_reduce.py:78] Failed to initialize FlashInfer All Reduce workspace: [SymmDeviceMemory] Device does not support multicasting.. This is expected on GPUs without NVSwitch (e.g., NVLink bridge-only or PCIe topologies).
(Worker_PP2_TP0 pid=1115783) WARNING 08-22 18:18:45 [flashinfer_all_reduce.py:78] Failed to initialize FlashInfer All Reduce workspace: [SymmDeviceMemory] Device does not support multicasting.. This is expected on GPUs without NVSwitch (e.g., NVLink bridge-only or PCIe topologies).
(Worker_PP2_TP0 pid=1115783) WARNING 08-22 18:18:45 [flashinfer_all_reduce.py:78] Failed to initialize FlashInfer All Reduce workspace: [SymmDeviceMemory] Device does not support multicasting.. This is expected on GPUs without NVSwitch (e.g., NVLink bridge-only or PCIe topologies).
(Worker_PP2_TP0 pid=1115783) WARNING 08-22 18:18:45 [flashinfer_all_reduce.py:78] Failed to initialize FlashInfer All Reduce workspace: [SymmDeviceMemory] Device does not support multicasting.. This is expected on GPUs without NVSwitch (e.g., NVLink bridge-only or PCIe topologies).
(Worker_PP2_TP0 pid=1115783) WARNING 08-22 18:18:45 [flashinfer_all_reduce.py:78] Failed to initialize FlashInfer All Reduce workspace: [SymmDeviceMemory] Device does not support multicasting.. This is expected on GPUs without NVSwitch (e.g., NVLink bridge-only or PCIe topologies).
(Worker_PP2_TP0 pid=1115783) WARNING 08-22 18:18:45 [flashinfer_all_reduce.py:78] Failed to initialize FlashInfer All Reduce workspace: [SymmDeviceMemory] Device does not support multicasting.. This is expected on GPUs without NVSwitch (e.g., NVLink bridge-only or PCIe topologies).
(Worker_PP2_TP0 pid=1115783) WARNING 08-22 18:18:45 [flashinfer_all_reduce.py:78] Failed to initialize FlashInfer All Reduce workspace: [SymmDeviceMemory] Device does not support multicasting.. This is expected on GPUs without NVSwitch (e.g., NVLink bridge-only or PCIe topologies).
(Worker_PP2_TP0 pid=1115783) WARNING 08-22 18:18:45 [flashinfer_all_reduce.py:78] Failed to initialize FlashInfer All Reduce workspace: [SymmDeviceMemory] Device does not support multicasting.. This is expected on GPUs without NVSwitch (e.g., NVLink bridge-only or PCIe topologies).
(Worker_PP2_TP0 pid=1115783) WARNING 08-22 18:18:45 [flashinfer_all_reduce.py:78] Failed to initialize FlashInfer All Reduce workspace: [SymmDeviceMemory] Device does not support multicasting.. This is expected on GPUs without NVSwitch (e.g., NVLink bridge-only or PCIe topologies).
(Worker_PP2_TP0 pid=1115783) WARNING 08-22 18:18:45 [flashinfer_all_reduce.py:78] Failed to initialize FlashInfer All Reduce workspace: [SymmDeviceMemory] Device does not support multicasting.. This is expected on GPUs without NVSwitch (e.g., NVLink bridge-only or PCIe topologies).
(Worker_PP2_TP0 pid=1115783) WARNING 08-22 18:18:45 [flashinfer_all_reduce.py:78] Failed to initialize FlashInfer All Reduce workspace: [SymmDeviceMemory] Device does not support multicasting.. This is expected on GPUs without NVSwitch (e.g., NVLink bridge-only or PCIe topologies).
(Worker_PP2_TP0 pid=1115783) WARNING 08-22 18:18:45 [flashinfer_all_reduce.py:78] Failed to initialize FlashInfer All Reduce workspace: [SymmDeviceMemory] Device does not support multicasting.. This is expected on GPUs without NVSwitch (e.g., NVLink bridge-only or PCIe topologies).
(Worker_PP2_TP0 pid=1115783) WARNING 08-22 18:18:45 [flashinfer_all_reduce.py:78] Failed to initialize FlashInfer All Reduce workspace: [SymmDeviceMemory] Device does not support multicasting.. This is expected on GPUs without NVSwitch (e.g., NVLink bridge-only or PCIe topologies).
(Worker_PP2_TP0 pid=1115783) WARNING 08-22 18:18:45 [flashinfer_all_reduce.py:78] Failed to initialize FlashInfer All Reduce workspace: [SymmDeviceMemory] Device does not support multicasting.. This is expected on GPUs without NVSwitch (e.g., NVLink bridge-only or PCIe topologies).
(Worker_PP2_TP0 pid=1115783) WARNING 08-22 18:18:45 [flashinfer_all_reduce.py:78] Failed to initialize FlashInfer All Reduce workspace: [SymmDeviceMemory] Device does not support multicasting.. This is expected on GPUs without NVSwitch (e.g., NVLink bridge-only or PCIe topologies).
(Worker_PP2_TP0 pid=1115783) WARNING 08-22 18:18:45 [flashinfer_all_reduce.py:78] Failed to initialize FlashInfer All Reduce workspace: [SymmDeviceMemory] Device does not support multicasting.. This is expected on GPUs without NVSwitch (e.g., NVLink bridge-only or PCIe topologies).
(Worker_PP2_TP0 pid=1115783) WARNING 08-22 18:18:45 [flashinfer_all_reduce.py:78] Failed to initialize FlashInfer All Reduce workspace: [SymmDeviceMemory] Device does not support multicasting.. This is expected on GPUs without NVSwitch (e.g., NVLink bridge-only or PCIe topologies).
(Worker_PP2_TP0 pid=1115783) WARNING 08-22 18:18:45 [flashinfer_all_reduce.py:78] Failed to initialize FlashInfer All Reduce workspace: [SymmDeviceMemory] Device does not support multicasting.. This is expected on GPUs without NVSwitch (e.g., NVLink bridge-only or PCIe topologies).
(Worker_PP2_TP7 pid=1115790) [k3t r?] step=30 tok=1 step=89.75ms | KDA: n=22 attn=16.8ms mlp=41.8ms other=0.6ms tot=59.2ms | full: n=9 attn=12.1ms mlp=18.2ms other=0.2ms tot=30.5ms | ALL: attn=28.9ms mlp=59.9ms model=89.8ms
(Worker_PP2_TP1 pid=1115784) [k3t r?] step=30 tok=1 step=89.75ms | KDA: n=22 attn=16.9ms mlp=41.8ms other=0.6ms tot=59.2ms | full: n=9 attn=12.1ms mlp=18.1ms other=0.2ms tot=30.5ms | ALL: attn=28.9ms mlp=59.9ms model=89.8ms
(Worker_PP2_TP2 pid=1115785) [k3t r?] step=30 tok=1 step=89.75ms | KDA: n=22 attn=16.9ms mlp=41.8ms other=0.6ms tot=59.2ms | full: n=9 attn=12.1ms mlp=18.1ms other=0.2ms tot=30.5ms | ALL: attn=28.9ms mlp=59.9ms model=89.8ms
(Worker_PP2_TP4 pid=1115787) [k3t r?] step=30 tok=1 step=89.75ms | KDA: n=22 attn=15.6ms mlp=41.7ms other=1.6ms tot=58.9ms | full: n=9 attn=11.5ms mlp=18.1ms other=0.8ms tot=30.4ms | ALL: attn=27.2ms mlp=59.8ms model=89.8ms
(Worker_PP2_TP3 pid=1115786) [k3t r?] step=30 tok=1 step=89.75ms | KDA: n=22 attn=16.8ms mlp=41.8ms other=0.6ms tot=59.2ms | full: n=9 attn=12.1ms mlp=18.1ms other=0.2ms tot=30.5ms | ALL: attn=28.9ms mlp=59.9ms model=89.8ms
(Worker_PP2_TP6 pid=1115789) [k3t r?] step=30 tok=1 step=89.75ms | KDA: n=22 attn=16.9ms mlp=41.8ms other=0.6ms tot=59.2ms | full: n=9 attn=12.1ms mlp=18.2ms other=0.2ms tot=30.5ms | ALL: attn=28.9ms mlp=59.9ms model=89.8ms
(Worker_PP2_TP5 pid=1115788) [k3t r?] step=30 tok=1 step=89.75ms | KDA: n=22 attn=16.9ms mlp=41.8ms other=0.6ms tot=59.2ms | full: n=9 attn=12.1ms mlp=18.1ms other=0.2ms tot=30.5ms | ALL: attn=28.9ms mlp=59.9ms model=89.8ms
(Worker_PP2_TP0 pid=1115783) [k3t r?] step=30 tok=1 step=90.16ms | KDA: n=22 attn=8.9ms mlp=40.8ms other=8.1ms tot=57.8ms | full: n=9 attn=8.8ms mlp=17.8ms other=3.5ms tot=30.2ms | ALL: attn=17.7ms mlp=58.6ms model=90.2ms
(Worker_PP2_TP5 pid=1115788) [k3t r?] logits=0.5ms step_tot=91.5ms
(Worker_PP2_TP2 pid=1115785) [k3t r?] logits=0.6ms step_tot=91.5ms
(Worker_PP2_TP4 pid=1115787) [k3t r?] logits=0.6ms step_tot=91.5ms
(Worker_PP2_TP1 pid=1115784) [k3t r?] logits=0.5ms step_tot=91.5ms
(Worker_PP2_TP7 pid=1115790) [k3t r?] logits=0.6ms step_tot=91.5ms
(Worker_PP2_TP6 pid=1115789) [k3t r?] logits=0.6ms step_tot=91.5ms
(Worker_PP2_TP3 pid=1115786) [k3t r?] logits=0.6ms step_tot=91.5ms
(Worker_PP2_TP0 pid=1115783) [k3t r?] logits=0.3ms step_tot=91.7ms
(Worker_PP2_TP0 pid=1115783) WARNING 08-22 18:18:46 [flashinfer_all_reduce.py:78] Failed to initialize FlashInfer All Reduce workspace: [SymmDeviceMemory] Device does not support multicasting.. This is expected on GPUs without NVSwitch (e.g., NVLink bridge-only or PCIe topologies).
(Worker_PP2_TP0 pid=1115783) WARNING 08-22 18:18:46 [flashinfer_all_reduce.py:78] Failed to initialize FlashInfer All Reduce workspace: [SymmDeviceMemory] Device does not support multicasting.. This is expected on GPUs without NVSwitch (e.g., NVLink bridge-only or PCIe topologies).
(Worker_PP2_TP0 pid=1115783) WARNING 08-22 18:18:46 [flashinfer_all_reduce.py:78] Failed to initialize FlashInfer All Reduce workspace: [SymmDeviceMemory] Device does not support multicasting.. This is expected on GPUs without NVSwitch (e.g., NVLink bridge-only or PCIe topologies).
(Worker_PP2_TP0 pid=1115783) WARNING 08-22 18:18:46 [flashinfer_all_reduce.py:78] Failed to initialize FlashInfer All Reduce workspace: [SymmDeviceMemory] Device does not support multicasting.. This is expected on GPUs without NVSwitch (e.g., NVLink bridge-only or PCIe topologies).
(Worker_PP2_TP0 pid=1115783) WARNING 08-22 18:18:46 [flashinfer_all_reduce.py:78] Failed to initialize FlashInfer All Reduce workspace: [SymmDeviceMemory] Device does not support multicasting.. This is expected on GPUs without NVSwitch (e.g., NVLink bridge-only or PCIe topologies).
(Worker_PP2_TP0 pid=1115783) WARNING 08-22 18:18:46 [flashinfer_all_reduce.py:78] Failed to initialize FlashInfer All Reduce workspace: [SymmDeviceMemory] Device does not support multicasting.. This is expected on GPUs without NVSwitch (e.g., NVLink bridge-only or PCIe topologies).
(Worker_PP2_TP0 pid=1115783) WARNING 08-22 18:18:46 [flashinfer_all_reduce.py:78] Failed to initialize FlashInfer All Reduce workspace: [SymmDeviceMemory] Device does not support multicasting.. This is expected on GPUs without NVSwitch (e.g., NVLink bridge-only or PCIe topologies).
(Worker_PP2_TP0 pid=1115783) WARNING 08-22 18:18:46 [flashinfer_all_reduce.py:78] Failed to initialize FlashInfer All Reduce workspace: [SymmDeviceMemory] Device does not support multicasting.. This is expected on GPUs without NVSwitch (e.g., NVLink bridge-only or PCIe topologies).
(Worker_PP2_TP0 pid=1115783) WARNING 08-22 18:18:46 [flashinfer_all_reduce.py:78] Failed to initialize FlashInfer All Reduce workspace: [SymmDeviceMemory] Device does not support multicasting.. This is expected on GPUs without NVSwitch (e.g., NVLink bridge-only or PCIe topologies).
(Worker_PP2_TP0 pid=1115783) WARNING 08-22 18:18:46 [flashinfer_all_reduce.py:78] Failed to initialize FlashInfer All Reduce workspace: [SymmDeviceMemory] Device does not support multicasting.. This is expected on GPUs without NVSwitch (e.g., NVLink bridge-only or PCIe topologies).
(Worker_PP2_TP0 pid=1115783) WARNING 08-22 18:18:46 [flashinfer_all_reduce.py:78] Failed to initialize FlashInfer All Reduce workspace: [SymmDeviceMemory] Device does not support multicasting.. This is expected on GPUs without NVSwitch (e.g., NVLink bridge-only or PCIe topologies).
(Worker_PP2_TP0 pid=1115783) WARNING 08-22 18:18:46 [flashinfer_all_reduce.py:78] Failed to initialize FlashInfer All Reduce workspace: [SymmDeviceMemory] Device does not support multicasting.. This is expected on GPUs without NVSwitch (e.g., NVLink bridge-only or PCIe topologies).
(Worker_PP2_TP0 pid=1115783) WARNING 08-22 18:18:46 [flashinfer_all_reduce.py:78] Failed to initialize FlashInfer All Reduce workspace: [SymmDeviceMemory] Device does not support multicasting.. This is expected on GPUs without NVSwitch (e.g., NVLink bridge-only or PCIe topologies).
(Worker_PP2_TP0 pid=1115783) WARNING 08-22 18:18:46 [flashinfer_all_reduce.py:78] Failed to initialize FlashInfer All Reduce workspace: [SymmDeviceMemory] Device does not support multicasting.. This is expected on GPUs without NVSwitch (e.g., NVLink bridge-only or PCIe topologies).
(Worker_PP2_TP0 pid=1115783) WARNING 08-22 18:18:46 [flashinfer_all_reduce.py:78] Failed to initialize FlashInfer All Reduce workspace: [SymmDeviceMemory] Device does not support multicasting.. This is expected on GPUs without NVSwitch (e.g., NVLink bridge-only or PCIe topologies).
(Worker_PP2_TP0 pid=1115783) WARNING 08-22 18:18:46 [flashinfer_all_reduce.py:78] Failed to initialize FlashInfer All Reduce workspace: [SymmDeviceMemory] Device does not support multicasting.. This is expected on GPUs without NVSwitch (e.g., NVLink bridge-only or PCIe topologies).
(Worker_PP2_TP0 pid=1115783) WARNING 08-22 18:18:46 [flashinfer_all_reduce.py:78] Failed to initialize FlashInfer All Reduce workspace: [SymmDeviceMemory] Device does not support multicasting.. This is expected on GPUs without NVSwitch (e.g., NVLink bridge-only or PCIe topologies).
(Worker_PP2_TP0 pid=1115783) WARNING 08-22 18:18:46 [flashinfer_all_reduce.py:78] Failed to initialize FlashInfer All Reduce workspace: [SymmDeviceMemory] Device does not support multicasting.. This is expected on GPUs without NVSwitch (e.g., NVLink bridge-only or PCIe topologies).
(Worker_PP2_TP0 pid=1115783) WARNING 08-22 18:18:46 [flashinfer_all_reduce.py:78] Failed to initialize FlashInfer All Reduce workspace: [SymmDeviceMemory] Device does not support multicasting.. This is expected on GPUs without NVSwitch (e.g., NVLink bridge-only or PCIe topologies).
(Worker_PP2_TP0 pid=1115783) WARNING 08-22 18:18:46 [flashinfer_all_reduce.py:78] Failed to initialize FlashInfer All Reduce workspace: [SymmDeviceMemory] Device does not support multicasting.. This is expected on GPUs without NVSwitch (e.g., NVLink bridge-only or PCIe topologies).
(Worker_PP2_TP0 pid=1115783) WARNING 08-22 18:18:46 [flashinfer_all_reduce.py:78] Failed to initialize FlashInfer All Reduce workspace: [SymmDeviceMemory] Device does not support multicasting.. This is expected on GPUs without NVSwitch (e.g., NVLink bridge-only or PCIe topologies).
(Worker_PP2_TP0 pid=1115783) WARNING 08-22 18:18:46 [flashinfer_all_reduce.py:78] Failed to initialize FlashInfer All Reduce workspace: [SymmDeviceMemory] Device does not support multicasting.. This is expected on GPUs without NVSwitch (e.g., NVLink bridge-only or PCIe topologies).
(Worker_PP2_TP0 pid=1115783) WARNING 08-22 18:18:46 [flashinfer_all_reduce.py:78] Failed to initialize FlashInfer All Reduce workspace: [SymmDeviceMemory] Device does not support multicasting.. This is expected on GPUs without NVSwitch (e.g., NVLink bridge-only or PCIe topologies).
(Worker_PP2_TP0 pid=1115783) WARNING 08-22 18:18:46 [flashinfer_all_reduce.py:78] Failed to initialize FlashInfer All Reduce workspace: [SymmDeviceMemory] Device does not support multicasting.. This is expected on GPUs without NVSwitch (e.g., NVLink bridge-only or PCIe topologies).
(Worker_PP2_TP0 pid=1115783) WARNING 08-22 18:18:46 [flashinfer_all_reduce.py:78] Failed to initialize FlashInfer All Reduce workspace: [SymmDeviceMemory] Device does not support multicasting.. This is expected on GPUs without NVSwitch (e.g., NVLink bridge-only or PCIe topologies).
(Worker_PP2_TP0 pid=1115783) WARNING 08-22 18:18:46 [flashinfer_all_reduce.py:78] Failed to initialize FlashInfer All Reduce workspace: [SymmDeviceMemory] Device does not support multicasting.. This is expected on GPUs without NVSwitch (e.g., NVLink bridge-only or PCIe topologies).
(Worker_PP2_TP0 pid=1115783) WARNING 08-22 18:18:46 [flashinfer_all_reduce.py:78] Failed to initialize FlashInfer All Reduce workspace: [SymmDeviceMemory] Device does not support multicasting.. This is expected on GPUs without NVSwitch (e.g., NVLink bridge-only or PCIe topologies).
(Worker_PP2_TP0 pid=1115783) WARNING 08-22 18:18:46 [flashinfer_all_reduce.py:78] Failed to initialize FlashInfer All Reduce workspace: [SymmDeviceMemory] Device does not support multicasting.. This is expected on GPUs without NVSwitch (e.g., NVLink bridge-only or PCIe topologies).
(Worker_PP2_TP0 pid=1115783) WARNING 08-22 18:18:46 [flashinfer_all_reduce.py:78] Failed to initialize FlashInfer All Reduce workspace: [SymmDeviceMemory] Device does not support multicasting.. This is expected on GPUs without NVSwitch (e.g., NVLink bridge-only or PCIe topologies).
(Worker_PP2_TP0 pid=1115783) WARNING 08-22 18:18:46 [flashinfer_all_reduce.py:78] Failed to initialize FlashInfer All Reduce workspace: [SymmDeviceMemory] Device does not support multicasting.. This is expected on GPUs without NVSwitch (e.g., NVLink bridge-only or PCIe topologies).
(Worker_PP2_TP0 pid=1115783) WARNING 08-22 18:18:46 [flashinfer_all_reduce.py:78] Failed to initialize FlashInfer All Reduce workspace: [SymmDeviceMemory] Device does not support multicasting.. This is expected on GPUs without NVSwitch (e.g., NVLink bridge-only or PCIe topologies).
(Worker_PP2_TP1 pid=1115784) [k3t r?] step=31 tok=1 step=94.82ms | KDA: n=22 attn=18.2ms mlp=44.5ms other=0.6ms tot=63.2ms | full: n=9 attn=12.8ms mlp=18.5ms other=0.2ms tot=31.5ms | ALL: attn=31.0ms mlp=62.9ms model=94.8ms
(Worker_PP2_TP5 pid=1115788) [k3t r?] step=31 tok=1 step=94.83ms | KDA: n=22 attn=18.2ms mlp=44.5ms other=0.6ms tot=63.2ms | full: n=9 attn=12.8ms mlp=18.5ms other=0.2ms tot=31.5ms | ALL: attn=31.0ms mlp=62.9ms model=94.8ms
(Worker_PP2_TP4 pid=1115787) [k3t r?] step=31 tok=1 step=94.83ms | KDA: n=22 attn=18.2ms mlp=44.5ms other=0.6ms tot=63.2ms | full: n=9 attn=12.8ms mlp=18.5ms other=0.2ms tot=31.5ms | ALL: attn=31.0ms mlp=62.9ms model=94.8ms
(Worker_PP2_TP2 pid=1115785) [k3t r?] step=31 tok=1 step=94.83ms | KDA: n=22 attn=18.2ms mlp=44.5ms other=0.6ms tot=63.2ms | full: n=9 attn=12.8ms mlp=18.5ms other=0.2ms tot=31.5ms | ALL: attn=31.0ms mlp=62.9ms model=94.8ms
(Worker_PP2_TP6 pid=1115789) [k3t r?] step=31 tok=1 step=94.83ms | KDA: n=22 attn=18.2ms mlp=44.5ms other=0.6ms tot=63.2ms | full: n=9 attn=12.8ms mlp=18.5ms other=0.2ms tot=31.5ms | ALL: attn=31.0ms mlp=63.0ms model=94.8ms
(Worker_PP2_TP7 pid=1115790) [k3t r?] step=31 tok=1 step=94.83ms | KDA: n=22 attn=18.2ms mlp=44.5ms other=0.6ms tot=63.2ms | full: n=9 attn=12.8ms mlp=18.5ms other=0.2ms tot=31.5ms | ALL: attn=31.0ms mlp=62.9ms model=94.8ms
(Worker_PP2_TP3 pid=1115786) [k3t r?] step=31 tok=1 step=94.83ms | KDA: n=22 attn=18.2ms mlp=44.5ms other=0.6ms tot=63.2ms | full: n=9 attn=12.8ms mlp=18.5ms other=0.2ms tot=31.5ms | ALL: attn=31.0ms mlp=63.0ms model=94.8ms
(Worker_PP2_TP0 pid=1115783) [k3t r?] step=31 tok=1 step=95.25ms | KDA: n=22 attn=9.5ms mlp=43.5ms other=9.0ms tot=62.0ms | full: n=9 attn=9.0ms mlp=18.1ms other=3.8ms tot=30.9ms | ALL: attn=18.5ms mlp=61.6ms model=95.3ms
(Worker_PP2_TP7 pid=1115790) [k3t r?] logits=0.6ms step_tot=96.9ms
(Worker_PP2_TP3 pid=1115786) [k3t r?] logits=0.6ms step_tot=96.9ms
(Worker_PP2_TP6 pid=1115789) [k3t r?] logits=0.7ms step_tot=96.9ms
(Worker_PP2_TP5 pid=1115788) [k3t r?] logits=0.8ms step_tot=96.9ms
(Worker_PP2_TP2 pid=1115785) [k3t r?] logits=0.8ms step_tot=96.9ms
(Worker_PP2_TP1 pid=1115784) [k3t r?] logits=0.9ms step_tot=96.9ms
(Worker_PP2_TP4 pid=1115787) [k3t r?] logits=0.8ms step_tot=96.9ms
(Worker_PP2_TP0 pid=1115783) [k3t r?] logits=0.4ms step_tot=96.9ms
(Worker_PP2_TP0 pid=1115783) WARNING 08-22 18:18:46 [flashinfer_all_reduce.py:78] Failed to initialize FlashInfer All Reduce workspace: [SymmDeviceMemory] Device does not support multicasting.. This is expected on GPUs without NVSwitch (e.g., NVLink bridge-only or PCIe topologies).
(Worker_PP2_TP0 pid=1115783) WARNING 08-22 18:18:46 [flashinfer_all_reduce.py:78] Failed to initialize FlashInfer All Reduce workspace: [SymmDeviceMemory] Device does not support multicasting.. This is expected on GPUs without NVSwitch (e.g., NVLink bridge-only or PCIe topologies).
(Worker_PP2_TP0 pid=1115783) WARNING 08-22 18:18:46 [flashinfer_all_reduce.py:78] Failed to initialize FlashInfer All Reduce workspace: [SymmDeviceMemory] Device does not support multicasting.. This is expected on GPUs without NVSwitch (e.g., NVLink bridge-only or PCIe topologies).
(Worker_PP2_TP0 pid=1115783) WARNING 08-22 18:18:46 [flashinfer_all_reduce.py:78] Failed to initialize FlashInfer All Reduce workspace: [SymmDeviceMemory] Device does not support multicasting.. This is expected on GPUs without NVSwitch (e.g., NVLink bridge-only or PCIe topologies).
(Worker_PP2_TP0 pid=1115783) WARNING 08-22 18:18:46 [flashinfer_all_reduce.py:78] Failed to initialize FlashInfer All Reduce workspace: [SymmDeviceMemory] Device does not support multicasting.. This is expected on GPUs without NVSwitch (e.g., NVLink bridge-only or PCIe topologies).
(Worker_PP2_TP0 pid=1115783) WARNING 08-22 18:18:46 [flashinfer_all_reduce.py:78] Failed to initialize FlashInfer All Reduce workspace: [SymmDeviceMemory] Device does not support multicasting.. This is expected on GPUs without NVSwitch (e.g., NVLink bridge-only or PCIe topologies).
(Worker_PP2_TP0 pid=1115783) WARNING 08-22 18:18:46 [flashinfer_all_reduce.py:78] Failed to initialize FlashInfer All Reduce workspace: [SymmDeviceMemory] Device does not support multicasting.. This is expected on GPUs without NVSwitch (e.g., NVLink bridge-only or PCIe topologies).
(Worker_PP2_TP0 pid=1115783) WARNING 08-22 18:18:46 [flashinfer_all_reduce.py:78] Failed to initialize FlashInfer All Reduce workspace: [SymmDeviceMemory] Device does not support multicasting.. This is expected on GPUs without NVSwitch (e.g., NVLink bridge-only or PCIe topologies).
(Worker_PP2_TP0 pid=1115783) WARNING 08-22 18:18:46 [flashinfer_all_reduce.py:78] Failed to initialize FlashInfer All Reduce workspace: [SymmDeviceMemory] Device does not support multicasting.. This is expected on GPUs without NVSwitch (e.g., NVLink bridge-only or PCIe topologies).
(Worker_PP2_TP0 pid=1115783) WARNING 08-22 18:18:46 [flashinfer_all_reduce.py:78] Failed to initialize FlashInfer All Reduce workspace: [SymmDeviceMemory] Device does not support multicasting.. This is expected on GPUs without NVSwitch (e.g., NVLink bridge-only or PCIe topologies).
(Worker_PP2_TP0 pid=1115783) WARNING 08-22 18:18:46 [flashinfer_all_reduce.py:78] Failed to initialize FlashInfer All Reduce workspace: [SymmDeviceMemory] Device does not support multicasting.. This is expected on GPUs without NVSwitch (e.g., NVLink bridge-only or PCIe topologies).
(Worker_PP2_TP0 pid=1115783) WARNING 08-22 18:18:46 [flashinfer_all_reduce.py:78] Failed to initialize FlashInfer All Reduce workspace: [SymmDeviceMemory] Device does not support multicasting.. This is expected on GPUs without NVSwitch (e.g., NVLink bridge-only or PCIe topologies).
(Worker_PP2_TP0 pid=1115783) WARNING 08-22 18:18:46 [flashinfer_all_reduce.py:78] Failed to initialize FlashInfer All Reduce workspace: [SymmDeviceMemory] Device does not support multicasting.. This is expected on GPUs without NVSwitch (e.g., NVLink bridge-only or PCIe topologies).
(Worker_PP2_TP0 pid=1115783) WARNING 08-22 18:18:46 [flashinfer_all_reduce.py:78] Failed to initialize FlashInfer All Reduce workspace: [SymmDeviceMemory] Device does not support multicasting.. This is expected on GPUs without NVSwitch (e.g., NVLink bridge-only or PCIe topologies).
(Worker_PP2_TP0 pid=1115783) WARNING 08-22 18:18:46 [flashinfer_all_reduce.py:78] Failed to initialize FlashInfer All Reduce workspace: [SymmDeviceMemory] Device does not support multicasting.. This is expected on GPUs without NVSwitch (e.g., NVLink bridge-only or PCIe topologies).
(Worker_PP2_TP0 pid=1115783) WARNING 08-22 18:18:46 [flashinfer_all_reduce.py:78] Failed to initialize FlashInfer All Reduce workspace: [SymmDeviceMemory] Device does not support multicasting.. This is expected on GPUs without NVSwitch (e.g., NVLink bridge-only or PCIe topologies).
(Worker_PP2_TP0 pid=1115783) WARNING 08-22 18:18:46 [flashinfer_all_reduce.py:78] Failed to initialize FlashInfer All Reduce workspace: [SymmDeviceMemory] Device does not support multicasting.. This is expected on GPUs without NVSwitch (e.g., NVLink bridge-only or PCIe topologies).
(Worker_PP2_TP0 pid=1115783) WARNING 08-22 18:18:46 [flashinfer_all_reduce.py:78] Failed to initialize FlashInfer All Reduce workspace: [SymmDeviceMemory] Device does not support multicasting.. This is expected on GPUs without NVSwitch (e.g., NVLink bridge-only or PCIe topologies).
(Worker_PP2_TP0 pid=1115783) WARNING 08-22 18:18:46 [flashinfer_all_reduce.py:78] Failed to initialize FlashInfer All Reduce workspace: [SymmDeviceMemory] Device does not support multicasting.. This is expected on GPUs without NVSwitch (e.g., NVLink bridge-only or PCIe topologies).
(Worker_PP2_TP0 pid=1115783) WARNING 08-22 18:18:46 [flashinfer_all_reduce.py:78] Failed to initialize FlashInfer All Reduce workspace: [SymmDeviceMemory] Device does not support multicasting.. This is expected on GPUs without NVSwitch (e.g., NVLink bridge-only or PCIe topologies).
(Worker_PP2_TP0 pid=1115783) WARNING 08-22 18:18:46 [flashinfer_all_reduce.py:78] Failed to initialize FlashInfer All Reduce workspace: [SymmDeviceMemory] Device does not support multicasting.. This is expected on GPUs without NVSwitch (e.g., NVLink bridge-only or PCIe topologies).
(Worker_PP2_TP0 pid=1115783) WARNING 08-22 18:18:46 [flashinfer_all_reduce.py:78] Failed to initialize FlashInfer All Reduce workspace: [SymmDeviceMemory] Device does not support multicasting.. This is expected on GPUs without NVSwitch (e.g., NVLink bridge-only or PCIe topologies).
(Worker_PP2_TP0 pid=1115783) WARNING 08-22 18:18:46 [flashinfer_all_reduce.py:78] Failed to initialize FlashInfer All Reduce workspace: [SymmDeviceMemory] Device does not support multicasting.. This is expected on GPUs without NVSwitch (e.g., NVLink bridge-only or PCIe topologies).
(Worker_PP2_TP0 pid=1115783) WARNING 08-22 18:18:46 [flashinfer_all_reduce.py:78] Failed to initialize FlashInfer All Reduce workspace: [SymmDeviceMemory] Device does not support multicasting.. This is expected on GPUs without NVSwitch (e.g., NVLink bridge-only or PCIe topologies).
(Worker_PP2_TP0 pid=1115783) WARNING 08-22 18:18:46 [flashinfer_all_reduce.py:78] Failed to initialize FlashInfer All Reduce workspace: [SymmDeviceMemory] Device does not support multicasting.. This is expected on GPUs without NVSwitch (e.g., NVLink bridge-only or PCIe topologies).
(Worker_PP2_TP0 pid=1115783) WARNING 08-22 18:18:46 [flashinfer_all_reduce.py:78] Failed to initialize FlashInfer All Reduce workspace: [SymmDeviceMemory] Device does not support multicasting.. This is expected on GPUs without NVSwitch (e.g., NVLink bridge-only or PCIe topologies).
(Worker_PP2_TP0 pid=1115783) WARNING 08-22 18:18:46 [flashinfer_all_reduce.py:78] Failed to initialize FlashInfer All Reduce workspace: [SymmDeviceMemory] Device does not support multicasting.. This is expected on GPUs without NVSwitch (e.g., NVLink bridge-only or PCIe topologies).
(Worker_PP2_TP0 pid=1115783) WARNING 08-22 18:18:46 [flashinfer_all_reduce.py:78] Failed to initialize FlashInfer All Reduce workspace: [SymmDeviceMemory] Device does not support multicasting.. This is expected on GPUs without NVSwitch (e.g., NVLink bridge-only or PCIe topologies).
(Worker_PP2_TP0 pid=1115783) WARNING 08-22 18:18:46 [flashinfer_all_reduce.py:78] Failed to initialize FlashInfer All Reduce workspace: [SymmDeviceMemory] Device does not support multicasting.. This is expected on GPUs without NVSwitch (e.g., NVLink bridge-only or PCIe topologies).
(Worker_PP2_TP0 pid=1115783) WARNING 08-22 18:18:46 [flashinfer_all_reduce.py:78] Failed to initialize FlashInfer All Reduce workspace: [SymmDeviceMemory] Device does not support multicasting.. This is expected on GPUs without NVSwitch (e.g., NVLink bridge-only or PCIe topologies).
(Worker_PP2_TP0 pid=1115783) WARNING 08-22 18:18:46 [flashinfer_all_reduce.py:78] Failed to initialize FlashInfer All Reduce workspace: [SymmDeviceMemory] Device does not support multicasting.. This is expected on GPUs without NVSwitch (e.g., NVLink bridge-only or PCIe topologies).
(Worker_PP2_TP5 pid=1115788) [k3t r?] step=32 tok=1 step=92.47ms | KDA: n=22 attn=17.3ms mlp=43.4ms other=0.6ms tot=61.3ms | full: n=9 attn=12.6ms mlp=18.3ms other=0.2ms tot=31.1ms | ALL: attn=29.9ms mlp=61.7ms model=92.5ms
(Worker_PP2_TP2 pid=1115785) [k3t r?] step=32 tok=1 step=92.47ms | KDA: n=22 attn=17.4ms mlp=43.3ms other=0.6ms tot=61.3ms | full: n=9 attn=12.6ms mlp=18.3ms other=0.2ms tot=31.1ms | ALL: attn=29.9ms mlp=61.7ms model=92.5ms
(Worker_PP2_TP1 pid=1115784) [k3t r?] step=32 tok=1 step=92.47ms | KDA: n=22 attn=17.3ms mlp=43.3ms other=0.6ms tot=61.2ms | full: n=9 attn=12.6ms mlp=18.3ms other=0.2ms tot=31.1ms | ALL: attn=29.9ms mlp=61.7ms model=92.5ms
(Worker_PP2_TP4 pid=1115787) [k3t r?] step=32 tok=1 step=92.47ms | KDA: n=22 attn=17.3ms mlp=43.3ms other=0.6ms tot=61.2ms | full: n=9 attn=12.6ms mlp=18.3ms other=0.2ms tot=31.1ms | ALL: attn=29.9ms mlp=61.7ms model=92.5ms
(Worker_PP2_TP6 pid=1115789) [k3t r?] step=32 tok=1 step=92.47ms | KDA: n=22 attn=17.3ms mlp=43.4ms other=0.6ms tot=61.3ms | full: n=9 attn=12.6ms mlp=18.3ms other=0.2ms tot=31.1ms | ALL: attn=29.9ms mlp=61.7ms model=92.5ms
(Worker_PP2_TP3 pid=1115786) [k3t r?] step=32 tok=1 step=92.47ms | KDA: n=22 attn=17.3ms mlp=43.3ms other=0.6ms tot=61.2ms | full: n=9 attn=12.6ms mlp=18.3ms other=0.2ms tot=31.1ms | ALL: attn=29.9ms mlp=61.7ms model=92.5ms
(Worker_PP2_TP7 pid=1115790) [k3t r?] step=32 tok=1 step=92.47ms | KDA: n=22 attn=17.3ms mlp=43.4ms other=0.6ms tot=61.3ms | full: n=9 attn=12.6ms mlp=18.3ms other=0.2ms tot=31.1ms | ALL: attn=29.9ms mlp=61.7ms model=92.5ms
(Worker_PP2_TP0 pid=1115783) [k3t r?] step=32 tok=1 step=92.89ms | KDA: n=22 attn=9.0ms mlp=42.5ms other=8.8ms tot=60.2ms | full: n=9 attn=8.8ms mlp=18.1ms other=3.7ms tot=30.5ms | ALL: attn=17.7ms mlp=60.5ms model=92.9ms
(Worker_PP2_TP7 pid=1115790) [k3t r?] logits=0.6ms step_tot=94.4ms
(Worker_PP2_TP6 pid=1115789) [k3t r?] logits=0.7ms step_tot=94.4ms
(Worker_PP2_TP5 pid=1115788) [k3t r?] logits=0.7ms step_tot=94.4ms
(Worker_PP2_TP2 pid=1115785) [k3t r?] logits=0.7ms step_tot=94.4ms
(Worker_PP2_TP3 pid=1115786) [k3t r?] logits=0.7ms step_tot=94.4ms
(Worker_PP2_TP1 pid=1115784) [k3t r?] logits=0.7ms step_tot=94.4ms
(Worker_PP2_TP4 pid=1115787) [k3t r?] logits=0.7ms step_tot=94.4ms
(Worker_PP2_TP0 pid=1115783) [k3t r?] logits=0.4ms step_tot=94.5ms
(Worker_PP2_TP0 pid=1115783) WARNING 08-22 18:18:47 [flashinfer_all_reduce.py:78] Failed to initialize FlashInfer All Reduce workspace: [SymmDeviceMemory] Device does not support multicasting.. This is expected on GPUs without NVSwitch (e.g., NVLink bridge-only or PCIe topologies).
(Worker_PP2_TP0 pid=1115783) WARNING 08-22 18:18:47 [flashinfer_all_reduce.py:78] Failed to initialize FlashInfer All Reduce workspace: [SymmDeviceMemory] Device does not support multicasting.. This is expected on GPUs without NVSwitch (e.g., NVLink bridge-only or PCIe topologies).
(Worker_PP2_TP0 pid=1115783) WARNING 08-22 18:18:47 [flashinfer_all_reduce.py:78] Failed to initialize FlashInfer All Reduce workspace: [SymmDeviceMemory] Device does not support multicasting.. This is expected on GPUs without NVSwitch (e.g., NVLink bridge-only or PCIe topologies).
(Worker_PP2_TP0 pid=1115783) WARNING 08-22 18:18:47 [flashinfer_all_reduce.py:78] Failed to initialize FlashInfer All Reduce workspace: [SymmDeviceMemory] Device does not support multicasting.. This is expected on GPUs without NVSwitch (e.g., NVLink bridge-only or PCIe topologies).
(Worker_PP2_TP0 pid=1115783) WARNING 08-22 18:18:47 [flashinfer_all_reduce.py:78] Failed to initialize FlashInfer All Reduce workspace: [SymmDeviceMemory] Device does not support multicasting.. This is expected on GPUs without NVSwitch (e.g., NVLink bridge-only or PCIe topologies).
(Worker_PP2_TP0 pid=1115783) WARNING 08-22 18:18:47 [flashinfer_all_reduce.py:78] Failed to initialize FlashInfer All Reduce workspace: [SymmDeviceMemory] Device does not support multicasting.. This is expected on GPUs without NVSwitch (e.g., NVLink bridge-only or PCIe topologies).
(Worker_PP2_TP0 pid=1115783) WARNING 08-22 18:18:47 [flashinfer_all_reduce.py:78] Failed to initialize FlashInfer All Reduce workspace: [SymmDeviceMemory] Device does not support multicasting.. This is expected on GPUs without NVSwitch (e.g., NVLink bridge-only or PCIe topologies).
(Worker_PP2_TP0 pid=1115783) WARNING 08-22 18:18:47 [flashinfer_all_reduce.py:78] Failed to initialize FlashInfer All Reduce workspace: [SymmDeviceMemory] Device does not support multicasting.. This is expected on GPUs without NVSwitch (e.g., NVLink bridge-only or PCIe topologies).
(Worker_PP2_TP0 pid=1115783) WARNING 08-22 18:18:47 [flashinfer_all_reduce.py:78] Failed to initialize FlashInfer All Reduce workspace: [SymmDeviceMemory] Device does not support multicasting.. This is expected on GPUs without NVSwitch (e.g., NVLink bridge-only or PCIe topologies).
(Worker_PP2_TP0 pid=1115783) WARNING 08-22 18:18:47 [flashinfer_all_reduce.py:78] Failed to initialize FlashInfer All Reduce workspace: [SymmDeviceMemory] Device does not support multicasting.. This is expected on GPUs without NVSwitch (e.g., NVLink bridge-only or PCIe topologies).
(Worker_PP2_TP0 pid=1115783) WARNING 08-22 18:18:47 [flashinfer_all_reduce.py:78] Failed to initialize FlashInfer All Reduce workspace: [SymmDeviceMemory] Device does not support multicasting.. This is expected on GPUs without NVSwitch (e.g., NVLink bridge-only or PCIe topologies).
(Worker_PP2_TP0 pid=1115783) WARNING 08-22 18:18:47 [flashinfer_all_reduce.py:78] Failed to initialize FlashInfer All Reduce workspace: [SymmDeviceMemory] Device does not support multicasting.. This is expected on GPUs without NVSwitch (e.g., NVLink bridge-only or PCIe topologies).
(Worker_PP2_TP0 pid=1115783) WARNING 08-22 18:18:47 [flashinfer_all_reduce.py:78] Failed to initialize FlashInfer All Reduce workspace: [SymmDeviceMemory] Device does not support multicasting.. This is expected on GPUs without NVSwitch (e.g., NVLink bridge-only or PCIe topologies).
(Worker_PP2_TP0 pid=1115783) WARNING 08-22 18:18:47 [flashinfer_all_reduce.py:78] Failed to initialize FlashInfer All Reduce workspace: [SymmDeviceMemory] Device does not support multicasting.. This is expected on GPUs without NVSwitch (e.g., NVLink bridge-only or PCIe topologies).
(Worker_PP2_TP0 pid=1115783) WARNING 08-22 18:18:47 [flashinfer_all_reduce.py:78] Failed to initialize FlashInfer All Reduce workspace: [SymmDeviceMemory] Device does not support multicasting.. This is expected on GPUs without NVSwitch (e.g., NVLink bridge-only or PCIe topologies).
(Worker_PP2_TP0 pid=1115783) WARNING 08-22 18:18:47 [flashinfer_all_reduce.py:78] Failed to initialize FlashInfer All Reduce workspace: [SymmDeviceMemory] Device does not support multicasting.. This is expected on GPUs without NVSwitch (e.g., NVLink bridge-only or PCIe topologies).
(Worker_PP2_TP0 pid=1115783) WARNING 08-22 18:18:47 [flashinfer_all_reduce.py:78] Failed to initialize FlashInfer All Reduce workspace: [SymmDeviceMemory] Device does not support multicasting.. This is expected on GPUs without NVSwitch (e.g., NVLink bridge-only or PCIe topologies).
(Worker_PP2_TP0 pid=1115783) WARNING 08-22 18:18:47 [flashinfer_all_reduce.py:78] Failed to initialize FlashInfer All Reduce workspace: [SymmDeviceMemory] Device does not support multicasting.. This is expected on GPUs without NVSwitch (e.g., NVLink bridge-only or PCIe topologies).
(Worker_PP2_TP0 pid=1115783) WARNING 08-22 18:18:47 [flashinfer_all_reduce.py:78] Failed to initialize FlashInfer All Reduce workspace: [SymmDeviceMemory] Device does not support multicasting.. This is expected on GPUs without NVSwitch (e.g., NVLink bridge-only or PCIe topologies).
(Worker_PP2_TP0 pid=1115783) WARNING 08-22 18:18:47 [flashinfer_all_reduce.py:78] Failed to initialize FlashInfer All Reduce workspace: [SymmDeviceMemory] Device does not support multicasting.. This is expected on GPUs without NVSwitch (e.g., NVLink bridge-only or PCIe topologies).
(Worker_PP2_TP0 pid=1115783) WARNING 08-22 18:18:47 [flashinfer_all_reduce.py:78] Failed to initialize FlashInfer All Reduce workspace: [SymmDeviceMemory] Device does not support multicasting.. This is expected on GPUs without NVSwitch (e.g., NVLink bridge-only or PCIe topologies).
(Worker_PP2_TP0 pid=1115783) WARNING 08-22 18:18:47 [flashinfer_all_reduce.py:78] Failed to initialize FlashInfer All Reduce workspace: [SymmDeviceMemory] Device does not support multicasting.. This is expected on GPUs without NVSwitch (e.g., NVLink bridge-only or PCIe topologies).
(Worker_PP2_TP0 pid=1115783) WARNING 08-22 18:18:47 [flashinfer_all_reduce.py:78] Failed to initialize FlashInfer All Reduce workspace: [SymmDeviceMemory] Device does not support multicasting.. This is expected on GPUs without NVSwitch (e.g., NVLink bridge-only or PCIe topologies).
(Worker_PP2_TP0 pid=1115783) WARNING 08-22 18:18:47 [flashinfer_all_reduce.py:78] Failed to initialize FlashInfer All Reduce workspace: [SymmDeviceMemory] Device does not support multicasting.. This is expected on GPUs without NVSwitch (e.g., NVLink bridge-only or PCIe topologies).
(Worker_PP2_TP0 pid=1115783) WARNING 08-22 18:18:47 [flashinfer_all_reduce.py:78] Failed to initialize FlashInfer All Reduce workspace: [SymmDeviceMemory] Device does not support multicasting.. This is expected on GPUs without NVSwitch (e.g., NVLink bridge-only or PCIe topologies).
(Worker_PP2_TP0 pid=1115783) WARNING 08-22 18:18:47 [flashinfer_all_reduce.py:78] Failed to initialize FlashInfer All Reduce workspace: [SymmDeviceMemory] Device does not support multicasting.. This is expected on GPUs without NVSwitch (e.g., NVLink bridge-only or PCIe topologies).
(Worker_PP2_TP0 pid=1115783) WARNING 08-22 18:18:47 [flashinfer_all_reduce.py:78] Failed to initialize FlashInfer All Reduce workspace: [SymmDeviceMemory] Device does not support multicasting.. This is expected on GPUs without NVSwitch (e.g., NVLink bridge-only or PCIe topologies).
(Worker_PP2_TP0 pid=1115783) WARNING 08-22 18:18:47 [flashinfer_all_reduce.py:78] Failed to initialize FlashInfer All Reduce workspace: [SymmDeviceMemory] Device does not support multicasting.. This is expected on GPUs without NVSwitch (e.g., NVLink bridge-only or PCIe topologies).
(Worker_PP2_TP0 pid=1115783) WARNING 08-22 18:18:47 [flashinfer_all_reduce.py:78] Failed to initialize FlashInfer All Reduce workspace: [SymmDeviceMemory] Device does not support multicasting.. This is expected on GPUs without NVSwitch (e.g., NVLink bridge-only or PCIe topologies).
(Worker_PP2_TP0 pid=1115783) WARNING 08-22 18:18:47 [flashinfer_all_reduce.py:78] Failed to initialize FlashInfer All Reduce workspace: [SymmDeviceMemory] Device does not support multicasting.. This is expected on GPUs without NVSwitch (e.g., NVLink bridge-only or PCIe topologies).
(Worker_PP2_TP0 pid=1115783) WARNING 08-22 18:18:47 [flashinfer_all_reduce.py:78] Failed to initialize FlashInfer All Reduce workspace: [SymmDeviceMemory] Device does not support multicasting.. This is expected on GPUs without NVSwitch (e.g., NVLink bridge-only or PCIe topologies).
(Worker_PP2_TP2 pid=1115785) [k3t r?] step=33 tok=1 step=94.85ms | KDA: n=22 attn=18.2ms mlp=44.6ms other=0.6ms tot=63.3ms | full: n=9 attn=12.5ms mlp=18.7ms other=0.2ms tot=31.4ms | ALL: attn=30.7ms mlp=63.3ms model=94.9ms
(Worker_PP2_TP5 pid=1115788) [k3t r?] step=33 tok=1 step=94.86ms | KDA: n=22 attn=18.2ms mlp=44.6ms other=0.6ms tot=63.3ms | full: n=9 attn=12.5ms mlp=18.7ms other=0.2ms tot=31.4ms | ALL: attn=30.7ms mlp=63.3ms model=94.9ms
(Worker_PP2_TP1 pid=1115784) [k3t r?] step=33 tok=1 step=94.85ms | KDA: n=22 attn=18.2ms mlp=44.6ms other=0.6ms tot=63.3ms | full: n=9 attn=12.5ms mlp=18.7ms other=0.2ms tot=31.4ms | ALL: attn=30.7ms mlp=63.3ms model=94.9ms
(Worker_PP2_TP7 pid=1115790) [k3t r?] step=33 tok=1 step=94.85ms | KDA: n=22 attn=18.2ms mlp=44.6ms other=0.6ms tot=63.3ms | full: n=9 attn=12.5ms mlp=18.7ms other=0.2ms tot=31.4ms | ALL: attn=30.7ms mlp=63.3ms model=94.9ms
(Worker_PP2_TP6 pid=1115789) [k3t r?] step=33 tok=1 step=94.85ms | KDA: n=22 attn=18.2ms mlp=44.6ms other=0.6ms tot=63.3ms | full: n=9 attn=12.5ms mlp=18.7ms other=0.2ms tot=31.4ms | ALL: attn=30.7ms mlp=63.3ms model=94.9ms
(Worker_PP2_TP3 pid=1115786) [k3t r?] step=33 tok=1 step=94.86ms | KDA: n=22 attn=18.2ms mlp=44.6ms other=0.6ms tot=63.3ms | full: n=9 attn=12.5ms mlp=18.7ms other=0.2ms tot=31.4ms | ALL: attn=30.7ms mlp=63.3ms model=94.9ms
(Worker_PP2_TP4 pid=1115787) [k3t r?] step=33 tok=1 step=94.85ms | KDA: n=22 attn=18.2ms mlp=44.6ms other=0.6ms tot=63.3ms | full: n=9 attn=12.5ms mlp=18.7ms other=0.2ms tot=31.4ms | ALL: attn=30.7ms mlp=63.3ms model=94.9ms
(Worker_PP2_TP0 pid=1115783) [k3t r?] step=33 tok=1 step=95.26ms | KDA: n=22 attn=9.5ms mlp=43.8ms other=9.0ms tot=62.3ms | full: n=9 attn=9.0ms mlp=18.1ms other=3.6ms tot=30.7ms | ALL: attn=18.5ms mlp=61.9ms model=95.3ms
(Worker_PP2_TP5 pid=1115788) [k3t r?] logits=0.7ms step_tot=96.8ms
(Worker_PP2_TP4 pid=1115787) [k3t r?] logits=0.7ms step_tot=96.8ms
(Worker_PP2_TP7 pid=1115790) [k3t r?] logits=0.7ms step_tot=96.8ms
(Worker_PP2_TP6 pid=1115789) [k3t r?] logits=0.7ms step_tot=96.8ms
(Worker_PP2_TP3 pid=1115786) [k3t r?] logits=0.7ms step_tot=96.8ms
(Worker_PP2_TP1 pid=1115784) [k3t r?] logits=0.7ms step_tot=96.8ms
(Worker_PP2_TP2 pid=1115785) [k3t r?] logits=0.7ms step_tot=96.8ms
(Worker_PP2_TP0 pid=1115783) [k3t r?] logits=0.5ms step_tot=96.9ms
(Worker_PP2_TP0 pid=1115783) WARNING 08-22 18:18:47 [flashinfer_all_reduce.py:78] Failed to initialize FlashInfer All Reduce workspace: [SymmDeviceMemory] Device does not support multicasting.. This is expected on GPUs without NVSwitch (e.g., NVLink bridge-only or PCIe topologies).
(Worker_PP2_TP0 pid=1115783) WARNING 08-22 18:18:47 [flashinfer_all_reduce.py:78] Failed to initialize FlashInfer All Reduce workspace: [SymmDeviceMemory] Device does not support multicasting.. This is expected on GPUs without NVSwitch (e.g., NVLink bridge-only or PCIe topologies).
(Worker_PP2_TP0 pid=1115783) WARNING 08-22 18:18:47 [flashinfer_all_reduce.py:78] Failed to initialize FlashInfer All Reduce workspace: [SymmDeviceMemory] Device does not support multicasting.. This is expected on GPUs without NVSwitch (e.g., NVLink bridge-only or PCIe topologies).
(Worker_PP2_TP0 pid=1115783) WARNING 08-22 18:18:47 [flashinfer_all_reduce.py:78] Failed to initialize FlashInfer All Reduce workspace: [SymmDeviceMemory] Device does not support multicasting.. This is expected on GPUs without NVSwitch (e.g., NVLink bridge-only or PCIe topologies).
(Worker_PP2_TP0 pid=1115783) WARNING 08-22 18:18:47 [flashinfer_all_reduce.py:78] Failed to initialize FlashInfer All Reduce workspace: [SymmDeviceMemory] Device does not support multicasting.. This is expected on GPUs without NVSwitch (e.g., NVLink bridge-only or PCIe topologies).
(Worker_PP2_TP0 pid=1115783) WARNING 08-22 18:18:47 [flashinfer_all_reduce.py:78] Failed to initialize FlashInfer All Reduce workspace: [SymmDeviceMemory] Device does not support multicasting.. This is expected on GPUs without NVSwitch (e.g., NVLink bridge-only or PCIe topologies).
(Worker_PP2_TP0 pid=1115783) WARNING 08-22 18:18:47 [flashinfer_all_reduce.py:78] Failed to initialize FlashInfer All Reduce workspace: [SymmDeviceMemory] Device does not support multicasting.. This is expected on GPUs without NVSwitch (e.g., NVLink bridge-only or PCIe topologies).
(Worker_PP2_TP0 pid=1115783) WARNING 08-22 18:18:47 [flashinfer_all_reduce.py:78] Failed to initialize FlashInfer All Reduce workspace: [SymmDeviceMemory] Device does not support multicasting.. This is expected on GPUs without NVSwitch (e.g., NVLink bridge-only or PCIe topologies).
(Worker_PP2_TP0 pid=1115783) WARNING 08-22 18:18:47 [flashinfer_all_reduce.py:78] Failed to initialize FlashInfer All Reduce workspace: [SymmDeviceMemory] Device does not support multicasting.. This is expected on GPUs without NVSwitch (e.g., NVLink bridge-only or PCIe topologies).
(Worker_PP2_TP0 pid=1115783) WARNING 08-22 18:18:47 [flashinfer_all_reduce.py:78] Failed to initialize FlashInfer All Reduce workspace: [SymmDeviceMemory] Device does not support multicasting.. This is expected on GPUs without NVSwitch (e.g., NVLink bridge-only or PCIe topologies).
(Worker_PP2_TP0 pid=1115783) WARNING 08-22 18:18:47 [flashinfer_all_reduce.py:78] Failed to initialize FlashInfer All Reduce workspace: [SymmDeviceMemory] Device does not support multicasting.. This is expected on GPUs without NVSwitch (e.g., NVLink bridge-only or PCIe topologies).
(Worker_PP2_TP0 pid=1115783) WARNING 08-22 18:18:47 [flashinfer_all_reduce.py:78] Failed to initialize FlashInfer All Reduce workspace: [SymmDeviceMemory] Device does not support multicasting.. This is expected on GPUs without NVSwitch (e.g., NVLink bridge-only or PCIe topologies).
(Worker_PP2_TP0 pid=1115783) WARNING 08-22 18:18:47 [flashinfer_all_reduce.py:78] Failed to initialize FlashInfer All Reduce workspace: [SymmDeviceMemory] Device does not support multicasting.. This is expected on GPUs without NVSwitch (e.g., NVLink bridge-only or PCIe topologies).
(Worker_PP2_TP0 pid=1115783) WARNING 08-22 18:18:47 [flashinfer_all_reduce.py:78] Failed to initialize FlashInfer All Reduce workspace: [SymmDeviceMemory] Device does not support multicasting.. This is expected on GPUs without NVSwitch (e.g., NVLink bridge-only or PCIe topologies).
(Worker_PP2_TP0 pid=1115783) WARNING 08-22 18:18:47 [flashinfer_all_reduce.py:78] Failed to initialize FlashInfer All Reduce workspace: [SymmDeviceMemory] Device does not support multicasting.. This is expected on GPUs without NVSwitch (e.g., NVLink bridge-only or PCIe topologies).
(Worker_PP2_TP0 pid=1115783) WARNING 08-22 18:18:47 [flashinfer_all_reduce.py:78] Failed to initialize FlashInfer All Reduce workspace: [SymmDeviceMemory] Device does not support multicasting.. This is expected on GPUs without NVSwitch (e.g., NVLink bridge-only or PCIe topologies).
(Worker_PP2_TP0 pid=1115783) WARNING 08-22 18:18:47 [flashinfer_all_reduce.py:78] Failed to initialize FlashInfer All Reduce workspace: [SymmDeviceMemory] Device does not support multicasting.. This is expected on GPUs without NVSwitch (e.g., NVLink bridge-only or PCIe topologies).
(Worker_PP2_TP0 pid=1115783) WARNING 08-22 18:18:47 [flashinfer_all_reduce.py:78] Failed to initialize FlashInfer All Reduce workspace: [SymmDeviceMemory] Device does not support multicasting.. This is expected on GPUs without NVSwitch (e.g., NVLink bridge-only or PCIe topologies).
(Worker_PP2_TP0 pid=1115783) WARNING 08-22 18:18:47 [flashinfer_all_reduce.py:78] Failed to initialize FlashInfer All Reduce workspace: [SymmDeviceMemory] Device does not support multicasting.. This is expected on GPUs without NVSwitch (e.g., NVLink bridge-only or PCIe topologies).
(Worker_PP2_TP0 pid=1115783) WARNING 08-22 18:18:47 [flashinfer_all_reduce.py:78] Failed to initialize FlashInfer All Reduce workspace: [SymmDeviceMemory] Device does not support multicasting.. This is expected on GPUs without NVSwitch (e.g., NVLink bridge-only or PCIe topologies).
(Worker_PP2_TP0 pid=1115783) WARNING 08-22 18:18:47 [flashinfer_all_reduce.py:78] Failed to initialize FlashInfer All Reduce workspace: [SymmDeviceMemory] Device does not support multicasting.. This is expected on GPUs without NVSwitch (e.g., NVLink bridge-only or PCIe topologies).
(Worker_PP2_TP0 pid=1115783) WARNING 08-22 18:18:47 [flashinfer_all_reduce.py:78] Failed to initialize FlashInfer All Reduce workspace: [SymmDeviceMemory] Device does not support multicasting.. This is expected on GPUs without NVSwitch (e.g., NVLink bridge-only or PCIe topologies).
(Worker_PP2_TP0 pid=1115783) WARNING 08-22 18:18:47 [flashinfer_all_reduce.py:78] Failed to initialize FlashInfer All Reduce workspace: [SymmDeviceMemory] Device does not support multicasting.. This is expected on GPUs without NVSwitch (e.g., NVLink bridge-only or PCIe topologies).
(Worker_PP2_TP0 pid=1115783) WARNING 08-22 18:18:47 [flashinfer_all_reduce.py:78] Failed to initialize FlashInfer All Reduce workspace: [SymmDeviceMemory] Device does not support multicasting.. This is expected on GPUs without NVSwitch (e.g., NVLink bridge-only or PCIe topologies).
(Worker_PP2_TP0 pid=1115783) WARNING 08-22 18:18:47 [flashinfer_all_reduce.py:78] Failed to initialize FlashInfer All Reduce workspace: [SymmDeviceMemory] Device does not support multicasting.. This is expected on GPUs without NVSwitch (e.g., NVLink bridge-only or PCIe topologies).
(Worker_PP2_TP0 pid=1115783) WARNING 08-22 18:18:47 [flashinfer_all_reduce.py:78] Failed to initialize FlashInfer All Reduce workspace: [SymmDeviceMemory] Device does not support multicasting.. This is expected on GPUs without NVSwitch (e.g., NVLink bridge-only or PCIe topologies).
(Worker_PP2_TP0 pid=1115783) WARNING 08-22 18:18:47 [flashinfer_all_reduce.py:78] Failed to initialize FlashInfer All Reduce workspace: [SymmDeviceMemory] Device does not support multicasting.. This is expected on GPUs without NVSwitch (e.g., NVLink bridge-only or PCIe topologies).
(Worker_PP2_TP0 pid=1115783) WARNING 08-22 18:18:47 [flashinfer_all_reduce.py:78] Failed to initialize FlashInfer All Reduce workspace: [SymmDeviceMemory] Device does not support multicasting.. This is expected on GPUs without NVSwitch (e.g., NVLink bridge-only or PCIe topologies).
(Worker_PP2_TP0 pid=1115783) WARNING 08-22 18:18:47 [flashinfer_all_reduce.py:78] Failed to initialize FlashInfer All Reduce workspace: [SymmDeviceMemory] Device does not support multicasting.. This is expected on GPUs without NVSwitch (e.g., NVLink bridge-only or PCIe topologies).
(Worker_PP2_TP0 pid=1115783) WARNING 08-22 18:18:47 [flashinfer_all_reduce.py:78] Failed to initialize FlashInfer All Reduce workspace: [SymmDeviceMemory] Device does not support multicasting.. This is expected on GPUs without NVSwitch (e.g., NVLink bridge-only or PCIe topologies).
(Worker_PP2_TP0 pid=1115783) WARNING 08-22 18:18:47 [flashinfer_all_reduce.py:78] Failed to initialize FlashInfer All Reduce workspace: [SymmDeviceMemory] Device does not support multicasting.. This is expected on GPUs without NVSwitch (e.g., NVLink bridge-only or PCIe topologies).
(Worker_PP2_TP5 pid=1115788) [k3t r?] step=34 tok=1 step=90.15ms | KDA: n=22 attn=17.2ms mlp=41.6ms other=0.6ms tot=59.4ms | full: n=9 attn=12.2ms mlp=18.2ms other=0.2ms tot=30.6ms | ALL: attn=29.4ms mlp=59.9ms model=90.1ms
(Worker_PP2_TP7 pid=1115790) [k3t r?] step=34 tok=1 step=90.14ms | KDA: n=22 attn=17.2ms mlp=41.6ms other=0.6ms tot=59.4ms | full: n=9 attn=12.2ms mlp=18.2ms other=0.2ms tot=30.6ms | ALL: attn=29.4ms mlp=59.9ms model=90.1ms
(Worker_PP2_TP2 pid=1115785) [k3t r?] step=34 tok=1 step=90.14ms | KDA: n=22 attn=17.2ms mlp=41.6ms other=0.6ms tot=59.4ms | full: n=9 attn=12.2ms mlp=18.2ms other=0.2ms tot=30.6ms | ALL: attn=29.4ms mlp=59.9ms model=90.1ms
(Worker_PP2_TP1 pid=1115784) [k3t r?] step=34 tok=1 step=90.14ms | KDA: n=22 attn=17.2ms mlp=41.6ms other=0.6ms tot=59.4ms | full: n=9 attn=12.2ms mlp=18.2ms other=0.2ms tot=30.6ms | ALL: attn=29.4ms mlp=59.9ms model=90.1ms
(Worker_PP2_TP6 pid=1115789) [k3t r?] step=34 tok=1 step=90.14ms | KDA: n=22 attn=17.2ms mlp=41.6ms other=0.6ms tot=59.4ms | full: n=9 attn=12.2ms mlp=18.2ms other=0.2ms tot=30.6ms | ALL: attn=29.4ms mlp=59.9ms model=90.1ms
(Worker_PP2_TP4 pid=1115787) [k3t r?] step=34 tok=1 step=90.14ms | KDA: n=22 attn=15.8ms mlp=41.3ms other=2.0ms tot=59.1ms | full: n=9 attn=11.7ms mlp=18.2ms other=0.8ms tot=30.7ms | ALL: attn=27.5ms mlp=59.5ms model=90.1ms
(Worker_PP2_TP3 pid=1115786) [k3t r?] step=34 tok=1 step=90.14ms | KDA: n=22 attn=17.2ms mlp=41.6ms other=0.6ms tot=59.4ms | full: n=9 attn=12.2ms mlp=18.2ms other=0.2ms tot=30.6ms | ALL: attn=29.4ms mlp=59.9ms model=90.1ms
(Worker_PP2_TP0 pid=1115783) [k3t r?] step=34 tok=1 step=90.65ms | KDA: n=22 attn=9.1ms mlp=41.0ms other=8.1ms tot=58.2ms | full: n=9 attn=9.1ms mlp=17.9ms other=3.3ms tot=30.3ms | ALL: attn=18.2ms mlp=58.9ms model=90.7ms
(Worker_PP2_TP5 pid=1115788) [k3t r?] logits=0.7ms step_tot=92.1ms
(Worker_PP2_TP4 pid=1115787) [k3t r?] logits=0.6ms step_tot=92.1ms
(Worker_PP2_TP7 pid=1115790) [k3t r?] logits=0.7ms step_tot=92.1ms
(Worker_PP2_TP6 pid=1115789) [k3t r?] logits=0.7ms step_tot=92.1ms
(Worker_PP2_TP2 pid=1115785) [k3t r?] logits=0.7ms step_tot=92.1ms
(Worker_PP2_TP1 pid=1115784) [k3t r?] logits=0.7ms step_tot=92.1ms
(Worker_PP2_TP3 pid=1115786) [k3t r?] logits=0.6ms step_tot=92.1ms
(Worker_PP2_TP0 pid=1115783) [k3t r?] logits=0.4ms step_tot=92.1ms
(Worker_PP2_TP0 pid=1115783) WARNING 08-22 18:18:47 [flashinfer_all_reduce.py:78] Failed to initialize FlashInfer All Reduce workspace: [SymmDeviceMemory] Device does not support multicasting.. This is expected on GPUs without NVSwitch (e.g., NVLink bridge-only or PCIe topologies).
(Worker_PP2_TP0 pid=1115783) WARNING 08-22 18:18:47 [flashinfer_all_reduce.py:78] Failed to initialize FlashInfer All Reduce workspace: [SymmDeviceMemory] Device does not support multicasting.. This is expected on GPUs without NVSwitch (e.g., NVLink bridge-only or PCIe topologies).
(Worker_PP2_TP0 pid=1115783) WARNING 08-22 18:18:47 [flashinfer_all_reduce.py:78] Failed to initialize FlashInfer All Reduce workspace: [SymmDeviceMemory] Device does not support multicasting.. This is expected on GPUs without NVSwitch (e.g., NVLink bridge-only or PCIe topologies).
(Worker_PP2_TP0 pid=1115783) WARNING 08-22 18:18:47 [flashinfer_all_reduce.py:78] Failed to initialize FlashInfer All Reduce workspace: [SymmDeviceMemory] Device does not support multicasting.. This is expected on GPUs without NVSwitch (e.g., NVLink bridge-only or PCIe topologies).
(Worker_PP2_TP0 pid=1115783) WARNING 08-22 18:18:47 [flashinfer_all_reduce.py:78] Failed to initialize FlashInfer All Reduce workspace: [SymmDeviceMemory] Device does not support multicasting.. This is expected on GPUs without NVSwitch (e.g., NVLink bridge-only or PCIe topologies).
(Worker_PP2_TP0 pid=1115783) WARNING 08-22 18:18:47 [flashinfer_all_reduce.py:78] Failed to initialize FlashInfer All Reduce workspace: [SymmDeviceMemory] Device does not support multicasting.. This is expected on GPUs without NVSwitch (e.g., NVLink bridge-only or PCIe topologies).
(Worker_PP2_TP0 pid=1115783) WARNING 08-22 18:18:47 [flashinfer_all_reduce.py:78] Failed to initialize FlashInfer All Reduce workspace: [SymmDeviceMemory] Device does not support multicasting.. This is expected on GPUs without NVSwitch (e.g., NVLink bridge-only or PCIe topologies).
(Worker_PP2_TP0 pid=1115783) WARNING 08-22 18:18:47 [flashinfer_all_reduce.py:78] Failed to initialize FlashInfer All Reduce workspace: [SymmDeviceMemory] Device does not support multicasting.. This is expected on GPUs without NVSwitch (e.g., NVLink bridge-only or PCIe topologies).
(Worker_PP2_TP0 pid=1115783) WARNING 08-22 18:18:47 [flashinfer_all_reduce.py:78] Failed to initialize FlashInfer All Reduce workspace: [SymmDeviceMemory] Device does not support multicasting.. This is expected on GPUs without NVSwitch (e.g., NVLink bridge-only or PCIe topologies).
(Worker_PP2_TP0 pid=1115783) WARNING 08-22 18:18:47 [flashinfer_all_reduce.py:78] Failed to initialize FlashInfer All Reduce workspace: [SymmDeviceMemory] Device does not support multicasting.. This is expected on GPUs without NVSwitch (e.g., NVLink bridge-only or PCIe topologies).
(Worker_PP2_TP0 pid=1115783) WARNING 08-22 18:18:47 [flashinfer_all_reduce.py:78] Failed to initialize FlashInfer All Reduce workspace: [SymmDeviceMemory] Device does not support multicasting.. This is expected on GPUs without NVSwitch (e.g., NVLink bridge-only or PCIe topologies).
(Worker_PP2_TP0 pid=1115783) WARNING 08-22 18:18:47 [flashinfer_all_reduce.py:78] Failed to initialize FlashInfer All Reduce workspace: [SymmDeviceMemory] Device does not support multicasting.. This is expected on GPUs without NVSwitch (e.g., NVLink bridge-only or PCIe topologies).
(Worker_PP2_TP0 pid=1115783) WARNING 08-22 18:18:47 [flashinfer_all_reduce.py:78] Failed to initialize FlashInfer All Reduce workspace: [SymmDeviceMemory] Device does not support multicasting.. This is expected on GPUs without NVSwitch (e.g., NVLink bridge-only or PCIe topologies).
(Worker_PP2_TP0 pid=1115783) WARNING 08-22 18:18:47 [flashinfer_all_reduce.py:78] Failed to initialize FlashInfer All Reduce workspace: [SymmDeviceMemory] Device does not support multicasting.. This is expected on GPUs without NVSwitch (e.g., NVLink bridge-only or PCIe topologies).
(Worker_PP2_TP0 pid=1115783) WARNING 08-22 18:18:47 [flashinfer_all_reduce.py:78] Failed to initialize FlashInfer All Reduce workspace: [SymmDeviceMemory] Device does not support multicasting.. This is expected on GPUs without NVSwitch (e.g., NVLink bridge-only or PCIe topologies).
(Worker_PP2_TP0 pid=1115783) WARNING 08-22 18:18:47 [flashinfer_all_reduce.py:78] Failed to initialize FlashInfer All Reduce workspace: [SymmDeviceMemory] Device does not support multicasting.. This is expected on GPUs without NVSwitch (e.g., NVLink bridge-only or PCIe topologies).
(Worker_PP2_TP0 pid=1115783) WARNING 08-22 18:18:47 [flashinfer_all_reduce.py:78] Failed to initialize FlashInfer All Reduce workspace: [SymmDeviceMemory] Device does not support multicasting.. This is expected on GPUs without NVSwitch (e.g., NVLink bridge-only or PCIe topologies).
(Worker_PP2_TP0 pid=1115783) WARNING 08-22 18:18:47 [flashinfer_all_reduce.py:78] Failed to initialize FlashInfer All Reduce workspace: [SymmDeviceMemory] Device does not support multicasting.. This is expected on GPUs without NVSwitch (e.g., NVLink bridge-only or PCIe topologies).
(Worker_PP2_TP0 pid=1115783) WARNING 08-22 18:18:47 [flashinfer_all_reduce.py:78] Failed to initialize FlashInfer All Reduce workspace: [SymmDeviceMemory] Device does not support multicasting.. This is expected on GPUs without NVSwitch (e.g., NVLink bridge-only or PCIe topologies).
(Worker_PP2_TP0 pid=1115783) WARNING 08-22 18:18:47 [flashinfer_all_reduce.py:78] Failed to initialize FlashInfer All Reduce workspace: [SymmDeviceMemory] Device does not support multicasting.. This is expected on GPUs without NVSwitch (e.g., NVLink bridge-only or PCIe topologies).
(Worker_PP2_TP0 pid=1115783) WARNING 08-22 18:18:47 [flashinfer_all_reduce.py:78] Failed to initialize FlashInfer All Reduce workspace: [SymmDeviceMemory] Device does not support multicasting.. This is expected on GPUs without NVSwitch (e.g., NVLink bridge-only or PCIe topologies).
(Worker_PP2_TP0 pid=1115783) WARNING 08-22 18:18:48 [flashinfer_all_reduce.py:78] Failed to initialize FlashInfer All Reduce workspace: [SymmDeviceMemory] Device does not support multicasting.. This is expected on GPUs without NVSwitch (e.g., NVLink bridge-only or PCIe topologies).
(Worker_PP2_TP0 pid=1115783) WARNING 08-22 18:18:48 [flashinfer_all_reduce.py:78] Failed to initialize FlashInfer All Reduce workspace: [SymmDeviceMemory] Device does not support multicasting.. This is expected on GPUs without NVSwitch (e.g., NVLink bridge-only or PCIe topologies).
(Worker_PP2_TP0 pid=1115783) WARNING 08-22 18:18:48 [flashinfer_all_reduce.py:78] Failed to initialize FlashInfer All Reduce workspace: [SymmDeviceMemory] Device does not support multicasting.. This is expected on GPUs without NVSwitch (e.g., NVLink bridge-only or PCIe topologies).
(Worker_PP2_TP0 pid=1115783) WARNING 08-22 18:18:48 [flashinfer_all_reduce.py:78] Failed to initialize FlashInfer All Reduce workspace: [SymmDeviceMemory] Device does not support multicasting.. This is expected on GPUs without NVSwitch (e.g., NVLink bridge-only or PCIe topologies).
(Worker_PP2_TP0 pid=1115783) WARNING 08-22 18:18:48 [flashinfer_all_reduce.py:78] Failed to initialize FlashInfer All Reduce workspace: [SymmDeviceMemory] Device does not support multicasting.. This is expected on GPUs without NVSwitch (e.g., NVLink bridge-only or PCIe topologies).
(Worker_PP2_TP0 pid=1115783) WARNING 08-22 18:18:48 [flashinfer_all_reduce.py:78] Failed to initialize FlashInfer All Reduce workspace: [SymmDeviceMemory] Device does not support multicasting.. This is expected on GPUs without NVSwitch (e.g., NVLink bridge-only or PCIe topologies).
(Worker_PP2_TP0 pid=1115783) WARNING 08-22 18:18:48 [flashinfer_all_reduce.py:78] Failed to initialize FlashInfer All Reduce workspace: [SymmDeviceMemory] Device does not support multicasting.. This is expected on GPUs without NVSwitch (e.g., NVLink bridge-only or PCIe topologies).
(Worker_PP2_TP0 pid=1115783) WARNING 08-22 18:18:48 [flashinfer_all_reduce.py:78] Failed to initialize FlashInfer All Reduce workspace: [SymmDeviceMemory] Device does not support multicasting.. This is expected on GPUs without NVSwitch (e.g., NVLink bridge-only or PCIe topologies).
(Worker_PP2_TP0 pid=1115783) WARNING 08-22 18:18:48 [flashinfer_all_reduce.py:78] Failed to initialize FlashInfer All Reduce workspace: [SymmDeviceMemory] Device does not support multicasting.. This is expected on GPUs without NVSwitch (e.g., NVLink bridge-only or PCIe topologies).
(Worker_PP2_TP0 pid=1115783) WARNING 08-22 18:18:48 [flashinfer_all_reduce.py:78] Failed to initialize FlashInfer All Reduce workspace: [SymmDeviceMemory] Device does not support multicasting.. This is expected on GPUs without NVSwitch (e.g., NVLink bridge-only or PCIe topologies).
(Worker_PP2_TP5 pid=1115788) [k3t r?] step=35 tok=1 step=90.12ms | KDA: n=22 attn=17.1ms mlp=41.7ms other=0.6ms tot=59.4ms | full: n=9 attn=12.4ms mlp=18.1ms other=0.2ms tot=30.7ms | ALL: attn=29.5ms mlp=59.8ms model=90.1ms
(Worker_PP2_TP7 pid=1115790) [k3t r?] step=35 tok=1 step=90.13ms | KDA: n=22 attn=17.1ms mlp=41.7ms other=0.6ms tot=59.4ms | full: n=9 attn=12.4ms mlp=18.1ms other=0.2ms tot=30.7ms | ALL: attn=29.5ms mlp=59.7ms model=90.1ms
(Worker_PP2_TP1 pid=1115784) [k3t r?] step=35 tok=1 step=90.13ms | KDA: n=22 attn=17.1ms mlp=41.7ms other=0.6ms tot=59.4ms | full: n=9 attn=12.4ms mlp=18.1ms other=0.2ms tot=30.7ms | ALL: attn=29.5ms mlp=59.7ms model=90.1ms
(Worker_PP2_TP2 pid=1115785) [k3t r?] step=35 tok=1 step=90.12ms | KDA: n=22 attn=17.1ms mlp=41.7ms other=0.6ms tot=59.4ms | full: n=9 attn=12.4ms mlp=18.1ms other=0.2ms tot=30.7ms | ALL: attn=29.5ms mlp=59.7ms model=90.1ms
(Worker_PP2_TP3 pid=1115786) [k3t r?] step=35 tok=1 step=90.12ms | KDA: n=22 attn=17.1ms mlp=41.7ms other=0.6ms tot=59.4ms | full: n=9 attn=12.4ms mlp=18.1ms other=0.2ms tot=30.7ms | ALL: attn=29.5ms mlp=59.7ms model=90.1ms
(Worker_PP2_TP6 pid=1115789) [k3t r?] step=35 tok=1 step=90.12ms | KDA: n=22 attn=17.1ms mlp=41.7ms other=0.6ms tot=59.4ms | full: n=9 attn=12.4ms mlp=18.1ms other=0.2ms tot=30.7ms | ALL: attn=29.5ms mlp=59.8ms model=90.1ms
(Worker_PP2_TP4 pid=1115787) [k3t r?] step=35 tok=1 step=90.13ms | KDA: n=22 attn=17.2ms mlp=41.7ms other=0.5ms tot=59.4ms | full: n=9 attn=12.2ms mlp=18.1ms other=0.4ms tot=30.7ms | ALL: attn=29.3ms mlp=59.7ms model=90.1ms
(Worker_PP2_TP0 pid=1115783) [k3t r?] step=35 tok=1 step=90.63ms | KDA: n=22 attn=8.9ms mlp=40.8ms other=8.3ms tot=58.0ms | full: n=9 attn=8.7ms mlp=17.9ms other=3.8ms tot=30.5ms | ALL: attn=17.7ms mlp=58.7ms model=90.6ms
(Worker_PP2_TP6 pid=1115789) [k3t r?] logits=0.6ms step_tot=92.0ms
(Worker_PP2_TP7 pid=1115790) [k3t r?] logits=0.7ms step_tot=92.0ms
(Worker_PP2_TP1 pid=1115784) [k3t r?] logits=0.7ms step_tot=92.0ms
(Worker_PP2_TP5 pid=1115788) [k3t r?] logits=0.6ms step_tot=92.0ms
(Worker_PP2_TP3 pid=1115786) [k3t r?] logits=0.7ms step_tot=92.0ms
(Worker_PP2_TP4 pid=1115787) [k3t r?] logits=0.6ms step_tot=92.0ms
(Worker_PP2_TP2 pid=1115785) [k3t r?] logits=0.7ms step_tot=92.0ms
(Worker_PP2_TP0 pid=1115783) [k3t r?] logits=0.3ms step_tot=92.1ms
(Worker_PP2_TP0 pid=1115783) WARNING 08-22 18:18:48 [flashinfer_all_reduce.py:78] Failed to initialize FlashInfer All Reduce workspace: [SymmDeviceMemory] Device does not support multicasting.. This is expected on GPUs without NVSwitch (e.g., NVLink bridge-only or PCIe topologies).
(Worker_PP2_TP0 pid=1115783) WARNING 08-22 18:18:48 [flashinfer_all_reduce.py:78] Failed to initialize FlashInfer All Reduce workspace: [SymmDeviceMemory] Device does not support multicasting.. This is expected on GPUs without NVSwitch (e.g., NVLink bridge-only or PCIe topologies).
(Worker_PP2_TP0 pid=1115783) WARNING 08-22 18:18:48 [flashinfer_all_reduce.py:78] Failed to initialize FlashInfer All Reduce workspace: [SymmDeviceMemory] Device does not support multicasting.. This is expected on GPUs without NVSwitch (e.g., NVLink bridge-only or PCIe topologies).
(Worker_PP2_TP0 pid=1115783) WARNING 08-22 18:18:48 [flashinfer_all_reduce.py:78] Failed to initialize FlashInfer All Reduce workspace: [SymmDeviceMemory] Device does not support multicasting.. This is expected on GPUs without NVSwitch (e.g., NVLink bridge-only or PCIe topologies).
(Worker_PP2_TP0 pid=1115783) WARNING 08-22 18:18:48 [flashinfer_all_reduce.py:78] Failed to initialize FlashInfer All Reduce workspace: [SymmDeviceMemory] Device does not support multicasting.. This is expected on GPUs without NVSwitch (e.g., NVLink bridge-only or PCIe topologies).
(Worker_PP2_TP0 pid=1115783) WARNING 08-22 18:18:48 [flashinfer_all_reduce.py:78] Failed to initialize FlashInfer All Reduce workspace: [SymmDeviceMemory] Device does not support multicasting.. This is expected on GPUs without NVSwitch (e.g., NVLink bridge-only or PCIe topologies).
(Worker_PP2_TP0 pid=1115783) WARNING 08-22 18:18:48 [flashinfer_all_reduce.py:78] Failed to initialize FlashInfer All Reduce workspace: [SymmDeviceMemory] Device does not support multicasting.. This is expected on GPUs without NVSwitch (e.g., NVLink bridge-only or PCIe topologies).
(Worker_PP2_TP0 pid=1115783) WARNING 08-22 18:18:48 [flashinfer_all_reduce.py:78] Failed to initialize FlashInfer All Reduce workspace: [SymmDeviceMemory] Device does not support multicasting.. This is expected on GPUs without NVSwitch (e.g., NVLink bridge-only or PCIe topologies).
(Worker_PP2_TP0 pid=1115783) WARNING 08-22 18:18:48 [flashinfer_all_reduce.py:78] Failed to initialize FlashInfer All Reduce workspace: [SymmDeviceMemory] Device does not support multicasting.. This is expected on GPUs without NVSwitch (e.g., NVLink bridge-only or PCIe topologies).
(Worker_PP2_TP0 pid=1115783) WARNING 08-22 18:18:48 [flashinfer_all_reduce.py:78] Failed to initialize FlashInfer All Reduce workspace: [SymmDeviceMemory] Device does not support multicasting.. This is expected on GPUs without NVSwitch (e.g., NVLink bridge-only or PCIe topologies).
(Worker_PP2_TP0 pid=1115783) WARNING 08-22 18:18:48 [flashinfer_all_reduce.py:78] Failed to initialize FlashInfer All Reduce workspace: [SymmDeviceMemory] Device does not support multicasting.. This is expected on GPUs without NVSwitch (e.g., NVLink bridge-only or PCIe topologies).
(Worker_PP2_TP0 pid=1115783) WARNING 08-22 18:18:48 [flashinfer_all_reduce.py:78] Failed to initialize FlashInfer All Reduce workspace: [SymmDeviceMemory] Device does not support multicasting.. This is expected on GPUs without NVSwitch (e.g., NVLink bridge-only or PCIe topologies).
(Worker_PP2_TP0 pid=1115783) WARNING 08-22 18:18:48 [flashinfer_all_reduce.py:78] Failed to initialize FlashInfer All Reduce workspace: [SymmDeviceMemory] Device does not support multicasting.. This is expected on GPUs without NVSwitch (e.g., NVLink bridge-only or PCIe topologies).
(Worker_PP2_TP0 pid=1115783) WARNING 08-22 18:18:48 [flashinfer_all_reduce.py:78] Failed to initialize FlashInfer All Reduce workspace: [SymmDeviceMemory] Device does not support multicasting.. This is expected on GPUs without NVSwitch (e.g., NVLink bridge-only or PCIe topologies).
(Worker_PP2_TP0 pid=1115783) WARNING 08-22 18:18:48 [flashinfer_all_reduce.py:78] Failed to initialize FlashInfer All Reduce workspace: [SymmDeviceMemory] Device does not support multicasting.. This is expected on GPUs without NVSwitch (e.g., NVLink bridge-only or PCIe topologies).
(Worker_PP2_TP0 pid=1115783) WARNING 08-22 18:18:48 [flashinfer_all_reduce.py:78] Failed to initialize FlashInfer All Reduce workspace: [SymmDeviceMemory] Device does not support multicasting.. This is expected on GPUs without NVSwitch (e.g., NVLink bridge-only or PCIe topologies).
(Worker_PP2_TP0 pid=1115783) WARNING 08-22 18:18:48 [flashinfer_all_reduce.py:78] Failed to initialize FlashInfer All Reduce workspace: [SymmDeviceMemory] Device does not support multicasting.. This is expected on GPUs without NVSwitch (e.g., NVLink bridge-only or PCIe topologies).
(Worker_PP2_TP0 pid=1115783) WARNING 08-22 18:18:48 [flashinfer_all_reduce.py:78] Failed to initialize FlashInfer All Reduce workspace: [SymmDeviceMemory] Device does not support multicasting.. This is expected on GPUs without NVSwitch (e.g., NVLink bridge-only or PCIe topologies).
(Worker_PP2_TP0 pid=1115783) WARNING 08-22 18:18:48 [flashinfer_all_reduce.py:78] Failed to initialize FlashInfer All Reduce workspace: [SymmDeviceMemory] Device does not support multicasting.. This is expected on GPUs without NVSwitch (e.g., NVLink bridge-only or PCIe topologies).
(Worker_PP2_TP0 pid=1115783) WARNING 08-22 18:18:48 [flashinfer_all_reduce.py:78] Failed to initialize FlashInfer All Reduce workspace: [SymmDeviceMemory] Device does not support multicasting.. This is expected on GPUs without NVSwitch (e.g., NVLink bridge-only or PCIe topologies).
(Worker_PP2_TP0 pid=1115783) WARNING 08-22 18:18:48 [flashinfer_all_reduce.py:78] Failed to initialize FlashInfer All Reduce workspace: [SymmDeviceMemory] Device does not support multicasting.. This is expected on GPUs without NVSwitch (e.g., NVLink bridge-only or PCIe topologies).
(Worker_PP2_TP0 pid=1115783) WARNING 08-22 18:18:48 [flashinfer_all_reduce.py:78] Failed to initialize FlashInfer All Reduce workspace: [SymmDeviceMemory] Device does not support multicasting.. This is expected on GPUs without NVSwitch (e.g., NVLink bridge-only or PCIe topologies).
(Worker_PP2_TP0 pid=1115783) WARNING 08-22 18:18:48 [flashinfer_all_reduce.py:78] Failed to initialize FlashInfer All Reduce workspace: [SymmDeviceMemory] Device does not support multicasting.. This is expected on GPUs without NVSwitch (e.g., NVLink bridge-only or PCIe topologies).
(Worker_PP2_TP0 pid=1115783) WARNING 08-22 18:18:48 [flashinfer_all_reduce.py:78] Failed to initialize FlashInfer All Reduce workspace: [SymmDeviceMemory] Device does not support multicasting.. This is expected on GPUs without NVSwitch (e.g., NVLink bridge-only or PCIe topologies).
(Worker_PP2_TP0 pid=1115783) WARNING 08-22 18:18:48 [flashinfer_all_reduce.py:78] Failed to initialize FlashInfer All Reduce workspace: [SymmDeviceMemory] Device does not support multicasting.. This is expected on GPUs without NVSwitch (e.g., NVLink bridge-only or PCIe topologies).
(Worker_PP2_TP0 pid=1115783) WARNING 08-22 18:18:48 [flashinfer_all_reduce.py:78] Failed to initialize FlashInfer All Reduce workspace: [SymmDeviceMemory] Device does not support multicasting.. This is expected on GPUs without NVSwitch (e.g., NVLink bridge-only or PCIe topologies).
(Worker_PP2_TP0 pid=1115783) WARNING 08-22 18:18:48 [flashinfer_all_reduce.py:78] Failed to initialize FlashInfer All Reduce workspace: [SymmDeviceMemory] Device does not support multicasting.. This is expected on GPUs without NVSwitch (e.g., NVLink bridge-only or PCIe topologies).
(Worker_PP2_TP0 pid=1115783) WARNING 08-22 18:18:48 [flashinfer_all_reduce.py:78] Failed to initialize FlashInfer All Reduce workspace: [SymmDeviceMemory] Device does not support multicasting.. This is expected on GPUs without NVSwitch (e.g., NVLink bridge-only or PCIe topologies).
(Worker_PP2_TP0 pid=1115783) WARNING 08-22 18:18:48 [flashinfer_all_reduce.py:78] Failed to initialize FlashInfer All Reduce workspace: [SymmDeviceMemory] Device does not support multicasting.. This is expected on GPUs without NVSwitch (e.g., NVLink bridge-only or PCIe topologies).
(Worker_PP2_TP0 pid=1115783) WARNING 08-22 18:18:48 [flashinfer_all_reduce.py:78] Failed to initialize FlashInfer All Reduce workspace: [SymmDeviceMemory] Device does not support multicasting.. This is expected on GPUs without NVSwitch (e.g., NVLink bridge-only or PCIe topologies).
(Worker_PP2_TP0 pid=1115783) WARNING 08-22 18:18:48 [flashinfer_all_reduce.py:78] Failed to initialize FlashInfer All Reduce workspace: [SymmDeviceMemory] Device does not support multicasting.. This is expected on GPUs without NVSwitch (e.g., NVLink bridge-only or PCIe topologies).
(Worker_PP2_TP5 pid=1115788) [k3t r?] step=36 tok=1 step=89.60ms | KDA: n=22 attn=17.1ms mlp=41.1ms other=0.6ms tot=58.8ms | full: n=9 attn=12.2ms mlp=18.2ms other=0.2ms tot=30.7ms | ALL: attn=29.4ms mlp=59.3ms model=89.6ms
(Worker_PP2_TP1 pid=1115784) [k3t r?] step=36 tok=1 step=89.60ms | KDA: n=22 attn=17.1ms mlp=41.1ms other=0.6ms tot=58.8ms | full: n=9 attn=12.2ms mlp=18.2ms other=0.2ms tot=30.7ms | ALL: attn=29.3ms mlp=59.4ms model=89.6ms
(Worker_PP2_TP2 pid=1115785) [k3t r?] step=36 tok=1 step=89.60ms | KDA: n=22 attn=17.1ms mlp=41.1ms other=0.6ms tot=58.8ms | full: n=9 attn=12.2ms mlp=18.2ms other=0.2ms tot=30.7ms | ALL: attn=29.4ms mlp=59.4ms model=89.6ms
(Worker_PP2_TP7 pid=1115790) [k3t r?] step=36 tok=1 step=89.60ms | KDA: n=22 attn=17.1ms mlp=41.1ms other=0.6ms tot=58.8ms | full: n=9 attn=12.2ms mlp=18.2ms other=0.2ms tot=30.7ms | ALL: attn=29.4ms mlp=59.3ms model=89.6ms
(Worker_PP2_TP3 pid=1115786) [k3t r?] step=36 tok=1 step=89.60ms | KDA: n=22 attn=17.1ms mlp=41.1ms other=0.6ms tot=58.8ms | full: n=9 attn=12.2ms mlp=18.2ms other=0.2ms tot=30.7ms | ALL: attn=29.3ms mlp=59.4ms model=89.6ms
(Worker_PP2_TP4 pid=1115787) [k3t r?] step=36 tok=1 step=89.59ms | KDA: n=22 attn=15.9ms mlp=40.9ms other=1.7ms tot=58.5ms | full: n=9 attn=11.8ms mlp=18.3ms other=0.7ms tot=30.7ms | ALL: attn=27.7ms mlp=59.2ms model=89.6ms
(Worker_PP2_TP6 pid=1115789) [k3t r?] step=36 tok=1 step=89.60ms | KDA: n=22 attn=17.1ms mlp=41.1ms other=0.6ms tot=58.8ms | full: n=9 attn=12.2ms mlp=18.2ms other=0.2ms tot=30.7ms | ALL: attn=29.3ms mlp=59.4ms model=89.6ms
(Worker_PP2_TP0 pid=1115783) [k3t r?] step=36 tok=1 step=90.01ms | KDA: n=22 attn=9.0ms mlp=40.7ms other=8.0ms tot=57.7ms | full: n=9 attn=8.9ms mlp=17.6ms other=3.4ms tot=30.0ms | ALL: attn=17.9ms mlp=58.3ms model=90.0ms
(Worker_PP2_TP5 pid=1115788) [k3t r?] logits=0.7ms step_tot=91.5ms
(Worker_PP2_TP2 pid=1115785) [k3t r?] logits=0.7ms step_tot=91.5ms
(Worker_PP2_TP6 pid=1115789) [k3t r?] logits=0.6ms step_tot=91.5ms
(Worker_PP2_TP1 pid=1115784) [k3t r?] logits=0.7ms step_tot=91.5ms
(Worker_PP2_TP7 pid=1115790) [k3t r?] logits=0.7ms step_tot=91.5ms
(Worker_PP2_TP4 pid=1115787) [k3t r?] logits=0.6ms step_tot=91.5ms
(Worker_PP2_TP3 pid=1115786) [k3t r?] logits=0.7ms step_tot=91.5ms
(Worker_PP2_TP0 pid=1115783) [k3t r?] logits=0.5ms step_tot=91.5ms
(Worker_PP2_TP0 pid=1115783) WARNING 08-22 18:18:48 [flashinfer_all_reduce.py:78] Failed to initialize FlashInfer All Reduce workspace: [SymmDeviceMemory] Device does not support multicasting.. This is expected on GPUs without NVSwitch (e.g., NVLink bridge-only or PCIe topologies).
(Worker_PP2_TP0 pid=1115783) WARNING 08-22 18:18:48 [flashinfer_all_reduce.py:78] Failed to initialize FlashInfer All Reduce workspace: [SymmDeviceMemory] Device does not support multicasting.. This is expected on GPUs without NVSwitch (e.g., NVLink bridge-only or PCIe topologies).
(Worker_PP2_TP0 pid=1115783) WARNING 08-22 18:18:48 [flashinfer_all_reduce.py:78] Failed to initialize FlashInfer All Reduce workspace: [SymmDeviceMemory] Device does not support multicasting.. This is expected on GPUs without NVSwitch (e.g., NVLink bridge-only or PCIe topologies).
(Worker_PP2_TP0 pid=1115783) WARNING 08-22 18:18:48 [flashinfer_all_reduce.py:78] Failed to initialize FlashInfer All Reduce workspace: [SymmDeviceMemory] Device does not support multicasting.. This is expected on GPUs without NVSwitch (e.g., NVLink bridge-only or PCIe topologies).
(Worker_PP2_TP0 pid=1115783) WARNING 08-22 18:18:48 [flashinfer_all_reduce.py:78] Failed to initialize FlashInfer All Reduce workspace: [SymmDeviceMemory] Device does not support multicasting.. This is expected on GPUs without NVSwitch (e.g., NVLink bridge-only or PCIe topologies).
(Worker_PP2_TP0 pid=1115783) WARNING 08-22 18:18:48 [flashinfer_all_reduce.py:78] Failed to initialize FlashInfer All Reduce workspace: [SymmDeviceMemory] Device does not support multicasting.. This is expected on GPUs without NVSwitch (e.g., NVLink bridge-only or PCIe topologies).
(Worker_PP2_TP0 pid=1115783) WARNING 08-22 18:18:48 [flashinfer_all_reduce.py:78] Failed to initialize FlashInfer All Reduce workspace: [SymmDeviceMemory] Device does not support multicasting.. This is expected on GPUs without NVSwitch (e.g., NVLink bridge-only or PCIe topologies).
(Worker_PP2_TP0 pid=1115783) WARNING 08-22 18:18:48 [flashinfer_all_reduce.py:78] Failed to initialize FlashInfer All Reduce workspace: [SymmDeviceMemory] Device does not support multicasting.. This is expected on GPUs without NVSwitch (e.g., NVLink bridge-only or PCIe topologies).
(Worker_PP2_TP0 pid=1115783) WARNING 08-22 18:18:48 [flashinfer_all_reduce.py:78] Failed to initialize FlashInfer All Reduce workspace: [SymmDeviceMemory] Device does not support multicasting.. This is expected on GPUs without NVSwitch (e.g., NVLink bridge-only or PCIe topologies).
(Worker_PP2_TP0 pid=1115783) WARNING 08-22 18:18:48 [flashinfer_all_reduce.py:78] Failed to initialize FlashInfer All Reduce workspace: [SymmDeviceMemory] Device does not support multicasting.. This is expected on GPUs without NVSwitch (e.g., NVLink bridge-only or PCIe topologies).
(Worker_PP2_TP0 pid=1115783) WARNING 08-22 18:18:48 [flashinfer_all_reduce.py:78] Failed to initialize FlashInfer All Reduce workspace: [SymmDeviceMemory] Device does not support multicasting.. This is expected on GPUs without NVSwitch (e.g., NVLink bridge-only or PCIe topologies).
(Worker_PP2_TP0 pid=1115783) WARNING 08-22 18:18:48 [flashinfer_all_reduce.py:78] Failed to initialize FlashInfer All Reduce workspace: [SymmDeviceMemory] Device does not support multicasting.. This is expected on GPUs without NVSwitch (e.g., NVLink bridge-only or PCIe topologies).
(Worker_PP2_TP0 pid=1115783) WARNING 08-22 18:18:48 [flashinfer_all_reduce.py:78] Failed to initialize FlashInfer All Reduce workspace: [SymmDeviceMemory] Device does not support multicasting.. This is expected on GPUs without NVSwitch (e.g., NVLink bridge-only or PCIe topologies).
(Worker_PP2_TP0 pid=1115783) WARNING 08-22 18:18:48 [flashinfer_all_reduce.py:78] Failed to initialize FlashInfer All Reduce workspace: [SymmDeviceMemory] Device does not support multicasting.. This is expected on GPUs without NVSwitch (e.g., NVLink bridge-only or PCIe topologies).
(Worker_PP2_TP0 pid=1115783) WARNING 08-22 18:18:48 [flashinfer_all_reduce.py:78] Failed to initialize FlashInfer All Reduce workspace: [SymmDeviceMemory] Device does not support multicasting.. This is expected on GPUs without NVSwitch (e.g., NVLink bridge-only or PCIe topologies).
(Worker_PP2_TP0 pid=1115783) WARNING 08-22 18:18:48 [flashinfer_all_reduce.py:78] Failed to initialize FlashInfer All Reduce workspace: [SymmDeviceMemory] Device does not support multicasting.. This is expected on GPUs without NVSwitch (e.g., NVLink bridge-only or PCIe topologies).
(Worker_PP2_TP0 pid=1115783) WARNING 08-22 18:18:48 [flashinfer_all_reduce.py:78] Failed to initialize FlashInfer All Reduce workspace: [SymmDeviceMemory] Device does not support multicasting.. This is expected on GPUs without NVSwitch (e.g., NVLink bridge-only or PCIe topologies).
(Worker_PP2_TP0 pid=1115783) WARNING 08-22 18:18:48 [flashinfer_all_reduce.py:78] Failed to initialize FlashInfer All Reduce workspace: [SymmDeviceMemory] Device does not support multicasting.. This is expected on GPUs without NVSwitch (e.g., NVLink bridge-only or PCIe topologies).
(Worker_PP2_TP0 pid=1115783) WARNING 08-22 18:18:48 [flashinfer_all_reduce.py:78] Failed to initialize FlashInfer All Reduce workspace: [SymmDeviceMemory] Device does not support multicasting.. This is expected on GPUs without NVSwitch (e.g., NVLink bridge-only or PCIe topologies).
(Worker_PP2_TP0 pid=1115783) WARNING 08-22 18:18:48 [flashinfer_all_reduce.py:78] Failed to initialize FlashInfer All Reduce workspace: [SymmDeviceMemory] Device does not support multicasting.. This is expected on GPUs without NVSwitch (e.g., NVLink bridge-only or PCIe topologies).
(Worker_PP2_TP0 pid=1115783) WARNING 08-22 18:18:48 [flashinfer_all_reduce.py:78] Failed to initialize FlashInfer All Reduce workspace: [SymmDeviceMemory] Device does not support multicasting.. This is expected on GPUs without NVSwitch (e.g., NVLink bridge-only or PCIe topologies).
(Worker_PP2_TP0 pid=1115783) WARNING 08-22 18:18:48 [flashinfer_all_reduce.py:78] Failed to initialize FlashInfer All Reduce workspace: [SymmDeviceMemory] Device does not support multicasting.. This is expected on GPUs without NVSwitch (e.g., NVLink bridge-only or PCIe topologies).
(Worker_PP2_TP0 pid=1115783) WARNING 08-22 18:18:48 [flashinfer_all_reduce.py:78] Failed to initialize FlashInfer All Reduce workspace: [SymmDeviceMemory] Device does not support multicasting.. This is expected on GPUs without NVSwitch (e.g., NVLink bridge-only or PCIe topologies).
(Worker_PP2_TP0 pid=1115783) WARNING 08-22 18:18:48 [flashinfer_all_reduce.py:78] Failed to initialize FlashInfer All Reduce workspace: [SymmDeviceMemory] Device does not support multicasting.. This is expected on GPUs without NVSwitch (e.g., NVLink bridge-only or PCIe topologies).
(Worker_PP2_TP0 pid=1115783) WARNING 08-22 18:18:48 [flashinfer_all_reduce.py:78] Failed to initialize FlashInfer All Reduce workspace: [SymmDeviceMemory] Device does not support multicasting.. This is expected on GPUs without NVSwitch (e.g., NVLink bridge-only or PCIe topologies).
(Worker_PP2_TP0 pid=1115783) WARNING 08-22 18:18:48 [flashinfer_all_reduce.py:78] Failed to initialize FlashInfer All Reduce workspace: [SymmDeviceMemory] Device does not support multicasting.. This is expected on GPUs without NVSwitch (e.g., NVLink bridge-only or PCIe topologies).
(Worker_PP2_TP0 pid=1115783) WARNING 08-22 18:18:48 [flashinfer_all_reduce.py:78] Failed to initialize FlashInfer All Reduce workspace: [SymmDeviceMemory] Device does not support multicasting.. This is expected on GPUs without NVSwitch (e.g., NVLink bridge-only or PCIe topologies).
(Worker_PP2_TP0 pid=1115783) WARNING 08-22 18:18:48 [flashinfer_all_reduce.py:78] Failed to initialize FlashInfer All Reduce workspace: [SymmDeviceMemory] Device does not support multicasting.. This is expected on GPUs without NVSwitch (e.g., NVLink bridge-only or PCIe topologies).
(Worker_PP2_TP0 pid=1115783) WARNING 08-22 18:18:48 [flashinfer_all_reduce.py:78] Failed to initialize FlashInfer All Reduce workspace: [SymmDeviceMemory] Device does not support multicasting.. This is expected on GPUs without NVSwitch (e.g., NVLink bridge-only or PCIe topologies).
(Worker_PP2_TP0 pid=1115783) WARNING 08-22 18:18:48 [flashinfer_all_reduce.py:78] Failed to initialize FlashInfer All Reduce workspace: [SymmDeviceMemory] Device does not support multicasting.. This is expected on GPUs without NVSwitch (e.g., NVLink bridge-only or PCIe topologies).
(Worker_PP2_TP0 pid=1115783) WARNING 08-22 18:18:48 [flashinfer_all_reduce.py:78] Failed to initialize FlashInfer All Reduce workspace: [SymmDeviceMemory] Device does not support multicasting.. This is expected on GPUs without NVSwitch (e.g., NVLink bridge-only or PCIe topologies).
(Worker_PP2_TP7 pid=1115790) [k3t r?] step=37 tok=1 step=90.81ms | KDA: n=22 attn=17.0ms mlp=42.5ms other=0.6ms tot=60.0ms | full: n=9 attn=12.3ms mlp=18.2ms other=0.2ms tot=30.7ms | ALL: attn=29.3ms mlp=60.6ms model=90.8ms
(Worker_PP2_TP2 pid=1115785) [k3t r?] step=37 tok=1 step=90.81ms | KDA: n=22 attn=17.0ms mlp=42.5ms other=0.5ms tot=60.1ms | full: n=9 attn=12.3ms mlp=18.2ms other=0.2ms tot=30.7ms | ALL: attn=29.3ms mlp=60.6ms model=90.8ms
(Worker_PP2_TP1 pid=1115784) [k3t r?] step=37 tok=1 step=90.81ms | KDA: n=22 attn=17.0ms mlp=42.5ms other=0.6ms tot=60.0ms | full: n=9 attn=12.3ms mlp=18.2ms other=0.2ms tot=30.7ms | ALL: attn=29.3ms mlp=60.7ms model=90.8ms
(Worker_PP2_TP4 pid=1115787) [k3t r?] step=37 tok=1 step=90.81ms | KDA: n=22 attn=17.0ms mlp=42.5ms other=0.6ms tot=60.1ms | full: n=9 attn=12.1ms mlp=18.2ms other=0.4ms tot=30.6ms | ALL: attn=29.0ms mlp=60.6ms model=90.8ms
(Worker_PP2_TP6 pid=1115789) [k3t r?] step=37 tok=1 step=90.82ms | KDA: n=22 attn=17.0ms mlp=42.5ms other=0.6ms tot=60.1ms | full: n=9 attn=12.3ms mlp=18.2ms other=0.2ms tot=30.7ms | ALL: attn=29.3ms mlp=60.7ms model=90.8ms
(Worker_PP2_TP3 pid=1115786) [k3t r?] step=37 tok=1 step=90.81ms | KDA: n=22 attn=17.0ms mlp=42.5ms other=0.6ms tot=60.1ms | full: n=9 attn=12.3ms mlp=18.2ms other=0.2ms tot=30.7ms | ALL: attn=29.3ms mlp=60.6ms model=90.8ms
(Worker_PP2_TP5 pid=1115788) [k3t r?] step=37 tok=1 step=90.81ms | KDA: n=22 attn=17.0ms mlp=42.5ms other=0.6ms tot=60.1ms | full: n=9 attn=12.3ms mlp=18.2ms other=0.2ms tot=30.7ms | ALL: attn=29.3ms mlp=60.6ms model=90.8ms
(Worker_PP2_TP0 pid=1115783) [k3t r?] step=37 tok=1 step=91.22ms | KDA: n=22 attn=8.9ms mlp=41.9ms other=8.3ms tot=59.1ms | full: n=9 attn=8.6ms mlp=17.6ms other=3.7ms tot=30.0ms | ALL: attn=17.5ms mlp=59.6ms model=91.2ms
(Worker_PP2_TP5 pid=1115788) [k3t r?] logits=0.6ms step_tot=92.7ms
(Worker_PP2_TP4 pid=1115787) [k3t r?] logits=0.7ms step_tot=92.7ms
(Worker_PP2_TP3 pid=1115786) [k3t r?] logits=0.7ms step_tot=92.7ms
(Worker_PP2_TP7 pid=1115790) [k3t r?] logits=0.7ms step_tot=92.7ms
(Worker_PP2_TP1 pid=1115784) [k3t r?] logits=0.7ms step_tot=92.7ms
(Worker_PP2_TP6 pid=1115789) [k3t r?] logits=0.7ms step_tot=92.7ms
(Worker_PP2_TP2 pid=1115785) [k3t r?] logits=0.7ms step_tot=92.7ms
(Worker_PP2_TP0 pid=1115783) [k3t r?] logits=0.4ms step_tot=92.8ms
(Worker_PP2_TP0 pid=1115783) WARNING 08-22 18:18:49 [flashinfer_all_reduce.py:78] Failed to initialize FlashInfer All Reduce workspace: [SymmDeviceMemory] Device does not support multicasting.. This is expected on GPUs without NVSwitch (e.g., NVLink bridge-only or PCIe topologies).
(Worker_PP2_TP0 pid=1115783) WARNING 08-22 18:18:49 [flashinfer_all_reduce.py:78] Failed to initialize FlashInfer All Reduce workspace: [SymmDeviceMemory] Device does not support multicasting.. This is expected on GPUs without NVSwitch (e.g., NVLink bridge-only or PCIe topologies).
(Worker_PP2_TP0 pid=1115783) WARNING 08-22 18:18:49 [flashinfer_all_reduce.py:78] Failed to initialize FlashInfer All Reduce workspace: [SymmDeviceMemory] Device does not support multicasting.. This is expected on GPUs without NVSwitch (e.g., NVLink bridge-only or PCIe topologies).
(Worker_PP2_TP0 pid=1115783) WARNING 08-22 18:18:49 [flashinfer_all_reduce.py:78] Failed to initialize FlashInfer All Reduce workspace: [SymmDeviceMemory] Device does not support multicasting.. This is expected on GPUs without NVSwitch (e.g., NVLink bridge-only or PCIe topologies).
(Worker_PP2_TP0 pid=1115783) WARNING 08-22 18:18:49 [flashinfer_all_reduce.py:78] Failed to initialize FlashInfer All Reduce workspace: [SymmDeviceMemory] Device does not support multicasting.. This is expected on GPUs without NVSwitch (e.g., NVLink bridge-only or PCIe topologies).
(Worker_PP2_TP0 pid=1115783) WARNING 08-22 18:18:49 [flashinfer_all_reduce.py:78] Failed to initialize FlashInfer All Reduce workspace: [SymmDeviceMemory] Device does not support multicasting.. This is expected on GPUs without NVSwitch (e.g., NVLink bridge-only or PCIe topologies).
(Worker_PP2_TP0 pid=1115783) WARNING 08-22 18:18:49 [flashinfer_all_reduce.py:78] Failed to initialize FlashInfer All Reduce workspace: [SymmDeviceMemory] Device does not support multicasting.. This is expected on GPUs without NVSwitch (e.g., NVLink bridge-only or PCIe topologies).
(Worker_PP2_TP0 pid=1115783) WARNING 08-22 18:18:49 [flashinfer_all_reduce.py:78] Failed to initialize FlashInfer All Reduce workspace: [SymmDeviceMemory] Device does not support multicasting.. This is expected on GPUs without NVSwitch (e.g., NVLink bridge-only or PCIe topologies).
(Worker_PP2_TP0 pid=1115783) WARNING 08-22 18:18:49 [flashinfer_all_reduce.py:78] Failed to initialize FlashInfer All Reduce workspace: [SymmDeviceMemory] Device does not support multicasting.. This is expected on GPUs without NVSwitch (e.g., NVLink bridge-only or PCIe topologies).
(Worker_PP2_TP0 pid=1115783) WARNING 08-22 18:18:49 [flashinfer_all_reduce.py:78] Failed to initialize FlashInfer All Reduce workspace: [SymmDeviceMemory] Device does not support multicasting.. This is expected on GPUs without NVSwitch (e.g., NVLink bridge-only or PCIe topologies).
(Worker_PP2_TP0 pid=1115783) WARNING 08-22 18:18:49 [flashinfer_all_reduce.py:78] Failed to initialize FlashInfer All Reduce workspace: [SymmDeviceMemory] Device does not support multicasting.. This is expected on GPUs without NVSwitch (e.g., NVLink bridge-only or PCIe topologies).
(Worker_PP2_TP0 pid=1115783) WARNING 08-22 18:18:49 [flashinfer_all_reduce.py:78] Failed to initialize FlashInfer All Reduce workspace: [SymmDeviceMemory] Device does not support multicasting.. This is expected on GPUs without NVSwitch (e.g., NVLink bridge-only or PCIe topologies).
(Worker_PP2_TP0 pid=1115783) WARNING 08-22 18:18:49 [flashinfer_all_reduce.py:78] Failed to initialize FlashInfer All Reduce workspace: [SymmDeviceMemory] Device does not support multicasting.. This is expected on GPUs without NVSwitch (e.g., NVLink bridge-only or PCIe topologies).
(Worker_PP2_TP0 pid=1115783) WARNING 08-22 18:18:49 [flashinfer_all_reduce.py:78] Failed to initialize FlashInfer All Reduce workspace: [SymmDeviceMemory] Device does not support multicasting.. This is expected on GPUs without NVSwitch (e.g., NVLink bridge-only or PCIe topologies).
(Worker_PP2_TP0 pid=1115783) WARNING 08-22 18:18:49 [flashinfer_all_reduce.py:78] Failed to initialize FlashInfer All Reduce workspace: [SymmDeviceMemory] Device does not support multicasting.. This is expected on GPUs without NVSwitch (e.g., NVLink bridge-only or PCIe topologies).
(Worker_PP2_TP0 pid=1115783) WARNING 08-22 18:18:49 [flashinfer_all_reduce.py:78] Failed to initialize FlashInfer All Reduce workspace: [SymmDeviceMemory] Device does not support multicasting.. This is expected on GPUs without NVSwitch (e.g., NVLink bridge-only or PCIe topologies).
(Worker_PP2_TP0 pid=1115783) WARNING 08-22 18:18:49 [flashinfer_all_reduce.py:78] Failed to initialize FlashInfer All Reduce workspace: [SymmDeviceMemory] Device does not support multicasting.. This is expected on GPUs without NVSwitch (e.g., NVLink bridge-only or PCIe topologies).
(Worker_PP2_TP0 pid=1115783) WARNING 08-22 18:18:49 [flashinfer_all_reduce.py:78] Failed to initialize FlashInfer All Reduce workspace: [SymmDeviceMemory] Device does not support multicasting.. This is expected on GPUs without NVSwitch (e.g., NVLink bridge-only or PCIe topologies).
(Worker_PP2_TP0 pid=1115783) WARNING 08-22 18:18:49 [flashinfer_all_reduce.py:78] Failed to initialize FlashInfer All Reduce workspace: [SymmDeviceMemory] Device does not support multicasting.. This is expected on GPUs without NVSwitch (e.g., NVLink bridge-only or PCIe topologies).
(Worker_PP2_TP0 pid=1115783) WARNING 08-22 18:18:49 [flashinfer_all_reduce.py:78] Failed to initialize FlashInfer All Reduce workspace: [SymmDeviceMemory] Device does not support multicasting.. This is expected on GPUs without NVSwitch (e.g., NVLink bridge-only or PCIe topologies).
(Worker_PP2_TP0 pid=1115783) WARNING 08-22 18:18:49 [flashinfer_all_reduce.py:78] Failed to initialize FlashInfer All Reduce workspace: [SymmDeviceMemory] Device does not support multicasting.. This is expected on GPUs without NVSwitch (e.g., NVLink bridge-only or PCIe topologies).
(Worker_PP2_TP0 pid=1115783) WARNING 08-22 18:18:49 [flashinfer_all_reduce.py:78] Failed to initialize FlashInfer All Reduce workspace: [SymmDeviceMemory] Device does not support multicasting.. This is expected on GPUs without NVSwitch (e.g., NVLink bridge-only or PCIe topologies).
(Worker_PP2_TP0 pid=1115783) WARNING 08-22 18:18:49 [flashinfer_all_reduce.py:78] Failed to initialize FlashInfer All Reduce workspace: [SymmDeviceMemory] Device does not support multicasting.. This is expected on GPUs without NVSwitch (e.g., NVLink bridge-only or PCIe topologies).
(Worker_PP2_TP0 pid=1115783) WARNING 08-22 18:18:49 [flashinfer_all_reduce.py:78] Failed to initialize FlashInfer All Reduce workspace: [SymmDeviceMemory] Device does not support multicasting.. This is expected on GPUs without NVSwitch (e.g., NVLink bridge-only or PCIe topologies).
(Worker_PP2_TP0 pid=1115783) WARNING 08-22 18:18:49 [flashinfer_all_reduce.py:78] Failed to initialize FlashInfer All Reduce workspace: [SymmDeviceMemory] Device does not support multicasting.. This is expected on GPUs without NVSwitch (e.g., NVLink bridge-only or PCIe topologies).
(Worker_PP2_TP0 pid=1115783) WARNING 08-22 18:18:49 [flashinfer_all_reduce.py:78] Failed to initialize FlashInfer All Reduce workspace: [SymmDeviceMemory] Device does not support multicasting.. This is expected on GPUs without NVSwitch (e.g., NVLink bridge-only or PCIe topologies).
(Worker_PP2_TP0 pid=1115783) WARNING 08-22 18:18:49 [flashinfer_all_reduce.py:78] Failed to initialize FlashInfer All Reduce workspace: [SymmDeviceMemory] Device does not support multicasting.. This is expected on GPUs without NVSwitch (e.g., NVLink bridge-only or PCIe topologies).
(Worker_PP2_TP0 pid=1115783) WARNING 08-22 18:18:49 [flashinfer_all_reduce.py:78] Failed to initialize FlashInfer All Reduce workspace: [SymmDeviceMemory] Device does not support multicasting.. This is expected on GPUs without NVSwitch (e.g., NVLink bridge-only or PCIe topologies).
(Worker_PP2_TP0 pid=1115783) WARNING 08-22 18:18:49 [flashinfer_all_reduce.py:78] Failed to initialize FlashInfer All Reduce workspace: [SymmDeviceMemory] Device does not support multicasting.. This is expected on GPUs without NVSwitch (e.g., NVLink bridge-only or PCIe topologies).
(Worker_PP2_TP0 pid=1115783) WARNING 08-22 18:18:49 [flashinfer_all_reduce.py:78] Failed to initialize FlashInfer All Reduce workspace: [SymmDeviceMemory] Device does not support multicasting.. This is expected on GPUs without NVSwitch (e.g., NVLink bridge-only or PCIe topologies).
(Worker_PP2_TP0 pid=1115783) WARNING 08-22 18:18:49 [flashinfer_all_reduce.py:78] Failed to initialize FlashInfer All Reduce workspace: [SymmDeviceMemory] Device does not support multicasting.. This is expected on GPUs without NVSwitch (e.g., NVLink bridge-only or PCIe topologies).
(Worker_PP2_TP1 pid=1115784) [k3t r?] step=38 tok=1 step=92.73ms | KDA: n=22 attn=17.8ms mlp=43.7ms other=0.6ms tot=62.0ms | full: n=9 attn=12.2ms mlp=18.2ms other=0.2ms tot=30.6ms | ALL: attn=30.0ms mlp=61.8ms model=92.7ms
(Worker_PP2_TP7 pid=1115790) [k3t r?] step=38 tok=1 step=92.73ms | KDA: n=22 attn=17.8ms mlp=43.7ms other=0.6ms tot=62.0ms | full: n=9 attn=12.2ms mlp=18.2ms other=0.2ms tot=30.6ms | ALL: attn=30.0ms mlp=61.8ms model=92.7ms
(Worker_PP2_TP2 pid=1115785) [k3t r?] step=38 tok=1 step=92.73ms | KDA: n=22 attn=17.8ms mlp=43.7ms other=0.6ms tot=62.0ms | full: n=9 attn=12.2ms mlp=18.2ms other=0.2ms tot=30.6ms | ALL: attn=30.0ms mlp=61.8ms model=92.7ms
(Worker_PP2_TP3 pid=1115786) [k3t r?] step=38 tok=1 step=92.73ms | KDA: n=22 attn=17.8ms mlp=43.7ms other=0.6ms tot=62.0ms | full: n=9 attn=12.2ms mlp=18.2ms other=0.2ms tot=30.6ms | ALL: attn=30.0ms mlp=61.8ms model=92.7ms
(Worker_PP2_TP4 pid=1115787) [k3t r?] step=38 tok=1 step=92.74ms | KDA: n=22 attn=17.8ms mlp=43.7ms other=0.6ms tot=62.1ms | full: n=9 attn=12.2ms mlp=18.2ms other=0.2ms tot=30.6ms | ALL: attn=30.0ms mlp=61.8ms model=92.7ms
(Worker_PP2_TP6 pid=1115789) [k3t r?] step=38 tok=1 step=92.73ms | KDA: n=22 attn=17.8ms mlp=43.7ms other=0.6ms tot=62.0ms | full: n=9 attn=12.2ms mlp=18.2ms other=0.2ms tot=30.6ms | ALL: attn=30.0ms mlp=61.8ms model=92.7ms
(Worker_PP2_TP5 pid=1115788) [k3t r?] step=38 tok=1 step=92.74ms | KDA: n=22 attn=17.8ms mlp=43.7ms other=0.6ms tot=62.0ms | full: n=9 attn=12.2ms mlp=18.2ms other=0.2ms tot=30.6ms | ALL: attn=30.0ms mlp=61.8ms model=92.7ms
(Worker_PP2_TP0 pid=1115783) [k3t r?] step=38 tok=1 step=93.25ms | KDA: n=22 attn=9.3ms mlp=42.9ms other=8.5ms tot=60.7ms | full: n=9 attn=8.6ms mlp=17.9ms other=3.8ms tot=30.2ms | ALL: attn=18.0ms mlp=60.7ms model=93.3ms
(Worker_PP2_TP7 pid=1115790) [k3t r?] logits=0.7ms step_tot=94.6ms
(Worker_PP2_TP6 pid=1115789) [k3t r?] logits=0.5ms step_tot=94.6ms
(Worker_PP2_TP3 pid=1115786) [k3t r?] logits=0.6ms step_tot=94.6ms
(Worker_PP2_TP2 pid=1115785) [k3t r?] logits=0.7ms step_tot=94.6ms
(Worker_PP2_TP4 pid=1115787) [k3t r?] logits=0.6ms step_tot=94.6ms
(Worker_PP2_TP1 pid=1115784) [k3t r?] logits=0.7ms step_tot=94.6ms
(Worker_PP2_TP5 pid=1115788) [k3t r?] logits=0.6ms step_tot=94.7ms
(Worker_PP2_TP0 pid=1115783) [k3t r?] logits=0.3ms step_tot=94.7ms
(Worker_PP2_TP0 pid=1115783) WARNING 08-22 18:18:49 [flashinfer_all_reduce.py:78] Failed to initialize FlashInfer All Reduce workspace: [SymmDeviceMemory] Device does not support multicasting.. This is expected on GPUs without NVSwitch (e.g., NVLink bridge-only or PCIe topologies).
(Worker_PP2_TP0 pid=1115783) WARNING 08-22 18:18:49 [flashinfer_all_reduce.py:78] Failed to initialize FlashInfer All Reduce workspace: [SymmDeviceMemory] Device does not support multicasting.. This is expected on GPUs without NVSwitch (e.g., NVLink bridge-only or PCIe topologies).
(Worker_PP2_TP0 pid=1115783) WARNING 08-22 18:18:49 [flashinfer_all_reduce.py:78] Failed to initialize FlashInfer All Reduce workspace: [SymmDeviceMemory] Device does not support multicasting.. This is expected on GPUs without NVSwitch (e.g., NVLink bridge-only or PCIe topologies).
(Worker_PP2_TP0 pid=1115783) WARNING 08-22 18:18:49 [flashinfer_all_reduce.py:78] Failed to initialize FlashInfer All Reduce workspace: [SymmDeviceMemory] Device does not support multicasting.. This is expected on GPUs without NVSwitch (e.g., NVLink bridge-only or PCIe topologies).
(Worker_PP2_TP0 pid=1115783) WARNING 08-22 18:18:49 [flashinfer_all_reduce.py:78] Failed to initialize FlashInfer All Reduce workspace: [SymmDeviceMemory] Device does not support multicasting.. This is expected on GPUs without NVSwitch (e.g., NVLink bridge-only or PCIe topologies).
(Worker_PP2_TP0 pid=1115783) WARNING 08-22 18:18:49 [flashinfer_all_reduce.py:78] Failed to initialize FlashInfer All Reduce workspace: [SymmDeviceMemory] Device does not support multicasting.. This is expected on GPUs without NVSwitch (e.g., NVLink bridge-only or PCIe topologies).
(Worker_PP2_TP0 pid=1115783) WARNING 08-22 18:18:49 [flashinfer_all_reduce.py:78] Failed to initialize FlashInfer All Reduce workspace: [SymmDeviceMemory] Device does not support multicasting.. This is expected on GPUs without NVSwitch (e.g., NVLink bridge-only or PCIe topologies).
(Worker_PP2_TP0 pid=1115783) WARNING 08-22 18:18:49 [flashinfer_all_reduce.py:78] Failed to initialize FlashInfer All Reduce workspace: [SymmDeviceMemory] Device does not support multicasting.. This is expected on GPUs without NVSwitch (e.g., NVLink bridge-only or PCIe topologies).
(Worker_PP2_TP0 pid=1115783) WARNING 08-22 18:18:49 [flashinfer_all_reduce.py:78] Failed to initialize FlashInfer All Reduce workspace: [SymmDeviceMemory] Device does not support multicasting.. This is expected on GPUs without NVSwitch (e.g., NVLink bridge-only or PCIe topologies).
(Worker_PP2_TP0 pid=1115783) WARNING 08-22 18:18:49 [flashinfer_all_reduce.py:78] Failed to initialize FlashInfer All Reduce workspace: [SymmDeviceMemory] Device does not support multicasting.. This is expected on GPUs without NVSwitch (e.g., NVLink bridge-only or PCIe topologies).
(Worker_PP2_TP0 pid=1115783) WARNING 08-22 18:18:49 [flashinfer_all_reduce.py:78] Failed to initialize FlashInfer All Reduce workspace: [SymmDeviceMemory] Device does not support multicasting.. This is expected on GPUs without NVSwitch (e.g., NVLink bridge-only or PCIe topologies).
(Worker_PP2_TP0 pid=1115783) WARNING 08-22 18:18:49 [flashinfer_all_reduce.py:78] Failed to initialize FlashInfer All Reduce workspace: [SymmDeviceMemory] Device does not support multicasting.. This is expected on GPUs without NVSwitch (e.g., NVLink bridge-only or PCIe topologies).
(Worker_PP2_TP0 pid=1115783) WARNING 08-22 18:18:49 [flashinfer_all_reduce.py:78] Failed to initialize FlashInfer All Reduce workspace: [SymmDeviceMemory] Device does not support multicasting.. This is expected on GPUs without NVSwitch (e.g., NVLink bridge-only or PCIe topologies).
(Worker_PP2_TP0 pid=1115783) WARNING 08-22 18:18:49 [flashinfer_all_reduce.py:78] Failed to initialize FlashInfer All Reduce workspace: [SymmDeviceMemory] Device does not support multicasting.. This is expected on GPUs without NVSwitch (e.g., NVLink bridge-only or PCIe topologies).
(Worker_PP2_TP0 pid=1115783) WARNING 08-22 18:18:49 [flashinfer_all_reduce.py:78] Failed to initialize FlashInfer All Reduce workspace: [SymmDeviceMemory] Device does not support multicasting.. This is expected on GPUs without NVSwitch (e.g., NVLink bridge-only or PCIe topologies).
(Worker_PP2_TP0 pid=1115783) WARNING 08-22 18:18:49 [flashinfer_all_reduce.py:78] Failed to initialize FlashInfer All Reduce workspace: [SymmDeviceMemory] Device does not support multicasting.. This is expected on GPUs without NVSwitch (e.g., NVLink bridge-only or PCIe topologies).
(Worker_PP2_TP0 pid=1115783) WARNING 08-22 18:18:49 [flashinfer_all_reduce.py:78] Failed to initialize FlashInfer All Reduce workspace: [SymmDeviceMemory] Device does not support multicasting.. This is expected on GPUs without NVSwitch (e.g., NVLink bridge-only or PCIe topologies).
(Worker_PP2_TP0 pid=1115783) WARNING 08-22 18:18:49 [flashinfer_all_reduce.py:78] Failed to initialize FlashInfer All Reduce workspace: [SymmDeviceMemory] Device does not support multicasting.. This is expected on GPUs without NVSwitch (e.g., NVLink bridge-only or PCIe topologies).
(Worker_PP2_TP0 pid=1115783) WARNING 08-22 18:18:49 [flashinfer_all_reduce.py:78] Failed to initialize FlashInfer All Reduce workspace: [SymmDeviceMemory] Device does not support multicasting.. This is expected on GPUs without NVSwitch (e.g., NVLink bridge-only or PCIe topologies).
(Worker_PP2_TP0 pid=1115783) WARNING 08-22 18:18:49 [flashinfer_all_reduce.py:78] Failed to initialize FlashInfer All Reduce workspace: [SymmDeviceMemory] Device does not support multicasting.. This is expected on GPUs without NVSwitch (e.g., NVLink bridge-only or PCIe topologies).
(Worker_PP2_TP0 pid=1115783) WARNING 08-22 18:18:49 [flashinfer_all_reduce.py:78] Failed to initialize FlashInfer All Reduce workspace: [SymmDeviceMemory] Device does not support multicasting.. This is expected on GPUs without NVSwitch (e.g., NVLink bridge-only or PCIe topologies).
(Worker_PP2_TP0 pid=1115783) WARNING 08-22 18:18:49 [flashinfer_all_reduce.py:78] Failed to initialize FlashInfer All Reduce workspace: [SymmDeviceMemory] Device does not support multicasting.. This is expected on GPUs without NVSwitch (e.g., NVLink bridge-only or PCIe topologies).
(Worker_PP2_TP0 pid=1115783) WARNING 08-22 18:18:49 [flashinfer_all_reduce.py:78] Failed to initialize FlashInfer All Reduce workspace: [SymmDeviceMemory] Device does not support multicasting.. This is expected on GPUs without NVSwitch (e.g., NVLink bridge-only or PCIe topologies).
(Worker_PP2_TP0 pid=1115783) WARNING 08-22 18:18:49 [flashinfer_all_reduce.py:78] Failed to initialize FlashInfer All Reduce workspace: [SymmDeviceMemory] Device does not support multicasting.. This is expected on GPUs without NVSwitch (e.g., NVLink bridge-only or PCIe topologies).
(Worker_PP2_TP0 pid=1115783) WARNING 08-22 18:18:49 [flashinfer_all_reduce.py:78] Failed to initialize FlashInfer All Reduce workspace: [SymmDeviceMemory] Device does not support multicasting.. This is expected on GPUs without NVSwitch (e.g., NVLink bridge-only or PCIe topologies).
(Worker_PP2_TP0 pid=1115783) WARNING 08-22 18:18:49 [flashinfer_all_reduce.py:78] Failed to initialize FlashInfer All Reduce workspace: [SymmDeviceMemory] Device does not support multicasting.. This is expected on GPUs without NVSwitch (e.g., NVLink bridge-only or PCIe topologies).
(Worker_PP2_TP0 pid=1115783) WARNING 08-22 18:18:49 [flashinfer_all_reduce.py:78] Failed to initialize FlashInfer All Reduce workspace: [SymmDeviceMemory] Device does not support multicasting.. This is expected on GPUs without NVSwitch (e.g., NVLink bridge-only or PCIe topologies).
(Worker_PP2_TP0 pid=1115783) WARNING 08-22 18:18:49 [flashinfer_all_reduce.py:78] Failed to initialize FlashInfer All Reduce workspace: [SymmDeviceMemory] Device does not support multicasting.. This is expected on GPUs without NVSwitch (e.g., NVLink bridge-only or PCIe topologies).
(Worker_PP2_TP0 pid=1115783) WARNING 08-22 18:18:49 [flashinfer_all_reduce.py:78] Failed to initialize FlashInfer All Reduce workspace: [SymmDeviceMemory] Device does not support multicasting.. This is expected on GPUs without NVSwitch (e.g., NVLink bridge-only or PCIe topologies).
(Worker_PP2_TP0 pid=1115783) WARNING 08-22 18:18:49 [flashinfer_all_reduce.py:78] Failed to initialize FlashInfer All Reduce workspace: [SymmDeviceMemory] Device does not support multicasting.. This is expected on GPUs without NVSwitch (e.g., NVLink bridge-only or PCIe topologies).
(Worker_PP2_TP0 pid=1115783) WARNING 08-22 18:18:49 [flashinfer_all_reduce.py:78] Failed to initialize FlashInfer All Reduce workspace: [SymmDeviceMemory] Device does not support multicasting.. This is expected on GPUs without NVSwitch (e.g., NVLink bridge-only or PCIe topologies).
(Worker_PP2_TP2 pid=1115785) [k3t r?] step=39 tok=1 step=89.66ms | KDA: n=22 attn=16.9ms mlp=41.4ms other=0.6ms tot=58.9ms | full: n=9 attn=12.2ms mlp=18.1ms other=0.2ms tot=30.6ms | ALL: attn=29.2ms mlp=59.6ms model=89.7ms
(Worker_PP2_TP5 pid=1115788) [k3t r?] step=39 tok=1 step=89.65ms | KDA: n=22 attn=16.9ms mlp=41.5ms other=0.6ms tot=58.9ms | full: n=9 attn=12.2ms mlp=18.2ms other=0.2ms tot=30.6ms | ALL: attn=29.1ms mlp=59.6ms model=89.7ms
(Worker_PP2_TP1 pid=1115784) [k3t r?] step=39 tok=1 step=89.66ms | KDA: n=22 attn=16.9ms mlp=41.4ms other=0.6ms tot=58.9ms | full: n=9 attn=12.3ms mlp=18.1ms other=0.2ms tot=30.6ms | ALL: attn=29.2ms mlp=59.6ms model=89.7ms
(Worker_PP2_TP7 pid=1115790) [k3t r?] step=39 tok=1 step=89.66ms | KDA: n=22 attn=16.9ms mlp=41.4ms other=0.6ms tot=58.9ms | full: n=9 attn=12.2ms mlp=18.1ms other=0.2ms tot=30.6ms | ALL: attn=29.2ms mlp=59.6ms model=89.7ms
(Worker_PP2_TP4 pid=1115787) [k3t r?] step=39 tok=1 step=89.65ms | KDA: n=22 attn=16.1ms mlp=41.5ms other=1.3ms tot=58.9ms | full: n=9 attn=11.7ms mlp=18.0ms other=0.8ms tot=30.4ms | ALL: attn=27.8ms mlp=59.4ms model=89.7ms
(Worker_PP2_TP3 pid=1115786) [k3t r?] step=39 tok=1 step=89.66ms | KDA: n=22 attn=16.9ms mlp=41.4ms other=0.6ms tot=58.9ms | full: n=9 attn=12.2ms mlp=18.2ms other=0.2ms tot=30.6ms | ALL: attn=29.2ms mlp=59.6ms model=89.7ms
(Worker_PP2_TP6 pid=1115789) [k3t r?] step=39 tok=1 step=89.65ms | KDA: n=22 attn=16.9ms mlp=41.5ms other=0.6ms tot=58.9ms | full: n=9 attn=12.2ms mlp=18.1ms other=0.2ms tot=30.6ms | ALL: attn=29.2ms mlp=59.6ms model=89.7ms
(Worker_PP2_TP0 pid=1115783) [k3t r?] step=39 tok=1 step=90.15ms | KDA: n=22 attn=9.0ms mlp=40.8ms other=8.1ms tot=57.9ms | full: n=9 attn=8.7ms mlp=17.7ms other=3.6ms tot=30.0ms | ALL: attn=17.7ms mlp=58.4ms model=90.1ms
(Worker_PP2_TP7 pid=1115790) [k3t r?] logits=0.6ms step_tot=91.5ms
(Worker_PP2_TP2 pid=1115785) [k3t r?] logits=0.7ms step_tot=91.5ms
(Worker_PP2_TP4 pid=1115787) [k3t r?] logits=0.6ms step_tot=91.5ms
(Worker_PP2_TP6 pid=1115789) [k3t r?] logits=0.6ms step_tot=91.5ms
(Worker_PP2_TP5 pid=1115788) [k3t r?] logits=0.7ms step_tot=91.5ms
(Worker_PP2_TP1 pid=1115784) [k3t r?] logits=0.7ms step_tot=91.5ms
(Worker_PP2_TP3 pid=1115786) [k3t r?] logits=0.6ms step_tot=91.5ms
(Worker_PP2_TP0 pid=1115783) [k3t r?] logits=0.4ms step_tot=91.6ms
(Worker_PP2_TP0 pid=1115783) WARNING 08-22 18:18:49 [flashinfer_all_reduce.py:78] Failed to initialize FlashInfer All Reduce workspace: [SymmDeviceMemory] Device does not support multicasting.. This is expected on GPUs without NVSwitch (e.g., NVLink bridge-only or PCIe topologies).
(Worker_PP2_TP0 pid=1115783) WARNING 08-22 18:18:49 [flashinfer_all_reduce.py:78] Failed to initialize FlashInfer All Reduce workspace: [SymmDeviceMemory] Device does not support multicasting.. This is expected on GPUs without NVSwitch (e.g., NVLink bridge-only or PCIe topologies).
(Worker_PP2_TP0 pid=1115783) WARNING 08-22 18:18:49 [flashinfer_all_reduce.py:78] Failed to initialize FlashInfer All Reduce workspace: [SymmDeviceMemory] Device does not support multicasting.. This is expected on GPUs without NVSwitch (e.g., NVLink bridge-only or PCIe topologies).
(Worker_PP2_TP0 pid=1115783) WARNING 08-22 18:18:50 [flashinfer_all_reduce.py:78] Failed to initialize FlashInfer All Reduce workspace: [SymmDeviceMemory] Device does not support multicasting.. This is expected on GPUs without NVSwitch (e.g., NVLink bridge-only or PCIe topologies).
(Worker_PP2_TP0 pid=1115783) WARNING 08-22 18:18:50 [flashinfer_all_reduce.py:78] Failed to initialize FlashInfer All Reduce workspace: [SymmDeviceMemory] Device does not support multicasting.. This is expected on GPUs without NVSwitch (e.g., NVLink bridge-only or PCIe topologies).
(Worker_PP2_TP0 pid=1115783) WARNING 08-22 18:18:50 [flashinfer_all_reduce.py:78] Failed to initialize FlashInfer All Reduce workspace: [SymmDeviceMemory] Device does not support multicasting.. This is expected on GPUs without NVSwitch (e.g., NVLink bridge-only or PCIe topologies).
(Worker_PP2_TP0 pid=1115783) WARNING 08-22 18:18:50 [flashinfer_all_reduce.py:78] Failed to initialize FlashInfer All Reduce workspace: [SymmDeviceMemory] Device does not support multicasting.. This is expected on GPUs without NVSwitch (e.g., NVLink bridge-only or PCIe topologies).
(Worker_PP2_TP0 pid=1115783) WARNING 08-22 18:18:50 [flashinfer_all_reduce.py:78] Failed to initialize FlashInfer All Reduce workspace: [SymmDeviceMemory] Device does not support multicasting.. This is expected on GPUs without NVSwitch (e.g., NVLink bridge-only or PCIe topologies).
(Worker_PP2_TP0 pid=1115783) WARNING 08-22 18:18:50 [flashinfer_all_reduce.py:78] Failed to initialize FlashInfer All Reduce workspace: [SymmDeviceMemory] Device does not support multicasting.. This is expected on GPUs without NVSwitch (e.g., NVLink bridge-only or PCIe topologies).
(Worker_PP2_TP0 pid=1115783) WARNING 08-22 18:18:50 [flashinfer_all_reduce.py:78] Failed to initialize FlashInfer All Reduce workspace: [SymmDeviceMemory] Device does not support multicasting.. This is expected on GPUs without NVSwitch (e.g., NVLink bridge-only or PCIe topologies).
(Worker_PP2_TP0 pid=1115783) WARNING 08-22 18:18:50 [flashinfer_all_reduce.py:78] Failed to initialize FlashInfer All Reduce workspace: [SymmDeviceMemory] Device does not support multicasting.. This is expected on GPUs without NVSwitch (e.g., NVLink bridge-only or PCIe topologies).
(Worker_PP2_TP0 pid=1115783) WARNING 08-22 18:18:50 [flashinfer_all_reduce.py:78] Failed to initialize FlashInfer All Reduce workspace: [SymmDeviceMemory] Device does not support multicasting.. This is expected on GPUs without NVSwitch (e.g., NVLink bridge-only or PCIe topologies).
(Worker_PP2_TP0 pid=1115783) WARNING 08-22 18:18:50 [flashinfer_all_reduce.py:78] Failed to initialize FlashInfer All Reduce workspace: [SymmDeviceMemory] Device does not support multicasting.. This is expected on GPUs without NVSwitch (e.g., NVLink bridge-only or PCIe topologies).
(Worker_PP2_TP0 pid=1115783) WARNING 08-22 18:18:50 [flashinfer_all_reduce.py:78] Failed to initialize FlashInfer All Reduce workspace: [SymmDeviceMemory] Device does not support multicasting.. This is expected on GPUs without NVSwitch (e.g., NVLink bridge-only or PCIe topologies).
(Worker_PP2_TP0 pid=1115783) WARNING 08-22 18:18:50 [flashinfer_all_reduce.py:78] Failed to initialize FlashInfer All Reduce workspace: [SymmDeviceMemory] Device does not support multicasting.. This is expected on GPUs without NVSwitch (e.g., NVLink bridge-only or PCIe topologies).
(Worker_PP2_TP0 pid=1115783) WARNING 08-22 18:18:50 [flashinfer_all_reduce.py:78] Failed to initialize FlashInfer All Reduce workspace: [SymmDeviceMemory] Device does not support multicasting.. This is expected on GPUs without NVSwitch (e.g., NVLink bridge-only or PCIe topologies).
(Worker_PP2_TP0 pid=1115783) WARNING 08-22 18:18:50 [flashinfer_all_reduce.py:78] Failed to initialize FlashInfer All Reduce workspace: [SymmDeviceMemory] Device does not support multicasting.. This is expected on GPUs without NVSwitch (e.g., NVLink bridge-only or PCIe topologies).
(Worker_PP2_TP0 pid=1115783) WARNING 08-22 18:18:50 [flashinfer_all_reduce.py:78] Failed to initialize FlashInfer All Reduce workspace: [SymmDeviceMemory] Device does not support multicasting.. This is expected on GPUs without NVSwitch (e.g., NVLink bridge-only or PCIe topologies).
(Worker_PP2_TP0 pid=1115783) WARNING 08-22 18:18:50 [flashinfer_all_reduce.py:78] Failed to initialize FlashInfer All Reduce workspace: [SymmDeviceMemory] Device does not support multicasting.. This is expected on GPUs without NVSwitch (e.g., NVLink bridge-only or PCIe topologies).
(Worker_PP2_TP0 pid=1115783) WARNING 08-22 18:18:50 [flashinfer_all_reduce.py:78] Failed to initialize FlashInfer All Reduce workspace: [SymmDeviceMemory] Device does not support multicasting.. This is expected on GPUs without NVSwitch (e.g., NVLink bridge-only or PCIe topologies).
(Worker_PP2_TP0 pid=1115783) WARNING 08-22 18:18:50 [flashinfer_all_reduce.py:78] Failed to initialize FlashInfer All Reduce workspace: [SymmDeviceMemory] Device does not support multicasting.. This is expected on GPUs without NVSwitch (e.g., NVLink bridge-only or PCIe topologies).
(Worker_PP2_TP0 pid=1115783) WARNING 08-22 18:18:50 [flashinfer_all_reduce.py:78] Failed to initialize FlashInfer All Reduce workspace: [SymmDeviceMemory] Device does not support multicasting.. This is expected on GPUs without NVSwitch (e.g., NVLink bridge-only or PCIe topologies).
(Worker_PP2_TP0 pid=1115783) WARNING 08-22 18:18:50 [flashinfer_all_reduce.py:78] Failed to initialize FlashInfer All Reduce workspace: [SymmDeviceMemory] Device does not support multicasting.. This is expected on GPUs without NVSwitch (e.g., NVLink bridge-only or PCIe topologies).
(Worker_PP2_TP0 pid=1115783) WARNING 08-22 18:18:50 [flashinfer_all_reduce.py:78] Failed to initialize FlashInfer All Reduce workspace: [SymmDeviceMemory] Device does not support multicasting.. This is expected on GPUs without NVSwitch (e.g., NVLink bridge-only or PCIe topologies).
(Worker_PP2_TP0 pid=1115783) WARNING 08-22 18:18:50 [flashinfer_all_reduce.py:78] Failed to initialize FlashInfer All Reduce workspace: [SymmDeviceMemory] Device does not support multicasting.. This is expected on GPUs without NVSwitch (e.g., NVLink bridge-only or PCIe topologies).
(Worker_PP2_TP0 pid=1115783) WARNING 08-22 18:18:50 [flashinfer_all_reduce.py:78] Failed to initialize FlashInfer All Reduce workspace: [SymmDeviceMemory] Device does not support multicasting.. This is expected on GPUs without NVSwitch (e.g., NVLink bridge-only or PCIe topologies).
(Worker_PP2_TP0 pid=1115783) WARNING 08-22 18:18:50 [flashinfer_all_reduce.py:78] Failed to initialize FlashInfer All Reduce workspace: [SymmDeviceMemory] Device does not support multicasting.. This is expected on GPUs without NVSwitch (e.g., NVLink bridge-only or PCIe topologies).
(Worker_PP2_TP0 pid=1115783) WARNING 08-22 18:18:50 [flashinfer_all_reduce.py:78] Failed to initialize FlashInfer All Reduce workspace: [SymmDeviceMemory] Device does not support multicasting.. This is expected on GPUs without NVSwitch (e.g., NVLink bridge-only or PCIe topologies).
(Worker_PP2_TP0 pid=1115783) WARNING 08-22 18:18:50 [flashinfer_all_reduce.py:78] Failed to initialize FlashInfer All Reduce workspace: [SymmDeviceMemory] Device does not support multicasting.. This is expected on GPUs without NVSwitch (e.g., NVLink bridge-only or PCIe topologies).
(Worker_PP2_TP0 pid=1115783) WARNING 08-22 18:18:50 [flashinfer_all_reduce.py:78] Failed to initialize FlashInfer All Reduce workspace: [SymmDeviceMemory] Device does not support multicasting.. This is expected on GPUs without NVSwitch (e.g., NVLink bridge-only or PCIe topologies).
(Worker_PP2_TP0 pid=1115783) WARNING 08-22 18:18:50 [flashinfer_all_reduce.py:78] Failed to initialize FlashInfer All Reduce workspace: [SymmDeviceMemory] Device does not support multicasting.. This is expected on GPUs without NVSwitch (e.g., NVLink bridge-only or PCIe topologies).
(Worker_PP2_TP5 pid=1115788) [k3t r?] step=40 tok=1 step=90.43ms | KDA: n=22 attn=16.9ms mlp=42.3ms other=0.5ms tot=59.8ms | full: n=9 attn=12.3ms mlp=18.0ms other=0.2ms tot=30.5ms | ALL: attn=29.2ms mlp=60.3ms model=90.4ms
(Worker_PP2_TP1 pid=1115784) [k3t r?] step=40 tok=1 step=90.43ms | KDA: n=22 attn=16.9ms mlp=42.4ms other=0.6ms tot=59.8ms | full: n=9 attn=12.3ms mlp=18.0ms other=0.2ms tot=30.5ms | ALL: attn=29.2ms mlp=60.4ms model=90.4ms
(Worker_PP2_TP7 pid=1115790) [k3t r?] step=40 tok=1 step=90.43ms | KDA: n=22 attn=16.9ms mlp=42.3ms other=0.5ms tot=59.8ms | full: n=9 attn=12.3ms mlp=18.0ms other=0.2ms tot=30.5ms | ALL: attn=29.2ms mlp=60.3ms model=90.4ms
(Worker_PP2_TP3 pid=1115786) [k3t r?] step=40 tok=1 step=90.43ms | KDA: n=22 attn=16.9ms mlp=42.4ms other=0.6ms tot=59.8ms | full: n=9 attn=12.3ms mlp=18.0ms other=0.2ms tot=30.5ms | ALL: attn=29.2ms mlp=60.4ms model=90.4ms
(Worker_PP2_TP4 pid=1115787) [k3t r?] step=40 tok=1 step=90.43ms | KDA: n=22 attn=15.2ms mlp=42.4ms other=2.2ms tot=59.8ms | full: n=9 attn=11.4ms mlp=17.9ms other=0.9ms tot=30.1ms | ALL: attn=26.6ms mlp=60.3ms model=90.4ms
(Worker_PP2_TP6 pid=1115789) [k3t r?] step=40 tok=1 step=90.43ms | KDA: n=22 attn=16.9ms mlp=42.4ms other=0.6ms tot=59.8ms | full: n=9 attn=12.3ms mlp=18.0ms other=0.2ms tot=30.5ms | ALL: attn=29.2ms mlp=60.4ms model=90.4ms
(Worker_PP2_TP2 pid=1115785) [k3t r?] step=40 tok=1 step=90.44ms | KDA: n=22 attn=16.9ms mlp=42.3ms other=0.6ms tot=59.8ms | full: n=9 attn=12.3ms mlp=18.0ms other=0.2ms tot=30.5ms | ALL: attn=29.2ms mlp=60.3ms model=90.4ms
(Worker_PP2_TP0 pid=1115783) [k3t r?] step=40 tok=1 step=90.95ms | KDA: n=22 attn=9.4ms mlp=41.8ms other=7.8ms tot=58.9ms | full: n=9 attn=9.1ms mlp=17.6ms other=3.3ms tot=30.0ms | ALL: attn=18.5ms mlp=59.4ms model=91.0ms
(Worker_PP2_TP5 pid=1115788) [k3t r?] logits=0.7ms step_tot=92.3ms
(Worker_PP2_TP4 pid=1115787) [k3t r?] logits=0.7ms step_tot=92.3ms
(Worker_PP2_TP2 pid=1115785) [k3t r?] logits=0.6ms step_tot=92.3ms
(Worker_PP2_TP1 pid=1115784) [k3t r?] logits=0.7ms step_tot=92.3ms
(Worker_PP2_TP7 pid=1115790) [k3t r?] logits=0.7ms step_tot=92.3ms
(Worker_PP2_TP6 pid=1115789) [k3t r?] logits=0.7ms step_tot=92.3ms
(Worker_PP2_TP3 pid=1115786) [k3t r?] logits=0.7ms step_tot=92.3ms
(Worker_PP2_TP0 pid=1115783) [k3t r?] logits=0.3ms step_tot=92.4ms
(Worker_PP2_TP0 pid=1115783) WARNING 08-22 18:18:50 [flashinfer_all_reduce.py:78] Failed to initialize FlashInfer All Reduce workspace: [SymmDeviceMemory] Device does not support multicasting.. This is expected on GPUs without NVSwitch (e.g., NVLink bridge-only or PCIe topologies).
(Worker_PP2_TP0 pid=1115783) WARNING 08-22 18:18:50 [flashinfer_all_reduce.py:78] Failed to initialize FlashInfer All Reduce workspace: [SymmDeviceMemory] Device does not support multicasting.. This is expected on GPUs without NVSwitch (e.g., NVLink bridge-only or PCIe topologies).
(Worker_PP2_TP0 pid=1115783) WARNING 08-22 18:18:50 [flashinfer_all_reduce.py:78] Failed to initialize FlashInfer All Reduce workspace: [SymmDeviceMemory] Device does not support multicasting.. This is expected on GPUs without NVSwitch (e.g., NVLink bridge-only or PCIe topologies).
(Worker_PP2_TP0 pid=1115783) WARNING 08-22 18:18:50 [flashinfer_all_reduce.py:78] Failed to initialize FlashInfer All Reduce workspace: [SymmDeviceMemory] Device does not support multicasting.. This is expected on GPUs without NVSwitch (e.g., NVLink bridge-only or PCIe topologies).
(Worker_PP2_TP0 pid=1115783) WARNING 08-22 18:18:50 [flashinfer_all_reduce.py:78] Failed to initialize FlashInfer All Reduce workspace: [SymmDeviceMemory] Device does not support multicasting.. This is expected on GPUs without NVSwitch (e.g., NVLink bridge-only or PCIe topologies).
(Worker_PP2_TP0 pid=1115783) WARNING 08-22 18:18:50 [flashinfer_all_reduce.py:78] Failed to initialize FlashInfer All Reduce workspace: [SymmDeviceMemory] Device does not support multicasting.. This is expected on GPUs without NVSwitch (e.g., NVLink bridge-only or PCIe topologies).
(Worker_PP2_TP0 pid=1115783) WARNING 08-22 18:18:50 [flashinfer_all_reduce.py:78] Failed to initialize FlashInfer All Reduce workspace: [SymmDeviceMemory] Device does not support multicasting.. This is expected on GPUs without NVSwitch (e.g., NVLink bridge-only or PCIe topologies).
(Worker_PP2_TP0 pid=1115783) WARNING 08-22 18:18:50 [flashinfer_all_reduce.py:78] Failed to initialize FlashInfer All Reduce workspace: [SymmDeviceMemory] Device does not support multicasting.. This is expected on GPUs without NVSwitch (e.g., NVLink bridge-only or PCIe topologies).
(Worker_PP2_TP0 pid=1115783) WARNING 08-22 18:18:50 [flashinfer_all_reduce.py:78] Failed to initialize FlashInfer All Reduce workspace: [SymmDeviceMemory] Device does not support multicasting.. This is expected on GPUs without NVSwitch (e.g., NVLink bridge-only or PCIe topologies).
(Worker_PP2_TP0 pid=1115783) WARNING 08-22 18:18:50 [flashinfer_all_reduce.py:78] Failed to initialize FlashInfer All Reduce workspace: [SymmDeviceMemory] Device does not support multicasting.. This is expected on GPUs without NVSwitch (e.g., NVLink bridge-only or PCIe topologies).
(Worker_PP2_TP0 pid=1115783) WARNING 08-22 18:18:50 [flashinfer_all_reduce.py:78] Failed to initialize FlashInfer All Reduce workspace: [SymmDeviceMemory] Device does not support multicasting.. This is expected on GPUs without NVSwitch (e.g., NVLink bridge-only or PCIe topologies).
(Worker_PP2_TP0 pid=1115783) WARNING 08-22 18:18:50 [flashinfer_all_reduce.py:78] Failed to initialize FlashInfer All Reduce workspace: [SymmDeviceMemory] Device does not support multicasting.. This is expected on GPUs without NVSwitch (e.g., NVLink bridge-only or PCIe topologies).
(Worker_PP2_TP0 pid=1115783) WARNING 08-22 18:18:50 [flashinfer_all_reduce.py:78] Failed to initialize FlashInfer All Reduce workspace: [SymmDeviceMemory] Device does not support multicasting.. This is expected on GPUs without NVSwitch (e.g., NVLink bridge-only or PCIe topologies).
(Worker_PP2_TP0 pid=1115783) WARNING 08-22 18:18:50 [flashinfer_all_reduce.py:78] Failed to initialize FlashInfer All Reduce workspace: [SymmDeviceMemory] Device does not support multicasting.. This is expected on GPUs without NVSwitch (e.g., NVLink bridge-only or PCIe topologies).
(Worker_PP2_TP0 pid=1115783) WARNING 08-22 18:18:50 [flashinfer_all_reduce.py:78] Failed to initialize FlashInfer All Reduce workspace: [SymmDeviceMemory] Device does not support multicasting.. This is expected on GPUs without NVSwitch (e.g., NVLink bridge-only or PCIe topologies).
(Worker_PP2_TP0 pid=1115783) WARNING 08-22 18:18:50 [flashinfer_all_reduce.py:78] Failed to initialize FlashInfer All Reduce workspace: [SymmDeviceMemory] Device does not support multicasting.. This is expected on GPUs without NVSwitch (e.g., NVLink bridge-only or PCIe topologies).
(Worker_PP2_TP0 pid=1115783) WARNING 08-22 18:18:50 [flashinfer_all_reduce.py:78] Failed to initialize FlashInfer All Reduce workspace: [SymmDeviceMemory] Device does not support multicasting.. This is expected on GPUs without NVSwitch (e.g., NVLink bridge-only or PCIe topologies).
(Worker_PP2_TP0 pid=1115783) WARNING 08-22 18:18:50 [flashinfer_all_reduce.py:78] Failed to initialize FlashInfer All Reduce workspace: [SymmDeviceMemory] Device does not support multicasting.. This is expected on GPUs without NVSwitch (e.g., NVLink bridge-only or PCIe topologies).
(Worker_PP2_TP0 pid=1115783) WARNING 08-22 18:18:50 [flashinfer_all_reduce.py:78] Failed to initialize FlashInfer All Reduce workspace: [SymmDeviceMemory] Device does not support multicasting.. This is expected on GPUs without NVSwitch (e.g., NVLink bridge-only or PCIe topologies).
(Worker_PP2_TP0 pid=1115783) WARNING 08-22 18:18:50 [flashinfer_all_reduce.py:78] Failed to initialize FlashInfer All Reduce workspace: [SymmDeviceMemory] Device does not support multicasting.. This is expected on GPUs without NVSwitch (e.g., NVLink bridge-only or PCIe topologies).
(Worker_PP2_TP0 pid=1115783) WARNING 08-22 18:18:50 [flashinfer_all_reduce.py:78] Failed to initialize FlashInfer All Reduce workspace: [SymmDeviceMemory] Device does not support multicasting.. This is expected on GPUs without NVSwitch (e.g., NVLink bridge-only or PCIe topologies).
(Worker_PP2_TP0 pid=1115783) WARNING 08-22 18:18:50 [flashinfer_all_reduce.py:78] Failed to initialize FlashInfer All Reduce workspace: [SymmDeviceMemory] Device does not support multicasting.. This is expected on GPUs without NVSwitch (e.g., NVLink bridge-only or PCIe topologies).
(Worker_PP2_TP0 pid=1115783) WARNING 08-22 18:18:50 [flashinfer_all_reduce.py:78] Failed to initialize FlashInfer All Reduce workspace: [SymmDeviceMemory] Device does not support multicasting.. This is expected on GPUs without NVSwitch (e.g., NVLink bridge-only or PCIe topologies).
(Worker_PP2_TP0 pid=1115783) WARNING 08-22 18:18:50 [flashinfer_all_reduce.py:78] Failed to initialize FlashInfer All Reduce workspace: [SymmDeviceMemory] Device does not support multicasting.. This is expected on GPUs without NVSwitch (e.g., NVLink bridge-only or PCIe topologies).
(Worker_PP2_TP0 pid=1115783) WARNING 08-22 18:18:50 [flashinfer_all_reduce.py:78] Failed to initialize FlashInfer All Reduce workspace: [SymmDeviceMemory] Device does not support multicasting.. This is expected on GPUs without NVSwitch (e.g., NVLink bridge-only or PCIe topologies).
(Worker_PP2_TP0 pid=1115783) WARNING 08-22 18:18:50 [flashinfer_all_reduce.py:78] Failed to initialize FlashInfer All Reduce workspace: [SymmDeviceMemory] Device does not support multicasting.. This is expected on GPUs without NVSwitch (e.g., NVLink bridge-only or PCIe topologies).
(Worker_PP2_TP0 pid=1115783) WARNING 08-22 18:18:50 [flashinfer_all_reduce.py:78] Failed to initialize FlashInfer All Reduce workspace: [SymmDeviceMemory] Device does not support multicasting.. This is expected on GPUs without NVSwitch (e.g., NVLink bridge-only or PCIe topologies).
(Worker_PP2_TP0 pid=1115783) WARNING 08-22 18:18:50 [flashinfer_all_reduce.py:78] Failed to initialize FlashInfer All Reduce workspace: [SymmDeviceMemory] Device does not support multicasting.. This is expected on GPUs without NVSwitch (e.g., NVLink bridge-only or PCIe topologies).
(Worker_PP2_TP0 pid=1115783) WARNING 08-22 18:18:50 [flashinfer_all_reduce.py:78] Failed to initialize FlashInfer All Reduce workspace: [SymmDeviceMemory] Device does not support multicasting.. This is expected on GPUs without NVSwitch (e.g., NVLink bridge-only or PCIe topologies).
(Worker_PP2_TP0 pid=1115783) WARNING 08-22 18:18:50 [flashinfer_all_reduce.py:78] Failed to initialize FlashInfer All Reduce workspace: [SymmDeviceMemory] Device does not support multicasting.. This is expected on GPUs without NVSwitch (e.g., NVLink bridge-only or PCIe topologies).
(Worker_PP2_TP0 pid=1115783) WARNING 08-22 18:18:50 [flashinfer_all_reduce.py:78] Failed to initialize FlashInfer All Reduce workspace: [SymmDeviceMemory] Device does not support multicasting.. This is expected on GPUs without NVSwitch (e.g., NVLink bridge-only or PCIe topologies).
(Worker_PP2_TP5 pid=1115788) [k3t r?] step=41 tok=1 step=94.08ms | KDA: n=22 attn=18.1ms mlp=44.2ms other=0.6ms tot=62.8ms | full: n=9 attn=12.3ms mlp=18.6ms other=0.2ms tot=31.2ms | ALL: attn=30.4ms mlp=62.8ms model=94.1ms
(Worker_PP2_TP1 pid=1115784) [k3t r?] step=41 tok=1 step=94.09ms | KDA: n=22 attn=18.1ms mlp=44.2ms other=0.6ms tot=62.8ms | full: n=9 attn=12.3ms mlp=18.6ms other=0.2ms tot=31.2ms | ALL: attn=30.4ms mlp=62.8ms model=94.1ms
(Worker_PP2_TP2 pid=1115785) [k3t r?] step=41 tok=1 step=94.08ms | KDA: n=22 attn=18.1ms mlp=44.2ms other=0.6ms tot=62.8ms | full: n=9 attn=12.3ms mlp=18.6ms other=0.2ms tot=31.2ms | ALL: attn=30.4ms mlp=62.8ms model=94.1ms
(Worker_PP2_TP7 pid=1115790) [k3t r?] step=41 tok=1 step=94.09ms | KDA: n=22 attn=18.1ms mlp=44.2ms other=0.6ms tot=62.8ms | full: n=9 attn=12.3ms mlp=18.6ms other=0.2ms tot=31.2ms | ALL: attn=30.4ms mlp=62.8ms model=94.1ms
(Worker_PP2_TP6 pid=1115789) [k3t r?] step=41 tok=1 step=94.08ms | KDA: n=22 attn=18.1ms mlp=44.2ms other=0.6ms tot=62.8ms | full: n=9 attn=12.3ms mlp=18.6ms other=0.2ms tot=31.2ms | ALL: attn=30.4ms mlp=62.8ms model=94.1ms
(Worker_PP2_TP4 pid=1115787) [k3t r?] step=41 tok=1 step=94.08ms | KDA: n=22 attn=18.1ms mlp=44.2ms other=0.6ms tot=62.8ms | full: n=9 attn=12.3ms mlp=18.6ms other=0.2ms tot=31.2ms | ALL: attn=30.4ms mlp=62.8ms model=94.1ms
(Worker_PP2_TP3 pid=1115786) [k3t r?] step=41 tok=1 step=94.08ms | KDA: n=22 attn=18.1ms mlp=44.2ms other=0.6ms tot=62.8ms | full: n=9 attn=12.3ms mlp=18.6ms other=0.2ms tot=31.2ms | ALL: attn=30.4ms mlp=62.8ms model=94.1ms
(Worker_PP2_TP0 pid=1115783) [k3t r?] step=41 tok=1 step=94.58ms | KDA: n=22 attn=9.5ms mlp=43.3ms other=9.0ms tot=61.7ms | full: n=9 attn=8.8ms mlp=18.3ms other=3.5ms tot=30.5ms | ALL: attn=18.3ms mlp=61.5ms model=94.6ms
(Worker_PP2_TP1 pid=1115784) [k3t r?] logits=0.7ms step_tot=96.1ms
(Worker_PP2_TP2 pid=1115785) [k3t r?] logits=0.7ms step_tot=96.1ms
(Worker_PP2_TP4 pid=1115787) [k3t r?] logits=0.7ms step_tot=96.1ms
(Worker_PP2_TP3 pid=1115786) [k3t r?] logits=0.6ms step_tot=96.1ms
(Worker_PP2_TP6 pid=1115789) [k3t r?] logits=0.7ms step_tot=96.1ms
(Worker_PP2_TP7 pid=1115790) [k3t r?] logits=0.6ms step_tot=96.1ms
(Worker_PP2_TP5 pid=1115788) [k3t r?] logits=0.8ms step_tot=96.1ms
(Worker_PP2_TP0 pid=1115783) [k3t r?] logits=0.4ms step_tot=96.1ms
(Worker_PP2_TP0 pid=1115783) WARNING 08-22 18:18:50 [flashinfer_all_reduce.py:78] Failed to initialize FlashInfer All Reduce workspace: [SymmDeviceMemory] Device does not support multicasting.. This is expected on GPUs without NVSwitch (e.g., NVLink bridge-only or PCIe topologies).
(Worker_PP2_TP0 pid=1115783) WARNING 08-22 18:18:50 [flashinfer_all_reduce.py:78] Failed to initialize FlashInfer All Reduce workspace: [SymmDeviceMemory] Device does not support multicasting.. This is expected on GPUs without NVSwitch (e.g., NVLink bridge-only or PCIe topologies).
(Worker_PP2_TP0 pid=1115783) WARNING 08-22 18:18:50 [flashinfer_all_reduce.py:78] Failed to initialize FlashInfer All Reduce workspace: [SymmDeviceMemory] Device does not support multicasting.. This is expected on GPUs without NVSwitch (e.g., NVLink bridge-only or PCIe topologies).
(Worker_PP2_TP0 pid=1115783) WARNING 08-22 18:18:50 [flashinfer_all_reduce.py:78] Failed to initialize FlashInfer All Reduce workspace: [SymmDeviceMemory] Device does not support multicasting.. This is expected on GPUs without NVSwitch (e.g., NVLink bridge-only or PCIe topologies).
(Worker_PP2_TP0 pid=1115783) WARNING 08-22 18:18:50 [flashinfer_all_reduce.py:78] Failed to initialize FlashInfer All Reduce workspace: [SymmDeviceMemory] Device does not support multicasting.. This is expected on GPUs without NVSwitch (e.g., NVLink bridge-only or PCIe topologies).
(Worker_PP2_TP0 pid=1115783) WARNING 08-22 18:18:50 [flashinfer_all_reduce.py:78] Failed to initialize FlashInfer All Reduce workspace: [SymmDeviceMemory] Device does not support multicasting.. This is expected on GPUs without NVSwitch (e.g., NVLink bridge-only or PCIe topologies).
(Worker_PP2_TP0 pid=1115783) WARNING 08-22 18:18:50 [flashinfer_all_reduce.py:78] Failed to initialize FlashInfer All Reduce workspace: [SymmDeviceMemory] Device does not support multicasting.. This is expected on GPUs without NVSwitch (e.g., NVLink bridge-only or PCIe topologies).
(Worker_PP2_TP0 pid=1115783) WARNING 08-22 18:18:50 [flashinfer_all_reduce.py:78] Failed to initialize FlashInfer All Reduce workspace: [SymmDeviceMemory] Device does not support multicasting.. This is expected on GPUs without NVSwitch (e.g., NVLink bridge-only or PCIe topologies).
(Worker_PP2_TP0 pid=1115783) WARNING 08-22 18:18:50 [flashinfer_all_reduce.py:78] Failed to initialize FlashInfer All Reduce workspace: [SymmDeviceMemory] Device does not support multicasting.. This is expected on GPUs without NVSwitch (e.g., NVLink bridge-only or PCIe topologies).
(Worker_PP2_TP0 pid=1115783) WARNING 08-22 18:18:50 [flashinfer_all_reduce.py:78] Failed to initialize FlashInfer All Reduce workspace: [SymmDeviceMemory] Device does not support multicasting.. This is expected on GPUs without NVSwitch (e.g., NVLink bridge-only or PCIe topologies).
(Worker_PP2_TP0 pid=1115783) WARNING 08-22 18:18:50 [flashinfer_all_reduce.py:78] Failed to initialize FlashInfer All Reduce workspace: [SymmDeviceMemory] Device does not support multicasting.. This is expected on GPUs without NVSwitch (e.g., NVLink bridge-only or PCIe topologies).
(Worker_PP2_TP0 pid=1115783) WARNING 08-22 18:18:50 [flashinfer_all_reduce.py:78] Failed to initialize FlashInfer All Reduce workspace: [SymmDeviceMemory] Device does not support multicasting.. This is expected on GPUs without NVSwitch (e.g., NVLink bridge-only or PCIe topologies).
(Worker_PP2_TP0 pid=1115783) WARNING 08-22 18:18:50 [flashinfer_all_reduce.py:78] Failed to initialize FlashInfer All Reduce workspace: [SymmDeviceMemory] Device does not support multicasting.. This is expected on GPUs without NVSwitch (e.g., NVLink bridge-only or PCIe topologies).
(Worker_PP2_TP0 pid=1115783) WARNING 08-22 18:18:50 [flashinfer_all_reduce.py:78] Failed to initialize FlashInfer All Reduce workspace: [SymmDeviceMemory] Device does not support multicasting.. This is expected on GPUs without NVSwitch (e.g., NVLink bridge-only or PCIe topologies).
(Worker_PP2_TP0 pid=1115783) WARNING 08-22 18:18:50 [flashinfer_all_reduce.py:78] Failed to initialize FlashInfer All Reduce workspace: [SymmDeviceMemory] Device does not support multicasting.. This is expected on GPUs without NVSwitch (e.g., NVLink bridge-only or PCIe topologies).
(Worker_PP2_TP0 pid=1115783) WARNING 08-22 18:18:50 [flashinfer_all_reduce.py:78] Failed to initialize FlashInfer All Reduce workspace: [SymmDeviceMemory] Device does not support multicasting.. This is expected on GPUs without NVSwitch (e.g., NVLink bridge-only or PCIe topologies).
(Worker_PP2_TP0 pid=1115783) WARNING 08-22 18:18:50 [flashinfer_all_reduce.py:78] Failed to initialize FlashInfer All Reduce workspace: [SymmDeviceMemory] Device does not support multicasting.. This is expected on GPUs without NVSwitch (e.g., NVLink bridge-only or PCIe topologies).
(Worker_PP2_TP0 pid=1115783) WARNING 08-22 18:18:50 [flashinfer_all_reduce.py:78] Failed to initialize FlashInfer All Reduce workspace: [SymmDeviceMemory] Device does not support multicasting.. This is expected on GPUs without NVSwitch (e.g., NVLink bridge-only or PCIe topologies).
(Worker_PP2_TP0 pid=1115783) WARNING 08-22 18:18:50 [flashinfer_all_reduce.py:78] Failed to initialize FlashInfer All Reduce workspace: [SymmDeviceMemory] Device does not support multicasting.. This is expected on GPUs without NVSwitch (e.g., NVLink bridge-only or PCIe topologies).
(Worker_PP2_TP0 pid=1115783) WARNING 08-22 18:18:50 [flashinfer_all_reduce.py:78] Failed to initialize FlashInfer All Reduce workspace: [SymmDeviceMemory] Device does not support multicasting.. This is expected on GPUs without NVSwitch (e.g., NVLink bridge-only or PCIe topologies).
(Worker_PP2_TP0 pid=1115783) WARNING 08-22 18:18:50 [flashinfer_all_reduce.py:78] Failed to initialize FlashInfer All Reduce workspace: [SymmDeviceMemory] Device does not support multicasting.. This is expected on GPUs without NVSwitch (e.g., NVLink bridge-only or PCIe topologies).
(Worker_PP2_TP0 pid=1115783) WARNING 08-22 18:18:50 [flashinfer_all_reduce.py:78] Failed to initialize FlashInfer All Reduce workspace: [SymmDeviceMemory] Device does not support multicasting.. This is expected on GPUs without NVSwitch (e.g., NVLink bridge-only or PCIe topologies).
(Worker_PP2_TP0 pid=1115783) WARNING 08-22 18:18:50 [flashinfer_all_reduce.py:78] Failed to initialize FlashInfer All Reduce workspace: [SymmDeviceMemory] Device does not support multicasting.. This is expected on GPUs without NVSwitch (e.g., NVLink bridge-only or PCIe topologies).
(Worker_PP2_TP0 pid=1115783) WARNING 08-22 18:18:50 [flashinfer_all_reduce.py:78] Failed to initialize FlashInfer All Reduce workspace: [SymmDeviceMemory] Device does not support multicasting.. This is expected on GPUs without NVSwitch (e.g., NVLink bridge-only or PCIe topologies).
(Worker_PP2_TP0 pid=1115783) WARNING 08-22 18:18:50 [flashinfer_all_reduce.py:78] Failed to initialize FlashInfer All Reduce workspace: [SymmDeviceMemory] Device does not support multicasting.. This is expected on GPUs without NVSwitch (e.g., NVLink bridge-only or PCIe topologies).
(Worker_PP2_TP0 pid=1115783) WARNING 08-22 18:18:50 [flashinfer_all_reduce.py:78] Failed to initialize FlashInfer All Reduce workspace: [SymmDeviceMemory] Device does not support multicasting.. This is expected on GPUs without NVSwitch (e.g., NVLink bridge-only or PCIe topologies).
(Worker_PP2_TP0 pid=1115783) WARNING 08-22 18:18:50 [flashinfer_all_reduce.py:78] Failed to initialize FlashInfer All Reduce workspace: [SymmDeviceMemory] Device does not support multicasting.. This is expected on GPUs without NVSwitch (e.g., NVLink bridge-only or PCIe topologies).
(Worker_PP2_TP0 pid=1115783) WARNING 08-22 18:18:50 [flashinfer_all_reduce.py:78] Failed to initialize FlashInfer All Reduce workspace: [SymmDeviceMemory] Device does not support multicasting.. This is expected on GPUs without NVSwitch (e.g., NVLink bridge-only or PCIe topologies).
(Worker_PP2_TP0 pid=1115783) WARNING 08-22 18:18:50 [flashinfer_all_reduce.py:78] Failed to initialize FlashInfer All Reduce workspace: [SymmDeviceMemory] Device does not support multicasting.. This is expected on GPUs without NVSwitch (e.g., NVLink bridge-only or PCIe topologies).
(Worker_PP2_TP0 pid=1115783) WARNING 08-22 18:18:50 [flashinfer_all_reduce.py:78] Failed to initialize FlashInfer All Reduce workspace: [SymmDeviceMemory] Device does not support multicasting.. This is expected on GPUs without NVSwitch (e.g., NVLink bridge-only or PCIe topologies).
(Worker_PP2_TP0 pid=1115783) WARNING 08-22 18:18:50 [flashinfer_all_reduce.py:78] Failed to initialize FlashInfer All Reduce workspace: [SymmDeviceMemory] Device does not support multicasting.. This is expected on GPUs without NVSwitch (e.g., NVLink bridge-only or PCIe topologies).
(Worker_PP2_TP5 pid=1115788) [k3t r?] step=42 tok=1 step=90.79ms | KDA: n=22 attn=17.2ms mlp=41.8ms other=0.5ms tot=59.6ms | full: n=9 attn=12.4ms mlp=18.5ms other=0.2ms tot=31.1ms | ALL: attn=29.6ms mlp=60.3ms model=90.8ms
(Worker_PP2_TP2 pid=1115785) [k3t r?] step=42 tok=1 step=90.78ms | KDA: n=22 attn=17.2ms mlp=41.8ms other=0.6ms tot=59.6ms | full: n=9 attn=12.4ms mlp=18.5ms other=0.2ms tot=31.1ms | ALL: attn=29.6ms mlp=60.3ms model=90.8ms
(Worker_PP2_TP1 pid=1115784) [k3t r?] step=42 tok=1 step=90.78ms | KDA: n=22 attn=17.2ms mlp=41.8ms other=0.6ms tot=59.6ms | full: n=9 attn=12.4ms mlp=18.5ms other=0.2ms tot=31.1ms | ALL: attn=29.6ms mlp=60.3ms model=90.8ms
(Worker_PP2_TP4 pid=1115787) [k3t r?] step=42 tok=1 step=90.79ms | KDA: n=22 attn=17.1ms mlp=41.9ms other=0.8ms tot=59.7ms | full: n=9 attn=12.0ms mlp=18.3ms other=0.6ms tot=30.9ms | ALL: attn=29.1ms mlp=60.2ms model=90.8ms
(Worker_PP2_TP7 pid=1115790) [k3t r?] step=42 tok=1 step=90.78ms | KDA: n=22 attn=17.2ms mlp=41.8ms other=0.6ms tot=59.6ms | full: n=9 attn=12.4ms mlp=18.5ms other=0.2ms tot=31.1ms | ALL: attn=29.6ms mlp=60.3ms model=90.8ms
(Worker_PP2_TP6 pid=1115789) [k3t r?] step=42 tok=1 step=90.78ms | KDA: n=22 attn=17.2ms mlp=41.8ms other=0.6ms tot=59.6ms | full: n=9 attn=12.4ms mlp=18.5ms other=0.2ms tot=31.1ms | ALL: attn=29.6ms mlp=60.3ms model=90.8ms
(Worker_PP2_TP3 pid=1115786) [k3t r?] step=42 tok=1 step=90.79ms | KDA: n=22 attn=17.2ms mlp=41.8ms other=0.6ms tot=59.6ms | full: n=9 attn=12.4ms mlp=18.5ms other=0.2ms tot=31.1ms | ALL: attn=29.6ms mlp=60.3ms model=90.8ms
(Worker_PP2_TP0 pid=1115783) [k3t r?] step=42 tok=1 step=91.28ms | KDA: n=22 attn=9.1ms mlp=41.3ms other=8.1ms tot=58.5ms | full: n=9 attn=8.9ms mlp=17.9ms other=3.6ms tot=30.4ms | ALL: attn=18.0ms mlp=59.2ms model=91.3ms
(Worker_PP2_TP6 pid=1115789) [k3t r?] logits=0.7ms step_tot=92.7ms
(Worker_PP2_TP7 pid=1115790) [k3t r?] logits=0.7ms step_tot=92.7ms
(Worker_PP2_TP1 pid=1115784) [k3t r?] logits=0.7ms step_tot=92.7ms
(Worker_PP2_TP5 pid=1115788) [k3t r?] logits=0.7ms step_tot=92.7ms
(Worker_PP2_TP4 pid=1115787) [k3t r?] logits=0.7ms step_tot=92.7ms
(Worker_PP2_TP3 pid=1115786) [k3t r?] logits=0.6ms step_tot=92.7ms
(Worker_PP2_TP2 pid=1115785) [k3t r?] logits=0.7ms step_tot=92.7ms
(Worker_PP2_TP0 pid=1115783) [k3t r?] logits=0.4ms step_tot=92.7ms
(Worker_PP2_TP0 pid=1115783) WARNING 08-22 18:18:51 [flashinfer_all_reduce.py:78] Failed to initialize FlashInfer All Reduce workspace: [SymmDeviceMemory] Device does not support multicasting.. This is expected on GPUs without NVSwitch (e.g., NVLink bridge-only or PCIe topologies).
(Worker_PP2_TP0 pid=1115783) WARNING 08-22 18:18:51 [flashinfer_all_reduce.py:78] Failed to initialize FlashInfer All Reduce workspace: [SymmDeviceMemory] Device does not support multicasting.. This is expected on GPUs without NVSwitch (e.g., NVLink bridge-only or PCIe topologies).
(Worker_PP2_TP0 pid=1115783) WARNING 08-22 18:18:51 [flashinfer_all_reduce.py:78] Failed to initialize FlashInfer All Reduce workspace: [SymmDeviceMemory] Device does not support multicasting.. This is expected on GPUs without NVSwitch (e.g., NVLink bridge-only or PCIe topologies).
(Worker_PP2_TP0 pid=1115783) WARNING 08-22 18:18:51 [flashinfer_all_reduce.py:78] Failed to initialize FlashInfer All Reduce workspace: [SymmDeviceMemory] Device does not support multicasting.. This is expected on GPUs without NVSwitch (e.g., NVLink bridge-only or PCIe topologies).
(Worker_PP2_TP0 pid=1115783) WARNING 08-22 18:18:51 [flashinfer_all_reduce.py:78] Failed to initialize FlashInfer All Reduce workspace: [SymmDeviceMemory] Device does not support multicasting.. This is expected on GPUs without NVSwitch (e.g., NVLink bridge-only or PCIe topologies).
(Worker_PP2_TP0 pid=1115783) WARNING 08-22 18:18:51 [flashinfer_all_reduce.py:78] Failed to initialize FlashInfer All Reduce workspace: [SymmDeviceMemory] Device does not support multicasting.. This is expected on GPUs without NVSwitch (e.g., NVLink bridge-only or PCIe topologies).
(Worker_PP2_TP0 pid=1115783) WARNING 08-22 18:18:51 [flashinfer_all_reduce.py:78] Failed to initialize FlashInfer All Reduce workspace: [SymmDeviceMemory] Device does not support multicasting.. This is expected on GPUs without NVSwitch (e.g., NVLink bridge-only or PCIe topologies).
(Worker_PP2_TP0 pid=1115783) WARNING 08-22 18:18:51 [flashinfer_all_reduce.py:78] Failed to initialize FlashInfer All Reduce workspace: [SymmDeviceMemory] Device does not support multicasting.. This is expected on GPUs without NVSwitch (e.g., NVLink bridge-only or PCIe topologies).
(Worker_PP2_TP0 pid=1115783) WARNING 08-22 18:18:51 [flashinfer_all_reduce.py:78] Failed to initialize FlashInfer All Reduce workspace: [SymmDeviceMemory] Device does not support multicasting.. This is expected on GPUs without NVSwitch (e.g., NVLink bridge-only or PCIe topologies).
(Worker_PP2_TP0 pid=1115783) WARNING 08-22 18:18:51 [flashinfer_all_reduce.py:78] Failed to initialize FlashInfer All Reduce workspace: [SymmDeviceMemory] Device does not support multicasting.. This is expected on GPUs without NVSwitch (e.g., NVLink bridge-only or PCIe topologies).
(Worker_PP2_TP0 pid=1115783) WARNING 08-22 18:18:51 [flashinfer_all_reduce.py:78] Failed to initialize FlashInfer All Reduce workspace: [SymmDeviceMemory] Device does not support multicasting.. This is expected on GPUs without NVSwitch (e.g., NVLink bridge-only or PCIe topologies).
(Worker_PP2_TP0 pid=1115783) WARNING 08-22 18:18:51 [flashinfer_all_reduce.py:78] Failed to initialize FlashInfer All Reduce workspace: [SymmDeviceMemory] Device does not support multicasting.. This is expected on GPUs without NVSwitch (e.g., NVLink bridge-only or PCIe topologies).
(Worker_PP2_TP0 pid=1115783) WARNING 08-22 18:18:51 [flashinfer_all_reduce.py:78] Failed to initialize FlashInfer All Reduce workspace: [SymmDeviceMemory] Device does not support multicasting.. This is expected on GPUs without NVSwitch (e.g., NVLink bridge-only or PCIe topologies).
(Worker_PP2_TP0 pid=1115783) WARNING 08-22 18:18:51 [flashinfer_all_reduce.py:78] Failed to initialize FlashInfer All Reduce workspace: [SymmDeviceMemory] Device does not support multicasting.. This is expected on GPUs without NVSwitch (e.g., NVLink bridge-only or PCIe topologies).
(Worker_PP2_TP0 pid=1115783) WARNING 08-22 18:18:51 [flashinfer_all_reduce.py:78] Failed to initialize FlashInfer All Reduce workspace: [SymmDeviceMemory] Device does not support multicasting.. This is expected on GPUs without NVSwitch (e.g., NVLink bridge-only or PCIe topologies).
(Worker_PP2_TP0 pid=1115783) WARNING 08-22 18:18:51 [flashinfer_all_reduce.py:78] Failed to initialize FlashInfer All Reduce workspace: [SymmDeviceMemory] Device does not support multicasting.. This is expected on GPUs without NVSwitch (e.g., NVLink bridge-only or PCIe topologies).
(Worker_PP2_TP0 pid=1115783) WARNING 08-22 18:18:51 [flashinfer_all_reduce.py:78] Failed to initialize FlashInfer All Reduce workspace: [SymmDeviceMemory] Device does not support multicasting.. This is expected on GPUs without NVSwitch (e.g., NVLink bridge-only or PCIe topologies).
(Worker_PP2_TP0 pid=1115783) WARNING 08-22 18:18:51 [flashinfer_all_reduce.py:78] Failed to initialize FlashInfer All Reduce workspace: [SymmDeviceMemory] Device does not support multicasting.. This is expected on GPUs without NVSwitch (e.g., NVLink bridge-only or PCIe topologies).
(Worker_PP2_TP0 pid=1115783) WARNING 08-22 18:18:51 [flashinfer_all_reduce.py:78] Failed to initialize FlashInfer All Reduce workspace: [SymmDeviceMemory] Device does not support multicasting.. This is expected on GPUs without NVSwitch (e.g., NVLink bridge-only or PCIe topologies).
(Worker_PP2_TP0 pid=1115783) WARNING 08-22 18:18:51 [flashinfer_all_reduce.py:78] Failed to initialize FlashInfer All Reduce workspace: [SymmDeviceMemory] Device does not support multicasting.. This is expected on GPUs without NVSwitch (e.g., NVLink bridge-only or PCIe topologies).
(Worker_PP2_TP0 pid=1115783) WARNING 08-22 18:18:51 [flashinfer_all_reduce.py:78] Failed to initialize FlashInfer All Reduce workspace: [SymmDeviceMemory] Device does not support multicasting.. This is expected on GPUs without NVSwitch (e.g., NVLink bridge-only or PCIe topologies).
(Worker_PP2_TP0 pid=1115783) WARNING 08-22 18:18:51 [flashinfer_all_reduce.py:78] Failed to initialize FlashInfer All Reduce workspace: [SymmDeviceMemory] Device does not support multicasting.. This is expected on GPUs without NVSwitch (e.g., NVLink bridge-only or PCIe topologies).
(Worker_PP2_TP0 pid=1115783) WARNING 08-22 18:18:51 [flashinfer_all_reduce.py:78] Failed to initialize FlashInfer All Reduce workspace: [SymmDeviceMemory] Device does not support multicasting.. This is expected on GPUs without NVSwitch (e.g., NVLink bridge-only or PCIe topologies).
(Worker_PP2_TP0 pid=1115783) WARNING 08-22 18:18:51 [flashinfer_all_reduce.py:78] Failed to initialize FlashInfer All Reduce workspace: [SymmDeviceMemory] Device does not support multicasting.. This is expected on GPUs without NVSwitch (e.g., NVLink bridge-only or PCIe topologies).
(Worker_PP2_TP0 pid=1115783) WARNING 08-22 18:18:51 [flashinfer_all_reduce.py:78] Failed to initialize FlashInfer All Reduce workspace: [SymmDeviceMemory] Device does not support multicasting.. This is expected on GPUs without NVSwitch (e.g., NVLink bridge-only or PCIe topologies).
(Worker_PP2_TP0 pid=1115783) WARNING 08-22 18:18:51 [flashinfer_all_reduce.py:78] Failed to initialize FlashInfer All Reduce workspace: [SymmDeviceMemory] Device does not support multicasting.. This is expected on GPUs without NVSwitch (e.g., NVLink bridge-only or PCIe topologies).
(Worker_PP2_TP0 pid=1115783) WARNING 08-22 18:18:51 [flashinfer_all_reduce.py:78] Failed to initialize FlashInfer All Reduce workspace: [SymmDeviceMemory] Device does not support multicasting.. This is expected on GPUs without NVSwitch (e.g., NVLink bridge-only or PCIe topologies).
(Worker_PP2_TP0 pid=1115783) WARNING 08-22 18:18:51 [flashinfer_all_reduce.py:78] Failed to initialize FlashInfer All Reduce workspace: [SymmDeviceMemory] Device does not support multicasting.. This is expected on GPUs without NVSwitch (e.g., NVLink bridge-only or PCIe topologies).
(Worker_PP2_TP0 pid=1115783) WARNING 08-22 18:18:51 [flashinfer_all_reduce.py:78] Failed to initialize FlashInfer All Reduce workspace: [SymmDeviceMemory] Device does not support multicasting.. This is expected on GPUs without NVSwitch (e.g., NVLink bridge-only or PCIe topologies).
(Worker_PP2_TP0 pid=1115783) WARNING 08-22 18:18:51 [flashinfer_all_reduce.py:78] Failed to initialize FlashInfer All Reduce workspace: [SymmDeviceMemory] Device does not support multicasting.. This is expected on GPUs without NVSwitch (e.g., NVLink bridge-only or PCIe topologies).
(Worker_PP2_TP0 pid=1115783) WARNING 08-22 18:18:51 [flashinfer_all_reduce.py:78] Failed to initialize FlashInfer All Reduce workspace: [SymmDeviceMemory] Device does not support multicasting.. This is expected on GPUs without NVSwitch (e.g., NVLink bridge-only or PCIe topologies).
(Worker_PP2_TP2 pid=1115785) [k3t r?] step=43 tok=1 step=91.11ms | KDA: n=22 attn=17.1ms mlp=42.9ms other=0.6ms tot=60.5ms | full: n=9 attn=12.3ms mlp=18.0ms other=0.2ms tot=30.5ms | ALL: attn=29.3ms mlp=60.9ms model=91.1ms
(Worker_PP2_TP1 pid=1115784) [k3t r?] step=43 tok=1 step=91.11ms | KDA: n=22 attn=17.0ms mlp=42.9ms other=0.6ms tot=60.5ms | full: n=9 attn=12.3ms mlp=18.0ms other=0.2ms tot=30.5ms | ALL: attn=29.3ms mlp=60.9ms model=91.1ms
(Worker_PP2_TP5 pid=1115788) [k3t r?] step=43 tok=1 step=91.11ms | KDA: n=22 attn=17.1ms mlp=42.9ms other=0.6ms tot=60.5ms | full: n=9 attn=12.3ms mlp=18.0ms other=0.2ms tot=30.5ms | ALL: attn=29.4ms mlp=60.9ms model=91.1ms
(Worker_PP2_TP7 pid=1115790) [k3t r?] step=43 tok=1 step=91.11ms | KDA: n=22 attn=17.0ms mlp=42.9ms other=0.6ms tot=60.5ms | full: n=9 attn=12.3ms mlp=18.0ms other=0.2ms tot=30.5ms | ALL: attn=29.3ms mlp=60.9ms model=91.1ms
(Worker_PP2_TP3 pid=1115786) [k3t r?] step=43 tok=1 step=91.11ms | KDA: n=22 attn=17.0ms mlp=42.9ms other=0.6ms tot=60.5ms | full: n=9 attn=12.3ms mlp=18.0ms other=0.2ms tot=30.5ms | ALL: attn=29.3ms mlp=60.9ms model=91.1ms
(Worker_PP2_TP6 pid=1115789) [k3t r?] step=43 tok=1 step=91.10ms | KDA: n=22 attn=17.0ms mlp=42.9ms other=0.6ms tot=60.5ms | full: n=9 attn=12.3ms mlp=18.0ms other=0.2ms tot=30.5ms | ALL: attn=29.3ms mlp=60.9ms model=91.1ms
(Worker_PP2_TP4 pid=1115787) [k3t r?] step=43 tok=1 step=91.10ms | KDA: n=22 attn=16.2ms mlp=42.8ms other=1.3ms tot=60.3ms | full: n=9 attn=11.9ms mlp=17.9ms other=0.7ms tot=30.5ms | ALL: attn=28.0ms mlp=60.7ms model=91.1ms
(Worker_PP2_TP0 pid=1115783) [k3t r?] step=43 tok=1 step=91.60ms | KDA: n=22 attn=8.9ms mlp=41.8ms other=8.2ms tot=59.0ms | full: n=9 attn=8.8ms mlp=18.0ms other=3.7ms tot=30.5ms | ALL: attn=17.7ms mlp=59.8ms model=91.6ms
(Worker_PP2_TP7 pid=1115790) [k3t r?] logits=0.6ms step_tot=93.0ms
(Worker_PP2_TP2 pid=1115785) [k3t r?] logits=0.7ms step_tot=93.0ms
(Worker_PP2_TP6 pid=1115789) [k3t r?] logits=0.6ms step_tot=93.0ms
(Worker_PP2_TP1 pid=1115784) [k3t r?] logits=0.7ms step_tot=93.0ms
(Worker_PP2_TP3 pid=1115786) [k3t r?] logits=0.7ms step_tot=93.0ms
(Worker_PP2_TP4 pid=1115787) [k3t r?] logits=0.6ms step_tot=93.0ms
(Worker_PP2_TP5 pid=1115788) [k3t r?] logits=0.6ms step_tot=93.0ms
(Worker_PP2_TP0 pid=1115783) [k3t r?] logits=0.3ms step_tot=93.0ms
(Worker_PP2_TP0 pid=1115783) WARNING 08-22 18:18:51 [flashinfer_all_reduce.py:78] Failed to initialize FlashInfer All Reduce workspace: [SymmDeviceMemory] Device does not support multicasting.. This is expected on GPUs without NVSwitch (e.g., NVLink bridge-only or PCIe topologies).
(Worker_PP2_TP0 pid=1115783) WARNING 08-22 18:18:51 [flashinfer_all_reduce.py:78] Failed to initialize FlashInfer All Reduce workspace: [SymmDeviceMemory] Device does not support multicasting.. This is expected on GPUs without NVSwitch (e.g., NVLink bridge-only or PCIe topologies).
(Worker_PP2_TP0 pid=1115783) WARNING 08-22 18:18:51 [flashinfer_all_reduce.py:78] Failed to initialize FlashInfer All Reduce workspace: [SymmDeviceMemory] Device does not support multicasting.. This is expected on GPUs without NVSwitch (e.g., NVLink bridge-only or PCIe topologies).
(Worker_PP2_TP0 pid=1115783) WARNING 08-22 18:18:51 [flashinfer_all_reduce.py:78] Failed to initialize FlashInfer All Reduce workspace: [SymmDeviceMemory] Device does not support multicasting.. This is expected on GPUs without NVSwitch (e.g., NVLink bridge-only or PCIe topologies).
(Worker_PP2_TP0 pid=1115783) WARNING 08-22 18:18:51 [flashinfer_all_reduce.py:78] Failed to initialize FlashInfer All Reduce workspace: [SymmDeviceMemory] Device does not support multicasting.. This is expected on GPUs without NVSwitch (e.g., NVLink bridge-only or PCIe topologies).
(Worker_PP2_TP0 pid=1115783) WARNING 08-22 18:18:51 [flashinfer_all_reduce.py:78] Failed to initialize FlashInfer All Reduce workspace: [SymmDeviceMemory] Device does not support multicasting.. This is expected on GPUs without NVSwitch (e.g., NVLink bridge-only or PCIe topologies).
(Worker_PP2_TP0 pid=1115783) WARNING 08-22 18:18:51 [flashinfer_all_reduce.py:78] Failed to initialize FlashInfer All Reduce workspace: [SymmDeviceMemory] Device does not support multicasting.. This is expected on GPUs without NVSwitch (e.g., NVLink bridge-only or PCIe topologies).
(Worker_PP2_TP0 pid=1115783) WARNING 08-22 18:18:51 [flashinfer_all_reduce.py:78] Failed to initialize FlashInfer All Reduce workspace: [SymmDeviceMemory] Device does not support multicasting.. This is expected on GPUs without NVSwitch (e.g., NVLink bridge-only or PCIe topologies).
(Worker_PP2_TP0 pid=1115783) WARNING 08-22 18:18:51 [flashinfer_all_reduce.py:78] Failed to initialize FlashInfer All Reduce workspace: [SymmDeviceMemory] Device does not support multicasting.. This is expected on GPUs without NVSwitch (e.g., NVLink bridge-only or PCIe topologies).
(Worker_PP2_TP0 pid=1115783) WARNING 08-22 18:18:51 [flashinfer_all_reduce.py:78] Failed to initialize FlashInfer All Reduce workspace: [SymmDeviceMemory] Device does not support multicasting.. This is expected on GPUs without NVSwitch (e.g., NVLink bridge-only or PCIe topologies).
(Worker_PP2_TP0 pid=1115783) WARNING 08-22 18:18:51 [flashinfer_all_reduce.py:78] Failed to initialize FlashInfer All Reduce workspace: [SymmDeviceMemory] Device does not support multicasting.. This is expected on GPUs without NVSwitch (e.g., NVLink bridge-only or PCIe topologies).
(Worker_PP2_TP0 pid=1115783) WARNING 08-22 18:18:51 [flashinfer_all_reduce.py:78] Failed to initialize FlashInfer All Reduce workspace: [SymmDeviceMemory] Device does not support multicasting.. This is expected on GPUs without NVSwitch (e.g., NVLink bridge-only or PCIe topologies).
(Worker_PP2_TP0 pid=1115783) WARNING 08-22 18:18:51 [flashinfer_all_reduce.py:78] Failed to initialize FlashInfer All Reduce workspace: [SymmDeviceMemory] Device does not support multicasting.. This is expected on GPUs without NVSwitch (e.g., NVLink bridge-only or PCIe topologies).
(Worker_PP2_TP0 pid=1115783) WARNING 08-22 18:18:51 [flashinfer_all_reduce.py:78] Failed to initialize FlashInfer All Reduce workspace: [SymmDeviceMemory] Device does not support multicasting.. This is expected on GPUs without NVSwitch (e.g., NVLink bridge-only or PCIe topologies).
(Worker_PP2_TP0 pid=1115783) WARNING 08-22 18:18:51 [flashinfer_all_reduce.py:78] Failed to initialize FlashInfer All Reduce workspace: [SymmDeviceMemory] Device does not support multicasting.. This is expected on GPUs without NVSwitch (e.g., NVLink bridge-only or PCIe topologies).
(Worker_PP2_TP0 pid=1115783) WARNING 08-22 18:18:51 [flashinfer_all_reduce.py:78] Failed to initialize FlashInfer All Reduce workspace: [SymmDeviceMemory] Device does not support multicasting.. This is expected on GPUs without NVSwitch (e.g., NVLink bridge-only or PCIe topologies).
(Worker_PP2_TP0 pid=1115783) WARNING 08-22 18:18:51 [flashinfer_all_reduce.py:78] Failed to initialize FlashInfer All Reduce workspace: [SymmDeviceMemory] Device does not support multicasting.. This is expected on GPUs without NVSwitch (e.g., NVLink bridge-only or PCIe topologies).
(Worker_PP2_TP0 pid=1115783) WARNING 08-22 18:18:51 [flashinfer_all_reduce.py:78] Failed to initialize FlashInfer All Reduce workspace: [SymmDeviceMemory] Device does not support multicasting.. This is expected on GPUs without NVSwitch (e.g., NVLink bridge-only or PCIe topologies).
(Worker_PP2_TP0 pid=1115783) WARNING 08-22 18:18:51 [flashinfer_all_reduce.py:78] Failed to initialize FlashInfer All Reduce workspace: [SymmDeviceMemory] Device does not support multicasting.. This is expected on GPUs without NVSwitch (e.g., NVLink bridge-only or PCIe topologies).
(Worker_PP2_TP0 pid=1115783) WARNING 08-22 18:18:51 [flashinfer_all_reduce.py:78] Failed to initialize FlashInfer All Reduce workspace: [SymmDeviceMemory] Device does not support multicasting.. This is expected on GPUs without NVSwitch (e.g., NVLink bridge-only or PCIe topologies).
(Worker_PP2_TP0 pid=1115783) WARNING 08-22 18:18:51 [flashinfer_all_reduce.py:78] Failed to initialize FlashInfer All Reduce workspace: [SymmDeviceMemory] Device does not support multicasting.. This is expected on GPUs without NVSwitch (e.g., NVLink bridge-only or PCIe topologies).
(Worker_PP2_TP0 pid=1115783) WARNING 08-22 18:18:51 [flashinfer_all_reduce.py:78] Failed to initialize FlashInfer All Reduce workspace: [SymmDeviceMemory] Device does not support multicasting.. This is expected on GPUs without NVSwitch (e.g., NVLink bridge-only or PCIe topologies).
(Worker_PP2_TP0 pid=1115783) WARNING 08-22 18:18:51 [flashinfer_all_reduce.py:78] Failed to initialize FlashInfer All Reduce workspace: [SymmDeviceMemory] Device does not support multicasting.. This is expected on GPUs without NVSwitch (e.g., NVLink bridge-only or PCIe topologies).
(Worker_PP2_TP0 pid=1115783) WARNING 08-22 18:18:51 [flashinfer_all_reduce.py:78] Failed to initialize FlashInfer All Reduce workspace: [SymmDeviceMemory] Device does not support multicasting.. This is expected on GPUs without NVSwitch (e.g., NVLink bridge-only or PCIe topologies).
(Worker_PP2_TP0 pid=1115783) WARNING 08-22 18:18:51 [flashinfer_all_reduce.py:78] Failed to initialize FlashInfer All Reduce workspace: [SymmDeviceMemory] Device does not support multicasting.. This is expected on GPUs without NVSwitch (e.g., NVLink bridge-only or PCIe topologies).
(Worker_PP2_TP0 pid=1115783) WARNING 08-22 18:18:51 [flashinfer_all_reduce.py:78] Failed to initialize FlashInfer All Reduce workspace: [SymmDeviceMemory] Device does not support multicasting.. This is expected on GPUs without NVSwitch (e.g., NVLink bridge-only or PCIe topologies).
(Worker_PP2_TP0 pid=1115783) WARNING 08-22 18:18:51 [flashinfer_all_reduce.py:78] Failed to initialize FlashInfer All Reduce workspace: [SymmDeviceMemory] Device does not support multicasting.. This is expected on GPUs without NVSwitch (e.g., NVLink bridge-only or PCIe topologies).
(Worker_PP2_TP0 pid=1115783) WARNING 08-22 18:18:51 [flashinfer_all_reduce.py:78] Failed to initialize FlashInfer All Reduce workspace: [SymmDeviceMemory] Device does not support multicasting.. This is expected on GPUs without NVSwitch (e.g., NVLink bridge-only or PCIe topologies).
(Worker_PP2_TP0 pid=1115783) WARNING 08-22 18:18:51 [flashinfer_all_reduce.py:78] Failed to initialize FlashInfer All Reduce workspace: [SymmDeviceMemory] Device does not support multicasting.. This is expected on GPUs without NVSwitch (e.g., NVLink bridge-only or PCIe topologies).
(Worker_PP2_TP0 pid=1115783) WARNING 08-22 18:18:51 [flashinfer_all_reduce.py:78] Failed to initialize FlashInfer All Reduce workspace: [SymmDeviceMemory] Device does not support multicasting.. This is expected on GPUs without NVSwitch (e.g., NVLink bridge-only or PCIe topologies).
(Worker_PP2_TP0 pid=1115783) WARNING 08-22 18:18:51 [flashinfer_all_reduce.py:78] Failed to initialize FlashInfer All Reduce workspace: [SymmDeviceMemory] Device does not support multicasting.. This is expected on GPUs without NVSwitch (e.g., NVLink bridge-only or PCIe topologies).
(Worker_PP2_TP5 pid=1115788) [k3t r?] step=44 tok=1 step=91.13ms | KDA: n=22 attn=17.0ms mlp=42.7ms other=0.6ms tot=60.3ms | full: n=9 attn=12.2ms mlp=18.3ms other=0.2ms tot=30.8ms | ALL: attn=29.2ms mlp=61.0ms model=91.1ms
(Worker_PP2_TP2 pid=1115785) [k3t r?] step=44 tok=1 step=91.13ms | KDA: n=22 attn=17.1ms mlp=42.7ms other=0.6ms tot=60.3ms | full: n=9 attn=12.2ms mlp=18.3ms other=0.2ms tot=30.8ms | ALL: attn=29.2ms mlp=61.0ms model=91.1ms
(Worker_PP2_TP7 pid=1115790) [k3t r?] step=44 tok=1 step=91.13ms | KDA: n=22 attn=17.0ms mlp=42.7ms other=0.6ms tot=60.3ms | full: n=9 attn=12.2ms mlp=18.3ms other=0.2ms tot=30.8ms | ALL: attn=29.2ms mlp=61.0ms model=91.1ms
(Worker_PP2_TP1 pid=1115784) [k3t r?] step=44 tok=1 step=91.12ms | KDA: n=22 attn=17.0ms mlp=42.7ms other=0.6ms tot=60.3ms | full: n=9 attn=12.2ms mlp=18.3ms other=0.2ms tot=30.8ms | ALL: attn=29.2ms mlp=61.0ms model=91.1ms
(Worker_PP2_TP6 pid=1115789) [k3t r?] step=44 tok=1 step=91.13ms | KDA: n=22 attn=17.0ms mlp=42.7ms other=0.6ms tot=60.3ms | full: n=9 attn=12.2ms mlp=18.3ms other=0.2ms tot=30.8ms | ALL: attn=29.2ms mlp=61.0ms model=91.1ms
(Worker_PP2_TP4 pid=1115787) [k3t r?] step=44 tok=1 step=91.12ms | KDA: n=22 attn=16.7ms mlp=42.8ms other=0.9ms tot=60.4ms | full: n=9 attn=11.8ms mlp=18.2ms other=0.5ms tot=30.5ms | ALL: attn=28.5ms mlp=61.0ms model=91.1ms
(Worker_PP2_TP3 pid=1115786) [k3t r?] step=44 tok=1 step=91.13ms | KDA: n=22 attn=17.0ms mlp=42.7ms other=0.6ms tot=60.3ms | full: n=9 attn=12.2ms mlp=18.3ms other=0.2ms tot=30.8ms | ALL: attn=29.2ms mlp=61.0ms model=91.1ms
(Worker_PP2_TP0 pid=1115783) [k3t r?] step=44 tok=1 step=91.63ms | KDA: n=22 attn=8.8ms mlp=41.9ms other=8.5ms tot=59.2ms | full: n=9 attn=8.6ms mlp=17.9ms other=3.7ms tot=30.2ms | ALL: attn=17.4ms mlp=59.8ms model=91.6ms
(Worker_PP2_TP2 pid=1115785) [k3t r?] logits=0.7ms step_tot=93.0ms
(Worker_PP2_TP7 pid=1115790) [k3t r?] logits=0.6ms step_tot=93.0ms
(Worker_PP2_TP1 pid=1115784) [k3t r?] logits=0.6ms step_tot=93.0ms
(Worker_PP2_TP3 pid=1115786) [k3t r?] logits=0.6ms step_tot=93.0ms
(Worker_PP2_TP4 pid=1115787) [k3t r?] logits=0.6ms step_tot=93.0ms
(Worker_PP2_TP6 pid=1115789) [k3t r?] logits=0.6ms step_tot=93.0ms
(Worker_PP2_TP0 pid=1115783) [k3t r?] logits=0.3ms step_tot=93.1ms
(Worker_PP2_TP5 pid=1115788) [k3t r?] logits=0.7ms step_tot=93.0ms
(Worker_PP2_TP0 pid=1115783) WARNING 08-22 18:18:52 [flashinfer_all_reduce.py:78] Failed to initialize FlashInfer All Reduce workspace: [SymmDeviceMemory] Device does not support multicasting.. This is expected on GPUs without NVSwitch (e.g., NVLink bridge-only or PCIe topologies).
(Worker_PP2_TP0 pid=1115783) WARNING 08-22 18:18:52 [flashinfer_all_reduce.py:78] Failed to initialize FlashInfer All Reduce workspace: [SymmDeviceMemory] Device does not support multicasting.. This is expected on GPUs without NVSwitch (e.g., NVLink bridge-only or PCIe topologies).
(Worker_PP2_TP0 pid=1115783) WARNING 08-22 18:18:52 [flashinfer_all_reduce.py:78] Failed to initialize FlashInfer All Reduce workspace: [SymmDeviceMemory] Device does not support multicasting.. This is expected on GPUs without NVSwitch (e.g., NVLink bridge-only or PCIe topologies).
(Worker_PP2_TP0 pid=1115783) WARNING 08-22 18:18:52 [flashinfer_all_reduce.py:78] Failed to initialize FlashInfer All Reduce workspace: [SymmDeviceMemory] Device does not support multicasting.. This is expected on GPUs without NVSwitch (e.g., NVLink bridge-only or PCIe topologies).
(Worker_PP2_TP0 pid=1115783) WARNING 08-22 18:18:52 [flashinfer_all_reduce.py:78] Failed to initialize FlashInfer All Reduce workspace: [SymmDeviceMemory] Device does not support multicasting.. This is expected on GPUs without NVSwitch (e.g., NVLink bridge-only or PCIe topologies).
(Worker_PP2_TP0 pid=1115783) WARNING 08-22 18:18:52 [flashinfer_all_reduce.py:78] Failed to initialize FlashInfer All Reduce workspace: [SymmDeviceMemory] Device does not support multicasting.. This is expected on GPUs without NVSwitch (e.g., NVLink bridge-only or PCIe topologies).
(Worker_PP2_TP0 pid=1115783) WARNING 08-22 18:18:52 [flashinfer_all_reduce.py:78] Failed to initialize FlashInfer All Reduce workspace: [SymmDeviceMemory] Device does not support multicasting.. This is expected on GPUs without NVSwitch (e.g., NVLink bridge-only or PCIe topologies).
(Worker_PP2_TP0 pid=1115783) WARNING 08-22 18:18:52 [flashinfer_all_reduce.py:78] Failed to initialize FlashInfer All Reduce workspace: [SymmDeviceMemory] Device does not support multicasting.. This is expected on GPUs without NVSwitch (e.g., NVLink bridge-only or PCIe topologies).
(Worker_PP2_TP0 pid=1115783) WARNING 08-22 18:18:52 [flashinfer_all_reduce.py:78] Failed to initialize FlashInfer All Reduce workspace: [SymmDeviceMemory] Device does not support multicasting.. This is expected on GPUs without NVSwitch (e.g., NVLink bridge-only or PCIe topologies).
(Worker_PP2_TP0 pid=1115783) WARNING 08-22 18:18:52 [flashinfer_all_reduce.py:78] Failed to initialize FlashInfer All Reduce workspace: [SymmDeviceMemory] Device does not support multicasting.. This is expected on GPUs without NVSwitch (e.g., NVLink bridge-only or PCIe topologies).
(Worker_PP2_TP0 pid=1115783) WARNING 08-22 18:18:52 [flashinfer_all_reduce.py:78] Failed to initialize FlashInfer All Reduce workspace: [SymmDeviceMemory] Device does not support multicasting.. This is expected on GPUs without NVSwitch (e.g., NVLink bridge-only or PCIe topologies).
(Worker_PP2_TP0 pid=1115783) WARNING 08-22 18:18:52 [flashinfer_all_reduce.py:78] Failed to initialize FlashInfer All Reduce workspace: [SymmDeviceMemory] Device does not support multicasting.. This is expected on GPUs without NVSwitch (e.g., NVLink bridge-only or PCIe topologies).
(Worker_PP2_TP0 pid=1115783) WARNING 08-22 18:18:52 [flashinfer_all_reduce.py:78] Failed to initialize FlashInfer All Reduce workspace: [SymmDeviceMemory] Device does not support multicasting.. This is expected on GPUs without NVSwitch (e.g., NVLink bridge-only or PCIe topologies).
(Worker_PP2_TP0 pid=1115783) WARNING 08-22 18:18:52 [flashinfer_all_reduce.py:78] Failed to initialize FlashInfer All Reduce workspace: [SymmDeviceMemory] Device does not support multicasting.. This is expected on GPUs without NVSwitch (e.g., NVLink bridge-only or PCIe topologies).
(Worker_PP2_TP0 pid=1115783) WARNING 08-22 18:18:52 [flashinfer_all_reduce.py:78] Failed to initialize FlashInfer All Reduce workspace: [SymmDeviceMemory] Device does not support multicasting.. This is expected on GPUs without NVSwitch (e.g., NVLink bridge-only or PCIe topologies).
(Worker_PP2_TP0 pid=1115783) WARNING 08-22 18:18:52 [flashinfer_all_reduce.py:78] Failed to initialize FlashInfer All Reduce workspace: [SymmDeviceMemory] Device does not support multicasting.. This is expected on GPUs without NVSwitch (e.g., NVLink bridge-only or PCIe topologies).
(Worker_PP2_TP0 pid=1115783) WARNING 08-22 18:18:52 [flashinfer_all_reduce.py:78] Failed to initialize FlashInfer All Reduce workspace: [SymmDeviceMemory] Device does not support multicasting.. This is expected on GPUs without NVSwitch (e.g., NVLink bridge-only or PCIe topologies).
(Worker_PP2_TP0 pid=1115783) WARNING 08-22 18:18:52 [flashinfer_all_reduce.py:78] Failed to initialize FlashInfer All Reduce workspace: [SymmDeviceMemory] Device does not support multicasting.. This is expected on GPUs without NVSwitch (e.g., NVLink bridge-only or PCIe topologies).
(Worker_PP2_TP0 pid=1115783) WARNING 08-22 18:18:52 [flashinfer_all_reduce.py:78] Failed to initialize FlashInfer All Reduce workspace: [SymmDeviceMemory] Device does not support multicasting.. This is expected on GPUs without NVSwitch (e.g., NVLink bridge-only or PCIe topologies).
(Worker_PP2_TP0 pid=1115783) WARNING 08-22 18:18:52 [flashinfer_all_reduce.py:78] Failed to initialize FlashInfer All Reduce workspace: [SymmDeviceMemory] Device does not support multicasting.. This is expected on GPUs without NVSwitch (e.g., NVLink bridge-only or PCIe topologies).
(Worker_PP2_TP0 pid=1115783) WARNING 08-22 18:18:52 [flashinfer_all_reduce.py:78] Failed to initialize FlashInfer All Reduce workspace: [SymmDeviceMemory] Device does not support multicasting.. This is expected on GPUs without NVSwitch (e.g., NVLink bridge-only or PCIe topologies).
(Worker_PP2_TP0 pid=1115783) WARNING 08-22 18:18:52 [flashinfer_all_reduce.py:78] Failed to initialize FlashInfer All Reduce workspace: [SymmDeviceMemory] Device does not support multicasting.. This is expected on GPUs without NVSwitch (e.g., NVLink bridge-only or PCIe topologies).
(Worker_PP2_TP0 pid=1115783) WARNING 08-22 18:18:52 [flashinfer_all_reduce.py:78] Failed to initialize FlashInfer All Reduce workspace: [SymmDeviceMemory] Device does not support multicasting.. This is expected on GPUs without NVSwitch (e.g., NVLink bridge-only or PCIe topologies).
(Worker_PP2_TP0 pid=1115783) WARNING 08-22 18:18:52 [flashinfer_all_reduce.py:78] Failed to initialize FlashInfer All Reduce workspace: [SymmDeviceMemory] Device does not support multicasting.. This is expected on GPUs without NVSwitch (e.g., NVLink bridge-only or PCIe topologies).
(Worker_PP2_TP0 pid=1115783) WARNING 08-22 18:18:52 [flashinfer_all_reduce.py:78] Failed to initialize FlashInfer All Reduce workspace: [SymmDeviceMemory] Device does not support multicasting.. This is expected on GPUs without NVSwitch (e.g., NVLink bridge-only or PCIe topologies).
(Worker_PP2_TP0 pid=1115783) WARNING 08-22 18:18:52 [flashinfer_all_reduce.py:78] Failed to initialize FlashInfer All Reduce workspace: [SymmDeviceMemory] Device does not support multicasting.. This is expected on GPUs without NVSwitch (e.g., NVLink bridge-only or PCIe topologies).
(Worker_PP2_TP0 pid=1115783) WARNING 08-22 18:18:52 [flashinfer_all_reduce.py:78] Failed to initialize FlashInfer All Reduce workspace: [SymmDeviceMemory] Device does not support multicasting.. This is expected on GPUs without NVSwitch (e.g., NVLink bridge-only or PCIe topologies).
(Worker_PP2_TP0 pid=1115783) WARNING 08-22 18:18:52 [flashinfer_all_reduce.py:78] Failed to initialize FlashInfer All Reduce workspace: [SymmDeviceMemory] Device does not support multicasting.. This is expected on GPUs without NVSwitch (e.g., NVLink bridge-only or PCIe topologies).
(Worker_PP2_TP0 pid=1115783) WARNING 08-22 18:18:52 [flashinfer_all_reduce.py:78] Failed to initialize FlashInfer All Reduce workspace: [SymmDeviceMemory] Device does not support multicasting.. This is expected on GPUs without NVSwitch (e.g., NVLink bridge-only or PCIe topologies).
(Worker_PP2_TP0 pid=1115783) WARNING 08-22 18:18:52 [flashinfer_all_reduce.py:78] Failed to initialize FlashInfer All Reduce workspace: [SymmDeviceMemory] Device does not support multicasting.. This is expected on GPUs without NVSwitch (e.g., NVLink bridge-only or PCIe topologies).
(Worker_PP2_TP0 pid=1115783) WARNING 08-22 18:18:52 [flashinfer_all_reduce.py:78] Failed to initialize FlashInfer All Reduce workspace: [SymmDeviceMemory] Device does not support multicasting.. This is expected on GPUs without NVSwitch (e.g., NVLink bridge-only or PCIe topologies).
(Worker_PP2_TP7 pid=1115790) [k3t r?] step=45 tok=1 step=88.84ms | KDA: n=22 attn=17.0ms mlp=41.2ms other=0.6ms tot=58.7ms | full: n=9 attn=11.5ms mlp=18.3ms other=0.2ms tot=30.0ms | ALL: attn=28.5ms mlp=59.5ms model=88.8ms
(Worker_PP2_TP1 pid=1115784) [k3t r?] step=45 tok=1 step=88.84ms | KDA: n=22 attn=17.0ms mlp=41.2ms other=0.6ms tot=58.7ms | full: n=9 attn=11.5ms mlp=18.3ms other=0.2ms tot=30.0ms | ALL: attn=28.5ms mlp=59.5ms model=88.8ms
(Worker_PP2_TP2 pid=1115785) [k3t r?] step=45 tok=1 step=88.84ms | KDA: n=22 attn=17.0ms mlp=41.2ms other=0.6ms tot=58.7ms | full: n=9 attn=11.5ms mlp=18.3ms other=0.2ms tot=30.0ms | ALL: attn=28.5ms mlp=59.5ms model=88.8ms
(Worker_PP2_TP3 pid=1115786) [k3t r?] step=45 tok=1 step=88.84ms | KDA: n=22 attn=17.0ms mlp=41.1ms other=0.6ms tot=58.7ms | full: n=9 attn=11.5ms mlp=18.3ms other=0.2ms tot=30.0ms | ALL: attn=28.5ms mlp=59.5ms model=88.8ms
(Worker_PP2_TP4 pid=1115787) [k3t r?] step=45 tok=1 step=88.84ms | KDA: n=22 attn=16.0ms mlp=40.9ms other=1.4ms tot=58.3ms | full: n=9 attn=11.5ms mlp=18.2ms other=0.5ms tot=30.2ms | ALL: attn=27.5ms mlp=59.1ms model=88.8ms
(Worker_PP2_TP6 pid=1115789) [k3t r?] step=45 tok=1 step=88.84ms | KDA: n=22 attn=17.0ms mlp=41.2ms other=0.6ms tot=58.7ms | full: n=9 attn=11.5ms mlp=18.3ms other=0.2ms tot=30.0ms | ALL: attn=28.5ms mlp=59.5ms model=88.8ms
(Worker_PP2_TP5 pid=1115788) [k3t r?] step=45 tok=1 step=88.84ms | KDA: n=22 attn=17.0ms mlp=41.2ms other=0.6ms tot=58.7ms | full: n=9 attn=11.5ms mlp=18.3ms other=0.2ms tot=30.0ms | ALL: attn=28.5ms mlp=59.5ms model=88.8ms
(Worker_PP2_TP0 pid=1115783) [k3t r?] step=45 tok=1 step=89.26ms | KDA: n=22 attn=8.9ms mlp=40.3ms other=8.2ms tot=57.4ms | full: n=9 attn=8.5ms mlp=17.8ms other=3.5ms tot=29.8ms | ALL: attn=17.4ms mlp=58.1ms model=89.3ms
(Worker_PP2_TP5 pid=1115788) [k3t r?] logits=0.5ms step_tot=90.6ms
(Worker_PP2_TP6 pid=1115789) [k3t r?] logits=0.5ms step_tot=90.6ms
(Worker_PP2_TP4 pid=1115787) [k3t r?] logits=0.6ms step_tot=90.6ms
(Worker_PP2_TP1 pid=1115784) [k3t r?] logits=0.5ms step_tot=90.6ms
(Worker_PP2_TP2 pid=1115785) [k3t r?] logits=0.6ms step_tot=90.6ms
(Worker_PP2_TP3 pid=1115786) [k3t r?] logits=0.6ms step_tot=90.6ms
(Worker_PP2_TP7 pid=1115790) [k3t r?] logits=0.6ms step_tot=90.6ms
(Worker_PP2_TP0 pid=1115783) [k3t r?] logits=0.3ms step_tot=90.8ms
(Worker_PP2_TP0 pid=1115783) WARNING 08-22 18:18:52 [flashinfer_all_reduce.py:78] Failed to initialize FlashInfer All Reduce workspace: [SymmDeviceMemory] Device does not support multicasting.. This is expected on GPUs without NVSwitch (e.g., NVLink bridge-only or PCIe topologies).
(Worker_PP2_TP0 pid=1115783) WARNING 08-22 18:18:52 [flashinfer_all_reduce.py:78] Failed to initialize FlashInfer All Reduce workspace: [SymmDeviceMemory] Device does not support multicasting.. This is expected on GPUs without NVSwitch (e.g., NVLink bridge-only or PCIe topologies).
(Worker_PP2_TP0 pid=1115783) WARNING 08-22 18:18:52 [flashinfer_all_reduce.py:78] Failed to initialize FlashInfer All Reduce workspace: [SymmDeviceMemory] Device does not support multicasting.. This is expected on GPUs without NVSwitch (e.g., NVLink bridge-only or PCIe topologies).
(Worker_PP2_TP0 pid=1115783) WARNING 08-22 18:18:52 [flashinfer_all_reduce.py:78] Failed to initialize FlashInfer All Reduce workspace: [SymmDeviceMemory] Device does not support multicasting.. This is expected on GPUs without NVSwitch (e.g., NVLink bridge-only or PCIe topologies).
(Worker_PP2_TP0 pid=1115783) WARNING 08-22 18:18:52 [flashinfer_all_reduce.py:78] Failed to initialize FlashInfer All Reduce workspace: [SymmDeviceMemory] Device does not support multicasting.. This is expected on GPUs without NVSwitch (e.g., NVLink bridge-only or PCIe topologies).
(Worker_PP2_TP0 pid=1115783) WARNING 08-22 18:18:52 [flashinfer_all_reduce.py:78] Failed to initialize FlashInfer All Reduce workspace: [SymmDeviceMemory] Device does not support multicasting.. This is expected on GPUs without NVSwitch (e.g., NVLink bridge-only or PCIe topologies).
(Worker_PP2_TP0 pid=1115783) WARNING 08-22 18:18:52 [flashinfer_all_reduce.py:78] Failed to initialize FlashInfer All Reduce workspace: [SymmDeviceMemory] Device does not support multicasting.. This is expected on GPUs without NVSwitch (e.g., NVLink bridge-only or PCIe topologies).
(Worker_PP2_TP0 pid=1115783) WARNING 08-22 18:18:52 [flashinfer_all_reduce.py:78] Failed to initialize FlashInfer All Reduce workspace: [SymmDeviceMemory] Device does not support multicasting.. This is expected on GPUs without NVSwitch (e.g., NVLink bridge-only or PCIe topologies).
(Worker_PP2_TP0 pid=1115783) WARNING 08-22 18:18:52 [flashinfer_all_reduce.py:78] Failed to initialize FlashInfer All Reduce workspace: [SymmDeviceMemory] Device does not support multicasting.. This is expected on GPUs without NVSwitch (e.g., NVLink bridge-only or PCIe topologies).
(Worker_PP2_TP0 pid=1115783) WARNING 08-22 18:18:52 [flashinfer_all_reduce.py:78] Failed to initialize FlashInfer All Reduce workspace: [SymmDeviceMemory] Device does not support multicasting.. This is expected on GPUs without NVSwitch (e.g., NVLink bridge-only or PCIe topologies).
(Worker_PP2_TP0 pid=1115783) WARNING 08-22 18:18:52 [flashinfer_all_reduce.py:78] Failed to initialize FlashInfer All Reduce workspace: [SymmDeviceMemory] Device does not support multicasting.. This is expected on GPUs without NVSwitch (e.g., NVLink bridge-only or PCIe topologies).
(Worker_PP2_TP0 pid=1115783) WARNING 08-22 18:18:52 [flashinfer_all_reduce.py:78] Failed to initialize FlashInfer All Reduce workspace: [SymmDeviceMemory] Device does not support multicasting.. This is expected on GPUs without NVSwitch (e.g., NVLink bridge-only or PCIe topologies).
(Worker_PP2_TP0 pid=1115783) WARNING 08-22 18:18:52 [flashinfer_all_reduce.py:78] Failed to initialize FlashInfer All Reduce workspace: [SymmDeviceMemory] Device does not support multicasting.. This is expected on GPUs without NVSwitch (e.g., NVLink bridge-only or PCIe topologies).
(Worker_PP2_TP0 pid=1115783) WARNING 08-22 18:18:52 [flashinfer_all_reduce.py:78] Failed to initialize FlashInfer All Reduce workspace: [SymmDeviceMemory] Device does not support multicasting.. This is expected on GPUs without NVSwitch (e.g., NVLink bridge-only or PCIe topologies).
(Worker_PP2_TP0 pid=1115783) WARNING 08-22 18:18:52 [flashinfer_all_reduce.py:78] Failed to initialize FlashInfer All Reduce workspace: [SymmDeviceMemory] Device does not support multicasting.. This is expected on GPUs without NVSwitch (e.g., NVLink bridge-only or PCIe topologies).
(Worker_PP2_TP0 pid=1115783) WARNING 08-22 18:18:52 [flashinfer_all_reduce.py:78] Failed to initialize FlashInfer All Reduce workspace: [SymmDeviceMemory] Device does not support multicasting.. This is expected on GPUs without NVSwitch (e.g., NVLink bridge-only or PCIe topologies).
(Worker_PP2_TP0 pid=1115783) WARNING 08-22 18:18:52 [flashinfer_all_reduce.py:78] Failed to initialize FlashInfer All Reduce workspace: [SymmDeviceMemory] Device does not support multicasting.. This is expected on GPUs without NVSwitch (e.g., NVLink bridge-only or PCIe topologies).
(Worker_PP2_TP0 pid=1115783) WARNING 08-22 18:18:52 [flashinfer_all_reduce.py:78] Failed to initialize FlashInfer All Reduce workspace: [SymmDeviceMemory] Device does not support multicasting.. This is expected on GPUs without NVSwitch (e.g., NVLink bridge-only or PCIe topologies).
(Worker_PP2_TP0 pid=1115783) WARNING 08-22 18:18:52 [flashinfer_all_reduce.py:78] Failed to initialize FlashInfer All Reduce workspace: [SymmDeviceMemory] Device does not support multicasting.. This is expected on GPUs without NVSwitch (e.g., NVLink bridge-only or PCIe topologies).
(Worker_PP2_TP0 pid=1115783) WARNING 08-22 18:18:52 [flashinfer_all_reduce.py:78] Failed to initialize FlashInfer All Reduce workspace: [SymmDeviceMemory] Device does not support multicasting.. This is expected on GPUs without NVSwitch (e.g., NVLink bridge-only or PCIe topologies).
(Worker_PP2_TP0 pid=1115783) WARNING 08-22 18:18:52 [flashinfer_all_reduce.py:78] Failed to initialize FlashInfer All Reduce workspace: [SymmDeviceMemory] Device does not support multicasting.. This is expected on GPUs without NVSwitch (e.g., NVLink bridge-only or PCIe topologies).
(Worker_PP2_TP0 pid=1115783) WARNING 08-22 18:18:52 [flashinfer_all_reduce.py:78] Failed to initialize FlashInfer All Reduce workspace: [SymmDeviceMemory] Device does not support multicasting.. This is expected on GPUs without NVSwitch (e.g., NVLink bridge-only or PCIe topologies).
(Worker_PP2_TP0 pid=1115783) WARNING 08-22 18:18:52 [flashinfer_all_reduce.py:78] Failed to initialize FlashInfer All Reduce workspace: [SymmDeviceMemory] Device does not support multicasting.. This is expected on GPUs without NVSwitch (e.g., NVLink bridge-only or PCIe topologies).
(Worker_PP2_TP0 pid=1115783) WARNING 08-22 18:18:52 [flashinfer_all_reduce.py:78] Failed to initialize FlashInfer All Reduce workspace: [SymmDeviceMemory] Device does not support multicasting.. This is expected on GPUs without NVSwitch (e.g., NVLink bridge-only or PCIe topologies).
(Worker_PP2_TP0 pid=1115783) WARNING 08-22 18:18:52 [flashinfer_all_reduce.py:78] Failed to initialize FlashInfer All Reduce workspace: [SymmDeviceMemory] Device does not support multicasting.. This is expected on GPUs without NVSwitch (e.g., NVLink bridge-only or PCIe topologies).
(Worker_PP2_TP0 pid=1115783) WARNING 08-22 18:18:52 [flashinfer_all_reduce.py:78] Failed to initialize FlashInfer All Reduce workspace: [SymmDeviceMemory] Device does not support multicasting.. This is expected on GPUs without NVSwitch (e.g., NVLink bridge-only or PCIe topologies).
(Worker_PP2_TP0 pid=1115783) WARNING 08-22 18:18:52 [flashinfer_all_reduce.py:78] Failed to initialize FlashInfer All Reduce workspace: [SymmDeviceMemory] Device does not support multicasting.. This is expected on GPUs without NVSwitch (e.g., NVLink bridge-only or PCIe topologies).
(Worker_PP2_TP0 pid=1115783) WARNING 08-22 18:18:52 [flashinfer_all_reduce.py:78] Failed to initialize FlashInfer All Reduce workspace: [SymmDeviceMemory] Device does not support multicasting.. This is expected on GPUs without NVSwitch (e.g., NVLink bridge-only or PCIe topologies).
(Worker_PP2_TP0 pid=1115783) WARNING 08-22 18:18:52 [flashinfer_all_reduce.py:78] Failed to initialize FlashInfer All Reduce workspace: [SymmDeviceMemory] Device does not support multicasting.. This is expected on GPUs without NVSwitch (e.g., NVLink bridge-only or PCIe topologies).
(Worker_PP2_TP0 pid=1115783) WARNING 08-22 18:18:52 [flashinfer_all_reduce.py:78] Failed to initialize FlashInfer All Reduce workspace: [SymmDeviceMemory] Device does not support multicasting.. This is expected on GPUs without NVSwitch (e.g., NVLink bridge-only or PCIe topologies).
(Worker_PP2_TP0 pid=1115783) WARNING 08-22 18:18:52 [flashinfer_all_reduce.py:78] Failed to initialize FlashInfer All Reduce workspace: [SymmDeviceMemory] Device does not support multicasting.. This is expected on GPUs without NVSwitch (e.g., NVLink bridge-only or PCIe topologies).
(Worker_PP2_TP5 pid=1115788) [k3t r?] step=46 tok=1 step=89.74ms | KDA: n=22 attn=16.9ms mlp=41.5ms other=0.6ms tot=58.9ms | full: n=9 attn=12.4ms mlp=18.1ms other=0.2ms tot=30.7ms | ALL: attn=29.3ms mlp=59.6ms model=89.7ms
(Worker_PP2_TP1 pid=1115784) [k3t r?] step=46 tok=1 step=89.75ms | KDA: n=22 attn=16.9ms mlp=41.5ms other=0.6ms tot=58.9ms | full: n=9 attn=12.4ms mlp=18.1ms other=0.2ms tot=30.7ms | ALL: attn=29.3ms mlp=59.6ms model=89.8ms
(Worker_PP2_TP7 pid=1115790) [k3t r?] step=46 tok=1 step=89.75ms | KDA: n=22 attn=16.9ms mlp=41.5ms other=0.6ms tot=58.9ms | full: n=9 attn=12.4ms mlp=18.1ms other=0.2ms tot=30.7ms | ALL: attn=29.3ms mlp=59.6ms model=89.7ms
(Worker_PP2_TP6 pid=1115789) [k3t r?] step=46 tok=1 step=89.75ms | KDA: n=22 attn=16.9ms mlp=41.5ms other=0.6ms tot=58.9ms | full: n=9 attn=12.4ms mlp=18.1ms other=0.2ms tot=30.7ms | ALL: attn=29.3ms mlp=59.6ms model=89.8ms
(Worker_PP2_TP3 pid=1115786) [k3t r?] step=46 tok=1 step=89.75ms | KDA: n=22 attn=16.9ms mlp=41.5ms other=0.6ms tot=58.9ms | full: n=9 attn=12.4ms mlp=18.1ms other=0.2ms tot=30.7ms | ALL: attn=29.3ms mlp=59.6ms model=89.8ms
(Worker_PP2_TP2 pid=1115785) [k3t r?] step=46 tok=1 step=89.74ms | KDA: n=22 attn=16.9ms mlp=41.5ms other=0.6ms tot=58.9ms | full: n=9 attn=12.4ms mlp=18.1ms other=0.2ms tot=30.7ms | ALL: attn=29.3ms mlp=59.6ms model=89.7ms
(Worker_PP2_TP4 pid=1115787) [k3t r?] step=46 tok=1 step=89.75ms | KDA: n=22 attn=15.3ms mlp=41.3ms other=2.1ms tot=58.7ms | full: n=9 attn=11.6ms mlp=18.0ms other=0.9ms tot=30.5ms | ALL: attn=26.9ms mlp=59.4ms model=89.8ms
(Worker_PP2_TP0 pid=1115783) [k3t r?] step=46 tok=1 step=90.25ms | KDA: n=22 attn=9.1ms mlp=40.9ms other=8.0ms tot=58.0ms | full: n=9 attn=9.0ms mlp=17.6ms other=3.4ms tot=30.1ms | ALL: attn=18.1ms mlp=58.5ms model=90.3ms
(Worker_PP2_TP7 pid=1115790) [k3t r?] logits=0.7ms step_tot=91.6ms
(Worker_PP2_TP5 pid=1115788) [k3t r?] logits=0.7ms step_tot=91.6ms
(Worker_PP2_TP3 pid=1115786) [k3t r?] logits=0.7ms step_tot=91.6ms
(Worker_PP2_TP6 pid=1115789) [k3t r?] logits=0.7ms step_tot=91.6ms
(Worker_PP2_TP1 pid=1115784) [k3t r?] logits=0.7ms step_tot=91.6ms
(Worker_PP2_TP2 pid=1115785) [k3t r?] logits=0.6ms step_tot=91.6ms
(Worker_PP2_TP4 pid=1115787) [k3t r?] logits=0.6ms step_tot=91.6ms
(Worker_PP2_TP0 pid=1115783) [k3t r?] logits=0.3ms step_tot=91.7ms
(Worker_PP2_TP0 pid=1115783) WARNING 08-22 18:18:52 [flashinfer_all_reduce.py:78] Failed to initialize FlashInfer All Reduce workspace: [SymmDeviceMemory] Device does not support multicasting.. This is expected on GPUs without NVSwitch (e.g., NVLink bridge-only or PCIe topologies).
(Worker_PP2_TP0 pid=1115783) WARNING 08-22 18:18:52 [flashinfer_all_reduce.py:78] Failed to initialize FlashInfer All Reduce workspace: [SymmDeviceMemory] Device does not support multicasting.. This is expected on GPUs without NVSwitch (e.g., NVLink bridge-only or PCIe topologies).
(Worker_PP2_TP0 pid=1115783) WARNING 08-22 18:18:52 [flashinfer_all_reduce.py:78] Failed to initialize FlashInfer All Reduce workspace: [SymmDeviceMemory] Device does not support multicasting.. This is expected on GPUs without NVSwitch (e.g., NVLink bridge-only or PCIe topologies).
(Worker_PP2_TP0 pid=1115783) WARNING 08-22 18:18:52 [flashinfer_all_reduce.py:78] Failed to initialize FlashInfer All Reduce workspace: [SymmDeviceMemory] Device does not support multicasting.. This is expected on GPUs without NVSwitch (e.g., NVLink bridge-only or PCIe topologies).
(Worker_PP2_TP0 pid=1115783) WARNING 08-22 18:18:52 [flashinfer_all_reduce.py:78] Failed to initialize FlashInfer All Reduce workspace: [SymmDeviceMemory] Device does not support multicasting.. This is expected on GPUs without NVSwitch (e.g., NVLink bridge-only or PCIe topologies).
(Worker_PP2_TP0 pid=1115783) WARNING 08-22 18:18:52 [flashinfer_all_reduce.py:78] Failed to initialize FlashInfer All Reduce workspace: [SymmDeviceMemory] Device does not support multicasting.. This is expected on GPUs without NVSwitch (e.g., NVLink bridge-only or PCIe topologies).
(Worker_PP2_TP0 pid=1115783) WARNING 08-22 18:18:52 [flashinfer_all_reduce.py:78] Failed to initialize FlashInfer All Reduce workspace: [SymmDeviceMemory] Device does not support multicasting.. This is expected on GPUs without NVSwitch (e.g., NVLink bridge-only or PCIe topologies).
(Worker_PP2_TP0 pid=1115783) WARNING 08-22 18:18:52 [flashinfer_all_reduce.py:78] Failed to initialize FlashInfer All Reduce workspace: [SymmDeviceMemory] Device does not support multicasting.. This is expected on GPUs without NVSwitch (e.g., NVLink bridge-only or PCIe topologies).
(Worker_PP2_TP0 pid=1115783) WARNING 08-22 18:18:52 [flashinfer_all_reduce.py:78] Failed to initialize FlashInfer All Reduce workspace: [SymmDeviceMemory] Device does not support multicasting.. This is expected on GPUs without NVSwitch (e.g., NVLink bridge-only or PCIe topologies).
(Worker_PP2_TP0 pid=1115783) WARNING 08-22 18:18:52 [flashinfer_all_reduce.py:78] Failed to initialize FlashInfer All Reduce workspace: [SymmDeviceMemory] Device does not support multicasting.. This is expected on GPUs without NVSwitch (e.g., NVLink bridge-only or PCIe topologies).
(Worker_PP2_TP0 pid=1115783) WARNING 08-22 18:18:52 [flashinfer_all_reduce.py:78] Failed to initialize FlashInfer All Reduce workspace: [SymmDeviceMemory] Device does not support multicasting.. This is expected on GPUs without NVSwitch (e.g., NVLink bridge-only or PCIe topologies).
(Worker_PP2_TP0 pid=1115783) WARNING 08-22 18:18:52 [flashinfer_all_reduce.py:78] Failed to initialize FlashInfer All Reduce workspace: [SymmDeviceMemory] Device does not support multicasting.. This is expected on GPUs without NVSwitch (e.g., NVLink bridge-only or PCIe topologies).
(Worker_PP2_TP0 pid=1115783) WARNING 08-22 18:18:52 [flashinfer_all_reduce.py:78] Failed to initialize FlashInfer All Reduce workspace: [SymmDeviceMemory] Device does not support multicasting.. This is expected on GPUs without NVSwitch (e.g., NVLink bridge-only or PCIe topologies).
(Worker_PP2_TP0 pid=1115783) WARNING 08-22 18:18:52 [flashinfer_all_reduce.py:78] Failed to initialize FlashInfer All Reduce workspace: [SymmDeviceMemory] Device does not support multicasting.. This is expected on GPUs without NVSwitch (e.g., NVLink bridge-only or PCIe topologies).
(Worker_PP2_TP0 pid=1115783) WARNING 08-22 18:18:52 [flashinfer_all_reduce.py:78] Failed to initialize FlashInfer All Reduce workspace: [SymmDeviceMemory] Device does not support multicasting.. This is expected on GPUs without NVSwitch (e.g., NVLink bridge-only or PCIe topologies).
(Worker_PP2_TP0 pid=1115783) WARNING 08-22 18:18:52 [flashinfer_all_reduce.py:78] Failed to initialize FlashInfer All Reduce workspace: [SymmDeviceMemory] Device does not support multicasting.. This is expected on GPUs without NVSwitch (e.g., NVLink bridge-only or PCIe topologies).
(Worker_PP2_TP0 pid=1115783) WARNING 08-22 18:18:52 [flashinfer_all_reduce.py:78] Failed to initialize FlashInfer All Reduce workspace: [SymmDeviceMemory] Device does not support multicasting.. This is expected on GPUs without NVSwitch (e.g., NVLink bridge-only or PCIe topologies).
(Worker_PP2_TP0 pid=1115783) WARNING 08-22 18:18:52 [flashinfer_all_reduce.py:78] Failed to initialize FlashInfer All Reduce workspace: [SymmDeviceMemory] Device does not support multicasting.. This is expected on GPUs without NVSwitch (e.g., NVLink bridge-only or PCIe topologies).
(Worker_PP2_TP0 pid=1115783) WARNING 08-22 18:18:52 [flashinfer_all_reduce.py:78] Failed to initialize FlashInfer All Reduce workspace: [SymmDeviceMemory] Device does not support multicasting.. This is expected on GPUs without NVSwitch (e.g., NVLink bridge-only or PCIe topologies).
(Worker_PP2_TP0 pid=1115783) WARNING 08-22 18:18:52 [flashinfer_all_reduce.py:78] Failed to initialize FlashInfer All Reduce workspace: [SymmDeviceMemory] Device does not support multicasting.. This is expected on GPUs without NVSwitch (e.g., NVLink bridge-only or PCIe topologies).
(Worker_PP2_TP0 pid=1115783) WARNING 08-22 18:18:52 [flashinfer_all_reduce.py:78] Failed to initialize FlashInfer All Reduce workspace: [SymmDeviceMemory] Device does not support multicasting.. This is expected on GPUs without NVSwitch (e.g., NVLink bridge-only or PCIe topologies).
(Worker_PP2_TP0 pid=1115783) WARNING 08-22 18:18:52 [flashinfer_all_reduce.py:78] Failed to initialize FlashInfer All Reduce workspace: [SymmDeviceMemory] Device does not support multicasting.. This is expected on GPUs without NVSwitch (e.g., NVLink bridge-only or PCIe topologies).
(Worker_PP2_TP0 pid=1115783) WARNING 08-22 18:18:52 [flashinfer_all_reduce.py:78] Failed to initialize FlashInfer All Reduce workspace: [SymmDeviceMemory] Device does not support multicasting.. This is expected on GPUs without NVSwitch (e.g., NVLink bridge-only or PCIe topologies).
(Worker_PP2_TP0 pid=1115783) WARNING 08-22 18:18:52 [flashinfer_all_reduce.py:78] Failed to initialize FlashInfer All Reduce workspace: [SymmDeviceMemory] Device does not support multicasting.. This is expected on GPUs without NVSwitch (e.g., NVLink bridge-only or PCIe topologies).
(Worker_PP2_TP0 pid=1115783) WARNING 08-22 18:18:52 [flashinfer_all_reduce.py:78] Failed to initialize FlashInfer All Reduce workspace: [SymmDeviceMemory] Device does not support multicasting.. This is expected on GPUs without NVSwitch (e.g., NVLink bridge-only or PCIe topologies).
(Worker_PP2_TP0 pid=1115783) WARNING 08-22 18:18:52 [flashinfer_all_reduce.py:78] Failed to initialize FlashInfer All Reduce workspace: [SymmDeviceMemory] Device does not support multicasting.. This is expected on GPUs without NVSwitch (e.g., NVLink bridge-only or PCIe topologies).
(Worker_PP2_TP0 pid=1115783) WARNING 08-22 18:18:52 [flashinfer_all_reduce.py:78] Failed to initialize FlashInfer All Reduce workspace: [SymmDeviceMemory] Device does not support multicasting.. This is expected on GPUs without NVSwitch (e.g., NVLink bridge-only or PCIe topologies).
(Worker_PP2_TP0 pid=1115783) WARNING 08-22 18:18:52 [flashinfer_all_reduce.py:78] Failed to initialize FlashInfer All Reduce workspace: [SymmDeviceMemory] Device does not support multicasting.. This is expected on GPUs without NVSwitch (e.g., NVLink bridge-only or PCIe topologies).
(Worker_PP2_TP0 pid=1115783) WARNING 08-22 18:18:52 [flashinfer_all_reduce.py:78] Failed to initialize FlashInfer All Reduce workspace: [SymmDeviceMemory] Device does not support multicasting.. This is expected on GPUs without NVSwitch (e.g., NVLink bridge-only or PCIe topologies).
(Worker_PP2_TP0 pid=1115783) WARNING 08-22 18:18:52 [flashinfer_all_reduce.py:78] Failed to initialize FlashInfer All Reduce workspace: [SymmDeviceMemory] Device does not support multicasting.. This is expected on GPUs without NVSwitch (e.g., NVLink bridge-only or PCIe topologies).
(Worker_PP2_TP0 pid=1115783) WARNING 08-22 18:18:52 [flashinfer_all_reduce.py:78] Failed to initialize FlashInfer All Reduce workspace: [SymmDeviceMemory] Device does not support multicasting.. This is expected on GPUs without NVSwitch (e.g., NVLink bridge-only or PCIe topologies).
(Worker_PP2_TP5 pid=1115788) [k3t r?] step=47 tok=1 step=89.17ms | KDA: n=22 attn=16.7ms mlp=41.4ms other=0.6ms tot=58.7ms | full: n=9 attn=12.0ms mlp=18.2ms other=0.2ms tot=30.4ms | ALL: attn=28.7ms mlp=59.6ms model=89.2ms
(Worker_PP2_TP2 pid=1115785) [k3t r?] step=47 tok=1 step=89.17ms | KDA: n=22 attn=16.7ms mlp=41.4ms other=0.6ms tot=58.7ms | full: n=9 attn=12.0ms mlp=18.2ms other=0.2ms tot=30.4ms | ALL: attn=28.7ms mlp=59.6ms model=89.2ms
(Worker_PP2_TP7 pid=1115790) [k3t r?] step=47 tok=1 step=89.17ms | KDA: n=22 attn=16.7ms mlp=41.4ms other=0.6ms tot=58.7ms | full: n=9 attn=12.0ms mlp=18.2ms other=0.2ms tot=30.4ms | ALL: attn=28.7ms mlp=59.6ms model=89.2ms
(Worker_PP2_TP6 pid=1115789) [k3t r?] step=47 tok=1 step=89.17ms | KDA: n=22 attn=16.7ms mlp=41.4ms other=0.6ms tot=58.7ms | full: n=9 attn=12.0ms mlp=18.2ms other=0.2ms tot=30.4ms | ALL: attn=28.7ms mlp=59.6ms model=89.2ms
(Worker_PP2_TP1 pid=1115784) [k3t r?] step=47 tok=1 step=89.17ms | KDA: n=22 attn=16.7ms mlp=41.4ms other=0.6ms tot=58.7ms | full: n=9 attn=12.0ms mlp=18.2ms other=0.2ms tot=30.4ms | ALL: attn=28.7ms mlp=59.6ms model=89.2ms
(Worker_PP2_TP4 pid=1115787) [k3t r?] step=47 tok=1 step=89.17ms | KDA: n=22 attn=16.7ms mlp=41.4ms other=0.6ms tot=58.7ms | full: n=9 attn=12.0ms mlp=18.2ms other=0.2ms tot=30.4ms | ALL: attn=28.7ms mlp=59.6ms model=89.2ms
(Worker_PP2_TP3 pid=1115786) [k3t r?] step=47 tok=1 step=89.17ms | KDA: n=22 attn=16.7ms mlp=41.4ms other=0.6ms tot=58.7ms | full: n=9 attn=12.0ms mlp=18.2ms other=0.2ms tot=30.4ms | ALL: attn=28.7ms mlp=59.6ms model=89.2ms
(Worker_PP2_TP0 pid=1115783) [k3t r?] step=47 tok=1 step=89.68ms | KDA: n=22 attn=8.8ms mlp=40.4ms other=8.1ms tot=57.3ms | full: n=9 attn=8.8ms mlp=17.7ms other=3.7ms tot=30.1ms | ALL: attn=17.6ms mlp=58.1ms model=89.7ms
(Worker_PP2_TP7 pid=1115790) [k3t r?] logits=0.7ms step_tot=91.0ms
(Worker_PP2_TP6 pid=1115789) [k3t r?] logits=0.6ms step_tot=91.0ms
(Worker_PP2_TP2 pid=1115785) [k3t r?] logits=0.7ms step_tot=91.0ms
(Worker_PP2_TP1 pid=1115784) [k3t r?] logits=0.6ms step_tot=91.0ms
(Worker_PP2_TP3 pid=1115786) [k3t r?] logits=0.6ms step_tot=91.0ms
(Worker_PP2_TP4 pid=1115787) [k3t r?] logits=0.6ms step_tot=91.0ms
(Worker_PP2_TP5 pid=1115788) [k3t r?] logits=0.6ms step_tot=91.0ms
(Worker_PP2_TP0 pid=1115783) [k3t r?] logits=0.3ms step_tot=91.1ms
(Worker_PP2_TP0 pid=1115783) WARNING 08-22 18:18:53 [flashinfer_all_reduce.py:78] Failed to initialize FlashInfer All Reduce workspace: [SymmDeviceMemory] Device does not support multicasting.. This is expected on GPUs without NVSwitch (e.g., NVLink bridge-only or PCIe topologies).
(Worker_PP2_TP0 pid=1115783) WARNING 08-22 18:18:53 [flashinfer_all_reduce.py:78] Failed to initialize FlashInfer All Reduce workspace: [SymmDeviceMemory] Device does not support multicasting.. This is expected on GPUs without NVSwitch (e.g., NVLink bridge-only or PCIe topologies).
(Worker_PP2_TP0 pid=1115783) WARNING 08-22 18:18:53 [flashinfer_all_reduce.py:78] Failed to initialize FlashInfer All Reduce workspace: [SymmDeviceMemory] Device does not support multicasting.. This is expected on GPUs without NVSwitch (e.g., NVLink bridge-only or PCIe topologies).
(Worker_PP2_TP0 pid=1115783) WARNING 08-22 18:18:53 [flashinfer_all_reduce.py:78] Failed to initialize FlashInfer All Reduce workspace: [SymmDeviceMemory] Device does not support multicasting.. This is expected on GPUs without NVSwitch (e.g., NVLink bridge-only or PCIe topologies).
(Worker_PP2_TP0 pid=1115783) WARNING 08-22 18:18:53 [flashinfer_all_reduce.py:78] Failed to initialize FlashInfer All Reduce workspace: [SymmDeviceMemory] Device does not support multicasting.. This is expected on GPUs without NVSwitch (e.g., NVLink bridge-only or PCIe topologies).
(Worker_PP2_TP0 pid=1115783) WARNING 08-22 18:18:53 [flashinfer_all_reduce.py:78] Failed to initialize FlashInfer All Reduce workspace: [SymmDeviceMemory] Device does not support multicasting.. This is expected on GPUs without NVSwitch (e.g., NVLink bridge-only or PCIe topologies).
(Worker_PP2_TP0 pid=1115783) WARNING 08-22 18:18:53 [flashinfer_all_reduce.py:78] Failed to initialize FlashInfer All Reduce workspace: [SymmDeviceMemory] Device does not support multicasting.. This is expected on GPUs without NVSwitch (e.g., NVLink bridge-only or PCIe topologies).
(Worker_PP2_TP0 pid=1115783) WARNING 08-22 18:18:53 [flashinfer_all_reduce.py:78] Failed to initialize FlashInfer All Reduce workspace: [SymmDeviceMemory] Device does not support multicasting.. This is expected on GPUs without NVSwitch (e.g., NVLink bridge-only or PCIe topologies).
(Worker_PP2_TP0 pid=1115783) WARNING 08-22 18:18:53 [flashinfer_all_reduce.py:78] Failed to initialize FlashInfer All Reduce workspace: [SymmDeviceMemory] Device does not support multicasting.. This is expected on GPUs without NVSwitch (e.g., NVLink bridge-only or PCIe topologies).
(Worker_PP2_TP0 pid=1115783) WARNING 08-22 18:18:53 [flashinfer_all_reduce.py:78] Failed to initialize FlashInfer All Reduce workspace: [SymmDeviceMemory] Device does not support multicasting.. This is expected on GPUs without NVSwitch (e.g., NVLink bridge-only or PCIe topologies).
(Worker_PP2_TP0 pid=1115783) WARNING 08-22 18:18:53 [flashinfer_all_reduce.py:78] Failed to initialize FlashInfer All Reduce workspace: [SymmDeviceMemory] Device does not support multicasting.. This is expected on GPUs without NVSwitch (e.g., NVLink bridge-only or PCIe topologies).
(Worker_PP2_TP0 pid=1115783) WARNING 08-22 18:18:53 [flashinfer_all_reduce.py:78] Failed to initialize FlashInfer All Reduce workspace: [SymmDeviceMemory] Device does not support multicasting.. This is expected on GPUs without NVSwitch (e.g., NVLink bridge-only or PCIe topologies).
(Worker_PP2_TP0 pid=1115783) WARNING 08-22 18:18:53 [flashinfer_all_reduce.py:78] Failed to initialize FlashInfer All Reduce workspace: [SymmDeviceMemory] Device does not support multicasting.. This is expected on GPUs without NVSwitch (e.g., NVLink bridge-only or PCIe topologies).
(Worker_PP2_TP0 pid=1115783) WARNING 08-22 18:18:53 [flashinfer_all_reduce.py:78] Failed to initialize FlashInfer All Reduce workspace: [SymmDeviceMemory] Device does not support multicasting.. This is expected on GPUs without NVSwitch (e.g., NVLink bridge-only or PCIe topologies).
(Worker_PP2_TP0 pid=1115783) WARNING 08-22 18:18:53 [flashinfer_all_reduce.py:78] Failed to initialize FlashInfer All Reduce workspace: [SymmDeviceMemory] Device does not support multicasting.. This is expected on GPUs without NVSwitch (e.g., NVLink bridge-only or PCIe topologies).
(Worker_PP2_TP0 pid=1115783) WARNING 08-22 18:18:53 [flashinfer_all_reduce.py:78] Failed to initialize FlashInfer All Reduce workspace: [SymmDeviceMemory] Device does not support multicasting.. This is expected on GPUs without NVSwitch (e.g., NVLink bridge-only or PCIe topologies).
(Worker_PP2_TP0 pid=1115783) WARNING 08-22 18:18:53 [flashinfer_all_reduce.py:78] Failed to initialize FlashInfer All Reduce workspace: [SymmDeviceMemory] Device does not support multicasting.. This is expected on GPUs without NVSwitch (e.g., NVLink bridge-only or PCIe topologies).
(Worker_PP2_TP0 pid=1115783) WARNING 08-22 18:18:53 [flashinfer_all_reduce.py:78] Failed to initialize FlashInfer All Reduce workspace: [SymmDeviceMemory] Device does not support multicasting.. This is expected on GPUs without NVSwitch (e.g., NVLink bridge-only or PCIe topologies).
(Worker_PP2_TP0 pid=1115783) WARNING 08-22 18:18:53 [flashinfer_all_reduce.py:78] Failed to initialize FlashInfer All Reduce workspace: [SymmDeviceMemory] Device does not support multicasting.. This is expected on GPUs without NVSwitch (e.g., NVLink bridge-only or PCIe topologies).
(Worker_PP2_TP0 pid=1115783) WARNING 08-22 18:18:53 [flashinfer_all_reduce.py:78] Failed to initialize FlashInfer All Reduce workspace: [SymmDeviceMemory] Device does not support multicasting.. This is expected on GPUs without NVSwitch (e.g., NVLink bridge-only or PCIe topologies).
(Worker_PP2_TP0 pid=1115783) WARNING 08-22 18:18:53 [flashinfer_all_reduce.py:78] Failed to initialize FlashInfer All Reduce workspace: [SymmDeviceMemory] Device does not support multicasting.. This is expected on GPUs without NVSwitch (e.g., NVLink bridge-only or PCIe topologies).
(Worker_PP2_TP0 pid=1115783) WARNING 08-22 18:18:53 [flashinfer_all_reduce.py:78] Failed to initialize FlashInfer All Reduce workspace: [SymmDeviceMemory] Device does not support multicasting.. This is expected on GPUs without NVSwitch (e.g., NVLink bridge-only or PCIe topologies).
(Worker_PP2_TP0 pid=1115783) WARNING 08-22 18:18:53 [flashinfer_all_reduce.py:78] Failed to initialize FlashInfer All Reduce workspace: [SymmDeviceMemory] Device does not support multicasting.. This is expected on GPUs without NVSwitch (e.g., NVLink bridge-only or PCIe topologies).
(Worker_PP2_TP0 pid=1115783) WARNING 08-22 18:18:53 [flashinfer_all_reduce.py:78] Failed to initialize FlashInfer All Reduce workspace: [SymmDeviceMemory] Device does not support multicasting.. This is expected on GPUs without NVSwitch (e.g., NVLink bridge-only or PCIe topologies).
(Worker_PP2_TP0 pid=1115783) WARNING 08-22 18:18:53 [flashinfer_all_reduce.py:78] Failed to initialize FlashInfer All Reduce workspace: [SymmDeviceMemory] Device does not support multicasting.. This is expected on GPUs without NVSwitch (e.g., NVLink bridge-only or PCIe topologies).
(Worker_PP2_TP0 pid=1115783) WARNING 08-22 18:18:53 [flashinfer_all_reduce.py:78] Failed to initialize FlashInfer All Reduce workspace: [SymmDeviceMemory] Device does not support multicasting.. This is expected on GPUs without NVSwitch (e.g., NVLink bridge-only or PCIe topologies).
(Worker_PP2_TP0 pid=1115783) WARNING 08-22 18:18:53 [flashinfer_all_reduce.py:78] Failed to initialize FlashInfer All Reduce workspace: [SymmDeviceMemory] Device does not support multicasting.. This is expected on GPUs without NVSwitch (e.g., NVLink bridge-only or PCIe topologies).
(Worker_PP2_TP0 pid=1115783) WARNING 08-22 18:18:53 [flashinfer_all_reduce.py:78] Failed to initialize FlashInfer All Reduce workspace: [SymmDeviceMemory] Device does not support multicasting.. This is expected on GPUs without NVSwitch (e.g., NVLink bridge-only or PCIe topologies).
(Worker_PP2_TP0 pid=1115783) WARNING 08-22 18:18:53 [flashinfer_all_reduce.py:78] Failed to initialize FlashInfer All Reduce workspace: [SymmDeviceMemory] Device does not support multicasting.. This is expected on GPUs without NVSwitch (e.g., NVLink bridge-only or PCIe topologies).
(Worker_PP2_TP0 pid=1115783) WARNING 08-22 18:18:53 [flashinfer_all_reduce.py:78] Failed to initialize FlashInfer All Reduce workspace: [SymmDeviceMemory] Device does not support multicasting.. This is expected on GPUs without NVSwitch (e.g., NVLink bridge-only or PCIe topologies).
(Worker_PP2_TP0 pid=1115783) WARNING 08-22 18:18:53 [flashinfer_all_reduce.py:78] Failed to initialize FlashInfer All Reduce workspace: [SymmDeviceMemory] Device does not support multicasting.. This is expected on GPUs without NVSwitch (e.g., NVLink bridge-only or PCIe topologies).
(Worker_PP2_TP1 pid=1115784) [k3t r?] step=48 tok=1 step=90.16ms | KDA: n=22 attn=17.0ms mlp=41.7ms other=0.6ms tot=59.3ms | full: n=9 attn=12.3ms mlp=18.3ms other=0.2ms tot=30.8ms | ALL: attn=29.3ms mlp=60.0ms model=90.2ms
(Worker_PP2_TP7 pid=1115790) [k3t r?] step=48 tok=1 step=90.16ms | KDA: n=22 attn=17.0ms mlp=41.7ms other=0.6ms tot=59.3ms | full: n=9 attn=12.3ms mlp=18.3ms other=0.2ms tot=30.8ms | ALL: attn=29.3ms mlp=60.0ms model=90.2ms
(Worker_PP2_TP2 pid=1115785) [k3t r?] step=48 tok=1 step=90.17ms | KDA: n=22 attn=17.0ms mlp=41.7ms other=0.6ms tot=59.3ms | full: n=9 attn=12.3ms mlp=18.3ms other=0.2ms tot=30.8ms | ALL: attn=29.3ms mlp=60.0ms model=90.2ms
(Worker_PP2_TP6 pid=1115789) [k3t r?] step=48 tok=1 step=90.16ms | KDA: n=22 attn=17.0ms mlp=41.7ms other=0.6ms tot=59.3ms | full: n=9 attn=12.3ms mlp=18.3ms other=0.2ms tot=30.8ms | ALL: attn=29.3ms mlp=60.0ms model=90.2ms
(Worker_PP2_TP4 pid=1115787) [k3t r?] step=48 tok=1 step=90.16ms | KDA: n=22 attn=17.0ms mlp=41.7ms other=0.6ms tot=59.3ms | full: n=9 attn=12.3ms mlp=18.3ms other=0.2ms tot=30.8ms | ALL: attn=29.3ms mlp=60.0ms model=90.2ms
(Worker_PP2_TP3 pid=1115786) [k3t r?] step=48 tok=1 step=90.17ms | KDA: n=22 attn=17.0ms mlp=41.7ms other=0.6ms tot=59.3ms | full: n=9 attn=12.3ms mlp=18.3ms other=0.2ms tot=30.8ms | ALL: attn=29.3ms mlp=60.0ms model=90.2ms
(Worker_PP2_TP5 pid=1115788) [k3t r?] step=48 tok=1 step=90.16ms | KDA: n=22 attn=17.0ms mlp=41.7ms other=0.6ms tot=59.3ms | full: n=9 attn=12.3ms mlp=18.3ms other=0.2ms tot=30.8ms | ALL: attn=29.3ms mlp=60.0ms model=90.2ms
(Worker_PP2_TP0 pid=1115783) [k3t r?] step=48 tok=1 step=90.59ms | KDA: n=22 attn=9.0ms mlp=40.9ms other=8.2ms tot=58.2ms | full: n=9 attn=8.8ms mlp=17.9ms other=3.7ms tot=30.4ms | ALL: attn=17.8ms mlp=58.8ms model=90.6ms
(Worker_PP2_TP6 pid=1115789) [k3t r?] logits=0.5ms step_tot=91.9ms
(Worker_PP2_TP2 pid=1115785) [k3t r?] logits=0.5ms step_tot=91.9ms
(Worker_PP2_TP4 pid=1115787) [k3t r?] logits=0.5ms step_tot=91.9ms
(Worker_PP2_TP7 pid=1115790) [k3t r?] logits=0.5ms step_tot=91.9ms
(Worker_PP2_TP3 pid=1115786) [k3t r?] logits=0.5ms step_tot=91.9ms
(Worker_PP2_TP5 pid=1115788) [k3t r?] logits=0.6ms step_tot=91.9ms
(Worker_PP2_TP1 pid=1115784) [k3t r?] logits=0.6ms step_tot=91.9ms
(Worker_PP2_TP0 pid=1115783) [k3t r?] logits=0.3ms step_tot=92.0ms
(Worker_PP2_TP0 pid=1115783) WARNING 08-22 18:18:53 [flashinfer_all_reduce.py:78] Failed to initialize FlashInfer All Reduce workspace: [SymmDeviceMemory] Device does not support multicasting.. This is expected on GPUs without NVSwitch (e.g., NVLink bridge-only or PCIe topologies).
(Worker_PP2_TP0 pid=1115783) WARNING 08-22 18:18:53 [flashinfer_all_reduce.py:78] Failed to initialize FlashInfer All Reduce workspace: [SymmDeviceMemory] Device does not support multicasting.. This is expected on GPUs without NVSwitch (e.g., NVLink bridge-only or PCIe topologies).
(Worker_PP2_TP0 pid=1115783) WARNING 08-22 18:18:53 [flashinfer_all_reduce.py:78] Failed to initialize FlashInfer All Reduce workspace: [SymmDeviceMemory] Device does not support multicasting.. This is expected on GPUs without NVSwitch (e.g., NVLink bridge-only or PCIe topologies).
(Worker_PP2_TP0 pid=1115783) WARNING 08-22 18:18:53 [flashinfer_all_reduce.py:78] Failed to initialize FlashInfer All Reduce workspace: [SymmDeviceMemory] Device does not support multicasting.. This is expected on GPUs without NVSwitch (e.g., NVLink bridge-only or PCIe topologies).
(Worker_PP2_TP0 pid=1115783) WARNING 08-22 18:18:53 [flashinfer_all_reduce.py:78] Failed to initialize FlashInfer All Reduce workspace: [SymmDeviceMemory] Device does not support multicasting.. This is expected on GPUs without NVSwitch (e.g., NVLink bridge-only or PCIe topologies).
(Worker_PP2_TP0 pid=1115783) WARNING 08-22 18:18:53 [flashinfer_all_reduce.py:78] Failed to initialize FlashInfer All Reduce workspace: [SymmDeviceMemory] Device does not support multicasting.. This is expected on GPUs without NVSwitch (e.g., NVLink bridge-only or PCIe topologies).
(Worker_PP2_TP0 pid=1115783) WARNING 08-22 18:18:53 [flashinfer_all_reduce.py:78] Failed to initialize FlashInfer All Reduce workspace: [SymmDeviceMemory] Device does not support multicasting.. This is expected on GPUs without NVSwitch (e.g., NVLink bridge-only or PCIe topologies).
(Worker_PP2_TP0 pid=1115783) WARNING 08-22 18:18:53 [flashinfer_all_reduce.py:78] Failed to initialize FlashInfer All Reduce workspace: [SymmDeviceMemory] Device does not support multicasting.. This is expected on GPUs without NVSwitch (e.g., NVLink bridge-only or PCIe topologies).
(Worker_PP2_TP0 pid=1115783) WARNING 08-22 18:18:53 [flashinfer_all_reduce.py:78] Failed to initialize FlashInfer All Reduce workspace: [SymmDeviceMemory] Device does not support multicasting.. This is expected on GPUs without NVSwitch (e.g., NVLink bridge-only or PCIe topologies).
(Worker_PP2_TP0 pid=1115783) WARNING 08-22 18:18:53 [flashinfer_all_reduce.py:78] Failed to initialize FlashInfer All Reduce workspace: [SymmDeviceMemory] Device does not support multicasting.. This is expected on GPUs without NVSwitch (e.g., NVLink bridge-only or PCIe topologies).
(Worker_PP2_TP0 pid=1115783) WARNING 08-22 18:18:53 [flashinfer_all_reduce.py:78] Failed to initialize FlashInfer All Reduce workspace: [SymmDeviceMemory] Device does not support multicasting.. This is expected on GPUs without NVSwitch (e.g., NVLink bridge-only or PCIe topologies).
(Worker_PP2_TP0 pid=1115783) WARNING 08-22 18:18:53 [flashinfer_all_reduce.py:78] Failed to initialize FlashInfer All Reduce workspace: [SymmDeviceMemory] Device does not support multicasting.. This is expected on GPUs without NVSwitch (e.g., NVLink bridge-only or PCIe topologies).
(Worker_PP2_TP0 pid=1115783) WARNING 08-22 18:18:53 [flashinfer_all_reduce.py:78] Failed to initialize FlashInfer All Reduce workspace: [SymmDeviceMemory] Device does not support multicasting.. This is expected on GPUs without NVSwitch (e.g., NVLink bridge-only or PCIe topologies).
(Worker_PP2_TP0 pid=1115783) WARNING 08-22 18:18:53 [flashinfer_all_reduce.py:78] Failed to initialize FlashInfer All Reduce workspace: [SymmDeviceMemory] Device does not support multicasting.. This is expected on GPUs without NVSwitch (e.g., NVLink bridge-only or PCIe topologies).
(Worker_PP2_TP0 pid=1115783) WARNING 08-22 18:18:53 [flashinfer_all_reduce.py:78] Failed to initialize FlashInfer All Reduce workspace: [SymmDeviceMemory] Device does not support multicasting.. This is expected on GPUs without NVSwitch (e.g., NVLink bridge-only or PCIe topologies).
(Worker_PP2_TP0 pid=1115783) WARNING 08-22 18:18:53 [flashinfer_all_reduce.py:78] Failed to initialize FlashInfer All Reduce workspace: [SymmDeviceMemory] Device does not support multicasting.. This is expected on GPUs without NVSwitch (e.g., NVLink bridge-only or PCIe topologies).
(Worker_PP2_TP0 pid=1115783) WARNING 08-22 18:18:53 [flashinfer_all_reduce.py:78] Failed to initialize FlashInfer All Reduce workspace: [SymmDeviceMemory] Device does not support multicasting.. This is expected on GPUs without NVSwitch (e.g., NVLink bridge-only or PCIe topologies).
(Worker_PP2_TP0 pid=1115783) WARNING 08-22 18:18:53 [flashinfer_all_reduce.py:78] Failed to initialize FlashInfer All Reduce workspace: [SymmDeviceMemory] Device does not support multicasting.. This is expected on GPUs without NVSwitch (e.g., NVLink bridge-only or PCIe topologies).
(Worker_PP2_TP0 pid=1115783) WARNING 08-22 18:18:53 [flashinfer_all_reduce.py:78] Failed to initialize FlashInfer All Reduce workspace: [SymmDeviceMemory] Device does not support multicasting.. This is expected on GPUs without NVSwitch (e.g., NVLink bridge-only or PCIe topologies).
(Worker_PP2_TP0 pid=1115783) WARNING 08-22 18:18:53 [flashinfer_all_reduce.py:78] Failed to initialize FlashInfer All Reduce workspace: [SymmDeviceMemory] Device does not support multicasting.. This is expected on GPUs without NVSwitch (e.g., NVLink bridge-only or PCIe topologies).
(Worker_PP2_TP0 pid=1115783) WARNING 08-22 18:18:53 [flashinfer_all_reduce.py:78] Failed to initialize FlashInfer All Reduce workspace: [SymmDeviceMemory] Device does not support multicasting.. This is expected on GPUs without NVSwitch (e.g., NVLink bridge-only or PCIe topologies).
(Worker_PP2_TP0 pid=1115783) WARNING 08-22 18:18:53 [flashinfer_all_reduce.py:78] Failed to initialize FlashInfer All Reduce workspace: [SymmDeviceMemory] Device does not support multicasting.. This is expected on GPUs without NVSwitch (e.g., NVLink bridge-only or PCIe topologies).
(Worker_PP2_TP0 pid=1115783) WARNING 08-22 18:18:53 [flashinfer_all_reduce.py:78] Failed to initialize FlashInfer All Reduce workspace: [SymmDeviceMemory] Device does not support multicasting.. This is expected on GPUs without NVSwitch (e.g., NVLink bridge-only or PCIe topologies).
(Worker_PP2_TP0 pid=1115783) WARNING 08-22 18:18:53 [flashinfer_all_reduce.py:78] Failed to initialize FlashInfer All Reduce workspace: [SymmDeviceMemory] Device does not support multicasting.. This is expected on GPUs without NVSwitch (e.g., NVLink bridge-only or PCIe topologies).
(Worker_PP2_TP0 pid=1115783) WARNING 08-22 18:18:53 [flashinfer_all_reduce.py:78] Failed to initialize FlashInfer All Reduce workspace: [SymmDeviceMemory] Device does not support multicasting.. This is expected on GPUs without NVSwitch (e.g., NVLink bridge-only or PCIe topologies).
(Worker_PP2_TP0 pid=1115783) WARNING 08-22 18:18:53 [flashinfer_all_reduce.py:78] Failed to initialize FlashInfer All Reduce workspace: [SymmDeviceMemory] Device does not support multicasting.. This is expected on GPUs without NVSwitch (e.g., NVLink bridge-only or PCIe topologies).
(Worker_PP2_TP0 pid=1115783) WARNING 08-22 18:18:53 [flashinfer_all_reduce.py:78] Failed to initialize FlashInfer All Reduce workspace: [SymmDeviceMemory] Device does not support multicasting.. This is expected on GPUs without NVSwitch (e.g., NVLink bridge-only or PCIe topologies).
(Worker_PP2_TP0 pid=1115783) WARNING 08-22 18:18:53 [flashinfer_all_reduce.py:78] Failed to initialize FlashInfer All Reduce workspace: [SymmDeviceMemory] Device does not support multicasting.. This is expected on GPUs without NVSwitch (e.g., NVLink bridge-only or PCIe topologies).
(Worker_PP2_TP0 pid=1115783) WARNING 08-22 18:18:53 [flashinfer_all_reduce.py:78] Failed to initialize FlashInfer All Reduce workspace: [SymmDeviceMemory] Device does not support multicasting.. This is expected on GPUs without NVSwitch (e.g., NVLink bridge-only or PCIe topologies).
(Worker_PP2_TP0 pid=1115783) WARNING 08-22 18:18:53 [flashinfer_all_reduce.py:78] Failed to initialize FlashInfer All Reduce workspace: [SymmDeviceMemory] Device does not support multicasting.. This is expected on GPUs without NVSwitch (e.g., NVLink bridge-only or PCIe topologies).
(Worker_PP2_TP0 pid=1115783) WARNING 08-22 18:18:53 [flashinfer_all_reduce.py:78] Failed to initialize FlashInfer All Reduce workspace: [SymmDeviceMemory] Device does not support multicasting.. This is expected on GPUs without NVSwitch (e.g., NVLink bridge-only or PCIe topologies).
(Worker_PP2_TP5 pid=1115788) [k3t r?] step=49 tok=1 step=90.75ms | KDA: n=22 attn=17.0ms mlp=42.5ms other=0.6ms tot=60.1ms | full: n=9 attn=12.2ms mlp=18.1ms other=0.3ms tot=30.6ms | ALL: attn=29.2ms mlp=60.6ms model=90.8ms
(Worker_PP2_TP1 pid=1115784) [k3t r?] step=49 tok=1 step=90.76ms | KDA: n=22 attn=17.0ms mlp=42.5ms other=0.6ms tot=60.1ms | full: n=9 attn=12.2ms mlp=18.1ms other=0.2ms tot=30.5ms | ALL: attn=29.2ms mlp=60.6ms model=90.8ms
(Worker_PP2_TP4 pid=1115787) [k3t r?] step=49 tok=1 step=90.75ms | KDA: n=22 attn=17.0ms mlp=42.5ms other=0.6ms tot=60.1ms | full: n=9 attn=12.2ms mlp=18.1ms other=0.2ms tot=30.6ms | ALL: attn=29.2ms mlp=60.6ms model=90.8ms
(Worker_PP2_TP7 pid=1115790) [k3t r?] step=49 tok=1 step=90.75ms | KDA: n=22 attn=17.0ms mlp=42.5ms other=0.6ms tot=60.1ms | full: n=9 attn=12.2ms mlp=18.1ms other=0.2ms tot=30.5ms | ALL: attn=29.2ms mlp=60.6ms model=90.8ms
(Worker_PP2_TP2 pid=1115785) [k3t r?] step=49 tok=1 step=90.75ms | KDA: n=22 attn=17.0ms mlp=42.5ms other=0.6ms tot=60.1ms | full: n=9 attn=12.2ms mlp=18.1ms other=0.2ms tot=30.5ms | ALL: attn=29.2ms mlp=60.6ms model=90.8ms
(Worker_PP2_TP6 pid=1115789) [k3t r?] step=49 tok=1 step=90.76ms | KDA: n=22 attn=17.0ms mlp=42.5ms other=0.6ms tot=60.1ms | full: n=9 attn=12.2ms mlp=18.1ms other=0.2ms tot=30.6ms | ALL: attn=29.2ms mlp=60.6ms model=90.8ms
(Worker_PP2_TP3 pid=1115786) [k3t r?] step=49 tok=1 step=90.75ms | KDA: n=22 attn=17.0ms mlp=42.5ms other=0.6ms tot=60.1ms | full: n=9 attn=12.2ms mlp=18.1ms other=0.2ms tot=30.6ms | ALL: attn=29.2ms mlp=60.6ms model=90.8ms
(Worker_PP2_TP0 pid=1115783) [k3t r?] step=49 tok=1 step=91.26ms | KDA: n=22 attn=9.0ms mlp=41.9ms other=8.2ms tot=59.1ms | full: n=9 attn=8.5ms mlp=17.5ms other=3.9ms tot=30.0ms | ALL: attn=17.5ms mlp=59.5ms model=91.3ms
(Worker_PP2_TP7 pid=1115790) [k3t r?] logits=0.7ms step_tot=92.6ms
(Worker_PP2_TP4 pid=1115787) [k3t r?] logits=0.7ms step_tot=92.6ms
(Worker_PP2_TP2 pid=1115785) [k3t r?] logits=0.7ms step_tot=92.6ms
(Worker_PP2_TP6 pid=1115789) [k3t r?] logits=0.5ms step_tot=92.6ms
(Worker_PP2_TP1 pid=1115784) [k3t r?] logits=0.7ms step_tot=92.6ms
(Worker_PP2_TP3 pid=1115786) [k3t r?] logits=0.6ms step_tot=92.6ms
(Worker_PP2_TP5 pid=1115788) [k3t r?] logits=0.7ms step_tot=92.7ms
(Worker_PP2_TP0 pid=1115783) [k3t r?] logits=0.3ms step_tot=92.7ms
(Worker_PP2_TP0 pid=1115783) WARNING 08-22 18:18:54 [flashinfer_all_reduce.py:78] Failed to initialize FlashInfer All Reduce workspace: [SymmDeviceMemory] Device does not support multicasting.. This is expected on GPUs without NVSwitch (e.g., NVLink bridge-only or PCIe topologies).
(Worker_PP2_TP0 pid=1115783) WARNING 08-22 18:18:54 [flashinfer_all_reduce.py:78] Failed to initialize FlashInfer All Reduce workspace: [SymmDeviceMemory] Device does not support multicasting.. This is expected on GPUs without NVSwitch (e.g., NVLink bridge-only or PCIe topologies).
(Worker_PP2_TP0 pid=1115783) WARNING 08-22 18:18:54 [flashinfer_all_reduce.py:78] Failed to initialize FlashInfer All Reduce workspace: [SymmDeviceMemory] Device does not support multicasting.. This is expected on GPUs without NVSwitch (e.g., NVLink bridge-only or PCIe topologies).
(Worker_PP2_TP0 pid=1115783) WARNING 08-22 18:18:54 [flashinfer_all_reduce.py:78] Failed to initialize FlashInfer All Reduce workspace: [SymmDeviceMemory] Device does not support multicasting.. This is expected on GPUs without NVSwitch (e.g., NVLink bridge-only or PCIe topologies).
(Worker_PP2_TP0 pid=1115783) WARNING 08-22 18:18:54 [flashinfer_all_reduce.py:78] Failed to initialize FlashInfer All Reduce workspace: [SymmDeviceMemory] Device does not support multicasting.. This is expected on GPUs without NVSwitch (e.g., NVLink bridge-only or PCIe topologies).
(Worker_PP2_TP0 pid=1115783) WARNING 08-22 18:18:54 [flashinfer_all_reduce.py:78] Failed to initialize FlashInfer All Reduce workspace: [SymmDeviceMemory] Device does not support multicasting.. This is expected on GPUs without NVSwitch (e.g., NVLink bridge-only or PCIe topologies).
(Worker_PP2_TP0 pid=1115783) WARNING 08-22 18:18:54 [flashinfer_all_reduce.py:78] Failed to initialize FlashInfer All Reduce workspace: [SymmDeviceMemory] Device does not support multicasting.. This is expected on GPUs without NVSwitch (e.g., NVLink bridge-only or PCIe topologies).
(Worker_PP2_TP0 pid=1115783) WARNING 08-22 18:18:54 [flashinfer_all_reduce.py:78] Failed to initialize FlashInfer All Reduce workspace: [SymmDeviceMemory] Device does not support multicasting.. This is expected on GPUs without NVSwitch (e.g., NVLink bridge-only or PCIe topologies).
(Worker_PP2_TP0 pid=1115783) WARNING 08-22 18:18:54 [flashinfer_all_reduce.py:78] Failed to initialize FlashInfer All Reduce workspace: [SymmDeviceMemory] Device does not support multicasting.. This is expected on GPUs without NVSwitch (e.g., NVLink bridge-only or PCIe topologies).
(Worker_PP2_TP0 pid=1115783) WARNING 08-22 18:18:54 [flashinfer_all_reduce.py:78] Failed to initialize FlashInfer All Reduce workspace: [SymmDeviceMemory] Device does not support multicasting.. This is expected on GPUs without NVSwitch (e.g., NVLink bridge-only or PCIe topologies).
(Worker_PP2_TP0 pid=1115783) WARNING 08-22 18:18:54 [flashinfer_all_reduce.py:78] Failed to initialize FlashInfer All Reduce workspace: [SymmDeviceMemory] Device does not support multicasting.. This is expected on GPUs without NVSwitch (e.g., NVLink bridge-only or PCIe topologies).
(Worker_PP2_TP0 pid=1115783) WARNING 08-22 18:18:54 [flashinfer_all_reduce.py:78] Failed to initialize FlashInfer All Reduce workspace: [SymmDeviceMemory] Device does not support multicasting.. This is expected on GPUs without NVSwitch (e.g., NVLink bridge-only or PCIe topologies).
(Worker_PP2_TP0 pid=1115783) WARNING 08-22 18:18:54 [flashinfer_all_reduce.py:78] Failed to initialize FlashInfer All Reduce workspace: [SymmDeviceMemory] Device does not support multicasting.. This is expected on GPUs without NVSwitch (e.g., NVLink bridge-only or PCIe topologies).
(Worker_PP2_TP0 pid=1115783) WARNING 08-22 18:18:54 [flashinfer_all_reduce.py:78] Failed to initialize FlashInfer All Reduce workspace: [SymmDeviceMemory] Device does not support multicasting.. This is expected on GPUs without NVSwitch (e.g., NVLink bridge-only or PCIe topologies).
(Worker_PP2_TP0 pid=1115783) WARNING 08-22 18:18:54 [flashinfer_all_reduce.py:78] Failed to initialize FlashInfer All Reduce workspace: [SymmDeviceMemory] Device does not support multicasting.. This is expected on GPUs without NVSwitch (e.g., NVLink bridge-only or PCIe topologies).
(Worker_PP2_TP0 pid=1115783) WARNING 08-22 18:18:54 [flashinfer_all_reduce.py:78] Failed to initialize FlashInfer All Reduce workspace: [SymmDeviceMemory] Device does not support multicasting.. This is expected on GPUs without NVSwitch (e.g., NVLink bridge-only or PCIe topologies).
(Worker_PP2_TP0 pid=1115783) WARNING 08-22 18:18:54 [flashinfer_all_reduce.py:78] Failed to initialize FlashInfer All Reduce workspace: [SymmDeviceMemory] Device does not support multicasting.. This is expected on GPUs without NVSwitch (e.g., NVLink bridge-only or PCIe topologies).
(Worker_PP2_TP0 pid=1115783) WARNING 08-22 18:18:54 [flashinfer_all_reduce.py:78] Failed to initialize FlashInfer All Reduce workspace: [SymmDeviceMemory] Device does not support multicasting.. This is expected on GPUs without NVSwitch (e.g., NVLink bridge-only or PCIe topologies).
(Worker_PP2_TP0 pid=1115783) WARNING 08-22 18:18:54 [flashinfer_all_reduce.py:78] Failed to initialize FlashInfer All Reduce workspace: [SymmDeviceMemory] Device does not support multicasting.. This is expected on GPUs without NVSwitch (e.g., NVLink bridge-only or PCIe topologies).
(Worker_PP2_TP0 pid=1115783) WARNING 08-22 18:18:54 [flashinfer_all_reduce.py:78] Failed to initialize FlashInfer All Reduce workspace: [SymmDeviceMemory] Device does not support multicasting.. This is expected on GPUs without NVSwitch (e.g., NVLink bridge-only or PCIe topologies).
(Worker_PP2_TP0 pid=1115783) WARNING 08-22 18:18:54 [flashinfer_all_reduce.py:78] Failed to initialize FlashInfer All Reduce workspace: [SymmDeviceMemory] Device does not support multicasting.. This is expected on GPUs without NVSwitch (e.g., NVLink bridge-only or PCIe topologies).
(Worker_PP2_TP0 pid=1115783) WARNING 08-22 18:18:54 [flashinfer_all_reduce.py:78] Failed to initialize FlashInfer All Reduce workspace: [SymmDeviceMemory] Device does not support multicasting.. This is expected on GPUs without NVSwitch (e.g., NVLink bridge-only or PCIe topologies).
(Worker_PP2_TP0 pid=1115783) WARNING 08-22 18:18:54 [flashinfer_all_reduce.py:78] Failed to initialize FlashInfer All Reduce workspace: [SymmDeviceMemory] Device does not support multicasting.. This is expected on GPUs without NVSwitch (e.g., NVLink bridge-only or PCIe topologies).
(Worker_PP2_TP0 pid=1115783) WARNING 08-22 18:18:54 [flashinfer_all_reduce.py:78] Failed to initialize FlashInfer All Reduce workspace: [SymmDeviceMemory] Device does not support multicasting.. This is expected on GPUs without NVSwitch (e.g., NVLink bridge-only or PCIe topologies).
(Worker_PP2_TP0 pid=1115783) WARNING 08-22 18:18:54 [flashinfer_all_reduce.py:78] Failed to initialize FlashInfer All Reduce workspace: [SymmDeviceMemory] Device does not support multicasting.. This is expected on GPUs without NVSwitch (e.g., NVLink bridge-only or PCIe topologies).
(Worker_PP2_TP0 pid=1115783) WARNING 08-22 18:18:54 [flashinfer_all_reduce.py:78] Failed to initialize FlashInfer All Reduce workspace: [SymmDeviceMemory] Device does not support multicasting.. This is expected on GPUs without NVSwitch (e.g., NVLink bridge-only or PCIe topologies).
(Worker_PP2_TP0 pid=1115783) WARNING 08-22 18:18:54 [flashinfer_all_reduce.py:78] Failed to initialize FlashInfer All Reduce workspace: [SymmDeviceMemory] Device does not support multicasting.. This is expected on GPUs without NVSwitch (e.g., NVLink bridge-only or PCIe topologies).
(Worker_PP2_TP0 pid=1115783) WARNING 08-22 18:18:54 [flashinfer_all_reduce.py:78] Failed to initialize FlashInfer All Reduce workspace: [SymmDeviceMemory] Device does not support multicasting.. This is expected on GPUs without NVSwitch (e.g., NVLink bridge-only or PCIe topologies).
(Worker_PP2_TP0 pid=1115783) WARNING 08-22 18:18:54 [flashinfer_all_reduce.py:78] Failed to initialize FlashInfer All Reduce workspace: [SymmDeviceMemory] Device does not support multicasting.. This is expected on GPUs without NVSwitch (e.g., NVLink bridge-only or PCIe topologies).
(Worker_PP2_TP0 pid=1115783) WARNING 08-22 18:18:54 [flashinfer_all_reduce.py:78] Failed to initialize FlashInfer All Reduce workspace: [SymmDeviceMemory] Device does not support multicasting.. This is expected on GPUs without NVSwitch (e.g., NVLink bridge-only or PCIe topologies).
(Worker_PP2_TP0 pid=1115783) WARNING 08-22 18:18:54 [flashinfer_all_reduce.py:78] Failed to initialize FlashInfer All Reduce workspace: [SymmDeviceMemory] Device does not support multicasting.. This is expected on GPUs without NVSwitch (e.g., NVLink bridge-only or PCIe topologies).
(Worker_PP2_TP5 pid=1115788) [k3t r?] step=50 tok=1 step=89.98ms | KDA: n=22 attn=16.8ms mlp=41.7ms other=0.8ms tot=59.2ms | full: n=9 attn=11.9ms mlp=18.2ms other=0.6ms tot=30.6ms | ALL: attn=28.6ms mlp=59.9ms model=90.0ms
(Worker_PP2_TP1 pid=1115784) [k3t r?] step=50 tok=1 step=89.98ms | KDA: n=22 attn=16.9ms mlp=41.7ms other=0.6ms tot=59.2ms | full: n=9 attn=12.2ms mlp=18.3ms other=0.2ms tot=30.7ms | ALL: attn=29.1ms mlp=60.0ms model=90.0ms
(Worker_PP2_TP2 pid=1115785) [k3t r?] step=50 tok=1 step=89.98ms | KDA: n=22 attn=16.9ms mlp=41.7ms other=0.6ms tot=59.2ms | full: n=9 attn=12.2ms mlp=18.3ms other=0.2ms tot=30.7ms | ALL: attn=29.1ms mlp=59.9ms model=90.0ms
(Worker_PP2_TP7 pid=1115790) [k3t r?] step=50 tok=1 step=89.97ms | KDA: n=22 attn=16.9ms mlp=41.7ms other=0.5ms tot=59.2ms | full: n=9 attn=12.2ms mlp=18.3ms other=0.2ms tot=30.7ms | ALL: attn=29.2ms mlp=59.9ms model=90.0ms
(Worker_PP2_TP3 pid=1115786) [k3t r?] step=50 tok=1 step=89.98ms | KDA: n=22 attn=16.9ms mlp=41.7ms other=0.6ms tot=59.2ms | full: n=9 attn=12.2ms mlp=18.3ms other=0.2ms tot=30.7ms | ALL: attn=29.1ms mlp=60.0ms model=90.0ms
(Worker_PP2_TP6 pid=1115789) [k3t r?] step=50 tok=1 step=89.98ms | KDA: n=22 attn=16.9ms mlp=41.7ms other=0.6ms tot=59.1ms | full: n=9 attn=12.2ms mlp=18.3ms other=0.2ms tot=30.7ms | ALL: attn=29.1ms mlp=60.0ms model=90.0ms
(Worker_PP2_TP4 pid=1115787) [k3t r?] step=50 tok=1 step=89.98ms | KDA: n=22 attn=16.9ms mlp=41.7ms other=0.6ms tot=59.2ms | full: n=9 attn=12.2ms mlp=18.3ms other=0.2ms tot=30.7ms | ALL: attn=29.1ms mlp=59.9ms model=90.0ms
(Worker_PP2_TP0 pid=1115783) [k3t r?] step=50 tok=1 step=90.50ms | KDA: n=22 attn=9.0ms mlp=41.0ms other=8.2ms tot=58.1ms | full: n=9 attn=8.7ms mlp=17.7ms other=3.6ms tot=30.1ms | ALL: attn=17.7ms mlp=58.7ms model=90.5ms
(Worker_PP2_TP7 pid=1115790) [k3t r?] logits=0.7ms step_tot=91.8ms
(Worker_PP2_TP3 pid=1115786) [k3t r?] logits=0.6ms step_tot=91.8ms
(Worker_PP2_TP2 pid=1115785) [k3t r?] logits=0.7ms step_tot=91.8ms
(Worker_PP2_TP6 pid=1115789) [k3t r?] logits=0.6ms step_tot=91.8ms
(Worker_PP2_TP1 pid=1115784) [k3t r?] logits=0.7ms step_tot=91.8ms
(Worker_PP2_TP4 pid=1115787) [k3t r?] logits=0.6ms step_tot=91.8ms
(Worker_PP2_TP5 pid=1115788) [k3t r?] logits=0.6ms step_tot=91.9ms
(Worker_PP2_TP0 pid=1115783) [k3t r?] logits=0.3ms step_tot=91.9ms
(Worker_PP2_TP0 pid=1115783) WARNING 08-22 18:18:54 [flashinfer_all_reduce.py:78] Failed to initialize FlashInfer All Reduce workspace: [SymmDeviceMemory] Device does not support multicasting.. This is expected on GPUs without NVSwitch (e.g., NVLink bridge-only or PCIe topologies).
(Worker_PP2_TP0 pid=1115783) WARNING 08-22 18:18:54 [flashinfer_all_reduce.py:78] Failed to initialize FlashInfer All Reduce workspace: [SymmDeviceMemory] Device does not support multicasting.. This is expected on GPUs without NVSwitch (e.g., NVLink bridge-only or PCIe topologies).
(Worker_PP2_TP0 pid=1115783) WARNING 08-22 18:18:54 [flashinfer_all_reduce.py:78] Failed to initialize FlashInfer All Reduce workspace: [SymmDeviceMemory] Device does not support multicasting.. This is expected on GPUs without NVSwitch (e.g., NVLink bridge-only or PCIe topologies).
(Worker_PP2_TP0 pid=1115783) WARNING 08-22 18:18:54 [flashinfer_all_reduce.py:78] Failed to initialize FlashInfer All Reduce workspace: [SymmDeviceMemory] Device does not support multicasting.. This is expected on GPUs without NVSwitch (e.g., NVLink bridge-only or PCIe topologies).
(Worker_PP2_TP0 pid=1115783) WARNING 08-22 18:18:54 [flashinfer_all_reduce.py:78] Failed to initialize FlashInfer All Reduce workspace: [SymmDeviceMemory] Device does not support multicasting.. This is expected on GPUs without NVSwitch (e.g., NVLink bridge-only or PCIe topologies).
(Worker_PP2_TP0 pid=1115783) WARNING 08-22 18:18:54 [flashinfer_all_reduce.py:78] Failed to initialize FlashInfer All Reduce workspace: [SymmDeviceMemory] Device does not support multicasting.. This is expected on GPUs without NVSwitch (e.g., NVLink bridge-only or PCIe topologies).
(Worker_PP2_TP0 pid=1115783) WARNING 08-22 18:18:54 [flashinfer_all_reduce.py:78] Failed to initialize FlashInfer All Reduce workspace: [SymmDeviceMemory] Device does not support multicasting.. This is expected on GPUs without NVSwitch (e.g., NVLink bridge-only or PCIe topologies).
(Worker_PP2_TP0 pid=1115783) WARNING 08-22 18:18:54 [flashinfer_all_reduce.py:78] Failed to initialize FlashInfer All Reduce workspace: [SymmDeviceMemory] Device does not support multicasting.. This is expected on GPUs without NVSwitch (e.g., NVLink bridge-only or PCIe topologies).
(Worker_PP2_TP0 pid=1115783) WARNING 08-22 18:18:54 [flashinfer_all_reduce.py:78] Failed to initialize FlashInfer All Reduce workspace: [SymmDeviceMemory] Device does not support multicasting.. This is expected on GPUs without NVSwitch (e.g., NVLink bridge-only or PCIe topologies).
(Worker_PP2_TP0 pid=1115783) WARNING 08-22 18:18:54 [flashinfer_all_reduce.py:78] Failed to initialize FlashInfer All Reduce workspace: [SymmDeviceMemory] Device does not support multicasting.. This is expected on GPUs without NVSwitch (e.g., NVLink bridge-only or PCIe topologies).
(Worker_PP2_TP0 pid=1115783) WARNING 08-22 18:18:54 [flashinfer_all_reduce.py:78] Failed to initialize FlashInfer All Reduce workspace: [SymmDeviceMemory] Device does not support multicasting.. This is expected on GPUs without NVSwitch (e.g., NVLink bridge-only or PCIe topologies).
(Worker_PP2_TP0 pid=1115783) WARNING 08-22 18:18:54 [flashinfer_all_reduce.py:78] Failed to initialize FlashInfer All Reduce workspace: [SymmDeviceMemory] Device does not support multicasting.. This is expected on GPUs without NVSwitch (e.g., NVLink bridge-only or PCIe topologies).
(Worker_PP2_TP0 pid=1115783) WARNING 08-22 18:18:54 [flashinfer_all_reduce.py:78] Failed to initialize FlashInfer All Reduce workspace: [SymmDeviceMemory] Device does not support multicasting.. This is expected on GPUs without NVSwitch (e.g., NVLink bridge-only or PCIe topologies).
(Worker_PP2_TP0 pid=1115783) WARNING 08-22 18:18:54 [flashinfer_all_reduce.py:78] Failed to initialize FlashInfer All Reduce workspace: [SymmDeviceMemory] Device does not support multicasting.. This is expected on GPUs without NVSwitch (e.g., NVLink bridge-only or PCIe topologies).
(Worker_PP2_TP0 pid=1115783) WARNING 08-22 18:18:54 [flashinfer_all_reduce.py:78] Failed to initialize FlashInfer All Reduce workspace: [SymmDeviceMemory] Device does not support multicasting.. This is expected on GPUs without NVSwitch (e.g., NVLink bridge-only or PCIe topologies).
(Worker_PP2_TP0 pid=1115783) WARNING 08-22 18:18:54 [flashinfer_all_reduce.py:78] Failed to initialize FlashInfer All Reduce workspace: [SymmDeviceMemory] Device does not support multicasting.. This is expected on GPUs without NVSwitch (e.g., NVLink bridge-only or PCIe topologies).
(Worker_PP2_TP0 pid=1115783) WARNING 08-22 18:18:54 [flashinfer_all_reduce.py:78] Failed to initialize FlashInfer All Reduce workspace: [SymmDeviceMemory] Device does not support multicasting.. This is expected on GPUs without NVSwitch (e.g., NVLink bridge-only or PCIe topologies).
(Worker_PP2_TP0 pid=1115783) WARNING 08-22 18:18:54 [flashinfer_all_reduce.py:78] Failed to initialize FlashInfer All Reduce workspace: [SymmDeviceMemory] Device does not support multicasting.. This is expected on GPUs without NVSwitch (e.g., NVLink bridge-only or PCIe topologies).
(Worker_PP2_TP0 pid=1115783) WARNING 08-22 18:18:54 [flashinfer_all_reduce.py:78] Failed to initialize FlashInfer All Reduce workspace: [SymmDeviceMemory] Device does not support multicasting.. This is expected on GPUs without NVSwitch (e.g., NVLink bridge-only or PCIe topologies).
(Worker_PP2_TP0 pid=1115783) WARNING 08-22 18:18:54 [flashinfer_all_reduce.py:78] Failed to initialize FlashInfer All Reduce workspace: [SymmDeviceMemory] Device does not support multicasting.. This is expected on GPUs without NVSwitch (e.g., NVLink bridge-only or PCIe topologies).
(Worker_PP2_TP0 pid=1115783) WARNING 08-22 18:18:54 [flashinfer_all_reduce.py:78] Failed to initialize FlashInfer All Reduce workspace: [SymmDeviceMemory] Device does not support multicasting.. This is expected on GPUs without NVSwitch (e.g., NVLink bridge-only or PCIe topologies).
(Worker_PP2_TP0 pid=1115783) WARNING 08-22 18:18:54 [flashinfer_all_reduce.py:78] Failed to initialize FlashInfer All Reduce workspace: [SymmDeviceMemory] Device does not support multicasting.. This is expected on GPUs without NVSwitch (e.g., NVLink bridge-only or PCIe topologies).
(Worker_PP2_TP0 pid=1115783) WARNING 08-22 18:18:54 [flashinfer_all_reduce.py:78] Failed to initialize FlashInfer All Reduce workspace: [SymmDeviceMemory] Device does not support multicasting.. This is expected on GPUs without NVSwitch (e.g., NVLink bridge-only or PCIe topologies).
(Worker_PP2_TP0 pid=1115783) WARNING 08-22 18:18:54 [flashinfer_all_reduce.py:78] Failed to initialize FlashInfer All Reduce workspace: [SymmDeviceMemory] Device does not support multicasting.. This is expected on GPUs without NVSwitch (e.g., NVLink bridge-only or PCIe topologies).
(Worker_PP2_TP0 pid=1115783) WARNING 08-22 18:18:54 [flashinfer_all_reduce.py:78] Failed to initialize FlashInfer All Reduce workspace: [SymmDeviceMemory] Device does not support multicasting.. This is expected on GPUs without NVSwitch (e.g., NVLink bridge-only or PCIe topologies).
(Worker_PP2_TP0 pid=1115783) WARNING 08-22 18:18:54 [flashinfer_all_reduce.py:78] Failed to initialize FlashInfer All Reduce workspace: [SymmDeviceMemory] Device does not support multicasting.. This is expected on GPUs without NVSwitch (e.g., NVLink bridge-only or PCIe topologies).
(Worker_PP2_TP0 pid=1115783) WARNING 08-22 18:18:54 [flashinfer_all_reduce.py:78] Failed to initialize FlashInfer All Reduce workspace: [SymmDeviceMemory] Device does not support multicasting.. This is expected on GPUs without NVSwitch (e.g., NVLink bridge-only or PCIe topologies).
(Worker_PP2_TP0 pid=1115783) WARNING 08-22 18:18:54 [flashinfer_all_reduce.py:78] Failed to initialize FlashInfer All Reduce workspace: [SymmDeviceMemory] Device does not support multicasting.. This is expected on GPUs without NVSwitch (e.g., NVLink bridge-only or PCIe topologies).
(Worker_PP2_TP0 pid=1115783) WARNING 08-22 18:18:54 [flashinfer_all_reduce.py:78] Failed to initialize FlashInfer All Reduce workspace: [SymmDeviceMemory] Device does not support multicasting.. This is expected on GPUs without NVSwitch (e.g., NVLink bridge-only or PCIe topologies).
(Worker_PP2_TP0 pid=1115783) WARNING 08-22 18:18:54 [flashinfer_all_reduce.py:78] Failed to initialize FlashInfer All Reduce workspace: [SymmDeviceMemory] Device does not support multicasting.. This is expected on GPUs without NVSwitch (e.g., NVLink bridge-only or PCIe topologies).
(Worker_PP2_TP0 pid=1115783) WARNING 08-22 18:18:54 [flashinfer_all_reduce.py:78] Failed to initialize FlashInfer All Reduce workspace: [SymmDeviceMemory] Device does not support multicasting.. This is expected on GPUs without NVSwitch (e.g., NVLink bridge-only or PCIe topologies).
(Worker_PP2_TP2 pid=1115785) [k3t r?] step=51 tok=1 step=94.25ms | KDA: n=22 attn=17.8ms mlp=44.3ms other=0.6ms tot=62.7ms | full: n=9 attn=12.4ms mlp=18.8ms other=0.2ms tot=31.5ms | ALL: attn=30.2ms mlp=63.1ms model=94.3ms
(Worker_PP2_TP1 pid=1115784) [k3t r?] step=51 tok=1 step=94.26ms | KDA: n=22 attn=17.8ms mlp=44.3ms other=0.6ms tot=62.7ms | full: n=9 attn=12.4ms mlp=18.8ms other=0.2ms tot=31.5ms | ALL: attn=30.2ms mlp=63.1ms model=94.3ms
(Worker_PP2_TP4 pid=1115787) [k3t r?] step=51 tok=1 step=94.26ms | KDA: n=22 attn=17.8ms mlp=44.3ms other=0.6ms tot=62.7ms | full: n=9 attn=12.4ms mlp=18.8ms other=0.2ms tot=31.5ms | ALL: attn=30.2ms mlp=63.1ms model=94.3ms
(Worker_PP2_TP6 pid=1115789) [k3t r?] step=51 tok=1 step=94.25ms | KDA: n=22 attn=17.8ms mlp=44.3ms other=0.6ms tot=62.7ms | full: n=9 attn=12.4ms mlp=18.8ms other=0.2ms tot=31.5ms | ALL: attn=30.2ms mlp=63.2ms model=94.3ms
(Worker_PP2_TP3 pid=1115786) [k3t r?] step=51 tok=1 step=94.25ms | KDA: n=22 attn=17.8ms mlp=44.3ms other=0.6ms tot=62.7ms | full: n=9 attn=12.4ms mlp=18.8ms other=0.2ms tot=31.5ms | ALL: attn=30.2ms mlp=63.2ms model=94.3ms
(Worker_PP2_TP7 pid=1115790) [k3t r?] step=51 tok=1 step=94.26ms | KDA: n=22 attn=17.8ms mlp=44.3ms other=0.6ms tot=62.7ms | full: n=9 attn=12.4ms mlp=18.8ms other=0.2ms tot=31.5ms | ALL: attn=30.2ms mlp=63.1ms model=94.3ms
(Worker_PP2_TP5 pid=1115788) [k3t r?] step=51 tok=1 step=94.26ms | KDA: n=22 attn=17.8ms mlp=44.3ms other=0.6ms tot=62.7ms | full: n=9 attn=12.4ms mlp=18.8ms other=0.2ms tot=31.5ms | ALL: attn=30.2ms mlp=63.1ms model=94.3ms
(Worker_PP2_TP0 pid=1115783) [k3t r?] step=51 tok=1 step=94.68ms | KDA: n=22 attn=9.6ms mlp=43.3ms other=8.6ms tot=61.5ms | full: n=9 attn=8.9ms mlp=18.1ms other=3.8ms tot=30.9ms | ALL: attn=18.6ms mlp=61.4ms model=94.7ms
(Worker_PP2_TP5 pid=1115788) [k3t r?] logits=0.7ms step_tot=96.3ms
(Worker_PP2_TP4 pid=1115787) [k3t r?] logits=0.8ms step_tot=96.3ms
(Worker_PP2_TP2 pid=1115785) [k3t r?] logits=0.8ms step_tot=96.3ms
(Worker_PP2_TP1 pid=1115784) [k3t r?] logits=0.8ms step_tot=96.3ms
(Worker_PP2_TP6 pid=1115789) [k3t r?] logits=0.8ms step_tot=96.3ms
(Worker_PP2_TP3 pid=1115786) [k3t r?] logits=0.7ms step_tot=96.3ms
(Worker_PP2_TP7 pid=1115790) [k3t r?] logits=0.7ms step_tot=96.3ms
(Worker_PP2_TP0 pid=1115783) [k3t r?] logits=0.5ms step_tot=96.4ms
(Worker_PP2_TP0 pid=1115783) WARNING 08-22 18:18:54 [flashinfer_all_reduce.py:78] Failed to initialize FlashInfer All Reduce workspace: [SymmDeviceMemory] Device does not support multicasting.. This is expected on GPUs without NVSwitch (e.g., NVLink bridge-only or PCIe topologies).
(Worker_PP2_TP0 pid=1115783) WARNING 08-22 18:18:54 [flashinfer_all_reduce.py:78] Failed to initialize FlashInfer All Reduce workspace: [SymmDeviceMemory] Device does not support multicasting.. This is expected on GPUs without NVSwitch (e.g., NVLink bridge-only or PCIe topologies).
(Worker_PP2_TP0 pid=1115783) WARNING 08-22 18:18:54 [flashinfer_all_reduce.py:78] Failed to initialize FlashInfer All Reduce workspace: [SymmDeviceMemory] Device does not support multicasting.. This is expected on GPUs without NVSwitch (e.g., NVLink bridge-only or PCIe topologies).
(Worker_PP2_TP0 pid=1115783) WARNING 08-22 18:18:54 [flashinfer_all_reduce.py:78] Failed to initialize FlashInfer All Reduce workspace: [SymmDeviceMemory] Device does not support multicasting.. This is expected on GPUs without NVSwitch (e.g., NVLink bridge-only or PCIe topologies).
(Worker_PP2_TP0 pid=1115783) WARNING 08-22 18:18:54 [flashinfer_all_reduce.py:78] Failed to initialize FlashInfer All Reduce workspace: [SymmDeviceMemory] Device does not support multicasting.. This is expected on GPUs without NVSwitch (e.g., NVLink bridge-only or PCIe topologies).
(Worker_PP2_TP0 pid=1115783) WARNING 08-22 18:18:54 [flashinfer_all_reduce.py:78] Failed to initialize FlashInfer All Reduce workspace: [SymmDeviceMemory] Device does not support multicasting.. This is expected on GPUs without NVSwitch (e.g., NVLink bridge-only or PCIe topologies).
(Worker_PP2_TP0 pid=1115783) WARNING 08-22 18:18:54 [flashinfer_all_reduce.py:78] Failed to initialize FlashInfer All Reduce workspace: [SymmDeviceMemory] Device does not support multicasting.. This is expected on GPUs without NVSwitch (e.g., NVLink bridge-only or PCIe topologies).
(Worker_PP2_TP0 pid=1115783) WARNING 08-22 18:18:54 [flashinfer_all_reduce.py:78] Failed to initialize FlashInfer All Reduce workspace: [SymmDeviceMemory] Device does not support multicasting.. This is expected on GPUs without NVSwitch (e.g., NVLink bridge-only or PCIe topologies).
(Worker_PP2_TP0 pid=1115783) WARNING 08-22 18:18:54 [flashinfer_all_reduce.py:78] Failed to initialize FlashInfer All Reduce workspace: [SymmDeviceMemory] Device does not support multicasting.. This is expected on GPUs without NVSwitch (e.g., NVLink bridge-only or PCIe topologies).
(Worker_PP2_TP0 pid=1115783) WARNING 08-22 18:18:54 [flashinfer_all_reduce.py:78] Failed to initialize FlashInfer All Reduce workspace: [SymmDeviceMemory] Device does not support multicasting.. This is expected on GPUs without NVSwitch (e.g., NVLink bridge-only or PCIe topologies).
(Worker_PP2_TP0 pid=1115783) WARNING 08-22 18:18:54 [flashinfer_all_reduce.py:78] Failed to initialize FlashInfer All Reduce workspace: [SymmDeviceMemory] Device does not support multicasting.. This is expected on GPUs without NVSwitch (e.g., NVLink bridge-only or PCIe topologies).
(Worker_PP2_TP0 pid=1115783) WARNING 08-22 18:18:54 [flashinfer_all_reduce.py:78] Failed to initialize FlashInfer All Reduce workspace: [SymmDeviceMemory] Device does not support multicasting.. This is expected on GPUs without NVSwitch (e.g., NVLink bridge-only or PCIe topologies).
(Worker_PP2_TP0 pid=1115783) WARNING 08-22 18:18:54 [flashinfer_all_reduce.py:78] Failed to initialize FlashInfer All Reduce workspace: [SymmDeviceMemory] Device does not support multicasting.. This is expected on GPUs without NVSwitch (e.g., NVLink bridge-only or PCIe topologies).
(Worker_PP2_TP0 pid=1115783) WARNING 08-22 18:18:54 [flashinfer_all_reduce.py:78] Failed to initialize FlashInfer All Reduce workspace: [SymmDeviceMemory] Device does not support multicasting.. This is expected on GPUs without NVSwitch (e.g., NVLink bridge-only or PCIe topologies).
(Worker_PP2_TP0 pid=1115783) WARNING 08-22 18:18:54 [flashinfer_all_reduce.py:78] Failed to initialize FlashInfer All Reduce workspace: [SymmDeviceMemory] Device does not support multicasting.. This is expected on GPUs without NVSwitch (e.g., NVLink bridge-only or PCIe topologies).
(Worker_PP2_TP0 pid=1115783) WARNING 08-22 18:18:54 [flashinfer_all_reduce.py:78] Failed to initialize FlashInfer All Reduce workspace: [SymmDeviceMemory] Device does not support multicasting.. This is expected on GPUs without NVSwitch (e.g., NVLink bridge-only or PCIe topologies).
(Worker_PP2_TP0 pid=1115783) WARNING 08-22 18:18:54 [flashinfer_all_reduce.py:78] Failed to initialize FlashInfer All Reduce workspace: [SymmDeviceMemory] Device does not support multicasting.. This is expected on GPUs without NVSwitch (e.g., NVLink bridge-only or PCIe topologies).
(Worker_PP2_TP0 pid=1115783) WARNING 08-22 18:18:54 [flashinfer_all_reduce.py:78] Failed to initialize FlashInfer All Reduce workspace: [SymmDeviceMemory] Device does not support multicasting.. This is expected on GPUs without NVSwitch (e.g., NVLink bridge-only or PCIe topologies).
(Worker_PP2_TP0 pid=1115783) WARNING 08-22 18:18:54 [flashinfer_all_reduce.py:78] Failed to initialize FlashInfer All Reduce workspace: [SymmDeviceMemory] Device does not support multicasting.. This is expected on GPUs without NVSwitch (e.g., NVLink bridge-only or PCIe topologies).
(Worker_PP2_TP0 pid=1115783) WARNING 08-22 18:18:54 [flashinfer_all_reduce.py:78] Failed to initialize FlashInfer All Reduce workspace: [SymmDeviceMemory] Device does not support multicasting.. This is expected on GPUs without NVSwitch (e.g., NVLink bridge-only or PCIe topologies).
(Worker_PP2_TP0 pid=1115783) WARNING 08-22 18:18:54 [flashinfer_all_reduce.py:78] Failed to initialize FlashInfer All Reduce workspace: [SymmDeviceMemory] Device does not support multicasting.. This is expected on GPUs without NVSwitch (e.g., NVLink bridge-only or PCIe topologies).
(Worker_PP2_TP0 pid=1115783) WARNING 08-22 18:18:54 [flashinfer_all_reduce.py:78] Failed to initialize FlashInfer All Reduce workspace: [SymmDeviceMemory] Device does not support multicasting.. This is expected on GPUs without NVSwitch (e.g., NVLink bridge-only or PCIe topologies).
(Worker_PP2_TP0 pid=1115783) WARNING 08-22 18:18:54 [flashinfer_all_reduce.py:78] Failed to initialize FlashInfer All Reduce workspace: [SymmDeviceMemory] Device does not support multicasting.. This is expected on GPUs without NVSwitch (e.g., NVLink bridge-only or PCIe topologies).
(Worker_PP2_TP0 pid=1115783) WARNING 08-22 18:18:54 [flashinfer_all_reduce.py:78] Failed to initialize FlashInfer All Reduce workspace: [SymmDeviceMemory] Device does not support multicasting.. This is expected on GPUs without NVSwitch (e.g., NVLink bridge-only or PCIe topologies).
(Worker_PP2_TP0 pid=1115783) WARNING 08-22 18:18:54 [flashinfer_all_reduce.py:78] Failed to initialize FlashInfer All Reduce workspace: [SymmDeviceMemory] Device does not support multicasting.. This is expected on GPUs without NVSwitch (e.g., NVLink bridge-only or PCIe topologies).
(Worker_PP2_TP0 pid=1115783) WARNING 08-22 18:18:54 [flashinfer_all_reduce.py:78] Failed to initialize FlashInfer All Reduce workspace: [SymmDeviceMemory] Device does not support multicasting.. This is expected on GPUs without NVSwitch (e.g., NVLink bridge-only or PCIe topologies).
(Worker_PP2_TP0 pid=1115783) WARNING 08-22 18:18:54 [flashinfer_all_reduce.py:78] Failed to initialize FlashInfer All Reduce workspace: [SymmDeviceMemory] Device does not support multicasting.. This is expected on GPUs without NVSwitch (e.g., NVLink bridge-only or PCIe topologies).
(Worker_PP2_TP0 pid=1115783) WARNING 08-22 18:18:54 [flashinfer_all_reduce.py:78] Failed to initialize FlashInfer All Reduce workspace: [SymmDeviceMemory] Device does not support multicasting.. This is expected on GPUs without NVSwitch (e.g., NVLink bridge-only or PCIe topologies).
(Worker_PP2_TP0 pid=1115783) WARNING 08-22 18:18:54 [flashinfer_all_reduce.py:78] Failed to initialize FlashInfer All Reduce workspace: [SymmDeviceMemory] Device does not support multicasting.. This is expected on GPUs without NVSwitch (e.g., NVLink bridge-only or PCIe topologies).
(Worker_PP2_TP0 pid=1115783) WARNING 08-22 18:18:54 [flashinfer_all_reduce.py:78] Failed to initialize FlashInfer All Reduce workspace: [SymmDeviceMemory] Device does not support multicasting.. This is expected on GPUs without NVSwitch (e.g., NVLink bridge-only or PCIe topologies).
(Worker_PP2_TP0 pid=1115783) WARNING 08-22 18:18:55 [flashinfer_all_reduce.py:78] Failed to initialize FlashInfer All Reduce workspace: [SymmDeviceMemory] Device does not support multicasting.. This is expected on GPUs without NVSwitch (e.g., NVLink bridge-only or PCIe topologies).
(Worker_PP2_TP1 pid=1115784) [k3t r?] step=52 tok=1 step=86.61ms | KDA: n=22 attn=16.8ms mlp=41.8ms other=0.6ms tot=59.1ms | full: n=9 attn=10.8ms mlp=16.3ms other=0.2ms tot=27.4ms | ALL: attn=27.7ms mlp=58.1ms model=86.6ms
(Worker_PP2_TP2 pid=1115785) [k3t r?] step=52 tok=1 step=86.62ms | KDA: n=22 attn=16.8ms mlp=41.8ms other=0.6ms tot=59.1ms | full: n=9 attn=10.8ms mlp=16.3ms other=0.2ms tot=27.4ms | ALL: attn=27.6ms mlp=58.1ms model=86.6ms
(Worker_PP2_TP7 pid=1115790) [k3t r?] step=52 tok=1 step=86.62ms | KDA: n=22 attn=16.8ms mlp=41.7ms other=0.6ms tot=59.1ms | full: n=9 attn=10.8ms mlp=16.3ms other=0.2ms tot=27.4ms | ALL: attn=27.7ms mlp=58.1ms model=86.6ms
(Worker_PP2_TP4 pid=1115787) [k3t r?] step=52 tok=1 step=86.62ms | KDA: n=22 attn=16.8ms mlp=41.7ms other=0.6ms tot=59.2ms | full: n=9 attn=10.8ms mlp=16.3ms other=0.2ms tot=27.4ms | ALL: attn=27.7ms mlp=58.1ms model=86.6ms
(Worker_PP2_TP6 pid=1115789) [k3t r?] step=52 tok=1 step=86.62ms | KDA: n=22 attn=16.8ms mlp=41.8ms other=0.6ms tot=59.2ms | full: n=9 attn=10.8ms mlp=16.3ms other=0.2ms tot=27.4ms | ALL: attn=27.7ms mlp=58.1ms model=86.6ms
(Worker_PP2_TP5 pid=1115788) [k3t r?] step=52 tok=1 step=86.62ms | KDA: n=22 attn=16.7ms mlp=41.7ms other=0.7ms tot=59.1ms | full: n=9 attn=10.8ms mlp=16.3ms other=0.2ms tot=27.4ms | ALL: attn=27.6ms mlp=58.0ms model=86.6ms
(Worker_PP2_TP3 pid=1115786) [k3t r?] step=52 tok=1 step=86.62ms | KDA: n=22 attn=16.8ms mlp=41.8ms other=0.6ms tot=59.1ms | full: n=9 attn=10.8ms mlp=16.3ms other=0.2ms tot=27.4ms | ALL: attn=27.7ms mlp=58.1ms model=86.6ms
(Worker_PP2_TP0 pid=1115783) [k3t r?] step=52 tok=1 step=87.13ms | KDA: n=22 attn=9.0ms mlp=40.7ms other=8.2ms tot=57.9ms | full: n=9 attn=7.8ms mlp=16.0ms other=3.2ms tot=27.0ms | ALL: attn=16.8ms mlp=56.7ms model=87.1ms
(Worker_PP2_TP6 pid=1115789) [k3t r?] logits=0.6ms step_tot=88.5ms
(Worker_PP2_TP4 pid=1115787) [k3t r?] logits=0.6ms step_tot=88.5ms
(Worker_PP2_TP7 pid=1115790) [k3t r?] logits=0.6ms step_tot=88.5ms
(Worker_PP2_TP3 pid=1115786) [k3t r?] logits=0.6ms step_tot=88.5ms
(Worker_PP2_TP2 pid=1115785) [k3t r?] logits=0.7ms step_tot=88.5ms
(Worker_PP2_TP1 pid=1115784) [k3t r?] logits=0.6ms step_tot=88.5ms
(Worker_PP2_TP5 pid=1115788) [k3t r?] logits=0.7ms step_tot=88.5ms
(Worker_PP2_TP0 pid=1115783) [k3t r?] logits=0.4ms step_tot=88.6ms
(Worker_PP2_TP0 pid=1115783) WARNING 08-22 18:18:55 [flashinfer_all_reduce.py:78] Failed to initialize FlashInfer All Reduce workspace: [SymmDeviceMemory] Device does not support multicasting.. This is expected on GPUs without NVSwitch (e.g., NVLink bridge-only or PCIe topologies).
(Worker_PP2_TP0 pid=1115783) WARNING 08-22 18:18:55 [flashinfer_all_reduce.py:78] Failed to initialize FlashInfer All Reduce workspace: [SymmDeviceMemory] Device does not support multicasting.. This is expected on GPUs without NVSwitch (e.g., NVLink bridge-only or PCIe topologies).
(Worker_PP2_TP0 pid=1115783) WARNING 08-22 18:18:55 [flashinfer_all_reduce.py:78] Failed to initialize FlashInfer All Reduce workspace: [SymmDeviceMemory] Device does not support multicasting.. This is expected on GPUs without NVSwitch (e.g., NVLink bridge-only or PCIe topologies).
(Worker_PP2_TP0 pid=1115783) WARNING 08-22 18:18:55 [flashinfer_all_reduce.py:78] Failed to initialize FlashInfer All Reduce workspace: [SymmDeviceMemory] Device does not support multicasting.. This is expected on GPUs without NVSwitch (e.g., NVLink bridge-only or PCIe topologies).
(Worker_PP2_TP0 pid=1115783) WARNING 08-22 18:18:55 [flashinfer_all_reduce.py:78] Failed to initialize FlashInfer All Reduce workspace: [SymmDeviceMemory] Device does not support multicasting.. This is expected on GPUs without NVSwitch (e.g., NVLink bridge-only or PCIe topologies).
(Worker_PP2_TP0 pid=1115783) WARNING 08-22 18:18:55 [flashinfer_all_reduce.py:78] Failed to initialize FlashInfer All Reduce workspace: [SymmDeviceMemory] Device does not support multicasting.. This is expected on GPUs without NVSwitch (e.g., NVLink bridge-only or PCIe topologies).
(Worker_PP2_TP0 pid=1115783) WARNING 08-22 18:18:55 [flashinfer_all_reduce.py:78] Failed to initialize FlashInfer All Reduce workspace: [SymmDeviceMemory] Device does not support multicasting.. This is expected on GPUs without NVSwitch (e.g., NVLink bridge-only or PCIe topologies).
(Worker_PP2_TP0 pid=1115783) WARNING 08-22 18:18:55 [flashinfer_all_reduce.py:78] Failed to initialize FlashInfer All Reduce workspace: [SymmDeviceMemory] Device does not support multicasting.. This is expected on GPUs without NVSwitch (e.g., NVLink bridge-only or PCIe topologies).
(Worker_PP2_TP0 pid=1115783) WARNING 08-22 18:18:55 [flashinfer_all_reduce.py:78] Failed to initialize FlashInfer All Reduce workspace: [SymmDeviceMemory] Device does not support multicasting.. This is expected on GPUs without NVSwitch (e.g., NVLink bridge-only or PCIe topologies).
(Worker_PP2_TP0 pid=1115783) WARNING 08-22 18:18:55 [flashinfer_all_reduce.py:78] Failed to initialize FlashInfer All Reduce workspace: [SymmDeviceMemory] Device does not support multicasting.. This is expected on GPUs without NVSwitch (e.g., NVLink bridge-only or PCIe topologies).
(Worker_PP2_TP0 pid=1115783) WARNING 08-22 18:18:55 [flashinfer_all_reduce.py:78] Failed to initialize FlashInfer All Reduce workspace: [SymmDeviceMemory] Device does not support multicasting.. This is expected on GPUs without NVSwitch (e.g., NVLink bridge-only or PCIe topologies).
(Worker_PP2_TP0 pid=1115783) WARNING 08-22 18:18:55 [flashinfer_all_reduce.py:78] Failed to initialize FlashInfer All Reduce workspace: [SymmDeviceMemory] Device does not support multicasting.. This is expected on GPUs without NVSwitch (e.g., NVLink bridge-only or PCIe topologies).
(Worker_PP2_TP0 pid=1115783) WARNING 08-22 18:18:55 [flashinfer_all_reduce.py:78] Failed to initialize FlashInfer All Reduce workspace: [SymmDeviceMemory] Device does not support multicasting.. This is expected on GPUs without NVSwitch (e.g., NVLink bridge-only or PCIe topologies).
(Worker_PP2_TP0 pid=1115783) WARNING 08-22 18:18:55 [flashinfer_all_reduce.py:78] Failed to initialize FlashInfer All Reduce workspace: [SymmDeviceMemory] Device does not support multicasting.. This is expected on GPUs without NVSwitch (e.g., NVLink bridge-only or PCIe topologies).
(Worker_PP2_TP0 pid=1115783) WARNING 08-22 18:18:55 [flashinfer_all_reduce.py:78] Failed to initialize FlashInfer All Reduce workspace: [SymmDeviceMemory] Device does not support multicasting.. This is expected on GPUs without NVSwitch (e.g., NVLink bridge-only or PCIe topologies).
(Worker_PP2_TP0 pid=1115783) WARNING 08-22 18:18:55 [flashinfer_all_reduce.py:78] Failed to initialize FlashInfer All Reduce workspace: [SymmDeviceMemory] Device does not support multicasting.. This is expected on GPUs without NVSwitch (e.g., NVLink bridge-only or PCIe topologies).
(Worker_PP2_TP0 pid=1115783) WARNING 08-22 18:18:55 [flashinfer_all_reduce.py:78] Failed to initialize FlashInfer All Reduce workspace: [SymmDeviceMemory] Device does not support multicasting.. This is expected on GPUs without NVSwitch (e.g., NVLink bridge-only or PCIe topologies).
(Worker_PP2_TP0 pid=1115783) WARNING 08-22 18:18:55 [flashinfer_all_reduce.py:78] Failed to initialize FlashInfer All Reduce workspace: [SymmDeviceMemory] Device does not support multicasting.. This is expected on GPUs without NVSwitch (e.g., NVLink bridge-only or PCIe topologies).
(Worker_PP2_TP0 pid=1115783) WARNING 08-22 18:18:55 [flashinfer_all_reduce.py:78] Failed to initialize FlashInfer All Reduce workspace: [SymmDeviceMemory] Device does not support multicasting.. This is expected on GPUs without NVSwitch (e.g., NVLink bridge-only or PCIe topologies).
(Worker_PP2_TP0 pid=1115783) WARNING 08-22 18:18:55 [flashinfer_all_reduce.py:78] Failed to initialize FlashInfer All Reduce workspace: [SymmDeviceMemory] Device does not support multicasting.. This is expected on GPUs without NVSwitch (e.g., NVLink bridge-only or PCIe topologies).
(Worker_PP2_TP0 pid=1115783) WARNING 08-22 18:18:55 [flashinfer_all_reduce.py:78] Failed to initialize FlashInfer All Reduce workspace: [SymmDeviceMemory] Device does not support multicasting.. This is expected on GPUs without NVSwitch (e.g., NVLink bridge-only or PCIe topologies).
(Worker_PP2_TP0 pid=1115783) WARNING 08-22 18:18:55 [flashinfer_all_reduce.py:78] Failed to initialize FlashInfer All Reduce workspace: [SymmDeviceMemory] Device does not support multicasting.. This is expected on GPUs without NVSwitch (e.g., NVLink bridge-only or PCIe topologies).
(Worker_PP2_TP0 pid=1115783) WARNING 08-22 18:18:55 [flashinfer_all_reduce.py:78] Failed to initialize FlashInfer All Reduce workspace: [SymmDeviceMemory] Device does not support multicasting.. This is expected on GPUs without NVSwitch (e.g., NVLink bridge-only or PCIe topologies).
(Worker_PP2_TP0 pid=1115783) WARNING 08-22 18:18:55 [flashinfer_all_reduce.py:78] Failed to initialize FlashInfer All Reduce workspace: [SymmDeviceMemory] Device does not support multicasting.. This is expected on GPUs without NVSwitch (e.g., NVLink bridge-only or PCIe topologies).
(Worker_PP2_TP0 pid=1115783) WARNING 08-22 18:18:55 [flashinfer_all_reduce.py:78] Failed to initialize FlashInfer All Reduce workspace: [SymmDeviceMemory] Device does not support multicasting.. This is expected on GPUs without NVSwitch (e.g., NVLink bridge-only or PCIe topologies).
(Worker_PP2_TP0 pid=1115783) WARNING 08-22 18:18:55 [flashinfer_all_reduce.py:78] Failed to initialize FlashInfer All Reduce workspace: [SymmDeviceMemory] Device does not support multicasting.. This is expected on GPUs without NVSwitch (e.g., NVLink bridge-only or PCIe topologies).
(Worker_PP2_TP0 pid=1115783) WARNING 08-22 18:18:55 [flashinfer_all_reduce.py:78] Failed to initialize FlashInfer All Reduce workspace: [SymmDeviceMemory] Device does not support multicasting.. This is expected on GPUs without NVSwitch (e.g., NVLink bridge-only or PCIe topologies).
(Worker_PP2_TP0 pid=1115783) WARNING 08-22 18:18:55 [flashinfer_all_reduce.py:78] Failed to initialize FlashInfer All Reduce workspace: [SymmDeviceMemory] Device does not support multicasting.. This is expected on GPUs without NVSwitch (e.g., NVLink bridge-only or PCIe topologies).
(Worker_PP2_TP0 pid=1115783) WARNING 08-22 18:18:55 [flashinfer_all_reduce.py:78] Failed to initialize FlashInfer All Reduce workspace: [SymmDeviceMemory] Device does not support multicasting.. This is expected on GPUs without NVSwitch (e.g., NVLink bridge-only or PCIe topologies).
(Worker_PP2_TP0 pid=1115783) WARNING 08-22 18:18:55 [flashinfer_all_reduce.py:78] Failed to initialize FlashInfer All Reduce workspace: [SymmDeviceMemory] Device does not support multicasting.. This is expected on GPUs without NVSwitch (e.g., NVLink bridge-only or PCIe topologies).
(Worker_PP2_TP0 pid=1115783) WARNING 08-22 18:18:55 [flashinfer_all_reduce.py:78] Failed to initialize FlashInfer All Reduce workspace: [SymmDeviceMemory] Device does not support multicasting.. This is expected on GPUs without NVSwitch (e.g., NVLink bridge-only or PCIe topologies).
(Worker_PP2_TP1 pid=1115784) [k3t r?] step=53 tok=1 step=95.91ms | KDA: n=22 attn=18.8ms mlp=45.8ms other=0.6ms tot=65.1ms | full: n=9 attn=12.4ms mlp=18.1ms other=0.2ms tot=30.7ms | ALL: attn=31.2ms mlp=63.9ms model=95.9ms
(Worker_PP2_TP2 pid=1115785) [k3t r?] step=53 tok=1 step=95.91ms | KDA: n=22 attn=18.8ms mlp=45.8ms other=0.6ms tot=65.1ms | full: n=9 attn=12.4ms mlp=18.1ms other=0.2ms tot=30.7ms | ALL: attn=31.2ms mlp=63.9ms model=95.9ms
(Worker_PP2_TP5 pid=1115788) [k3t r?] step=53 tok=1 step=95.90ms | KDA: n=22 attn=18.8ms mlp=45.7ms other=0.6ms tot=65.1ms | full: n=9 attn=12.4ms mlp=18.1ms other=0.2ms tot=30.7ms | ALL: attn=31.2ms mlp=63.9ms model=95.9ms
(Worker_PP2_TP7 pid=1115790) [k3t r?] step=53 tok=1 step=95.91ms | KDA: n=22 attn=18.8ms mlp=45.7ms other=0.6ms tot=65.1ms | full: n=9 attn=12.4ms mlp=18.1ms other=0.2ms tot=30.7ms | ALL: attn=31.2ms mlp=63.9ms model=95.9ms
(Worker_PP2_TP4 pid=1115787) [k3t r?] step=53 tok=1 step=95.90ms | KDA: n=22 attn=18.8ms mlp=45.8ms other=0.6ms tot=65.1ms | full: n=9 attn=12.4ms mlp=18.1ms other=0.2ms tot=30.7ms | ALL: attn=31.2ms mlp=63.9ms model=95.9ms
(Worker_PP2_TP3 pid=1115786) [k3t r?] step=53 tok=1 step=95.91ms | KDA: n=22 attn=18.8ms mlp=45.8ms other=0.6ms tot=65.1ms | full: n=9 attn=12.4ms mlp=18.1ms other=0.2ms tot=30.7ms | ALL: attn=31.2ms mlp=63.9ms model=95.9ms
(Worker_PP2_TP6 pid=1115789) [k3t r?] step=53 tok=1 step=95.90ms | KDA: n=22 attn=18.7ms mlp=45.8ms other=0.6ms tot=65.1ms | full: n=9 attn=12.4ms mlp=18.1ms other=0.2ms tot=30.7ms | ALL: attn=31.1ms mlp=63.9ms model=95.9ms
(Worker_PP2_TP0 pid=1115783) [k3t r?] step=53 tok=1 step=96.43ms | KDA: n=22 attn=9.9ms mlp=44.8ms other=8.9ms tot=63.7ms | full: n=9 attn=8.7ms mlp=17.9ms other=3.7ms tot=30.3ms | ALL: attn=18.6ms mlp=62.7ms model=96.4ms
(Worker_PP2_TP7 pid=1115790) [k3t r?] logits=0.7ms step_tot=97.8ms
(Worker_PP2_TP1 pid=1115784) [k3t r?] logits=0.7ms step_tot=97.8ms
(Worker_PP2_TP2 pid=1115785) [k3t r?] logits=0.7ms step_tot=97.8ms
(Worker_PP2_TP6 pid=1115789) [k3t r?] logits=0.6ms step_tot=97.8ms
(Worker_PP2_TP3 pid=1115786) [k3t r?] logits=0.7ms step_tot=97.8ms
(Worker_PP2_TP4 pid=1115787) [k3t r?] logits=0.7ms step_tot=97.8ms
(Worker_PP2_TP5 pid=1115788) [k3t r?] logits=0.7ms step_tot=97.8ms
(Worker_PP2_TP0 pid=1115783) [k3t r?] logits=0.3ms step_tot=97.9ms
(Worker_PP2_TP0 pid=1115783) WARNING 08-22 18:18:55 [flashinfer_all_reduce.py:78] Failed to initialize FlashInfer All Reduce workspace: [SymmDeviceMemory] Device does not support multicasting.. This is expected on GPUs without NVSwitch (e.g., NVLink bridge-only or PCIe topologies).
(Worker_PP2_TP0 pid=1115783) WARNING 08-22 18:18:55 [flashinfer_all_reduce.py:78] Failed to initialize FlashInfer All Reduce workspace: [SymmDeviceMemory] Device does not support multicasting.. This is expected on GPUs without NVSwitch (e.g., NVLink bridge-only or PCIe topologies).
(Worker_PP2_TP0 pid=1115783) WARNING 08-22 18:18:55 [flashinfer_all_reduce.py:78] Failed to initialize FlashInfer All Reduce workspace: [SymmDeviceMemory] Device does not support multicasting.. This is expected on GPUs without NVSwitch (e.g., NVLink bridge-only or PCIe topologies).
(Worker_PP2_TP0 pid=1115783) WARNING 08-22 18:18:55 [flashinfer_all_reduce.py:78] Failed to initialize FlashInfer All Reduce workspace: [SymmDeviceMemory] Device does not support multicasting.. This is expected on GPUs without NVSwitch (e.g., NVLink bridge-only or PCIe topologies).
(Worker_PP2_TP0 pid=1115783) WARNING 08-22 18:18:55 [flashinfer_all_reduce.py:78] Failed to initialize FlashInfer All Reduce workspace: [SymmDeviceMemory] Device does not support multicasting.. This is expected on GPUs without NVSwitch (e.g., NVLink bridge-only or PCIe topologies).
(Worker_PP2_TP0 pid=1115783) WARNING 08-22 18:18:55 [flashinfer_all_reduce.py:78] Failed to initialize FlashInfer All Reduce workspace: [SymmDeviceMemory] Device does not support multicasting.. This is expected on GPUs without NVSwitch (e.g., NVLink bridge-only or PCIe topologies).
(Worker_PP2_TP0 pid=1115783) WARNING 08-22 18:18:55 [flashinfer_all_reduce.py:78] Failed to initialize FlashInfer All Reduce workspace: [SymmDeviceMemory] Device does not support multicasting.. This is expected on GPUs without NVSwitch (e.g., NVLink bridge-only or PCIe topologies).
(Worker_PP2_TP0 pid=1115783) WARNING 08-22 18:18:55 [flashinfer_all_reduce.py:78] Failed to initialize FlashInfer All Reduce workspace: [SymmDeviceMemory] Device does not support multicasting.. This is expected on GPUs without NVSwitch (e.g., NVLink bridge-only or PCIe topologies).
(Worker_PP2_TP0 pid=1115783) WARNING 08-22 18:18:55 [flashinfer_all_reduce.py:78] Failed to initialize FlashInfer All Reduce workspace: [SymmDeviceMemory] Device does not support multicasting.. This is expected on GPUs without NVSwitch (e.g., NVLink bridge-only or PCIe topologies).
(Worker_PP2_TP0 pid=1115783) WARNING 08-22 18:18:55 [flashinfer_all_reduce.py:78] Failed to initialize FlashInfer All Reduce workspace: [SymmDeviceMemory] Device does not support multicasting.. This is expected on GPUs without NVSwitch (e.g., NVLink bridge-only or PCIe topologies).
(Worker_PP2_TP0 pid=1115783) WARNING 08-22 18:18:55 [flashinfer_all_reduce.py:78] Failed to initialize FlashInfer All Reduce workspace: [SymmDeviceMemory] Device does not support multicasting.. This is expected on GPUs without NVSwitch (e.g., NVLink bridge-only or PCIe topologies).
(Worker_PP2_TP0 pid=1115783) WARNING 08-22 18:18:55 [flashinfer_all_reduce.py:78] Failed to initialize FlashInfer All Reduce workspace: [SymmDeviceMemory] Device does not support multicasting.. This is expected on GPUs without NVSwitch (e.g., NVLink bridge-only or PCIe topologies).
(Worker_PP2_TP0 pid=1115783) WARNING 08-22 18:18:55 [flashinfer_all_reduce.py:78] Failed to initialize FlashInfer All Reduce workspace: [SymmDeviceMemory] Device does not support multicasting.. This is expected on GPUs without NVSwitch (e.g., NVLink bridge-only or PCIe topologies).
(Worker_PP2_TP0 pid=1115783) WARNING 08-22 18:18:55 [flashinfer_all_reduce.py:78] Failed to initialize FlashInfer All Reduce workspace: [SymmDeviceMemory] Device does not support multicasting.. This is expected on GPUs without NVSwitch (e.g., NVLink bridge-only or PCIe topologies).
(Worker_PP2_TP0 pid=1115783) WARNING 08-22 18:18:55 [flashinfer_all_reduce.py:78] Failed to initialize FlashInfer All Reduce workspace: [SymmDeviceMemory] Device does not support multicasting.. This is expected on GPUs without NVSwitch (e.g., NVLink bridge-only or PCIe topologies).
(Worker_PP2_TP0 pid=1115783) WARNING 08-22 18:18:55 [flashinfer_all_reduce.py:78] Failed to initialize FlashInfer All Reduce workspace: [SymmDeviceMemory] Device does not support multicasting.. This is expected on GPUs without NVSwitch (e.g., NVLink bridge-only or PCIe topologies).
(Worker_PP2_TP0 pid=1115783) WARNING 08-22 18:18:55 [flashinfer_all_reduce.py:78] Failed to initialize FlashInfer All Reduce workspace: [SymmDeviceMemory] Device does not support multicasting.. This is expected on GPUs without NVSwitch (e.g., NVLink bridge-only or PCIe topologies).
(Worker_PP2_TP0 pid=1115783) WARNING 08-22 18:18:55 [flashinfer_all_reduce.py:78] Failed to initialize FlashInfer All Reduce workspace: [SymmDeviceMemory] Device does not support multicasting.. This is expected on GPUs without NVSwitch (e.g., NVLink bridge-only or PCIe topologies).
(Worker_PP2_TP0 pid=1115783) WARNING 08-22 18:18:55 [flashinfer_all_reduce.py:78] Failed to initialize FlashInfer All Reduce workspace: [SymmDeviceMemory] Device does not support multicasting.. This is expected on GPUs without NVSwitch (e.g., NVLink bridge-only or PCIe topologies).
(Worker_PP2_TP0 pid=1115783) WARNING 08-22 18:18:55 [flashinfer_all_reduce.py:78] Failed to initialize FlashInfer All Reduce workspace: [SymmDeviceMemory] Device does not support multicasting.. This is expected on GPUs without NVSwitch (e.g., NVLink bridge-only or PCIe topologies).
(Worker_PP2_TP0 pid=1115783) WARNING 08-22 18:18:55 [flashinfer_all_reduce.py:78] Failed to initialize FlashInfer All Reduce workspace: [SymmDeviceMemory] Device does not support multicasting.. This is expected on GPUs without NVSwitch (e.g., NVLink bridge-only or PCIe topologies).
(Worker_PP2_TP0 pid=1115783) WARNING 08-22 18:18:55 [flashinfer_all_reduce.py:78] Failed to initialize FlashInfer All Reduce workspace: [SymmDeviceMemory] Device does not support multicasting.. This is expected on GPUs without NVSwitch (e.g., NVLink bridge-only or PCIe topologies).
(Worker_PP2_TP0 pid=1115783) WARNING 08-22 18:18:55 [flashinfer_all_reduce.py:78] Failed to initialize FlashInfer All Reduce workspace: [SymmDeviceMemory] Device does not support multicasting.. This is expected on GPUs without NVSwitch (e.g., NVLink bridge-only or PCIe topologies).
(Worker_PP2_TP0 pid=1115783) WARNING 08-22 18:18:55 [flashinfer_all_reduce.py:78] Failed to initialize FlashInfer All Reduce workspace: [SymmDeviceMemory] Device does not support multicasting.. This is expected on GPUs without NVSwitch (e.g., NVLink bridge-only or PCIe topologies).
(Worker_PP2_TP0 pid=1115783) WARNING 08-22 18:18:55 [flashinfer_all_reduce.py:78] Failed to initialize FlashInfer All Reduce workspace: [SymmDeviceMemory] Device does not support multicasting.. This is expected on GPUs without NVSwitch (e.g., NVLink bridge-only or PCIe topologies).
(Worker_PP2_TP0 pid=1115783) WARNING 08-22 18:18:55 [flashinfer_all_reduce.py:78] Failed to initialize FlashInfer All Reduce workspace: [SymmDeviceMemory] Device does not support multicasting.. This is expected on GPUs without NVSwitch (e.g., NVLink bridge-only or PCIe topologies).
(Worker_PP2_TP0 pid=1115783) WARNING 08-22 18:18:55 [flashinfer_all_reduce.py:78] Failed to initialize FlashInfer All Reduce workspace: [SymmDeviceMemory] Device does not support multicasting.. This is expected on GPUs without NVSwitch (e.g., NVLink bridge-only or PCIe topologies).
(Worker_PP2_TP0 pid=1115783) WARNING 08-22 18:18:55 [flashinfer_all_reduce.py:78] Failed to initialize FlashInfer All Reduce workspace: [SymmDeviceMemory] Device does not support multicasting.. This is expected on GPUs without NVSwitch (e.g., NVLink bridge-only or PCIe topologies).
(Worker_PP2_TP0 pid=1115783) WARNING 08-22 18:18:55 [flashinfer_all_reduce.py:78] Failed to initialize FlashInfer All Reduce workspace: [SymmDeviceMemory] Device does not support multicasting.. This is expected on GPUs without NVSwitch (e.g., NVLink bridge-only or PCIe topologies).
(Worker_PP2_TP0 pid=1115783) WARNING 08-22 18:18:55 [flashinfer_all_reduce.py:78] Failed to initialize FlashInfer All Reduce workspace: [SymmDeviceMemory] Device does not support multicasting.. This is expected on GPUs without NVSwitch (e.g., NVLink bridge-only or PCIe topologies).
(Worker_PP2_TP0 pid=1115783) WARNING 08-22 18:18:55 [flashinfer_all_reduce.py:78] Failed to initialize FlashInfer All Reduce workspace: [SymmDeviceMemory] Device does not support multicasting.. This is expected on GPUs without NVSwitch (e.g., NVLink bridge-only or PCIe topologies).
(Worker_PP2_TP5 pid=1115788) [k3t r?] step=54 tok=1 step=90.72ms | KDA: n=22 attn=17.0ms mlp=42.2ms other=0.6ms tot=59.7ms | full: n=9 attn=12.6ms mlp=18.0ms other=0.2ms tot=30.9ms | ALL: attn=29.6ms mlp=60.2ms model=90.7ms
(Worker_PP2_TP1 pid=1115784) [k3t r?] step=54 tok=1 step=90.71ms | KDA: n=22 attn=17.0ms mlp=42.2ms other=0.6ms tot=59.8ms | full: n=9 attn=12.6ms mlp=18.0ms other=0.2ms tot=30.9ms | ALL: attn=29.6ms mlp=60.3ms model=90.7ms
(Worker_PP2_TP2 pid=1115785) [k3t r?] step=54 tok=1 step=90.71ms | KDA: n=22 attn=17.0ms mlp=42.2ms other=0.6ms tot=59.8ms | full: n=9 attn=12.6ms mlp=18.0ms other=0.2ms tot=30.9ms | ALL: attn=29.6ms mlp=60.3ms model=90.7ms
(Worker_PP2_TP7 pid=1115790) [k3t r?] step=54 tok=1 step=90.72ms | KDA: n=22 attn=17.0ms mlp=42.2ms other=0.6ms tot=59.8ms | full: n=9 attn=12.6ms mlp=18.0ms other=0.2ms tot=30.9ms | ALL: attn=29.6ms mlp=60.3ms model=90.7ms
(Worker_PP2_TP4 pid=1115787) [k3t r?] step=54 tok=1 step=90.71ms | KDA: n=22 attn=17.0ms mlp=42.2ms other=0.6ms tot=59.8ms | full: n=9 attn=12.6ms mlp=18.0ms other=0.2ms tot=30.9ms | ALL: attn=29.6ms mlp=60.3ms model=90.7ms
(Worker_PP2_TP6 pid=1115789) [k3t r?] step=54 tok=1 step=90.72ms | KDA: n=22 attn=17.0ms mlp=42.2ms other=0.6ms tot=59.8ms | full: n=9 attn=12.6ms mlp=18.0ms other=0.2ms tot=30.9ms | ALL: attn=29.5ms mlp=60.3ms model=90.7ms
(Worker_PP2_TP3 pid=1115786) [k3t r?] step=54 tok=1 step=90.71ms | KDA: n=22 attn=16.9ms mlp=42.2ms other=0.6ms tot=59.8ms | full: n=9 attn=12.6ms mlp=18.0ms other=0.2ms tot=30.9ms | ALL: attn=29.5ms mlp=60.3ms model=90.7ms
(Worker_PP2_TP0 pid=1115783) [k3t r?] step=54 tok=1 step=91.22ms | KDA: n=22 attn=9.0ms mlp=41.5ms other=8.2ms tot=58.8ms | full: n=9 attn=8.7ms mlp=17.8ms other=3.8ms tot=30.3ms | ALL: attn=17.7ms mlp=59.4ms model=91.2ms
(Worker_PP2_TP7 pid=1115790) [k3t r?] logits=0.7ms step_tot=92.6ms
(Worker_PP2_TP3 pid=1115786) [k3t r?] logits=0.7ms step_tot=92.6ms
(Worker_PP2_TP4 pid=1115787) [k3t r?] logits=0.7ms step_tot=92.6ms
(Worker_PP2_TP6 pid=1115789) [k3t r?] logits=0.7ms step_tot=92.6ms
(Worker_PP2_TP2 pid=1115785) [k3t r?] logits=0.7ms step_tot=92.6ms
(Worker_PP2_TP1 pid=1115784) [k3t r?] logits=0.7ms step_tot=92.6ms
(Worker_PP2_TP5 pid=1115788) [k3t r?] logits=0.6ms step_tot=92.7ms
(Worker_PP2_TP0 pid=1115783) [k3t r?] logits=0.4ms step_tot=92.7ms
(Worker_PP2_TP0 pid=1115783) WARNING 08-22 18:18:56 [flashinfer_all_reduce.py:78] Failed to initialize FlashInfer All Reduce workspace: [SymmDeviceMemory] Device does not support multicasting.. This is expected on GPUs without NVSwitch (e.g., NVLink bridge-only or PCIe topologies).
(Worker_PP2_TP0 pid=1115783) WARNING 08-22 18:18:56 [flashinfer_all_reduce.py:78] Failed to initialize FlashInfer All Reduce workspace: [SymmDeviceMemory] Device does not support multicasting.. This is expected on GPUs without NVSwitch (e.g., NVLink bridge-only or PCIe topologies).
(Worker_PP2_TP0 pid=1115783) WARNING 08-22 18:18:56 [flashinfer_all_reduce.py:78] Failed to initialize FlashInfer All Reduce workspace: [SymmDeviceMemory] Device does not support multicasting.. This is expected on GPUs without NVSwitch (e.g., NVLink bridge-only or PCIe topologies).
(Worker_PP2_TP0 pid=1115783) WARNING 08-22 18:18:56 [flashinfer_all_reduce.py:78] Failed to initialize FlashInfer All Reduce workspace: [SymmDeviceMemory] Device does not support multicasting.. This is expected on GPUs without NVSwitch (e.g., NVLink bridge-only or PCIe topologies).
(Worker_PP2_TP0 pid=1115783) WARNING 08-22 18:18:56 [flashinfer_all_reduce.py:78] Failed to initialize FlashInfer All Reduce workspace: [SymmDeviceMemory] Device does not support multicasting.. This is expected on GPUs without NVSwitch (e.g., NVLink bridge-only or PCIe topologies).
(Worker_PP2_TP0 pid=1115783) WARNING 08-22 18:18:56 [flashinfer_all_reduce.py:78] Failed to initialize FlashInfer All Reduce workspace: [SymmDeviceMemory] Device does not support multicasting.. This is expected on GPUs without NVSwitch (e.g., NVLink bridge-only or PCIe topologies).
(Worker_PP2_TP0 pid=1115783) WARNING 08-22 18:18:56 [flashinfer_all_reduce.py:78] Failed to initialize FlashInfer All Reduce workspace: [SymmDeviceMemory] Device does not support multicasting.. This is expected on GPUs without NVSwitch (e.g., NVLink bridge-only or PCIe topologies).
(Worker_PP2_TP0 pid=1115783) WARNING 08-22 18:18:56 [flashinfer_all_reduce.py:78] Failed to initialize FlashInfer All Reduce workspace: [SymmDeviceMemory] Device does not support multicasting.. This is expected on GPUs without NVSwitch (e.g., NVLink bridge-only or PCIe topologies).
(Worker_PP2_TP0 pid=1115783) WARNING 08-22 18:18:56 [flashinfer_all_reduce.py:78] Failed to initialize FlashInfer All Reduce workspace: [SymmDeviceMemory] Device does not support multicasting.. This is expected on GPUs without NVSwitch (e.g., NVLink bridge-only or PCIe topologies).
(Worker_PP2_TP0 pid=1115783) WARNING 08-22 18:18:56 [flashinfer_all_reduce.py:78] Failed to initialize FlashInfer All Reduce workspace: [SymmDeviceMemory] Device does not support multicasting.. This is expected on GPUs without NVSwitch (e.g., NVLink bridge-only or PCIe topologies).
(Worker_PP2_TP0 pid=1115783) WARNING 08-22 18:18:56 [flashinfer_all_reduce.py:78] Failed to initialize FlashInfer All Reduce workspace: [SymmDeviceMemory] Device does not support multicasting.. This is expected on GPUs without NVSwitch (e.g., NVLink bridge-only or PCIe topologies).
(Worker_PP2_TP0 pid=1115783) WARNING 08-22 18:18:56 [flashinfer_all_reduce.py:78] Failed to initialize FlashInfer All Reduce workspace: [SymmDeviceMemory] Device does not support multicasting.. This is expected on GPUs without NVSwitch (e.g., NVLink bridge-only or PCIe topologies).
(Worker_PP2_TP0 pid=1115783) WARNING 08-22 18:18:56 [flashinfer_all_reduce.py:78] Failed to initialize FlashInfer All Reduce workspace: [SymmDeviceMemory] Device does not support multicasting.. This is expected on GPUs without NVSwitch (e.g., NVLink bridge-only or PCIe topologies).
(Worker_PP2_TP0 pid=1115783) WARNING 08-22 18:18:56 [flashinfer_all_reduce.py:78] Failed to initialize FlashInfer All Reduce workspace: [SymmDeviceMemory] Device does not support multicasting.. This is expected on GPUs without NVSwitch (e.g., NVLink bridge-only or PCIe topologies).
(Worker_PP2_TP0 pid=1115783) WARNING 08-22 18:18:56 [flashinfer_all_reduce.py:78] Failed to initialize FlashInfer All Reduce workspace: [SymmDeviceMemory] Device does not support multicasting.. This is expected on GPUs without NVSwitch (e.g., NVLink bridge-only or PCIe topologies).
(Worker_PP2_TP0 pid=1115783) WARNING 08-22 18:18:56 [flashinfer_all_reduce.py:78] Failed to initialize FlashInfer All Reduce workspace: [SymmDeviceMemory] Device does not support multicasting.. This is expected on GPUs without NVSwitch (e.g., NVLink bridge-only or PCIe topologies).
(Worker_PP2_TP0 pid=1115783) WARNING 08-22 18:18:56 [flashinfer_all_reduce.py:78] Failed to initialize FlashInfer All Reduce workspace: [SymmDeviceMemory] Device does not support multicasting.. This is expected on GPUs without NVSwitch (e.g., NVLink bridge-only or PCIe topologies).
(Worker_PP2_TP0 pid=1115783) WARNING 08-22 18:18:56 [flashinfer_all_reduce.py:78] Failed to initialize FlashInfer All Reduce workspace: [SymmDeviceMemory] Device does not support multicasting.. This is expected on GPUs without NVSwitch (e.g., NVLink bridge-only or PCIe topologies).
(Worker_PP2_TP0 pid=1115783) WARNING 08-22 18:18:56 [flashinfer_all_reduce.py:78] Failed to initialize FlashInfer All Reduce workspace: [SymmDeviceMemory] Device does not support multicasting.. This is expected on GPUs without NVSwitch (e.g., NVLink bridge-only or PCIe topologies).
(Worker_PP2_TP0 pid=1115783) WARNING 08-22 18:18:56 [flashinfer_all_reduce.py:78] Failed to initialize FlashInfer All Reduce workspace: [SymmDeviceMemory] Device does not support multicasting.. This is expected on GPUs without NVSwitch (e.g., NVLink bridge-only or PCIe topologies).
(Worker_PP2_TP0 pid=1115783) WARNING 08-22 18:18:56 [flashinfer_all_reduce.py:78] Failed to initialize FlashInfer All Reduce workspace: [SymmDeviceMemory] Device does not support multicasting.. This is expected on GPUs without NVSwitch (e.g., NVLink bridge-only or PCIe topologies).
(Worker_PP2_TP0 pid=1115783) WARNING 08-22 18:18:56 [flashinfer_all_reduce.py:78] Failed to initialize FlashInfer All Reduce workspace: [SymmDeviceMemory] Device does not support multicasting.. This is expected on GPUs without NVSwitch (e.g., NVLink bridge-only or PCIe topologies).
(Worker_PP2_TP0 pid=1115783) WARNING 08-22 18:18:56 [flashinfer_all_reduce.py:78] Failed to initialize FlashInfer All Reduce workspace: [SymmDeviceMemory] Device does not support multicasting.. This is expected on GPUs without NVSwitch (e.g., NVLink bridge-only or PCIe topologies).
(Worker_PP2_TP0 pid=1115783) WARNING 08-22 18:18:56 [flashinfer_all_reduce.py:78] Failed to initialize FlashInfer All Reduce workspace: [SymmDeviceMemory] Device does not support multicasting.. This is expected on GPUs without NVSwitch (e.g., NVLink bridge-only or PCIe topologies).
(Worker_PP2_TP0 pid=1115783) WARNING 08-22 18:18:56 [flashinfer_all_reduce.py:78] Failed to initialize FlashInfer All Reduce workspace: [SymmDeviceMemory] Device does not support multicasting.. This is expected on GPUs without NVSwitch (e.g., NVLink bridge-only or PCIe topologies).
(Worker_PP2_TP0 pid=1115783) WARNING 08-22 18:18:56 [flashinfer_all_reduce.py:78] Failed to initialize FlashInfer All Reduce workspace: [SymmDeviceMemory] Device does not support multicasting.. This is expected on GPUs without NVSwitch (e.g., NVLink bridge-only or PCIe topologies).
(Worker_PP2_TP0 pid=1115783) WARNING 08-22 18:18:56 [flashinfer_all_reduce.py:78] Failed to initialize FlashInfer All Reduce workspace: [SymmDeviceMemory] Device does not support multicasting.. This is expected on GPUs without NVSwitch (e.g., NVLink bridge-only or PCIe topologies).
(Worker_PP2_TP0 pid=1115783) WARNING 08-22 18:18:56 [flashinfer_all_reduce.py:78] Failed to initialize FlashInfer All Reduce workspace: [SymmDeviceMemory] Device does not support multicasting.. This is expected on GPUs without NVSwitch (e.g., NVLink bridge-only or PCIe topologies).
(Worker_PP2_TP0 pid=1115783) WARNING 08-22 18:18:56 [flashinfer_all_reduce.py:78] Failed to initialize FlashInfer All Reduce workspace: [SymmDeviceMemory] Device does not support multicasting.. This is expected on GPUs without NVSwitch (e.g., NVLink bridge-only or PCIe topologies).
(Worker_PP2_TP0 pid=1115783) WARNING 08-22 18:18:56 [flashinfer_all_reduce.py:78] Failed to initialize FlashInfer All Reduce workspace: [SymmDeviceMemory] Device does not support multicasting.. This is expected on GPUs without NVSwitch (e.g., NVLink bridge-only or PCIe topologies).
(Worker_PP2_TP0 pid=1115783) WARNING 08-22 18:18:56 [flashinfer_all_reduce.py:78] Failed to initialize FlashInfer All Reduce workspace: [SymmDeviceMemory] Device does not support multicasting.. This is expected on GPUs without NVSwitch (e.g., NVLink bridge-only or PCIe topologies).
(Worker_PP2_TP1 pid=1115784) [k3t r?] step=55 tok=1 step=90.65ms | KDA: n=22 attn=17.1ms mlp=41.9ms other=0.6ms tot=59.6ms | full: n=9 attn=12.1ms mlp=18.6ms other=0.2ms tot=31.0ms | ALL: attn=29.2ms mlp=60.5ms model=90.7ms
(Worker_PP2_TP7 pid=1115790) [k3t r?] step=55 tok=1 step=90.65ms | KDA: n=22 attn=17.1ms mlp=41.9ms other=0.6ms tot=59.6ms | full: n=9 attn=12.1ms mlp=18.6ms other=0.2ms tot=31.0ms | ALL: attn=29.2ms mlp=60.5ms model=90.7ms
(Worker_PP2_TP2 pid=1115785) [k3t r?] step=55 tok=1 step=90.65ms | KDA: n=22 attn=17.2ms mlp=41.9ms other=0.6ms tot=59.6ms | full: n=9 attn=12.1ms mlp=18.6ms other=0.2ms tot=31.0ms | ALL: attn=29.3ms mlp=60.5ms model=90.7ms
(Worker_PP2_TP3 pid=1115786) [k3t r?] step=55 tok=1 step=90.65ms | KDA: n=22 attn=17.1ms mlp=41.9ms other=0.6ms tot=59.6ms | full: n=9 attn=12.1ms mlp=18.6ms other=0.2ms tot=31.0ms | ALL: attn=29.2ms mlp=60.5ms model=90.7ms
(Worker_PP2_TP4 pid=1115787) [k3t r?] step=55 tok=1 step=90.65ms | KDA: n=22 attn=17.2ms mlp=41.9ms other=0.6ms tot=59.6ms | full: n=9 attn=12.1ms mlp=18.6ms other=0.2ms tot=31.0ms | ALL: attn=29.3ms mlp=60.5ms model=90.7ms
(Worker_PP2_TP6 pid=1115789) [k3t r?] step=55 tok=1 step=90.65ms | KDA: n=22 attn=17.1ms mlp=41.9ms other=0.6ms tot=59.6ms | full: n=9 attn=12.1ms mlp=18.6ms other=0.2ms tot=31.0ms | ALL: attn=29.2ms mlp=60.5ms model=90.7ms
(Worker_PP2_TP5 pid=1115788) [k3t r?] step=55 tok=1 step=90.65ms | KDA: n=22 attn=17.0ms mlp=42.0ms other=0.8ms tot=59.8ms | full: n=9 attn=11.7ms mlp=18.4ms other=0.6ms tot=30.7ms | ALL: attn=28.7ms mlp=60.4ms model=90.7ms
(Worker_PP2_TP0 pid=1115783) [k3t r?] step=55 tok=1 step=91.07ms | KDA: n=22 attn=9.1ms mlp=41.5ms other=7.7ms tot=58.4ms | full: n=9 attn=8.9ms mlp=17.7ms other=3.7ms tot=30.3ms | ALL: attn=18.1ms mlp=59.2ms model=91.1ms
(Worker_PP2_TP5 pid=1115788) [k3t r?] logits=0.6ms step_tot=92.4ms
(Worker_PP2_TP6 pid=1115789) [k3t r?] logits=0.6ms step_tot=92.4ms
(Worker_PP2_TP1 pid=1115784) [k3t r?] logits=0.6ms step_tot=92.4ms
(Worker_PP2_TP4 pid=1115787) [k3t r?] logits=0.6ms step_tot=92.4ms
(Worker_PP2_TP7 pid=1115790) [k3t r?] logits=0.6ms step_tot=92.4ms
(Worker_PP2_TP2 pid=1115785) [k3t r?] logits=0.6ms step_tot=92.4ms
(Worker_PP2_TP3 pid=1115786) [k3t r?] logits=0.6ms step_tot=92.4ms
(Worker_PP2_TP0 pid=1115783) [k3t r?] logits=0.3ms step_tot=92.6ms
(Worker_PP2_TP0 pid=1115783) WARNING 08-22 18:18:56 [flashinfer_all_reduce.py:78] Failed to initialize FlashInfer All Reduce workspace: [SymmDeviceMemory] Device does not support multicasting.. This is expected on GPUs without NVSwitch (e.g., NVLink bridge-only or PCIe topologies).
(Worker_PP2_TP0 pid=1115783) WARNING 08-22 18:18:56 [flashinfer_all_reduce.py:78] Failed to initialize FlashInfer All Reduce workspace: [SymmDeviceMemory] Device does not support multicasting.. This is expected on GPUs without NVSwitch (e.g., NVLink bridge-only or PCIe topologies).
(Worker_PP2_TP0 pid=1115783) WARNING 08-22 18:18:56 [flashinfer_all_reduce.py:78] Failed to initialize FlashInfer All Reduce workspace: [SymmDeviceMemory] Device does not support multicasting.. This is expected on GPUs without NVSwitch (e.g., NVLink bridge-only or PCIe topologies).
(Worker_PP2_TP0 pid=1115783) WARNING 08-22 18:18:56 [flashinfer_all_reduce.py:78] Failed to initialize FlashInfer All Reduce workspace: [SymmDeviceMemory] Device does not support multicasting.. This is expected on GPUs without NVSwitch (e.g., NVLink bridge-only or PCIe topologies).
(Worker_PP2_TP0 pid=1115783) WARNING 08-22 18:18:56 [flashinfer_all_reduce.py:78] Failed to initialize FlashInfer All Reduce workspace: [SymmDeviceMemory] Device does not support multicasting.. This is expected on GPUs without NVSwitch (e.g., NVLink bridge-only or PCIe topologies).
(Worker_PP2_TP0 pid=1115783) WARNING 08-22 18:18:56 [flashinfer_all_reduce.py:78] Failed to initialize FlashInfer All Reduce workspace: [SymmDeviceMemory] Device does not support multicasting.. This is expected on GPUs without NVSwitch (e.g., NVLink bridge-only or PCIe topologies).
(Worker_PP2_TP0 pid=1115783) WARNING 08-22 18:18:56 [flashinfer_all_reduce.py:78] Failed to initialize FlashInfer All Reduce workspace: [SymmDeviceMemory] Device does not support multicasting.. This is expected on GPUs without NVSwitch (e.g., NVLink bridge-only or PCIe topologies).
(Worker_PP2_TP0 pid=1115783) WARNING 08-22 18:18:56 [flashinfer_all_reduce.py:78] Failed to initialize FlashInfer All Reduce workspace: [SymmDeviceMemory] Device does not support multicasting.. This is expected on GPUs without NVSwitch (e.g., NVLink bridge-only or PCIe topologies).
(Worker_PP2_TP0 pid=1115783) WARNING 08-22 18:18:56 [flashinfer_all_reduce.py:78] Failed to initialize FlashInfer All Reduce workspace: [SymmDeviceMemory] Device does not support multicasting.. This is expected on GPUs without NVSwitch (e.g., NVLink bridge-only or PCIe topologies).
(Worker_PP2_TP0 pid=1115783) WARNING 08-22 18:18:56 [flashinfer_all_reduce.py:78] Failed to initialize FlashInfer All Reduce workspace: [SymmDeviceMemory] Device does not support multicasting.. This is expected on GPUs without NVSwitch (e.g., NVLink bridge-only or PCIe topologies).
(Worker_PP2_TP0 pid=1115783) WARNING 08-22 18:18:56 [flashinfer_all_reduce.py:78] Failed to initialize FlashInfer All Reduce workspace: [SymmDeviceMemory] Device does not support multicasting.. This is expected on GPUs without NVSwitch (e.g., NVLink bridge-only or PCIe topologies).
(Worker_PP2_TP0 pid=1115783) WARNING 08-22 18:18:56 [flashinfer_all_reduce.py:78] Failed to initialize FlashInfer All Reduce workspace: [SymmDeviceMemory] Device does not support multicasting.. This is expected on GPUs without NVSwitch (e.g., NVLink bridge-only or PCIe topologies).
(Worker_PP2_TP0 pid=1115783) WARNING 08-22 18:18:56 [flashinfer_all_reduce.py:78] Failed to initialize FlashInfer All Reduce workspace: [SymmDeviceMemory] Device does not support multicasting.. This is expected on GPUs without NVSwitch (e.g., NVLink bridge-only or PCIe topologies).
(Worker_PP2_TP0 pid=1115783) WARNING 08-22 18:18:56 [flashinfer_all_reduce.py:78] Failed to initialize FlashInfer All Reduce workspace: [SymmDeviceMemory] Device does not support multicasting.. This is expected on GPUs without NVSwitch (e.g., NVLink bridge-only or PCIe topologies).
(Worker_PP2_TP0 pid=1115783) WARNING 08-22 18:18:56 [flashinfer_all_reduce.py:78] Failed to initialize FlashInfer All Reduce workspace: [SymmDeviceMemory] Device does not support multicasting.. This is expected on GPUs without NVSwitch (e.g., NVLink bridge-only or PCIe topologies).
(Worker_PP2_TP0 pid=1115783) WARNING 08-22 18:18:56 [flashinfer_all_reduce.py:78] Failed to initialize FlashInfer All Reduce workspace: [SymmDeviceMemory] Device does not support multicasting.. This is expected on GPUs without NVSwitch (e.g., NVLink bridge-only or PCIe topologies).
(Worker_PP2_TP0 pid=1115783) WARNING 08-22 18:18:56 [flashinfer_all_reduce.py:78] Failed to initialize FlashInfer All Reduce workspace: [SymmDeviceMemory] Device does not support multicasting.. This is expected on GPUs without NVSwitch (e.g., NVLink bridge-only or PCIe topologies).
(Worker_PP2_TP0 pid=1115783) WARNING 08-22 18:18:56 [flashinfer_all_reduce.py:78] Failed to initialize FlashInfer All Reduce workspace: [SymmDeviceMemory] Device does not support multicasting.. This is expected on GPUs without NVSwitch (e.g., NVLink bridge-only or PCIe topologies).
(Worker_PP2_TP0 pid=1115783) WARNING 08-22 18:18:56 [flashinfer_all_reduce.py:78] Failed to initialize FlashInfer All Reduce workspace: [SymmDeviceMemory] Device does not support multicasting.. This is expected on GPUs without NVSwitch (e.g., NVLink bridge-only or PCIe topologies).
(Worker_PP2_TP0 pid=1115783) WARNING 08-22 18:18:56 [flashinfer_all_reduce.py:78] Failed to initialize FlashInfer All Reduce workspace: [SymmDeviceMemory] Device does not support multicasting.. This is expected on GPUs without NVSwitch (e.g., NVLink bridge-only or PCIe topologies).
(Worker_PP2_TP0 pid=1115783) WARNING 08-22 18:18:56 [flashinfer_all_reduce.py:78] Failed to initialize FlashInfer All Reduce workspace: [SymmDeviceMemory] Device does not support multicasting.. This is expected on GPUs without NVSwitch (e.g., NVLink bridge-only or PCIe topologies).
(Worker_PP2_TP0 pid=1115783) WARNING 08-22 18:18:56 [flashinfer_all_reduce.py:78] Failed to initialize FlashInfer All Reduce workspace: [SymmDeviceMemory] Device does not support multicasting.. This is expected on GPUs without NVSwitch (e.g., NVLink bridge-only or PCIe topologies).
(Worker_PP2_TP0 pid=1115783) WARNING 08-22 18:18:56 [flashinfer_all_reduce.py:78] Failed to initialize FlashInfer All Reduce workspace: [SymmDeviceMemory] Device does not support multicasting.. This is expected on GPUs without NVSwitch (e.g., NVLink bridge-only or PCIe topologies).
(Worker_PP2_TP0 pid=1115783) WARNING 08-22 18:18:56 [flashinfer_all_reduce.py:78] Failed to initialize FlashInfer All Reduce workspace: [SymmDeviceMemory] Device does not support multicasting.. This is expected on GPUs without NVSwitch (e.g., NVLink bridge-only or PCIe topologies).
(Worker_PP2_TP0 pid=1115783) WARNING 08-22 18:18:56 [flashinfer_all_reduce.py:78] Failed to initialize FlashInfer All Reduce workspace: [SymmDeviceMemory] Device does not support multicasting.. This is expected on GPUs without NVSwitch (e.g., NVLink bridge-only or PCIe topologies).
(Worker_PP2_TP0 pid=1115783) WARNING 08-22 18:18:56 [flashinfer_all_reduce.py:78] Failed to initialize FlashInfer All Reduce workspace: [SymmDeviceMemory] Device does not support multicasting.. This is expected on GPUs without NVSwitch (e.g., NVLink bridge-only or PCIe topologies).
(Worker_PP2_TP0 pid=1115783) WARNING 08-22 18:18:56 [flashinfer_all_reduce.py:78] Failed to initialize FlashInfer All Reduce workspace: [SymmDeviceMemory] Device does not support multicasting.. This is expected on GPUs without NVSwitch (e.g., NVLink bridge-only or PCIe topologies).
(Worker_PP2_TP0 pid=1115783) WARNING 08-22 18:18:56 [flashinfer_all_reduce.py:78] Failed to initialize FlashInfer All Reduce workspace: [SymmDeviceMemory] Device does not support multicasting.. This is expected on GPUs without NVSwitch (e.g., NVLink bridge-only or PCIe topologies).
(Worker_PP2_TP0 pid=1115783) WARNING 08-22 18:18:56 [flashinfer_all_reduce.py:78] Failed to initialize FlashInfer All Reduce workspace: [SymmDeviceMemory] Device does not support multicasting.. This is expected on GPUs without NVSwitch (e.g., NVLink bridge-only or PCIe topologies).
(Worker_PP2_TP0 pid=1115783) WARNING 08-22 18:18:56 [flashinfer_all_reduce.py:78] Failed to initialize FlashInfer All Reduce workspace: [SymmDeviceMemory] Device does not support multicasting.. This is expected on GPUs without NVSwitch (e.g., NVLink bridge-only or PCIe topologies).
(Worker_PP2_TP0 pid=1115783) WARNING 08-22 18:18:56 [flashinfer_all_reduce.py:78] Failed to initialize FlashInfer All Reduce workspace: [SymmDeviceMemory] Device does not support multicasting.. This is expected on GPUs without NVSwitch (e.g., NVLink bridge-only or PCIe topologies).
(Worker_PP2_TP5 pid=1115788) [k3t r?] step=56 tok=1 step=89.99ms | KDA: n=22 attn=15.9ms mlp=42.1ms other=1.4ms tot=59.5ms | full: n=9 attn=11.7ms mlp=17.8ms other=0.7ms tot=30.2ms | ALL: attn=27.7ms mlp=59.9ms model=90.0ms
(Worker_PP2_TP1 pid=1115784) [k3t r?] step=56 tok=1 step=89.99ms | KDA: n=22 attn=17.0ms mlp=42.1ms other=0.6ms tot=59.6ms | full: n=9 attn=12.2ms mlp=17.9ms other=0.2ms tot=30.3ms | ALL: attn=29.2ms mlp=60.0ms model=90.0ms
(Worker_PP2_TP2 pid=1115785) [k3t r?] step=56 tok=1 step=89.99ms | KDA: n=22 attn=17.0ms mlp=42.1ms other=0.6ms tot=59.6ms | full: n=9 attn=12.2ms mlp=17.8ms other=0.2ms tot=30.3ms | ALL: attn=29.2ms mlp=59.9ms model=90.0ms
(Worker_PP2_TP7 pid=1115790) [k3t r?] step=56 tok=1 step=89.99ms | KDA: n=22 attn=17.0ms mlp=42.1ms other=0.6ms tot=59.6ms | full: n=9 attn=12.2ms mlp=17.9ms other=0.2ms tot=30.3ms | ALL: attn=29.2ms mlp=59.9ms model=90.0ms
(Worker_PP2_TP4 pid=1115787) [k3t r?] step=56 tok=1 step=89.99ms | KDA: n=22 attn=17.0ms mlp=42.1ms other=0.6ms tot=59.6ms | full: n=9 attn=12.2ms mlp=17.8ms other=0.2ms tot=30.3ms | ALL: attn=29.2ms mlp=59.9ms model=90.0ms
(Worker_PP2_TP6 pid=1115789) [k3t r?] step=56 tok=1 step=89.99ms | KDA: n=22 attn=17.0ms mlp=42.1ms other=0.6ms tot=59.6ms | full: n=9 attn=12.2ms mlp=17.9ms other=0.2ms tot=30.3ms | ALL: attn=29.1ms mlp=60.0ms model=90.0ms
(Worker_PP2_TP3 pid=1115786) [k3t r?] step=56 tok=1 step=89.99ms | KDA: n=22 attn=17.0ms mlp=42.1ms other=0.6ms tot=59.6ms | full: n=9 attn=12.2ms mlp=17.9ms other=0.2ms tot=30.3ms | ALL: attn=29.1ms mlp=60.0ms model=90.0ms
(Worker_PP2_TP0 pid=1115783) [k3t r?] step=56 tok=1 step=90.50ms | KDA: n=22 attn=8.8ms mlp=41.1ms other=8.4ms tot=58.3ms | full: n=9 attn=8.8ms mlp=17.8ms other=3.5ms tot=30.2ms | ALL: attn=17.6ms mlp=58.9ms model=90.5ms
(Worker_PP2_TP7 pid=1115790) [k3t r?] logits=0.7ms step_tot=91.8ms
(Worker_PP2_TP6 pid=1115789) [k3t r?] logits=0.6ms step_tot=91.8ms
(Worker_PP2_TP3 pid=1115786) [k3t r?] logits=0.6ms step_tot=91.8ms
(Worker_PP2_TP4 pid=1115787) [k3t r?] logits=0.6ms step_tot=91.9ms
(Worker_PP2_TP1 pid=1115784) [k3t r?] logits=0.7ms step_tot=91.9ms
(Worker_PP2_TP2 pid=1115785) [k3t r?] logits=0.7ms step_tot=91.9ms
(Worker_PP2_TP5 pid=1115788) [k3t r?] logits=0.7ms step_tot=91.9ms
(Worker_PP2_TP0 pid=1115783) [k3t r?] logits=0.3ms step_tot=91.9ms
(Worker_PP2_TP0 pid=1115783) WARNING 08-22 18:18:56 [flashinfer_all_reduce.py:78] Failed to initialize FlashInfer All Reduce workspace: [SymmDeviceMemory] Device does not support multicasting.. This is expected on GPUs without NVSwitch (e.g., NVLink bridge-only or PCIe topologies).
(Worker_PP2_TP0 pid=1115783) WARNING 08-22 18:18:56 [flashinfer_all_reduce.py:78] Failed to initialize FlashInfer All Reduce workspace: [SymmDeviceMemory] Device does not support multicasting.. This is expected on GPUs without NVSwitch (e.g., NVLink bridge-only or PCIe topologies).
(Worker_PP2_TP0 pid=1115783) WARNING 08-22 18:18:56 [flashinfer_all_reduce.py:78] Failed to initialize FlashInfer All Reduce workspace: [SymmDeviceMemory] Device does not support multicasting.. This is expected on GPUs without NVSwitch (e.g., NVLink bridge-only or PCIe topologies).
(Worker_PP2_TP0 pid=1115783) WARNING 08-22 18:18:56 [flashinfer_all_reduce.py:78] Failed to initialize FlashInfer All Reduce workspace: [SymmDeviceMemory] Device does not support multicasting.. This is expected on GPUs without NVSwitch (e.g., NVLink bridge-only or PCIe topologies).
(Worker_PP2_TP0 pid=1115783) WARNING 08-22 18:18:56 [flashinfer_all_reduce.py:78] Failed to initialize FlashInfer All Reduce workspace: [SymmDeviceMemory] Device does not support multicasting.. This is expected on GPUs without NVSwitch (e.g., NVLink bridge-only or PCIe topologies).
(Worker_PP2_TP0 pid=1115783) WARNING 08-22 18:18:56 [flashinfer_all_reduce.py:78] Failed to initialize FlashInfer All Reduce workspace: [SymmDeviceMemory] Device does not support multicasting.. This is expected on GPUs without NVSwitch (e.g., NVLink bridge-only or PCIe topologies).
(Worker_PP2_TP0 pid=1115783) WARNING 08-22 18:18:56 [flashinfer_all_reduce.py:78] Failed to initialize FlashInfer All Reduce workspace: [SymmDeviceMemory] Device does not support multicasting.. This is expected on GPUs without NVSwitch (e.g., NVLink bridge-only or PCIe topologies).
(Worker_PP2_TP0 pid=1115783) WARNING 08-22 18:18:56 [flashinfer_all_reduce.py:78] Failed to initialize FlashInfer All Reduce workspace: [SymmDeviceMemory] Device does not support multicasting.. This is expected on GPUs without NVSwitch (e.g., NVLink bridge-only or PCIe topologies).
(Worker_PP2_TP0 pid=1115783) WARNING 08-22 18:18:56 [flashinfer_all_reduce.py:78] Failed to initialize FlashInfer All Reduce workspace: [SymmDeviceMemory] Device does not support multicasting.. This is expected on GPUs without NVSwitch (e.g., NVLink bridge-only or PCIe topologies).
(Worker_PP2_TP0 pid=1115783) WARNING 08-22 18:18:56 [flashinfer_all_reduce.py:78] Failed to initialize FlashInfer All Reduce workspace: [SymmDeviceMemory] Device does not support multicasting.. This is expected on GPUs without NVSwitch (e.g., NVLink bridge-only or PCIe topologies).
(Worker_PP2_TP0 pid=1115783) WARNING 08-22 18:18:56 [flashinfer_all_reduce.py:78] Failed to initialize FlashInfer All Reduce workspace: [SymmDeviceMemory] Device does not support multicasting.. This is expected on GPUs without NVSwitch (e.g., NVLink bridge-only or PCIe topologies).
(Worker_PP2_TP0 pid=1115783) WARNING 08-22 18:18:56 [flashinfer_all_reduce.py:78] Failed to initialize FlashInfer All Reduce workspace: [SymmDeviceMemory] Device does not support multicasting.. This is expected on GPUs without NVSwitch (e.g., NVLink bridge-only or PCIe topologies).
(Worker_PP2_TP0 pid=1115783) WARNING 08-22 18:18:56 [flashinfer_all_reduce.py:78] Failed to initialize FlashInfer All Reduce workspace: [SymmDeviceMemory] Device does not support multicasting.. This is expected on GPUs without NVSwitch (e.g., NVLink bridge-only or PCIe topologies).
(Worker_PP2_TP0 pid=1115783) WARNING 08-22 18:18:56 [flashinfer_all_reduce.py:78] Failed to initialize FlashInfer All Reduce workspace: [SymmDeviceMemory] Device does not support multicasting.. This is expected on GPUs without NVSwitch (e.g., NVLink bridge-only or PCIe topologies).
(Worker_PP2_TP0 pid=1115783) WARNING 08-22 18:18:57 [flashinfer_all_reduce.py:78] Failed to initialize FlashInfer All Reduce workspace: [SymmDeviceMemory] Device does not support multicasting.. This is expected on GPUs without NVSwitch (e.g., NVLink bridge-only or PCIe topologies).
(Worker_PP2_TP0 pid=1115783) WARNING 08-22 18:18:57 [flashinfer_all_reduce.py:78] Failed to initialize FlashInfer All Reduce workspace: [SymmDeviceMemory] Device does not support multicasting.. This is expected on GPUs without NVSwitch (e.g., NVLink bridge-only or PCIe topologies).
(Worker_PP2_TP0 pid=1115783) WARNING 08-22 18:18:57 [flashinfer_all_reduce.py:78] Failed to initialize FlashInfer All Reduce workspace: [SymmDeviceMemory] Device does not support multicasting.. This is expected on GPUs without NVSwitch (e.g., NVLink bridge-only or PCIe topologies).
(Worker_PP2_TP0 pid=1115783) WARNING 08-22 18:18:57 [flashinfer_all_reduce.py:78] Failed to initialize FlashInfer All Reduce workspace: [SymmDeviceMemory] Device does not support multicasting.. This is expected on GPUs without NVSwitch (e.g., NVLink bridge-only or PCIe topologies).
(Worker_PP2_TP0 pid=1115783) WARNING 08-22 18:18:57 [flashinfer_all_reduce.py:78] Failed to initialize FlashInfer All Reduce workspace: [SymmDeviceMemory] Device does not support multicasting.. This is expected on GPUs without NVSwitch (e.g., NVLink bridge-only or PCIe topologies).
(Worker_PP2_TP0 pid=1115783) WARNING 08-22 18:18:57 [flashinfer_all_reduce.py:78] Failed to initialize FlashInfer All Reduce workspace: [SymmDeviceMemory] Device does not support multicasting.. This is expected on GPUs without NVSwitch (e.g., NVLink bridge-only or PCIe topologies).
(Worker_PP2_TP0 pid=1115783) WARNING 08-22 18:18:57 [flashinfer_all_reduce.py:78] Failed to initialize FlashInfer All Reduce workspace: [SymmDeviceMemory] Device does not support multicasting.. This is expected on GPUs without NVSwitch (e.g., NVLink bridge-only or PCIe topologies).
(Worker_PP2_TP0 pid=1115783) WARNING 08-22 18:18:57 [flashinfer_all_reduce.py:78] Failed to initialize FlashInfer All Reduce workspace: [SymmDeviceMemory] Device does not support multicasting.. This is expected on GPUs without NVSwitch (e.g., NVLink bridge-only or PCIe topologies).
(Worker_PP2_TP0 pid=1115783) WARNING 08-22 18:18:57 [flashinfer_all_reduce.py:78] Failed to initialize FlashInfer All Reduce workspace: [SymmDeviceMemory] Device does not support multicasting.. This is expected on GPUs without NVSwitch (e.g., NVLink bridge-only or PCIe topologies).
(Worker_PP2_TP0 pid=1115783) WARNING 08-22 18:18:57 [flashinfer_all_reduce.py:78] Failed to initialize FlashInfer All Reduce workspace: [SymmDeviceMemory] Device does not support multicasting.. This is expected on GPUs without NVSwitch (e.g., NVLink bridge-only or PCIe topologies).
(Worker_PP2_TP0 pid=1115783) WARNING 08-22 18:18:57 [flashinfer_all_reduce.py:78] Failed to initialize FlashInfer All Reduce workspace: [SymmDeviceMemory] Device does not support multicasting.. This is expected on GPUs without NVSwitch (e.g., NVLink bridge-only or PCIe topologies).
(Worker_PP2_TP0 pid=1115783) WARNING 08-22 18:18:57 [flashinfer_all_reduce.py:78] Failed to initialize FlashInfer All Reduce workspace: [SymmDeviceMemory] Device does not support multicasting.. This is expected on GPUs without NVSwitch (e.g., NVLink bridge-only or PCIe topologies).
(Worker_PP2_TP0 pid=1115783) WARNING 08-22 18:18:57 [flashinfer_all_reduce.py:78] Failed to initialize FlashInfer All Reduce workspace: [SymmDeviceMemory] Device does not support multicasting.. This is expected on GPUs without NVSwitch (e.g., NVLink bridge-only or PCIe topologies).
(Worker_PP2_TP0 pid=1115783) WARNING 08-22 18:18:57 [flashinfer_all_reduce.py:78] Failed to initialize FlashInfer All Reduce workspace: [SymmDeviceMemory] Device does not support multicasting.. This is expected on GPUs without NVSwitch (e.g., NVLink bridge-only or PCIe topologies).
(Worker_PP2_TP0 pid=1115783) WARNING 08-22 18:18:57 [flashinfer_all_reduce.py:78] Failed to initialize FlashInfer All Reduce workspace: [SymmDeviceMemory] Device does not support multicasting.. This is expected on GPUs without NVSwitch (e.g., NVLink bridge-only or PCIe topologies).
(Worker_PP2_TP0 pid=1115783) WARNING 08-22 18:18:57 [flashinfer_all_reduce.py:78] Failed to initialize FlashInfer All Reduce workspace: [SymmDeviceMemory] Device does not support multicasting.. This is expected on GPUs without NVSwitch (e.g., NVLink bridge-only or PCIe topologies).
(Worker_PP2_TP0 pid=1115783) WARNING 08-22 18:18:57 [flashinfer_all_reduce.py:78] Failed to initialize FlashInfer All Reduce workspace: [SymmDeviceMemory] Device does not support multicasting.. This is expected on GPUs without NVSwitch (e.g., NVLink bridge-only or PCIe topologies).
(Worker_PP2_TP1 pid=1115784) [k3t r?] step=57 tok=1 step=90.74ms | KDA: n=22 attn=17.1ms mlp=42.4ms other=0.6ms tot=60.0ms | full: n=9 attn=12.4ms mlp=18.0ms other=0.2ms tot=30.7ms | ALL: attn=29.5ms mlp=60.4ms model=90.7ms
(Worker_PP2_TP2 pid=1115785) [k3t r?] step=57 tok=1 step=90.74ms | KDA: n=22 attn=17.1ms mlp=42.3ms other=0.6ms tot=60.0ms | full: n=9 attn=12.4ms mlp=18.0ms other=0.2ms tot=30.7ms | ALL: attn=29.5ms mlp=60.4ms model=90.7ms
(Worker_PP2_TP7 pid=1115790) [k3t r?] step=57 tok=1 step=90.74ms | KDA: n=22 attn=17.1ms mlp=42.3ms other=0.6ms tot=60.0ms | full: n=9 attn=12.4ms mlp=18.0ms other=0.2ms tot=30.7ms | ALL: attn=29.5ms mlp=60.4ms model=90.7ms
(Worker_PP2_TP3 pid=1115786) [k3t r?] step=57 tok=1 step=90.73ms | KDA: n=22 attn=17.1ms mlp=42.4ms other=0.6ms tot=60.0ms | full: n=9 attn=12.4ms mlp=18.0ms other=0.2ms tot=30.7ms | ALL: attn=29.4ms mlp=60.4ms model=90.7ms
(Worker_PP2_TP4 pid=1115787) [k3t r?] step=57 tok=1 step=90.73ms | KDA: n=22 attn=17.1ms mlp=42.3ms other=0.6ms tot=60.0ms | full: n=9 attn=12.4ms mlp=18.0ms other=0.2ms tot=30.7ms | ALL: attn=29.5ms mlp=60.4ms model=90.7ms
(Worker_PP2_TP5 pid=1115788) [k3t r?] step=57 tok=1 step=90.74ms | KDA: n=22 attn=17.1ms mlp=42.3ms other=0.6ms tot=60.0ms | full: n=9 attn=12.4ms mlp=18.0ms other=0.2ms tot=30.7ms | ALL: attn=29.5ms mlp=60.4ms model=90.7ms
(Worker_PP2_TP6 pid=1115789) [k3t r?] step=57 tok=1 step=90.74ms | KDA: n=22 attn=17.0ms mlp=42.4ms other=0.6ms tot=60.0ms | full: n=9 attn=12.4ms mlp=18.0ms other=0.2ms tot=30.7ms | ALL: attn=29.4ms mlp=60.4ms model=90.7ms
(Worker_PP2_TP0 pid=1115783) [k3t r?] step=57 tok=1 step=91.24ms | KDA: n=22 attn=9.0ms mlp=41.5ms other=8.2ms tot=58.7ms | full: n=9 attn=8.7ms mlp=18.0ms other=3.6ms tot=30.3ms | ALL: attn=17.7ms mlp=59.5ms model=91.2ms
(Worker_PP2_TP6 pid=1115789) [k3t r?] logits=0.5ms step_tot=92.6ms
(Worker_PP2_TP2 pid=1115785) [k3t r?] logits=0.7ms step_tot=92.6ms
(Worker_PP2_TP7 pid=1115790) [k3t r?] logits=0.7ms step_tot=92.6ms
(Worker_PP2_TP3 pid=1115786) [k3t r?] logits=0.7ms step_tot=92.6ms
(Worker_PP2_TP4 pid=1115787) [k3t r?] logits=0.6ms step_tot=92.6ms
(Worker_PP2_TP1 pid=1115784) [k3t r?] logits=0.7ms step_tot=92.6ms
(Worker_PP2_TP5 pid=1115788) [k3t r?] logits=0.6ms step_tot=92.6ms
(Worker_PP2_TP0 pid=1115783) [k3t r?] logits=0.3ms step_tot=92.7ms
(Worker_PP2_TP0 pid=1115783) WARNING 08-22 18:18:57 [flashinfer_all_reduce.py:78] Failed to initialize FlashInfer All Reduce workspace: [SymmDeviceMemory] Device does not support multicasting.. This is expected on GPUs without NVSwitch (e.g., NVLink bridge-only or PCIe topologies).
(Worker_PP2_TP0 pid=1115783) WARNING 08-22 18:18:57 [flashinfer_all_reduce.py:78] Failed to initialize FlashInfer All Reduce workspace: [SymmDeviceMemory] Device does not support multicasting.. This is expected on GPUs without NVSwitch (e.g., NVLink bridge-only or PCIe topologies).
(Worker_PP2_TP0 pid=1115783) WARNING 08-22 18:18:57 [flashinfer_all_reduce.py:78] Failed to initialize FlashInfer All Reduce workspace: [SymmDeviceMemory] Device does not support multicasting.. This is expected on GPUs without NVSwitch (e.g., NVLink bridge-only or PCIe topologies).
(Worker_PP2_TP0 pid=1115783) WARNING 08-22 18:18:57 [flashinfer_all_reduce.py:78] Failed to initialize FlashInfer All Reduce workspace: [SymmDeviceMemory] Device does not support multicasting.. This is expected on GPUs without NVSwitch (e.g., NVLink bridge-only or PCIe topologies).
(Worker_PP2_TP0 pid=1115783) WARNING 08-22 18:18:57 [flashinfer_all_reduce.py:78] Failed to initialize FlashInfer All Reduce workspace: [SymmDeviceMemory] Device does not support multicasting.. This is expected on GPUs without NVSwitch (e.g., NVLink bridge-only or PCIe topologies).
(Worker_PP2_TP0 pid=1115783) WARNING 08-22 18:18:57 [flashinfer_all_reduce.py:78] Failed to initialize FlashInfer All Reduce workspace: [SymmDeviceMemory] Device does not support multicasting.. This is expected on GPUs without NVSwitch (e.g., NVLink bridge-only or PCIe topologies).
(Worker_PP2_TP0 pid=1115783) WARNING 08-22 18:18:57 [flashinfer_all_reduce.py:78] Failed to initialize FlashInfer All Reduce workspace: [SymmDeviceMemory] Device does not support multicasting.. This is expected on GPUs without NVSwitch (e.g., NVLink bridge-only or PCIe topologies).
(Worker_PP2_TP0 pid=1115783) WARNING 08-22 18:18:57 [flashinfer_all_reduce.py:78] Failed to initialize FlashInfer All Reduce workspace: [SymmDeviceMemory] Device does not support multicasting.. This is expected on GPUs without NVSwitch (e.g., NVLink bridge-only or PCIe topologies).
(Worker_PP2_TP0 pid=1115783) WARNING 08-22 18:18:57 [flashinfer_all_reduce.py:78] Failed to initialize FlashInfer All Reduce workspace: [SymmDeviceMemory] Device does not support multicasting.. This is expected on GPUs without NVSwitch (e.g., NVLink bridge-only or PCIe topologies).
(Worker_PP2_TP0 pid=1115783) WARNING 08-22 18:18:57 [flashinfer_all_reduce.py:78] Failed to initialize FlashInfer All Reduce workspace: [SymmDeviceMemory] Device does not support multicasting.. This is expected on GPUs without NVSwitch (e.g., NVLink bridge-only or PCIe topologies).
(Worker_PP2_TP0 pid=1115783) WARNING 08-22 18:18:57 [flashinfer_all_reduce.py:78] Failed to initialize FlashInfer All Reduce workspace: [SymmDeviceMemory] Device does not support multicasting.. This is expected on GPUs without NVSwitch (e.g., NVLink bridge-only or PCIe topologies).
(Worker_PP2_TP0 pid=1115783) WARNING 08-22 18:18:57 [flashinfer_all_reduce.py:78] Failed to initialize FlashInfer All Reduce workspace: [SymmDeviceMemory] Device does not support multicasting.. This is expected on GPUs without NVSwitch (e.g., NVLink bridge-only or PCIe topologies).
(Worker_PP2_TP0 pid=1115783) WARNING 08-22 18:18:57 [flashinfer_all_reduce.py:78] Failed to initialize FlashInfer All Reduce workspace: [SymmDeviceMemory] Device does not support multicasting.. This is expected on GPUs without NVSwitch (e.g., NVLink bridge-only or PCIe topologies).
(Worker_PP2_TP0 pid=1115783) WARNING 08-22 18:18:57 [flashinfer_all_reduce.py:78] Failed to initialize FlashInfer All Reduce workspace: [SymmDeviceMemory] Device does not support multicasting.. This is expected on GPUs without NVSwitch (e.g., NVLink bridge-only or PCIe topologies).
(Worker_PP2_TP0 pid=1115783) WARNING 08-22 18:18:57 [flashinfer_all_reduce.py:78] Failed to initialize FlashInfer All Reduce workspace: [SymmDeviceMemory] Device does not support multicasting.. This is expected on GPUs without NVSwitch (e.g., NVLink bridge-only or PCIe topologies).
(Worker_PP2_TP0 pid=1115783) WARNING 08-22 18:18:57 [flashinfer_all_reduce.py:78] Failed to initialize FlashInfer All Reduce workspace: [SymmDeviceMemory] Device does not support multicasting.. This is expected on GPUs without NVSwitch (e.g., NVLink bridge-only or PCIe topologies).
(Worker_PP2_TP0 pid=1115783) WARNING 08-22 18:18:57 [flashinfer_all_reduce.py:78] Failed to initialize FlashInfer All Reduce workspace: [SymmDeviceMemory] Device does not support multicasting.. This is expected on GPUs without NVSwitch (e.g., NVLink bridge-only or PCIe topologies).
(Worker_PP2_TP0 pid=1115783) WARNING 08-22 18:18:57 [flashinfer_all_reduce.py:78] Failed to initialize FlashInfer All Reduce workspace: [SymmDeviceMemory] Device does not support multicasting.. This is expected on GPUs without NVSwitch (e.g., NVLink bridge-only or PCIe topologies).
(Worker_PP2_TP0 pid=1115783) WARNING 08-22 18:18:57 [flashinfer_all_reduce.py:78] Failed to initialize FlashInfer All Reduce workspace: [SymmDeviceMemory] Device does not support multicasting.. This is expected on GPUs without NVSwitch (e.g., NVLink bridge-only or PCIe topologies).
(Worker_PP2_TP0 pid=1115783) WARNING 08-22 18:18:57 [flashinfer_all_reduce.py:78] Failed to initialize FlashInfer All Reduce workspace: [SymmDeviceMemory] Device does not support multicasting.. This is expected on GPUs without NVSwitch (e.g., NVLink bridge-only or PCIe topologies).
(Worker_PP2_TP0 pid=1115783) WARNING 08-22 18:18:57 [flashinfer_all_reduce.py:78] Failed to initialize FlashInfer All Reduce workspace: [SymmDeviceMemory] Device does not support multicasting.. This is expected on GPUs without NVSwitch (e.g., NVLink bridge-only or PCIe topologies).
(Worker_PP2_TP0 pid=1115783) WARNING 08-22 18:18:57 [flashinfer_all_reduce.py:78] Failed to initialize FlashInfer All Reduce workspace: [SymmDeviceMemory] Device does not support multicasting.. This is expected on GPUs without NVSwitch (e.g., NVLink bridge-only or PCIe topologies).
(Worker_PP2_TP0 pid=1115783) WARNING 08-22 18:18:57 [flashinfer_all_reduce.py:78] Failed to initialize FlashInfer All Reduce workspace: [SymmDeviceMemory] Device does not support multicasting.. This is expected on GPUs without NVSwitch (e.g., NVLink bridge-only or PCIe topologies).
(Worker_PP2_TP0 pid=1115783) WARNING 08-22 18:18:57 [flashinfer_all_reduce.py:78] Failed to initialize FlashInfer All Reduce workspace: [SymmDeviceMemory] Device does not support multicasting.. This is expected on GPUs without NVSwitch (e.g., NVLink bridge-only or PCIe topologies).
(Worker_PP2_TP0 pid=1115783) WARNING 08-22 18:18:57 [flashinfer_all_reduce.py:78] Failed to initialize FlashInfer All Reduce workspace: [SymmDeviceMemory] Device does not support multicasting.. This is expected on GPUs without NVSwitch (e.g., NVLink bridge-only or PCIe topologies).
(Worker_PP2_TP0 pid=1115783) WARNING 08-22 18:18:57 [flashinfer_all_reduce.py:78] Failed to initialize FlashInfer All Reduce workspace: [SymmDeviceMemory] Device does not support multicasting.. This is expected on GPUs without NVSwitch (e.g., NVLink bridge-only or PCIe topologies).
(Worker_PP2_TP0 pid=1115783) WARNING 08-22 18:18:57 [flashinfer_all_reduce.py:78] Failed to initialize FlashInfer All Reduce workspace: [SymmDeviceMemory] Device does not support multicasting.. This is expected on GPUs without NVSwitch (e.g., NVLink bridge-only or PCIe topologies).
(Worker_PP2_TP0 pid=1115783) WARNING 08-22 18:18:57 [flashinfer_all_reduce.py:78] Failed to initialize FlashInfer All Reduce workspace: [SymmDeviceMemory] Device does not support multicasting.. This is expected on GPUs without NVSwitch (e.g., NVLink bridge-only or PCIe topologies).
(Worker_PP2_TP0 pid=1115783) WARNING 08-22 18:18:57 [flashinfer_all_reduce.py:78] Failed to initialize FlashInfer All Reduce workspace: [SymmDeviceMemory] Device does not support multicasting.. This is expected on GPUs without NVSwitch (e.g., NVLink bridge-only or PCIe topologies).
(Worker_PP2_TP0 pid=1115783) WARNING 08-22 18:18:57 [flashinfer_all_reduce.py:78] Failed to initialize FlashInfer All Reduce workspace: [SymmDeviceMemory] Device does not support multicasting.. This is expected on GPUs without NVSwitch (e.g., NVLink bridge-only or PCIe topologies).
(Worker_PP2_TP0 pid=1115783) WARNING 08-22 18:18:57 [flashinfer_all_reduce.py:78] Failed to initialize FlashInfer All Reduce workspace: [SymmDeviceMemory] Device does not support multicasting.. This is expected on GPUs without NVSwitch (e.g., NVLink bridge-only or PCIe topologies).
(Worker_PP2_TP7 pid=1115790) [k3t r?] step=58 tok=1 step=89.49ms | KDA: n=22 attn=16.9ms mlp=41.3ms other=0.6ms tot=58.7ms | full: n=9 attn=12.1ms mlp=18.3ms other=0.2ms tot=30.7ms | ALL: attn=29.0ms mlp=59.6ms model=89.5ms
(Worker_PP2_TP2 pid=1115785) [k3t r?] step=58 tok=1 step=89.49ms | KDA: n=22 attn=16.9ms mlp=41.3ms other=0.6ms tot=58.7ms | full: n=9 attn=12.1ms mlp=18.3ms other=0.2ms tot=30.7ms | ALL: attn=29.0ms mlp=59.6ms model=89.5ms
(Worker_PP2_TP5 pid=1115788) [k3t r?] step=58 tok=1 step=89.49ms | KDA: n=22 attn=16.8ms mlp=41.3ms other=0.7ms tot=58.7ms | full: n=9 attn=11.9ms mlp=18.3ms other=0.4ms tot=30.7ms | ALL: attn=28.7ms mlp=59.6ms model=89.5ms
(Worker_PP2_TP1 pid=1115784) [k3t r?] step=58 tok=1 step=89.48ms | KDA: n=22 attn=16.9ms mlp=41.3ms other=0.6ms tot=58.7ms | full: n=9 attn=12.1ms mlp=18.3ms other=0.2ms tot=30.7ms | ALL: attn=29.0ms mlp=59.6ms model=89.5ms
(Worker_PP2_TP3 pid=1115786) [k3t r?] step=58 tok=1 step=89.49ms | KDA: n=22 attn=16.9ms mlp=41.3ms other=0.6ms tot=58.7ms | full: n=9 attn=12.1ms mlp=18.3ms other=0.2ms tot=30.7ms | ALL: attn=29.0ms mlp=59.6ms model=89.5ms
(Worker_PP2_TP6 pid=1115789) [k3t r?] step=58 tok=1 step=89.49ms | KDA: n=22 attn=16.9ms mlp=41.3ms other=0.6ms tot=58.7ms | full: n=9 attn=12.1ms mlp=18.3ms other=0.2ms tot=30.7ms | ALL: attn=29.0ms mlp=59.6ms model=89.5ms
(Worker_PP2_TP4 pid=1115787) [k3t r?] step=58 tok=1 step=89.49ms | KDA: n=22 attn=16.9ms mlp=41.3ms other=0.6ms tot=58.7ms | full: n=9 attn=12.1ms mlp=18.3ms other=0.2ms tot=30.7ms | ALL: attn=29.0ms mlp=59.6ms model=89.5ms
(Worker_PP2_TP0 pid=1115783) [k3t r?] step=58 tok=1 step=89.98ms | KDA: n=22 attn=9.0ms mlp=40.6ms other=8.0ms tot=57.6ms | full: n=9 attn=9.0ms mlp=17.8ms other=3.5ms tot=30.2ms | ALL: attn=18.0ms mlp=58.4ms model=90.0ms
(Worker_PP2_TP2 pid=1115785) [k3t r?] logits=0.6ms step_tot=91.3ms
(Worker_PP2_TP5 pid=1115788) [k3t r?] logits=0.7ms step_tot=91.3ms
(Worker_PP2_TP3 pid=1115786) [k3t r?] logits=0.6ms step_tot=91.3ms
(Worker_PP2_TP6 pid=1115789) [k3t r?] logits=0.5ms step_tot=91.3ms
(Worker_PP2_TP7 pid=1115790) [k3t r?] logits=0.7ms step_tot=91.3ms
(Worker_PP2_TP1 pid=1115784) [k3t r?] logits=0.6ms step_tot=91.3ms
(Worker_PP2_TP4 pid=1115787) [k3t r?] logits=0.5ms step_tot=91.3ms
(Worker_PP2_TP0 pid=1115783) [k3t r?] logits=0.3ms step_tot=91.4ms
(Worker_PP2_TP0 pid=1115783) WARNING 08-22 18:18:57 [flashinfer_all_reduce.py:78] Failed to initialize FlashInfer All Reduce workspace: [SymmDeviceMemory] Device does not support multicasting.. This is expected on GPUs without NVSwitch (e.g., NVLink bridge-only or PCIe topologies).
(Worker_PP2_TP0 pid=1115783) WARNING 08-22 18:18:57 [flashinfer_all_reduce.py:78] Failed to initialize FlashInfer All Reduce workspace: [SymmDeviceMemory] Device does not support multicasting.. This is expected on GPUs without NVSwitch (e.g., NVLink bridge-only or PCIe topologies).
(Worker_PP2_TP0 pid=1115783) WARNING 08-22 18:18:57 [flashinfer_all_reduce.py:78] Failed to initialize FlashInfer All Reduce workspace: [SymmDeviceMemory] Device does not support multicasting.. This is expected on GPUs without NVSwitch (e.g., NVLink bridge-only or PCIe topologies).
(Worker_PP2_TP0 pid=1115783) WARNING 08-22 18:18:57 [flashinfer_all_reduce.py:78] Failed to initialize FlashInfer All Reduce workspace: [SymmDeviceMemory] Device does not support multicasting.. This is expected on GPUs without NVSwitch (e.g., NVLink bridge-only or PCIe topologies).
(Worker_PP2_TP0 pid=1115783) WARNING 08-22 18:18:57 [flashinfer_all_reduce.py:78] Failed to initialize FlashInfer All Reduce workspace: [SymmDeviceMemory] Device does not support multicasting.. This is expected on GPUs without NVSwitch (e.g., NVLink bridge-only or PCIe topologies).
(Worker_PP2_TP0 pid=1115783) WARNING 08-22 18:18:57 [flashinfer_all_reduce.py:78] Failed to initialize FlashInfer All Reduce workspace: [SymmDeviceMemory] Device does not support multicasting.. This is expected on GPUs without NVSwitch (e.g., NVLink bridge-only or PCIe topologies).
(Worker_PP2_TP0 pid=1115783) WARNING 08-22 18:18:57 [flashinfer_all_reduce.py:78] Failed to initialize FlashInfer All Reduce workspace: [SymmDeviceMemory] Device does not support multicasting.. This is expected on GPUs without NVSwitch (e.g., NVLink bridge-only or PCIe topologies).
(Worker_PP2_TP0 pid=1115783) WARNING 08-22 18:18:57 [flashinfer_all_reduce.py:78] Failed to initialize FlashInfer All Reduce workspace: [SymmDeviceMemory] Device does not support multicasting.. This is expected on GPUs without NVSwitch (e.g., NVLink bridge-only or PCIe topologies).
(Worker_PP2_TP0 pid=1115783) WARNING 08-22 18:18:57 [flashinfer_all_reduce.py:78] Failed to initialize FlashInfer All Reduce workspace: [SymmDeviceMemory] Device does not support multicasting.. This is expected on GPUs without NVSwitch (e.g., NVLink bridge-only or PCIe topologies).
(Worker_PP2_TP0 pid=1115783) WARNING 08-22 18:18:57 [flashinfer_all_reduce.py:78] Failed to initialize FlashInfer All Reduce workspace: [SymmDeviceMemory] Device does not support multicasting.. This is expected on GPUs without NVSwitch (e.g., NVLink bridge-only or PCIe topologies).
(Worker_PP2_TP0 pid=1115783) WARNING 08-22 18:18:57 [flashinfer_all_reduce.py:78] Failed to initialize FlashInfer All Reduce workspace: [SymmDeviceMemory] Device does not support multicasting.. This is expected on GPUs without NVSwitch (e.g., NVLink bridge-only or PCIe topologies).
(Worker_PP2_TP0 pid=1115783) WARNING 08-22 18:18:57 [flashinfer_all_reduce.py:78] Failed to initialize FlashInfer All Reduce workspace: [SymmDeviceMemory] Device does not support multicasting.. This is expected on GPUs without NVSwitch (e.g., NVLink bridge-only or PCIe topologies).
(Worker_PP2_TP0 pid=1115783) WARNING 08-22 18:18:57 [flashinfer_all_reduce.py:78] Failed to initialize FlashInfer All Reduce workspace: [SymmDeviceMemory] Device does not support multicasting.. This is expected on GPUs without NVSwitch (e.g., NVLink bridge-only or PCIe topologies).
(Worker_PP2_TP0 pid=1115783) WARNING 08-22 18:18:57 [flashinfer_all_reduce.py:78] Failed to initialize FlashInfer All Reduce workspace: [SymmDeviceMemory] Device does not support multicasting.. This is expected on GPUs without NVSwitch (e.g., NVLink bridge-only or PCIe topologies).
(Worker_PP2_TP0 pid=1115783) WARNING 08-22 18:18:57 [flashinfer_all_reduce.py:78] Failed to initialize FlashInfer All Reduce workspace: [SymmDeviceMemory] Device does not support multicasting.. This is expected on GPUs without NVSwitch (e.g., NVLink bridge-only or PCIe topologies).
(Worker_PP2_TP0 pid=1115783) WARNING 08-22 18:18:57 [flashinfer_all_reduce.py:78] Failed to initialize FlashInfer All Reduce workspace: [SymmDeviceMemory] Device does not support multicasting.. This is expected on GPUs without NVSwitch (e.g., NVLink bridge-only or PCIe topologies).
(Worker_PP2_TP0 pid=1115783) WARNING 08-22 18:18:57 [flashinfer_all_reduce.py:78] Failed to initialize FlashInfer All Reduce workspace: [SymmDeviceMemory] Device does not support multicasting.. This is expected on GPUs without NVSwitch (e.g., NVLink bridge-only or PCIe topologies).
(Worker_PP2_TP0 pid=1115783) WARNING 08-22 18:18:57 [flashinfer_all_reduce.py:78] Failed to initialize FlashInfer All Reduce workspace: [SymmDeviceMemory] Device does not support multicasting.. This is expected on GPUs without NVSwitch (e.g., NVLink bridge-only or PCIe topologies).
(Worker_PP2_TP0 pid=1115783) WARNING 08-22 18:18:57 [flashinfer_all_reduce.py:78] Failed to initialize FlashInfer All Reduce workspace: [SymmDeviceMemory] Device does not support multicasting.. This is expected on GPUs without NVSwitch (e.g., NVLink bridge-only or PCIe topologies).
(Worker_PP2_TP0 pid=1115783) WARNING 08-22 18:18:57 [flashinfer_all_reduce.py:78] Failed to initialize FlashInfer All Reduce workspace: [SymmDeviceMemory] Device does not support multicasting.. This is expected on GPUs without NVSwitch (e.g., NVLink bridge-only or PCIe topologies).
(Worker_PP2_TP0 pid=1115783) WARNING 08-22 18:18:57 [flashinfer_all_reduce.py:78] Failed to initialize FlashInfer All Reduce workspace: [SymmDeviceMemory] Device does not support multicasting.. This is expected on GPUs without NVSwitch (e.g., NVLink bridge-only or PCIe topologies).
(Worker_PP2_TP0 pid=1115783) WARNING 08-22 18:18:57 [flashinfer_all_reduce.py:78] Failed to initialize FlashInfer All Reduce workspace: [SymmDeviceMemory] Device does not support multicasting.. This is expected on GPUs without NVSwitch (e.g., NVLink bridge-only or PCIe topologies).
(Worker_PP2_TP0 pid=1115783) WARNING 08-22 18:18:57 [flashinfer_all_reduce.py:78] Failed to initialize FlashInfer All Reduce workspace: [SymmDeviceMemory] Device does not support multicasting.. This is expected on GPUs without NVSwitch (e.g., NVLink bridge-only or PCIe topologies).
(Worker_PP2_TP0 pid=1115783) WARNING 08-22 18:18:57 [flashinfer_all_reduce.py:78] Failed to initialize FlashInfer All Reduce workspace: [SymmDeviceMemory] Device does not support multicasting.. This is expected on GPUs without NVSwitch (e.g., NVLink bridge-only or PCIe topologies).
(Worker_PP2_TP0 pid=1115783) WARNING 08-22 18:18:57 [flashinfer_all_reduce.py:78] Failed to initialize FlashInfer All Reduce workspace: [SymmDeviceMemory] Device does not support multicasting.. This is expected on GPUs without NVSwitch (e.g., NVLink bridge-only or PCIe topologies).
(Worker_PP2_TP0 pid=1115783) WARNING 08-22 18:18:57 [flashinfer_all_reduce.py:78] Failed to initialize FlashInfer All Reduce workspace: [SymmDeviceMemory] Device does not support multicasting.. This is expected on GPUs without NVSwitch (e.g., NVLink bridge-only or PCIe topologies).
(Worker_PP2_TP0 pid=1115783) WARNING 08-22 18:18:57 [flashinfer_all_reduce.py:78] Failed to initialize FlashInfer All Reduce workspace: [SymmDeviceMemory] Device does not support multicasting.. This is expected on GPUs without NVSwitch (e.g., NVLink bridge-only or PCIe topologies).
(Worker_PP2_TP0 pid=1115783) WARNING 08-22 18:18:57 [flashinfer_all_reduce.py:78] Failed to initialize FlashInfer All Reduce workspace: [SymmDeviceMemory] Device does not support multicasting.. This is expected on GPUs without NVSwitch (e.g., NVLink bridge-only or PCIe topologies).
(Worker_PP2_TP0 pid=1115783) WARNING 08-22 18:18:57 [flashinfer_all_reduce.py:78] Failed to initialize FlashInfer All Reduce workspace: [SymmDeviceMemory] Device does not support multicasting.. This is expected on GPUs without NVSwitch (e.g., NVLink bridge-only or PCIe topologies).
(Worker_PP2_TP0 pid=1115783) WARNING 08-22 18:18:57 [flashinfer_all_reduce.py:78] Failed to initialize FlashInfer All Reduce workspace: [SymmDeviceMemory] Device does not support multicasting.. This is expected on GPUs without NVSwitch (e.g., NVLink bridge-only or PCIe topologies).
(Worker_PP2_TP0 pid=1115783) WARNING 08-22 18:18:57 [flashinfer_all_reduce.py:78] Failed to initialize FlashInfer All Reduce workspace: [SymmDeviceMemory] Device does not support multicasting.. This is expected on GPUs without NVSwitch (e.g., NVLink bridge-only or PCIe topologies).
(Worker_PP2_TP1 pid=1115784) [k3t r?] step=59 tok=1 step=90.35ms | KDA: n=22 attn=16.7ms mlp=42.5ms other=0.6ms tot=59.8ms | full: n=9 attn=12.2ms mlp=18.0ms other=0.2ms tot=30.4ms | ALL: attn=28.9ms mlp=60.5ms model=90.4ms
(Worker_PP2_TP3 pid=1115786) [k3t r?] step=59 tok=1 step=90.35ms | KDA: n=22 attn=16.7ms mlp=42.5ms other=0.6ms tot=59.8ms | full: n=9 attn=12.2ms mlp=18.0ms other=0.2ms tot=30.4ms | ALL: attn=28.9ms mlp=60.5ms model=90.4ms
(Worker_PP2_TP7 pid=1115790) [k3t r?] step=59 tok=1 step=90.35ms | KDA: n=22 attn=16.7ms mlp=42.5ms other=0.6ms tot=59.8ms | full: n=9 attn=12.2ms mlp=18.0ms other=0.2ms tot=30.4ms | ALL: attn=28.9ms mlp=60.5ms model=90.4ms
(Worker_PP2_TP2 pid=1115785) [k3t r?] step=59 tok=1 step=90.35ms | KDA: n=22 attn=16.7ms mlp=42.5ms other=0.6ms tot=59.8ms | full: n=9 attn=12.2ms mlp=18.0ms other=0.2ms tot=30.4ms | ALL: attn=28.9ms mlp=60.5ms model=90.4ms
(Worker_PP2_TP6 pid=1115789) [k3t r?] step=59 tok=1 step=90.36ms | KDA: n=22 attn=16.7ms mlp=42.5ms other=0.6ms tot=59.8ms | full: n=9 attn=12.2ms mlp=18.0ms other=0.2ms tot=30.4ms | ALL: attn=28.9ms mlp=60.5ms model=90.4ms
(Worker_PP2_TP5 pid=1115788) [k3t r?] step=59 tok=1 step=90.35ms | KDA: n=22 attn=15.0ms mlp=42.4ms other=2.2ms tot=59.6ms | full: n=9 attn=11.3ms mlp=17.7ms other=1.1ms tot=30.1ms | ALL: attn=26.3ms mlp=60.2ms model=90.4ms
(Worker_PP2_TP4 pid=1115787) [k3t r?] step=59 tok=1 step=90.35ms | KDA: n=22 attn=16.8ms mlp=42.5ms other=0.6ms tot=59.8ms | full: n=9 attn=12.2ms mlp=18.0ms other=0.2ms tot=30.4ms | ALL: attn=28.9ms mlp=60.5ms model=90.4ms
(Worker_PP2_TP0 pid=1115783) [k3t r?] step=59 tok=1 step=90.86ms | KDA: n=22 attn=9.2ms mlp=41.5ms other=7.9ms tot=58.6ms | full: n=9 attn=8.9ms mlp=17.8ms other=3.5ms tot=30.3ms | ALL: attn=18.1ms mlp=59.4ms model=90.9ms
(Worker_PP2_TP2 pid=1115785) [k3t r?] logits=0.6ms step_tot=92.2ms
(Worker_PP2_TP4 pid=1115787) [k3t r?] logits=0.5ms step_tot=92.2ms
(Worker_PP2_TP1 pid=1115784) [k3t r?] logits=0.6ms step_tot=92.2ms
(Worker_PP2_TP7 pid=1115790) [k3t r?] logits=0.6ms step_tot=92.2ms
(Worker_PP2_TP3 pid=1115786) [k3t r?] logits=0.7ms step_tot=92.2ms
(Worker_PP2_TP6 pid=1115789) [k3t r?] logits=0.6ms step_tot=92.2ms
(Worker_PP2_TP5 pid=1115788) [k3t r?] logits=0.6ms step_tot=92.2ms
(Worker_PP2_TP0 pid=1115783) [k3t r?] logits=0.3ms step_tot=92.3ms
(Worker_PP2_TP0 pid=1115783) WARNING 08-22 18:18:58 [flashinfer_all_reduce.py:78] Failed to initialize FlashInfer All Reduce workspace: [SymmDeviceMemory] Device does not support multicasting.. This is expected on GPUs without NVSwitch (e.g., NVLink bridge-only or PCIe topologies).
(Worker_PP2_TP0 pid=1115783) WARNING 08-22 18:18:58 [flashinfer_all_reduce.py:78] Failed to initialize FlashInfer All Reduce workspace: [SymmDeviceMemory] Device does not support multicasting.. This is expected on GPUs without NVSwitch (e.g., NVLink bridge-only or PCIe topologies).
(Worker_PP2_TP0 pid=1115783) WARNING 08-22 18:18:58 [flashinfer_all_reduce.py:78] Failed to initialize FlashInfer All Reduce workspace: [SymmDeviceMemory] Device does not support multicasting.. This is expected on GPUs without NVSwitch (e.g., NVLink bridge-only or PCIe topologies).
(Worker_PP2_TP0 pid=1115783) WARNING 08-22 18:18:58 [flashinfer_all_reduce.py:78] Failed to initialize FlashInfer All Reduce workspace: [SymmDeviceMemory] Device does not support multicasting.. This is expected on GPUs without NVSwitch (e.g., NVLink bridge-only or PCIe topologies).
(Worker_PP2_TP0 pid=1115783) WARNING 08-22 18:18:58 [flashinfer_all_reduce.py:78] Failed to initialize FlashInfer All Reduce workspace: [SymmDeviceMemory] Device does not support multicasting.. This is expected on GPUs without NVSwitch (e.g., NVLink bridge-only or PCIe topologies).
(Worker_PP2_TP0 pid=1115783) WARNING 08-22 18:18:58 [flashinfer_all_reduce.py:78] Failed to initialize FlashInfer All Reduce workspace: [SymmDeviceMemory] Device does not support multicasting.. This is expected on GPUs without NVSwitch (e.g., NVLink bridge-only or PCIe topologies).
(Worker_PP2_TP0 pid=1115783) WARNING 08-22 18:18:58 [flashinfer_all_reduce.py:78] Failed to initialize FlashInfer All Reduce workspace: [SymmDeviceMemory] Device does not support multicasting.. This is expected on GPUs without NVSwitch (e.g., NVLink bridge-only or PCIe topologies).
(Worker_PP2_TP0 pid=1115783) WARNING 08-22 18:18:58 [flashinfer_all_reduce.py:78] Failed to initialize FlashInfer All Reduce workspace: [SymmDeviceMemory] Device does not support multicasting.. This is expected on GPUs without NVSwitch (e.g., NVLink bridge-only or PCIe topologies).
(Worker_PP2_TP0 pid=1115783) WARNING 08-22 18:18:58 [flashinfer_all_reduce.py:78] Failed to initialize FlashInfer All Reduce workspace: [SymmDeviceMemory] Device does not support multicasting.. This is expected on GPUs without NVSwitch (e.g., NVLink bridge-only or PCIe topologies).
(Worker_PP2_TP0 pid=1115783) WARNING 08-22 18:18:58 [flashinfer_all_reduce.py:78] Failed to initialize FlashInfer All Reduce workspace: [SymmDeviceMemory] Device does not support multicasting.. This is expected on GPUs without NVSwitch (e.g., NVLink bridge-only or PCIe topologies).
(Worker_PP2_TP0 pid=1115783) WARNING 08-22 18:18:58 [flashinfer_all_reduce.py:78] Failed to initialize FlashInfer All Reduce workspace: [SymmDeviceMemory] Device does not support multicasting.. This is expected on GPUs without NVSwitch (e.g., NVLink bridge-only or PCIe topologies).
(Worker_PP2_TP0 pid=1115783) WARNING 08-22 18:18:58 [flashinfer_all_reduce.py:78] Failed to initialize FlashInfer All Reduce workspace: [SymmDeviceMemory] Device does not support multicasting.. This is expected on GPUs without NVSwitch (e.g., NVLink bridge-only or PCIe topologies).
(Worker_PP2_TP0 pid=1115783) WARNING 08-22 18:18:58 [flashinfer_all_reduce.py:78] Failed to initialize FlashInfer All Reduce workspace: [SymmDeviceMemory] Device does not support multicasting.. This is expected on GPUs without NVSwitch (e.g., NVLink bridge-only or PCIe topologies).
(Worker_PP2_TP0 pid=1115783) WARNING 08-22 18:18:58 [flashinfer_all_reduce.py:78] Failed to initialize FlashInfer All Reduce workspace: [SymmDeviceMemory] Device does not support multicasting.. This is expected on GPUs without NVSwitch (e.g., NVLink bridge-only or PCIe topologies).
(Worker_PP2_TP0 pid=1115783) WARNING 08-22 18:18:58 [flashinfer_all_reduce.py:78] Failed to initialize FlashInfer All Reduce workspace: [SymmDeviceMemory] Device does not support multicasting.. This is expected on GPUs without NVSwitch (e.g., NVLink bridge-only or PCIe topologies).
(Worker_PP2_TP0 pid=1115783) WARNING 08-22 18:18:58 [flashinfer_all_reduce.py:78] Failed to initialize FlashInfer All Reduce workspace: [SymmDeviceMemory] Device does not support multicasting.. This is expected on GPUs without NVSwitch (e.g., NVLink bridge-only or PCIe topologies).
(Worker_PP2_TP0 pid=1115783) WARNING 08-22 18:18:58 [flashinfer_all_reduce.py:78] Failed to initialize FlashInfer All Reduce workspace: [SymmDeviceMemory] Device does not support multicasting.. This is expected on GPUs without NVSwitch (e.g., NVLink bridge-only or PCIe topologies).
(Worker_PP2_TP0 pid=1115783) WARNING 08-22 18:18:58 [flashinfer_all_reduce.py:78] Failed to initialize FlashInfer All Reduce workspace: [SymmDeviceMemory] Device does not support multicasting.. This is expected on GPUs without NVSwitch (e.g., NVLink bridge-only or PCIe topologies).
(Worker_PP2_TP0 pid=1115783) WARNING 08-22 18:18:58 [flashinfer_all_reduce.py:78] Failed to initialize FlashInfer All Reduce workspace: [SymmDeviceMemory] Device does not support multicasting.. This is expected on GPUs without NVSwitch (e.g., NVLink bridge-only or PCIe topologies).
(Worker_PP2_TP0 pid=1115783) WARNING 08-22 18:18:58 [flashinfer_all_reduce.py:78] Failed to initialize FlashInfer All Reduce workspace: [SymmDeviceMemory] Device does not support multicasting.. This is expected on GPUs without NVSwitch (e.g., NVLink bridge-only or PCIe topologies).
(Worker_PP2_TP0 pid=1115783) WARNING 08-22 18:18:58 [flashinfer_all_reduce.py:78] Failed to initialize FlashInfer All Reduce workspace: [SymmDeviceMemory] Device does not support multicasting.. This is expected on GPUs without NVSwitch (e.g., NVLink bridge-only or PCIe topologies).
(Worker_PP2_TP0 pid=1115783) WARNING 08-22 18:18:58 [flashinfer_all_reduce.py:78] Failed to initialize FlashInfer All Reduce workspace: [SymmDeviceMemory] Device does not support multicasting.. This is expected on GPUs without NVSwitch (e.g., NVLink bridge-only or PCIe topologies).
(Worker_PP2_TP0 pid=1115783) WARNING 08-22 18:18:58 [flashinfer_all_reduce.py:78] Failed to initialize FlashInfer All Reduce workspace: [SymmDeviceMemory] Device does not support multicasting.. This is expected on GPUs without NVSwitch (e.g., NVLink bridge-only or PCIe topologies).
(Worker_PP2_TP0 pid=1115783) WARNING 08-22 18:18:58 [flashinfer_all_reduce.py:78] Failed to initialize FlashInfer All Reduce workspace: [SymmDeviceMemory] Device does not support multicasting.. This is expected on GPUs without NVSwitch (e.g., NVLink bridge-only or PCIe topologies).
(Worker_PP2_TP0 pid=1115783) WARNING 08-22 18:18:58 [flashinfer_all_reduce.py:78] Failed to initialize FlashInfer All Reduce workspace: [SymmDeviceMemory] Device does not support multicasting.. This is expected on GPUs without NVSwitch (e.g., NVLink bridge-only or PCIe topologies).
(Worker_PP2_TP0 pid=1115783) WARNING 08-22 18:18:58 [flashinfer_all_reduce.py:78] Failed to initialize FlashInfer All Reduce workspace: [SymmDeviceMemory] Device does not support multicasting.. This is expected on GPUs without NVSwitch (e.g., NVLink bridge-only or PCIe topologies).
(Worker_PP2_TP0 pid=1115783) WARNING 08-22 18:18:58 [flashinfer_all_reduce.py:78] Failed to initialize FlashInfer All Reduce workspace: [SymmDeviceMemory] Device does not support multicasting.. This is expected on GPUs without NVSwitch (e.g., NVLink bridge-only or PCIe topologies).
(Worker_PP2_TP0 pid=1115783) WARNING 08-22 18:18:58 [flashinfer_all_reduce.py:78] Failed to initialize FlashInfer All Reduce workspace: [SymmDeviceMemory] Device does not support multicasting.. This is expected on GPUs without NVSwitch (e.g., NVLink bridge-only or PCIe topologies).
(Worker_PP2_TP0 pid=1115783) WARNING 08-22 18:18:58 [flashinfer_all_reduce.py:78] Failed to initialize FlashInfer All Reduce workspace: [SymmDeviceMemory] Device does not support multicasting.. This is expected on GPUs without NVSwitch (e.g., NVLink bridge-only or PCIe topologies).
(Worker_PP2_TP0 pid=1115783) WARNING 08-22 18:18:58 [flashinfer_all_reduce.py:78] Failed to initialize FlashInfer All Reduce workspace: [SymmDeviceMemory] Device does not support multicasting.. This is expected on GPUs without NVSwitch (e.g., NVLink bridge-only or PCIe topologies).
(Worker_PP2_TP0 pid=1115783) WARNING 08-22 18:18:58 [flashinfer_all_reduce.py:78] Failed to initialize FlashInfer All Reduce workspace: [SymmDeviceMemory] Device does not support multicasting.. This is expected on GPUs without NVSwitch (e.g., NVLink bridge-only or PCIe topologies).
(Worker_PP2_TP5 pid=1115788) [k3t r?] step=60 tok=1 step=90.65ms | KDA: n=22 attn=16.2ms mlp=42.1ms other=1.5ms tot=59.7ms | full: n=9 attn=11.8ms mlp=18.1ms other=0.6ms tot=30.6ms | ALL: attn=28.0ms mlp=60.2ms model=90.6ms
(Worker_PP2_TP2 pid=1115785) [k3t r?] step=60 tok=1 step=90.64ms | KDA: n=22 attn=17.1ms mlp=42.2ms other=0.6ms tot=59.8ms | full: n=9 attn=12.3ms mlp=18.2ms other=0.2ms tot=30.7ms | ALL: attn=29.4ms mlp=60.4ms model=90.6ms
(Worker_PP2_TP1 pid=1115784) [k3t r?] step=60 tok=1 step=90.64ms | KDA: n=22 attn=17.1ms mlp=42.2ms other=0.6ms tot=59.8ms | full: n=9 attn=12.3ms mlp=18.2ms other=0.2ms tot=30.7ms | ALL: attn=29.4ms mlp=60.4ms model=90.6ms
(Worker_PP2_TP7 pid=1115790) [k3t r?] step=60 tok=1 step=90.64ms | KDA: n=22 attn=17.1ms mlp=42.2ms other=0.5ms tot=59.8ms | full: n=9 attn=12.3ms mlp=18.2ms other=0.2ms tot=30.7ms | ALL: attn=29.4ms mlp=60.4ms model=90.6ms
(Worker_PP2_TP6 pid=1115789) [k3t r?] step=60 tok=1 step=90.65ms | KDA: n=22 attn=17.1ms mlp=42.2ms other=0.6ms tot=59.8ms | full: n=9 attn=12.3ms mlp=18.2ms other=0.2ms tot=30.7ms | ALL: attn=29.4ms mlp=60.4ms model=90.6ms
(Worker_PP2_TP4 pid=1115787) [k3t r?] step=60 tok=1 step=90.64ms | KDA: n=22 attn=17.1ms mlp=42.2ms other=0.6ms tot=59.8ms | full: n=9 attn=12.3ms mlp=18.2ms other=0.2ms tot=30.7ms | ALL: attn=29.4ms mlp=60.4ms model=90.6ms
(Worker_PP2_TP3 pid=1115786) [k3t r?] step=60 tok=1 step=90.64ms | KDA: n=22 attn=17.1ms mlp=42.2ms other=0.6ms tot=59.8ms | full: n=9 attn=12.3ms mlp=18.2ms other=0.2ms tot=30.7ms | ALL: attn=29.4ms mlp=60.4ms model=90.6ms
(Worker_PP2_TP0 pid=1115783) [k3t r?] step=60 tok=1 step=91.14ms | KDA: n=22 attn=9.0ms mlp=41.7ms other=8.0ms tot=58.8ms | full: n=9 attn=9.0ms mlp=17.5ms other=3.5ms tot=30.0ms | ALL: attn=18.0ms mlp=59.2ms model=91.1ms
(Worker_PP2_TP6 pid=1115789) [k3t r?] logits=0.7ms step_tot=92.6ms
(Worker_PP2_TP1 pid=1115784) [k3t r?] logits=0.8ms step_tot=92.6ms
(Worker_PP2_TP4 pid=1115787) [k3t r?] logits=0.7ms step_tot=92.6ms
(Worker_PP2_TP2 pid=1115785) [k3t r?] logits=0.8ms step_tot=92.6ms
(Worker_PP2_TP7 pid=1115790) [k3t r?] logits=0.7ms step_tot=92.6ms
(Worker_PP2_TP3 pid=1115786) [k3t r?] logits=0.7ms step_tot=92.6ms
(Worker_PP2_TP5 pid=1115788) [k3t r?] logits=0.7ms step_tot=92.6ms
(Worker_PP2_TP0 pid=1115783) [k3t r?] logits=0.4ms step_tot=92.7ms
(Worker_PP2_TP0 pid=1115783) WARNING 08-22 18:18:58 [flashinfer_all_reduce.py:78] Failed to initialize FlashInfer All Reduce workspace: [SymmDeviceMemory] Device does not support multicasting.. This is expected on GPUs without NVSwitch (e.g., NVLink bridge-only or PCIe topologies).
(Worker_PP2_TP0 pid=1115783) WARNING 08-22 18:18:58 [flashinfer_all_reduce.py:78] Failed to initialize FlashInfer All Reduce workspace: [SymmDeviceMemory] Device does not support multicasting.. This is expected on GPUs without NVSwitch (e.g., NVLink bridge-only or PCIe topologies).
(Worker_PP2_TP0 pid=1115783) WARNING 08-22 18:18:58 [flashinfer_all_reduce.py:78] Failed to initialize FlashInfer All Reduce workspace: [SymmDeviceMemory] Device does not support multicasting.. This is expected on GPUs without NVSwitch (e.g., NVLink bridge-only or PCIe topologies).
(Worker_PP2_TP0 pid=1115783) WARNING 08-22 18:18:58 [flashinfer_all_reduce.py:78] Failed to initialize FlashInfer All Reduce workspace: [SymmDeviceMemory] Device does not support multicasting.. This is expected on GPUs without NVSwitch (e.g., NVLink bridge-only or PCIe topologies).
(Worker_PP2_TP0 pid=1115783) WARNING 08-22 18:18:58 [flashinfer_all_reduce.py:78] Failed to initialize FlashInfer All Reduce workspace: [SymmDeviceMemory] Device does not support multicasting.. This is expected on GPUs without NVSwitch (e.g., NVLink bridge-only or PCIe topologies).
(Worker_PP2_TP0 pid=1115783) WARNING 08-22 18:18:58 [flashinfer_all_reduce.py:78] Failed to initialize FlashInfer All Reduce workspace: [SymmDeviceMemory] Device does not support multicasting.. This is expected on GPUs without NVSwitch (e.g., NVLink bridge-only or PCIe topologies).
(Worker_PP2_TP0 pid=1115783) WARNING 08-22 18:18:58 [flashinfer_all_reduce.py:78] Failed to initialize FlashInfer All Reduce workspace: [SymmDeviceMemory] Device does not support multicasting.. This is expected on GPUs without NVSwitch (e.g., NVLink bridge-only or PCIe topologies).
(Worker_PP2_TP0 pid=1115783) WARNING 08-22 18:18:58 [flashinfer_all_reduce.py:78] Failed to initialize FlashInfer All Reduce workspace: [SymmDeviceMemory] Device does not support multicasting.. This is expected on GPUs without NVSwitch (e.g., NVLink bridge-only or PCIe topologies).
(Worker_PP2_TP0 pid=1115783) WARNING 08-22 18:18:58 [flashinfer_all_reduce.py:78] Failed to initialize FlashInfer All Reduce workspace: [SymmDeviceMemory] Device does not support multicasting.. This is expected on GPUs without NVSwitch (e.g., NVLink bridge-only or PCIe topologies).
(Worker_PP2_TP0 pid=1115783) WARNING 08-22 18:18:58 [flashinfer_all_reduce.py:78] Failed to initialize FlashInfer All Reduce workspace: [SymmDeviceMemory] Device does not support multicasting.. This is expected on GPUs without NVSwitch (e.g., NVLink bridge-only or PCIe topologies).
(Worker_PP2_TP0 pid=1115783) WARNING 08-22 18:18:58 [flashinfer_all_reduce.py:78] Failed to initialize FlashInfer All Reduce workspace: [SymmDeviceMemory] Device does not support multicasting.. This is expected on GPUs without NVSwitch (e.g., NVLink bridge-only or PCIe topologies).
(Worker_PP2_TP0 pid=1115783) WARNING 08-22 18:18:58 [flashinfer_all_reduce.py:78] Failed to initialize FlashInfer All Reduce workspace: [SymmDeviceMemory] Device does not support multicasting.. This is expected on GPUs without NVSwitch (e.g., NVLink bridge-only or PCIe topologies).
(Worker_PP2_TP0 pid=1115783) WARNING 08-22 18:18:58 [flashinfer_all_reduce.py:78] Failed to initialize FlashInfer All Reduce workspace: [SymmDeviceMemory] Device does not support multicasting.. This is expected on GPUs without NVSwitch (e.g., NVLink bridge-only or PCIe topologies).
(Worker_PP2_TP0 pid=1115783) WARNING 08-22 18:18:58 [flashinfer_all_reduce.py:78] Failed to initialize FlashInfer All Reduce workspace: [SymmDeviceMemory] Device does not support multicasting.. This is expected on GPUs without NVSwitch (e.g., NVLink bridge-only or PCIe topologies).
(Worker_PP2_TP0 pid=1115783) WARNING 08-22 18:18:58 [flashinfer_all_reduce.py:78] Failed to initialize FlashInfer All Reduce workspace: [SymmDeviceMemory] Device does not support multicasting.. This is expected on GPUs without NVSwitch (e.g., NVLink bridge-only or PCIe topologies).
(Worker_PP2_TP0 pid=1115783) WARNING 08-22 18:18:58 [flashinfer_all_reduce.py:78] Failed to initialize FlashInfer All Reduce workspace: [SymmDeviceMemory] Device does not support multicasting.. This is expected on GPUs without NVSwitch (e.g., NVLink bridge-only or PCIe topologies).
(Worker_PP2_TP0 pid=1115783) WARNING 08-22 18:18:58 [flashinfer_all_reduce.py:78] Failed to initialize FlashInfer All Reduce workspace: [SymmDeviceMemory] Device does not support multicasting.. This is expected on GPUs without NVSwitch (e.g., NVLink bridge-only or PCIe topologies).
(Worker_PP2_TP0 pid=1115783) WARNING 08-22 18:18:58 [flashinfer_all_reduce.py:78] Failed to initialize FlashInfer All Reduce workspace: [SymmDeviceMemory] Device does not support multicasting.. This is expected on GPUs without NVSwitch (e.g., NVLink bridge-only or PCIe topologies).
(Worker_PP2_TP0 pid=1115783) WARNING 08-22 18:18:58 [flashinfer_all_reduce.py:78] Failed to initialize FlashInfer All Reduce workspace: [SymmDeviceMemory] Device does not support multicasting.. This is expected on GPUs without NVSwitch (e.g., NVLink bridge-only or PCIe topologies).
(Worker_PP2_TP0 pid=1115783) WARNING 08-22 18:18:58 [flashinfer_all_reduce.py:78] Failed to initialize FlashInfer All Reduce workspace: [SymmDeviceMemory] Device does not support multicasting.. This is expected on GPUs without NVSwitch (e.g., NVLink bridge-only or PCIe topologies).
(Worker_PP2_TP0 pid=1115783) WARNING 08-22 18:18:58 [flashinfer_all_reduce.py:78] Failed to initialize FlashInfer All Reduce workspace: [SymmDeviceMemory] Device does not support multicasting.. This is expected on GPUs without NVSwitch (e.g., NVLink bridge-only or PCIe topologies).
(Worker_PP2_TP0 pid=1115783) WARNING 08-22 18:18:58 [flashinfer_all_reduce.py:78] Failed to initialize FlashInfer All Reduce workspace: [SymmDeviceMemory] Device does not support multicasting.. This is expected on GPUs without NVSwitch (e.g., NVLink bridge-only or PCIe topologies).
(Worker_PP2_TP0 pid=1115783) WARNING 08-22 18:18:58 [flashinfer_all_reduce.py:78] Failed to initialize FlashInfer All Reduce workspace: [SymmDeviceMemory] Device does not support multicasting.. This is expected on GPUs without NVSwitch (e.g., NVLink bridge-only or PCIe topologies).
(Worker_PP2_TP0 pid=1115783) WARNING 08-22 18:18:58 [flashinfer_all_reduce.py:78] Failed to initialize FlashInfer All Reduce workspace: [SymmDeviceMemory] Device does not support multicasting.. This is expected on GPUs without NVSwitch (e.g., NVLink bridge-only or PCIe topologies).
(Worker_PP2_TP0 pid=1115783) WARNING 08-22 18:18:58 [flashinfer_all_reduce.py:78] Failed to initialize FlashInfer All Reduce workspace: [SymmDeviceMemory] Device does not support multicasting.. This is expected on GPUs without NVSwitch (e.g., NVLink bridge-only or PCIe topologies).
(Worker_PP2_TP0 pid=1115783) WARNING 08-22 18:18:58 [flashinfer_all_reduce.py:78] Failed to initialize FlashInfer All Reduce workspace: [SymmDeviceMemory] Device does not support multicasting.. This is expected on GPUs without NVSwitch (e.g., NVLink bridge-only or PCIe topologies).
(Worker_PP2_TP0 pid=1115783) WARNING 08-22 18:18:58 [flashinfer_all_reduce.py:78] Failed to initialize FlashInfer All Reduce workspace: [SymmDeviceMemory] Device does not support multicasting.. This is expected on GPUs without NVSwitch (e.g., NVLink bridge-only or PCIe topologies).
(Worker_PP2_TP0 pid=1115783) WARNING 08-22 18:18:58 [flashinfer_all_reduce.py:78] Failed to initialize FlashInfer All Reduce workspace: [SymmDeviceMemory] Device does not support multicasting.. This is expected on GPUs without NVSwitch (e.g., NVLink bridge-only or PCIe topologies).
(Worker_PP2_TP0 pid=1115783) WARNING 08-22 18:18:58 [flashinfer_all_reduce.py:78] Failed to initialize FlashInfer All Reduce workspace: [SymmDeviceMemory] Device does not support multicasting.. This is expected on GPUs without NVSwitch (e.g., NVLink bridge-only or PCIe topologies).
(Worker_PP2_TP0 pid=1115783) WARNING 08-22 18:18:58 [flashinfer_all_reduce.py:78] Failed to initialize FlashInfer All Reduce workspace: [SymmDeviceMemory] Device does not support multicasting.. This is expected on GPUs without NVSwitch (e.g., NVLink bridge-only or PCIe topologies).
(Worker_PP2_TP0 pid=1115783) WARNING 08-22 18:18:58 [flashinfer_all_reduce.py:78] Failed to initialize FlashInfer All Reduce workspace: [SymmDeviceMemory] Device does not support multicasting.. This is expected on GPUs without NVSwitch (e.g., NVLink bridge-only or PCIe topologies).
(Worker_PP2_TP2 pid=1115785) [k3t r?] step=61 tok=1 step=92.12ms | KDA: n=22 attn=17.3ms mlp=43.1ms other=0.6ms tot=60.9ms | full: n=9 attn=12.3ms mlp=18.6ms other=0.2ms tot=31.1ms | ALL: attn=29.5ms mlp=61.7ms model=92.1ms
(Worker_PP2_TP7 pid=1115790) [k3t r?] step=61 tok=1 step=92.11ms | KDA: n=22 attn=17.2ms mlp=43.1ms other=0.6ms tot=60.9ms | full: n=9 attn=12.3ms mlp=18.6ms other=0.2ms tot=31.1ms | ALL: attn=29.5ms mlp=61.7ms model=92.1ms
(Worker_PP2_TP3 pid=1115786) [k3t r?] step=61 tok=1 step=92.12ms | KDA: n=22 attn=17.2ms mlp=43.1ms other=0.6ms tot=60.9ms | full: n=9 attn=12.2ms mlp=18.6ms other=0.2ms tot=31.1ms | ALL: attn=29.5ms mlp=61.7ms model=92.1ms
(Worker_PP2_TP4 pid=1115787) [k3t r?] step=61 tok=1 step=92.11ms | KDA: n=22 attn=17.3ms mlp=43.1ms other=0.6ms tot=60.9ms | full: n=9 attn=12.3ms mlp=18.6ms other=0.2ms tot=31.1ms | ALL: attn=29.5ms mlp=61.7ms model=92.1ms
(Worker_PP2_TP1 pid=1115784) [k3t r?] step=61 tok=1 step=92.11ms | KDA: n=22 attn=17.2ms mlp=43.1ms other=0.6ms tot=60.9ms | full: n=9 attn=12.2ms mlp=18.6ms other=0.2ms tot=31.1ms | ALL: attn=29.5ms mlp=61.7ms model=92.1ms
(Worker_PP2_TP6 pid=1115789) [k3t r?] step=61 tok=1 step=92.11ms | KDA: n=22 attn=17.2ms mlp=43.1ms other=0.6ms tot=60.9ms | full: n=9 attn=12.3ms mlp=18.6ms other=0.2ms tot=31.1ms | ALL: attn=29.5ms mlp=61.7ms model=92.1ms
(Worker_PP2_TP5 pid=1115788) [k3t r?] step=61 tok=1 step=92.11ms | KDA: n=22 attn=17.3ms mlp=43.1ms other=0.6ms tot=60.9ms | full: n=9 attn=12.3ms mlp=18.6ms other=0.2ms tot=31.1ms | ALL: attn=29.5ms mlp=61.7ms model=92.1ms
(Worker_PP2_TP0 pid=1115783) [k3t r?] step=61 tok=1 step=92.53ms | KDA: n=22 attn=9.0ms mlp=42.3ms other=8.6ms tot=59.8ms | full: n=9 attn=8.9ms mlp=18.0ms other=3.7ms tot=30.6ms | ALL: attn=17.8ms mlp=60.3ms model=92.5ms
(Worker_PP2_TP5 pid=1115788) [k3t r?] logits=0.7ms step_tot=94.0ms
(Worker_PP2_TP6 pid=1115789) [k3t r?] logits=0.6ms step_tot=94.0ms
(Worker_PP2_TP2 pid=1115785) [k3t r?] logits=0.7ms step_tot=94.0ms
(Worker_PP2_TP4 pid=1115787) [k3t r?] logits=0.6ms step_tot=94.0ms
(Worker_PP2_TP1 pid=1115784) [k3t r?] logits=0.5ms step_tot=94.1ms
(Worker_PP2_TP7 pid=1115790) [k3t r?] logits=0.7ms step_tot=94.1ms
(Worker_PP2_TP3 pid=1115786) [k3t r?] logits=0.7ms step_tot=94.1ms
(Worker_PP2_TP0 pid=1115783) [k3t r?] logits=0.5ms step_tot=94.2ms
(Worker_PP2_TP0 pid=1115783) WARNING 08-22 18:18:58 [flashinfer_all_reduce.py:78] Failed to initialize FlashInfer All Reduce workspace: [SymmDeviceMemory] Device does not support multicasting.. This is expected on GPUs without NVSwitch (e.g., NVLink bridge-only or PCIe topologies).
(Worker_PP2_TP0 pid=1115783) WARNING 08-22 18:18:58 [flashinfer_all_reduce.py:78] Failed to initialize FlashInfer All Reduce workspace: [SymmDeviceMemory] Device does not support multicasting.. This is expected on GPUs without NVSwitch (e.g., NVLink bridge-only or PCIe topologies).
(Worker_PP2_TP0 pid=1115783) WARNING 08-22 18:18:58 [flashinfer_all_reduce.py:78] Failed to initialize FlashInfer All Reduce workspace: [SymmDeviceMemory] Device does not support multicasting.. This is expected on GPUs without NVSwitch (e.g., NVLink bridge-only or PCIe topologies).
(Worker_PP2_TP0 pid=1115783) WARNING 08-22 18:18:59 [flashinfer_all_reduce.py:78] Failed to initialize FlashInfer All Reduce workspace: [SymmDeviceMemory] Device does not support multicasting.. This is expected on GPUs without NVSwitch (e.g., NVLink bridge-only or PCIe topologies).
(Worker_PP2_TP0 pid=1115783) WARNING 08-22 18:18:59 [flashinfer_all_reduce.py:78] Failed to initialize FlashInfer All Reduce workspace: [SymmDeviceMemory] Device does not support multicasting.. This is expected on GPUs without NVSwitch (e.g., NVLink bridge-only or PCIe topologies).
(Worker_PP2_TP0 pid=1115783) WARNING 08-22 18:18:59 [flashinfer_all_reduce.py:78] Failed to initialize FlashInfer All Reduce workspace: [SymmDeviceMemory] Device does not support multicasting.. This is expected on GPUs without NVSwitch (e.g., NVLink bridge-only or PCIe topologies).
(Worker_PP2_TP0 pid=1115783) WARNING 08-22 18:18:59 [flashinfer_all_reduce.py:78] Failed to initialize FlashInfer All Reduce workspace: [SymmDeviceMemory] Device does not support multicasting.. This is expected on GPUs without NVSwitch (e.g., NVLink bridge-only or PCIe topologies).
(Worker_PP2_TP0 pid=1115783) WARNING 08-22 18:18:59 [flashinfer_all_reduce.py:78] Failed to initialize FlashInfer All Reduce workspace: [SymmDeviceMemory] Device does not support multicasting.. This is expected on GPUs without NVSwitch (e.g., NVLink bridge-only or PCIe topologies).
(Worker_PP2_TP0 pid=1115783) WARNING 08-22 18:18:59 [flashinfer_all_reduce.py:78] Failed to initialize FlashInfer All Reduce workspace: [SymmDeviceMemory] Device does not support multicasting.. This is expected on GPUs without NVSwitch (e.g., NVLink bridge-only or PCIe topologies).
(Worker_PP2_TP0 pid=1115783) WARNING 08-22 18:18:59 [flashinfer_all_reduce.py:78] Failed to initialize FlashInfer All Reduce workspace: [SymmDeviceMemory] Device does not support multicasting.. This is expected on GPUs without NVSwitch (e.g., NVLink bridge-only or PCIe topologies).
(Worker_PP2_TP0 pid=1115783) WARNING 08-22 18:18:59 [flashinfer_all_reduce.py:78] Failed to initialize FlashInfer All Reduce workspace: [SymmDeviceMemory] Device does not support multicasting.. This is expected on GPUs without NVSwitch (e.g., NVLink bridge-only or PCIe topologies).
(Worker_PP2_TP0 pid=1115783) WARNING 08-22 18:18:59 [flashinfer_all_reduce.py:78] Failed to initialize FlashInfer All Reduce workspace: [SymmDeviceMemory] Device does not support multicasting.. This is expected on GPUs without NVSwitch (e.g., NVLink bridge-only or PCIe topologies).
(Worker_PP2_TP0 pid=1115783) WARNING 08-22 18:18:59 [flashinfer_all_reduce.py:78] Failed to initialize FlashInfer All Reduce workspace: [SymmDeviceMemory] Device does not support multicasting.. This is expected on GPUs without NVSwitch (e.g., NVLink bridge-only or PCIe topologies).
(Worker_PP2_TP0 pid=1115783) WARNING 08-22 18:18:59 [flashinfer_all_reduce.py:78] Failed to initialize FlashInfer All Reduce workspace: [SymmDeviceMemory] Device does not support multicasting.. This is expected on GPUs without NVSwitch (e.g., NVLink bridge-only or PCIe topologies).
(Worker_PP2_TP0 pid=1115783) WARNING 08-22 18:18:59 [flashinfer_all_reduce.py:78] Failed to initialize FlashInfer All Reduce workspace: [SymmDeviceMemory] Device does not support multicasting.. This is expected on GPUs without NVSwitch (e.g., NVLink bridge-only or PCIe topologies).
(Worker_PP2_TP0 pid=1115783) WARNING 08-22 18:18:59 [flashinfer_all_reduce.py:78] Failed to initialize FlashInfer All Reduce workspace: [SymmDeviceMemory] Device does not support multicasting.. This is expected on GPUs without NVSwitch (e.g., NVLink bridge-only or PCIe topologies).
(Worker_PP2_TP0 pid=1115783) WARNING 08-22 18:18:59 [flashinfer_all_reduce.py:78] Failed to initialize FlashInfer All Reduce workspace: [SymmDeviceMemory] Device does not support multicasting.. This is expected on GPUs without NVSwitch (e.g., NVLink bridge-only or PCIe topologies).
(Worker_PP2_TP0 pid=1115783) WARNING 08-22 18:18:59 [flashinfer_all_reduce.py:78] Failed to initialize FlashInfer All Reduce workspace: [SymmDeviceMemory] Device does not support multicasting.. This is expected on GPUs without NVSwitch (e.g., NVLink bridge-only or PCIe topologies).
(Worker_PP2_TP0 pid=1115783) WARNING 08-22 18:18:59 [flashinfer_all_reduce.py:78] Failed to initialize FlashInfer All Reduce workspace: [SymmDeviceMemory] Device does not support multicasting.. This is expected on GPUs without NVSwitch (e.g., NVLink bridge-only or PCIe topologies).
(Worker_PP2_TP0 pid=1115783) WARNING 08-22 18:18:59 [flashinfer_all_reduce.py:78] Failed to initialize FlashInfer All Reduce workspace: [SymmDeviceMemory] Device does not support multicasting.. This is expected on GPUs without NVSwitch (e.g., NVLink bridge-only or PCIe topologies).
(Worker_PP2_TP0 pid=1115783) WARNING 08-22 18:18:59 [flashinfer_all_reduce.py:78] Failed to initialize FlashInfer All Reduce workspace: [SymmDeviceMemory] Device does not support multicasting.. This is expected on GPUs without NVSwitch (e.g., NVLink bridge-only or PCIe topologies).
(Worker_PP2_TP0 pid=1115783) WARNING 08-22 18:18:59 [flashinfer_all_reduce.py:78] Failed to initialize FlashInfer All Reduce workspace: [SymmDeviceMemory] Device does not support multicasting.. This is expected on GPUs without NVSwitch (e.g., NVLink bridge-only or PCIe topologies).
(Worker_PP2_TP0 pid=1115783) WARNING 08-22 18:18:59 [flashinfer_all_reduce.py:78] Failed to initialize FlashInfer All Reduce workspace: [SymmDeviceMemory] Device does not support multicasting.. This is expected on GPUs without NVSwitch (e.g., NVLink bridge-only or PCIe topologies).
(Worker_PP2_TP0 pid=1115783) WARNING 08-22 18:18:59 [flashinfer_all_reduce.py:78] Failed to initialize FlashInfer All Reduce workspace: [SymmDeviceMemory] Device does not support multicasting.. This is expected on GPUs without NVSwitch (e.g., NVLink bridge-only or PCIe topologies).
(Worker_PP2_TP0 pid=1115783) WARNING 08-22 18:18:59 [flashinfer_all_reduce.py:78] Failed to initialize FlashInfer All Reduce workspace: [SymmDeviceMemory] Device does not support multicasting.. This is expected on GPUs without NVSwitch (e.g., NVLink bridge-only or PCIe topologies).
(Worker_PP2_TP0 pid=1115783) WARNING 08-22 18:18:59 [flashinfer_all_reduce.py:78] Failed to initialize FlashInfer All Reduce workspace: [SymmDeviceMemory] Device does not support multicasting.. This is expected on GPUs without NVSwitch (e.g., NVLink bridge-only or PCIe topologies).
(Worker_PP2_TP0 pid=1115783) WARNING 08-22 18:18:59 [flashinfer_all_reduce.py:78] Failed to initialize FlashInfer All Reduce workspace: [SymmDeviceMemory] Device does not support multicasting.. This is expected on GPUs without NVSwitch (e.g., NVLink bridge-only or PCIe topologies).
(Worker_PP2_TP0 pid=1115783) WARNING 08-22 18:18:59 [flashinfer_all_reduce.py:78] Failed to initialize FlashInfer All Reduce workspace: [SymmDeviceMemory] Device does not support multicasting.. This is expected on GPUs without NVSwitch (e.g., NVLink bridge-only or PCIe topologies).
(Worker_PP2_TP0 pid=1115783) WARNING 08-22 18:18:59 [flashinfer_all_reduce.py:78] Failed to initialize FlashInfer All Reduce workspace: [SymmDeviceMemory] Device does not support multicasting.. This is expected on GPUs without NVSwitch (e.g., NVLink bridge-only or PCIe topologies).
(Worker_PP2_TP0 pid=1115783) WARNING 08-22 18:18:59 [flashinfer_all_reduce.py:78] Failed to initialize FlashInfer All Reduce workspace: [SymmDeviceMemory] Device does not support multicasting.. This is expected on GPUs without NVSwitch (e.g., NVLink bridge-only or PCIe topologies).
(Worker_PP2_TP0 pid=1115783) WARNING 08-22 18:18:59 [flashinfer_all_reduce.py:78] Failed to initialize FlashInfer All Reduce workspace: [SymmDeviceMemory] Device does not support multicasting.. This is expected on GPUs without NVSwitch (e.g., NVLink bridge-only or PCIe topologies).
(Worker_PP2_TP5 pid=1115788) [k3t r?] step=62 tok=1 step=90.82ms | KDA: n=22 attn=17.2ms mlp=42.0ms other=0.6ms tot=59.8ms | full: n=9 attn=12.1ms mlp=18.4ms other=0.4ms tot=30.9ms | ALL: attn=29.3ms mlp=60.4ms model=90.8ms
(Worker_PP2_TP1 pid=1115784) [k3t r?] step=62 tok=1 step=90.82ms | KDA: n=22 attn=17.2ms mlp=42.0ms other=0.6ms tot=59.8ms | full: n=9 attn=12.3ms mlp=18.4ms other=0.2ms tot=30.9ms | ALL: attn=29.5ms mlp=60.4ms model=90.8ms
(Worker_PP2_TP7 pid=1115790) [k3t r?] step=62 tok=1 step=90.82ms | KDA: n=22 attn=17.2ms mlp=42.0ms other=0.6ms tot=59.8ms | full: n=9 attn=12.3ms mlp=18.4ms other=0.2ms tot=30.9ms | ALL: attn=29.5ms mlp=60.4ms model=90.8ms
(Worker_PP2_TP2 pid=1115785) [k3t r?] step=62 tok=1 step=90.81ms | KDA: n=22 attn=17.2ms mlp=42.0ms other=0.6ms tot=59.8ms | full: n=9 attn=12.3ms mlp=18.4ms other=0.2ms tot=30.9ms | ALL: attn=29.5ms mlp=60.4ms model=90.8ms
(Worker_PP2_TP3 pid=1115786) [k3t r?] step=62 tok=1 step=90.81ms | KDA: n=22 attn=17.2ms mlp=42.0ms other=0.6ms tot=59.8ms | full: n=9 attn=12.3ms mlp=18.4ms other=0.2ms tot=30.9ms | ALL: attn=29.5ms mlp=60.4ms model=90.8ms
(Worker_PP2_TP4 pid=1115787) [k3t r?] step=62 tok=1 step=90.81ms | KDA: n=22 attn=17.2ms mlp=42.0ms other=0.6ms tot=59.8ms | full: n=9 attn=12.3ms mlp=18.4ms other=0.2ms tot=30.9ms | ALL: attn=29.5ms mlp=60.4ms model=90.8ms
(Worker_PP2_TP6 pid=1115789) [k3t r?] step=62 tok=1 step=90.82ms | KDA: n=22 attn=17.2ms mlp=42.0ms other=0.6ms tot=59.8ms | full: n=9 attn=12.3ms mlp=18.4ms other=0.2ms tot=30.9ms | ALL: attn=29.5ms mlp=60.4ms model=90.8ms
(Worker_PP2_TP0 pid=1115783) [k3t r?] step=62 tok=1 step=91.34ms | KDA: n=22 attn=9.0ms mlp=41.5ms other=8.3ms tot=58.7ms | full: n=9 attn=8.8ms mlp=17.8ms other=3.6ms tot=30.2ms | ALL: attn=17.7ms mlp=59.3ms model=91.3ms
(Worker_PP2_TP7 pid=1115790) [k3t r?] logits=0.6ms step_tot=92.7ms
(Worker_PP2_TP2 pid=1115785) [k3t r?] logits=0.6ms step_tot=92.7ms
(Worker_PP2_TP4 pid=1115787) [k3t r?] logits=0.6ms step_tot=92.7ms
(Worker_PP2_TP6 pid=1115789) [k3t r?] logits=0.6ms step_tot=92.7ms
(Worker_PP2_TP1 pid=1115784) [k3t r?] logits=0.7ms step_tot=92.7ms
(Worker_PP2_TP3 pid=1115786) [k3t r?] logits=0.6ms step_tot=92.7ms
(Worker_PP2_TP5 pid=1115788) [k3t r?] logits=0.7ms step_tot=92.7ms
(Worker_PP2_TP0 pid=1115783) [k3t r?] logits=0.3ms step_tot=92.7ms
(Worker_PP2_TP0 pid=1115783) WARNING 08-22 18:18:59 [flashinfer_all_reduce.py:78] Failed to initialize FlashInfer All Reduce workspace: [SymmDeviceMemory] Device does not support multicasting.. This is expected on GPUs without NVSwitch (e.g., NVLink bridge-only or PCIe topologies).
(Worker_PP2_TP0 pid=1115783) WARNING 08-22 18:18:59 [flashinfer_all_reduce.py:78] Failed to initialize FlashInfer All Reduce workspace: [SymmDeviceMemory] Device does not support multicasting.. This is expected on GPUs without NVSwitch (e.g., NVLink bridge-only or PCIe topologies).
(Worker_PP2_TP0 pid=1115783) WARNING 08-22 18:18:59 [flashinfer_all_reduce.py:78] Failed to initialize FlashInfer All Reduce workspace: [SymmDeviceMemory] Device does not support multicasting.. This is expected on GPUs without NVSwitch (e.g., NVLink bridge-only or PCIe topologies).
(Worker_PP2_TP0 pid=1115783) WARNING 08-22 18:18:59 [flashinfer_all_reduce.py:78] Failed to initialize FlashInfer All Reduce workspace: [SymmDeviceMemory] Device does not support multicasting.. This is expected on GPUs without NVSwitch (e.g., NVLink bridge-only or PCIe topologies).
(Worker_PP2_TP0 pid=1115783) WARNING 08-22 18:18:59 [flashinfer_all_reduce.py:78] Failed to initialize FlashInfer All Reduce workspace: [SymmDeviceMemory] Device does not support multicasting.. This is expected on GPUs without NVSwitch (e.g., NVLink bridge-only or PCIe topologies).
(Worker_PP2_TP0 pid=1115783) WARNING 08-22 18:18:59 [flashinfer_all_reduce.py:78] Failed to initialize FlashInfer All Reduce workspace: [SymmDeviceMemory] Device does not support multicasting.. This is expected on GPUs without NVSwitch (e.g., NVLink bridge-only or PCIe topologies).
(Worker_PP2_TP0 pid=1115783) WARNING 08-22 18:18:59 [flashinfer_all_reduce.py:78] Failed to initialize FlashInfer All Reduce workspace: [SymmDeviceMemory] Device does not support multicasting.. This is expected on GPUs without NVSwitch (e.g., NVLink bridge-only or PCIe topologies).
(Worker_PP2_TP0 pid=1115783) WARNING 08-22 18:18:59 [flashinfer_all_reduce.py:78] Failed to initialize FlashInfer All Reduce workspace: [SymmDeviceMemory] Device does not support multicasting.. This is expected on GPUs without NVSwitch (e.g., NVLink bridge-only or PCIe topologies).
(Worker_PP2_TP0 pid=1115783) WARNING 08-22 18:18:59 [flashinfer_all_reduce.py:78] Failed to initialize FlashInfer All Reduce workspace: [SymmDeviceMemory] Device does not support multicasting.. This is expected on GPUs without NVSwitch (e.g., NVLink bridge-only or PCIe topologies).
(Worker_PP2_TP0 pid=1115783) WARNING 08-22 18:18:59 [flashinfer_all_reduce.py:78] Failed to initialize FlashInfer All Reduce workspace: [SymmDeviceMemory] Device does not support multicasting.. This is expected on GPUs without NVSwitch (e.g., NVLink bridge-only or PCIe topologies).
(Worker_PP2_TP0 pid=1115783) WARNING 08-22 18:18:59 [flashinfer_all_reduce.py:78] Failed to initialize FlashInfer All Reduce workspace: [SymmDeviceMemory] Device does not support multicasting.. This is expected on GPUs without NVSwitch (e.g., NVLink bridge-only or PCIe topologies).
(Worker_PP2_TP0 pid=1115783) WARNING 08-22 18:18:59 [flashinfer_all_reduce.py:78] Failed to initialize FlashInfer All Reduce workspace: [SymmDeviceMemory] Device does not support multicasting.. This is expected on GPUs without NVSwitch (e.g., NVLink bridge-only or PCIe topologies).
(Worker_PP2_TP0 pid=1115783) WARNING 08-22 18:18:59 [flashinfer_all_reduce.py:78] Failed to initialize FlashInfer All Reduce workspace: [SymmDeviceMemory] Device does not support multicasting.. This is expected on GPUs without NVSwitch (e.g., NVLink bridge-only or PCIe topologies).
(Worker_PP2_TP0 pid=1115783) WARNING 08-22 18:18:59 [flashinfer_all_reduce.py:78] Failed to initialize FlashInfer All Reduce workspace: [SymmDeviceMemory] Device does not support multicasting.. This is expected on GPUs without NVSwitch (e.g., NVLink bridge-only or PCIe topologies).
(Worker_PP2_TP0 pid=1115783) WARNING 08-22 18:18:59 [flashinfer_all_reduce.py:78] Failed to initialize FlashInfer All Reduce workspace: [SymmDeviceMemory] Device does not support multicasting.. This is expected on GPUs without NVSwitch (e.g., NVLink bridge-only or PCIe topologies).
(Worker_PP2_TP0 pid=1115783) WARNING 08-22 18:18:59 [flashinfer_all_reduce.py:78] Failed to initialize FlashInfer All Reduce workspace: [SymmDeviceMemory] Device does not support multicasting.. This is expected on GPUs without NVSwitch (e.g., NVLink bridge-only or PCIe topologies).
(Worker_PP2_TP0 pid=1115783) WARNING 08-22 18:18:59 [flashinfer_all_reduce.py:78] Failed to initialize FlashInfer All Reduce workspace: [SymmDeviceMemory] Device does not support multicasting.. This is expected on GPUs without NVSwitch (e.g., NVLink bridge-only or PCIe topologies).
(Worker_PP2_TP0 pid=1115783) WARNING 08-22 18:18:59 [flashinfer_all_reduce.py:78] Failed to initialize FlashInfer All Reduce workspace: [SymmDeviceMemory] Device does not support multicasting.. This is expected on GPUs without NVSwitch (e.g., NVLink bridge-only or PCIe topologies).
(Worker_PP2_TP0 pid=1115783) WARNING 08-22 18:18:59 [flashinfer_all_reduce.py:78] Failed to initialize FlashInfer All Reduce workspace: [SymmDeviceMemory] Device does not support multicasting.. This is expected on GPUs without NVSwitch (e.g., NVLink bridge-only or PCIe topologies).
(Worker_PP2_TP0 pid=1115783) WARNING 08-22 18:18:59 [flashinfer_all_reduce.py:78] Failed to initialize FlashInfer All Reduce workspace: [SymmDeviceMemory] Device does not support multicasting.. This is expected on GPUs without NVSwitch (e.g., NVLink bridge-only or PCIe topologies).
(Worker_PP2_TP0 pid=1115783) WARNING 08-22 18:18:59 [flashinfer_all_reduce.py:78] Failed to initialize FlashInfer All Reduce workspace: [SymmDeviceMemory] Device does not support multicasting.. This is expected on GPUs without NVSwitch (e.g., NVLink bridge-only or PCIe topologies).
(Worker_PP2_TP0 pid=1115783) WARNING 08-22 18:18:59 [flashinfer_all_reduce.py:78] Failed to initialize FlashInfer All Reduce workspace: [SymmDeviceMemory] Device does not support multicasting.. This is expected on GPUs without NVSwitch (e.g., NVLink bridge-only or PCIe topologies).
(Worker_PP2_TP0 pid=1115783) WARNING 08-22 18:18:59 [flashinfer_all_reduce.py:78] Failed to initialize FlashInfer All Reduce workspace: [SymmDeviceMemory] Device does not support multicasting.. This is expected on GPUs without NVSwitch (e.g., NVLink bridge-only or PCIe topologies).
(Worker_PP2_TP0 pid=1115783) WARNING 08-22 18:18:59 [flashinfer_all_reduce.py:78] Failed to initialize FlashInfer All Reduce workspace: [SymmDeviceMemory] Device does not support multicasting.. This is expected on GPUs without NVSwitch (e.g., NVLink bridge-only or PCIe topologies).
(Worker_PP2_TP0 pid=1115783) WARNING 08-22 18:18:59 [flashinfer_all_reduce.py:78] Failed to initialize FlashInfer All Reduce workspace: [SymmDeviceMemory] Device does not support multicasting.. This is expected on GPUs without NVSwitch (e.g., NVLink bridge-only or PCIe topologies).
(Worker_PP2_TP0 pid=1115783) WARNING 08-22 18:18:59 [flashinfer_all_reduce.py:78] Failed to initialize FlashInfer All Reduce workspace: [SymmDeviceMemory] Device does not support multicasting.. This is expected on GPUs without NVSwitch (e.g., NVLink bridge-only or PCIe topologies).
(Worker_PP2_TP0 pid=1115783) WARNING 08-22 18:18:59 [flashinfer_all_reduce.py:78] Failed to initialize FlashInfer All Reduce workspace: [SymmDeviceMemory] Device does not support multicasting.. This is expected on GPUs without NVSwitch (e.g., NVLink bridge-only or PCIe topologies).
(Worker_PP2_TP0 pid=1115783) WARNING 08-22 18:18:59 [flashinfer_all_reduce.py:78] Failed to initialize FlashInfer All Reduce workspace: [SymmDeviceMemory] Device does not support multicasting.. This is expected on GPUs without NVSwitch (e.g., NVLink bridge-only or PCIe topologies).
(Worker_PP2_TP0 pid=1115783) WARNING 08-22 18:18:59 [flashinfer_all_reduce.py:78] Failed to initialize FlashInfer All Reduce workspace: [SymmDeviceMemory] Device does not support multicasting.. This is expected on GPUs without NVSwitch (e.g., NVLink bridge-only or PCIe topologies).
(Worker_PP2_TP0 pid=1115783) WARNING 08-22 18:18:59 [flashinfer_all_reduce.py:78] Failed to initialize FlashInfer All Reduce workspace: [SymmDeviceMemory] Device does not support multicasting.. This is expected on GPUs without NVSwitch (e.g., NVLink bridge-only or PCIe topologies).
(Worker_PP2_TP0 pid=1115783) WARNING 08-22 18:18:59 [flashinfer_all_reduce.py:78] Failed to initialize FlashInfer All Reduce workspace: [SymmDeviceMemory] Device does not support multicasting.. This is expected on GPUs without NVSwitch (e.g., NVLink bridge-only or PCIe topologies).
(Worker_PP2_TP5 pid=1115788) [k3t r?] step=63 tok=1 step=91.02ms | KDA: n=22 attn=16.3ms mlp=42.4ms other=1.3ms tot=60.1ms | full: n=9 attn=11.9ms mlp=18.2ms other=0.7ms tot=30.7ms | ALL: attn=28.2ms mlp=60.6ms model=91.0ms
(Worker_PP2_TP1 pid=1115784) [k3t r?] step=63 tok=1 step=91.03ms | KDA: n=22 attn=17.0ms mlp=42.5ms other=0.6ms tot=60.0ms | full: n=9 attn=12.4ms mlp=18.3ms other=0.2ms tot=30.9ms | ALL: attn=29.4ms mlp=60.7ms model=91.0ms
(Worker_PP2_TP2 pid=1115785) [k3t r?] step=63 tok=1 step=91.02ms | KDA: n=22 attn=17.0ms mlp=42.5ms other=0.6ms tot=60.1ms | full: n=9 attn=12.4ms mlp=18.3ms other=0.2ms tot=30.9ms | ALL: attn=29.4ms mlp=60.7ms model=91.0ms
(Worker_PP2_TP7 pid=1115790) [k3t r?] step=63 tok=1 step=91.02ms | KDA: n=22 attn=17.0ms mlp=42.5ms other=0.6ms tot=60.1ms | full: n=9 attn=12.4ms mlp=18.3ms other=0.2ms tot=30.9ms | ALL: attn=29.4ms mlp=60.7ms model=91.0ms
(Worker_PP2_TP3 pid=1115786) [k3t r?] step=63 tok=1 step=91.02ms | KDA: n=22 attn=17.0ms mlp=42.5ms other=0.6ms tot=60.1ms | full: n=9 attn=12.4ms mlp=18.3ms other=0.2ms tot=30.9ms | ALL: attn=29.4ms mlp=60.7ms model=91.0ms
(Worker_PP2_TP4 pid=1115787) [k3t r?] step=63 tok=1 step=91.02ms | KDA: n=22 attn=17.0ms mlp=42.5ms other=0.6ms tot=60.1ms | full: n=9 attn=12.4ms mlp=18.3ms other=0.2ms tot=30.9ms | ALL: attn=29.4ms mlp=60.7ms model=91.0ms
(Worker_PP2_TP6 pid=1115789) [k3t r?] step=63 tok=1 step=91.02ms | KDA: n=22 attn=17.0ms mlp=42.5ms other=0.6ms tot=60.1ms | full: n=9 attn=12.4ms mlp=18.3ms other=0.2ms tot=30.9ms | ALL: attn=29.4ms mlp=60.7ms model=91.0ms
(Worker_PP2_TP0 pid=1115783) [k3t r?] step=63 tok=1 step=91.42ms | KDA: n=22 attn=9.1ms mlp=41.4ms other=8.2ms tot=58.8ms | full: n=9 attn=9.0ms mlp=17.9ms other=3.6ms tot=30.5ms | ALL: attn=18.1ms mlp=59.4ms model=91.4ms
(Worker_PP2_TP5 pid=1115788) [k3t r?] logits=0.7ms step_tot=92.9ms
(Worker_PP2_TP6 pid=1115789) [k3t r?] logits=0.6ms step_tot=92.9ms
(Worker_PP2_TP1 pid=1115784) [k3t r?] logits=0.7ms step_tot=92.9ms
(Worker_PP2_TP4 pid=1115787) [k3t r?] logits=0.6ms step_tot=92.9ms
(Worker_PP2_TP7 pid=1115790) [k3t r?] logits=0.7ms step_tot=92.9ms
(Worker_PP2_TP2 pid=1115785) [k3t r?] logits=0.7ms step_tot=92.9ms
(Worker_PP2_TP3 pid=1115786) [k3t r?] logits=0.7ms step_tot=92.9ms
(Worker_PP2_TP0 pid=1115783) [k3t r?] logits=0.4ms step_tot=93.0ms
(Worker_PP2_TP0 pid=1115783) WARNING 08-22 18:18:59 [flashinfer_all_reduce.py:78] Failed to initialize FlashInfer All Reduce workspace: [SymmDeviceMemory] Device does not support multicasting.. This is expected on GPUs without NVSwitch (e.g., NVLink bridge-only or PCIe topologies).
(Worker_PP2_TP0 pid=1115783) WARNING 08-22 18:18:59 [flashinfer_all_reduce.py:78] Failed to initialize FlashInfer All Reduce workspace: [SymmDeviceMemory] Device does not support multicasting.. This is expected on GPUs without NVSwitch (e.g., NVLink bridge-only or PCIe topologies).
(Worker_PP2_TP0 pid=1115783) WARNING 08-22 18:18:59 [flashinfer_all_reduce.py:78] Failed to initialize FlashInfer All Reduce workspace: [SymmDeviceMemory] Device does not support multicasting.. This is expected on GPUs without NVSwitch (e.g., NVLink bridge-only or PCIe topologies).
(Worker_PP2_TP0 pid=1115783) WARNING 08-22 18:18:59 [flashinfer_all_reduce.py:78] Failed to initialize FlashInfer All Reduce workspace: [SymmDeviceMemory] Device does not support multicasting.. This is expected on GPUs without NVSwitch (e.g., NVLink bridge-only or PCIe topologies).
(Worker_PP2_TP0 pid=1115783) WARNING 08-22 18:18:59 [flashinfer_all_reduce.py:78] Failed to initialize FlashInfer All Reduce workspace: [SymmDeviceMemory] Device does not support multicasting.. This is expected on GPUs without NVSwitch (e.g., NVLink bridge-only or PCIe topologies).
(Worker_PP2_TP0 pid=1115783) WARNING 08-22 18:18:59 [flashinfer_all_reduce.py:78] Failed to initialize FlashInfer All Reduce workspace: [SymmDeviceMemory] Device does not support multicasting.. This is expected on GPUs without NVSwitch (e.g., NVLink bridge-only or PCIe topologies).
(Worker_PP2_TP0 pid=1115783) WARNING 08-22 18:18:59 [flashinfer_all_reduce.py:78] Failed to initialize FlashInfer All Reduce workspace: [SymmDeviceMemory] Device does not support multicasting.. This is expected on GPUs without NVSwitch (e.g., NVLink bridge-only or PCIe topologies).
(Worker_PP2_TP0 pid=1115783) WARNING 08-22 18:18:59 [flashinfer_all_reduce.py:78] Failed to initialize FlashInfer All Reduce workspace: [SymmDeviceMemory] Device does not support multicasting.. This is expected on GPUs without NVSwitch (e.g., NVLink bridge-only or PCIe topologies).
(Worker_PP2_TP0 pid=1115783) WARNING 08-22 18:18:59 [flashinfer_all_reduce.py:78] Failed to initialize FlashInfer All Reduce workspace: [SymmDeviceMemory] Device does not support multicasting.. This is expected on GPUs without NVSwitch (e.g., NVLink bridge-only or PCIe topologies).
(Worker_PP2_TP0 pid=1115783) WARNING 08-22 18:18:59 [flashinfer_all_reduce.py:78] Failed to initialize FlashInfer All Reduce workspace: [SymmDeviceMemory] Device does not support multicasting.. This is expected on GPUs without NVSwitch (e.g., NVLink bridge-only or PCIe topologies).
(Worker_PP2_TP0 pid=1115783) WARNING 08-22 18:18:59 [flashinfer_all_reduce.py:78] Failed to initialize FlashInfer All Reduce workspace: [SymmDeviceMemory] Device does not support multicasting.. This is expected on GPUs without NVSwitch (e.g., NVLink bridge-only or PCIe topologies).
(Worker_PP2_TP0 pid=1115783) WARNING 08-22 18:18:59 [flashinfer_all_reduce.py:78] Failed to initialize FlashInfer All Reduce workspace: [SymmDeviceMemory] Device does not support multicasting.. This is expected on GPUs without NVSwitch (e.g., NVLink bridge-only or PCIe topologies).
(Worker_PP2_TP0 pid=1115783) WARNING 08-22 18:18:59 [flashinfer_all_reduce.py:78] Failed to initialize FlashInfer All Reduce workspace: [SymmDeviceMemory] Device does not support multicasting.. This is expected on GPUs without NVSwitch (e.g., NVLink bridge-only or PCIe topologies).
(Worker_PP2_TP0 pid=1115783) WARNING 08-22 18:18:59 [flashinfer_all_reduce.py:78] Failed to initialize FlashInfer All Reduce workspace: [SymmDeviceMemory] Device does not support multicasting.. This is expected on GPUs without NVSwitch (e.g., NVLink bridge-only or PCIe topologies).
(Worker_PP2_TP0 pid=1115783) WARNING 08-22 18:18:59 [flashinfer_all_reduce.py:78] Failed to initialize FlashInfer All Reduce workspace: [SymmDeviceMemory] Device does not support multicasting.. This is expected on GPUs without NVSwitch (e.g., NVLink bridge-only or PCIe topologies).
(Worker_PP2_TP0 pid=1115783) WARNING 08-22 18:18:59 [flashinfer_all_reduce.py:78] Failed to initialize FlashInfer All Reduce workspace: [SymmDeviceMemory] Device does not support multicasting.. This is expected on GPUs without NVSwitch (e.g., NVLink bridge-only or PCIe topologies).
(Worker_PP2_TP0 pid=1115783) WARNING 08-22 18:18:59 [flashinfer_all_reduce.py:78] Failed to initialize FlashInfer All Reduce workspace: [SymmDeviceMemory] Device does not support multicasting.. This is expected on GPUs without NVSwitch (e.g., NVLink bridge-only or PCIe topologies).
(Worker_PP2_TP0 pid=1115783) WARNING 08-22 18:18:59 [flashinfer_all_reduce.py:78] Failed to initialize FlashInfer All Reduce workspace: [SymmDeviceMemory] Device does not support multicasting.. This is expected on GPUs without NVSwitch (e.g., NVLink bridge-only or PCIe topologies).
(Worker_PP2_TP0 pid=1115783) WARNING 08-22 18:18:59 [flashinfer_all_reduce.py:78] Failed to initialize FlashInfer All Reduce workspace: [SymmDeviceMemory] Device does not support multicasting.. This is expected on GPUs without NVSwitch (e.g., NVLink bridge-only or PCIe topologies).
(Worker_PP2_TP0 pid=1115783) WARNING 08-22 18:18:59 [flashinfer_all_reduce.py:78] Failed to initialize FlashInfer All Reduce workspace: [SymmDeviceMemory] Device does not support multicasting.. This is expected on GPUs without NVSwitch (e.g., NVLink bridge-only or PCIe topologies).
(Worker_PP2_TP0 pid=1115783) WARNING 08-22 18:18:59 [flashinfer_all_reduce.py:78] Failed to initialize FlashInfer All Reduce workspace: [SymmDeviceMemory] Device does not support multicasting.. This is expected on GPUs without NVSwitch (e.g., NVLink bridge-only or PCIe topologies).
(Worker_PP2_TP0 pid=1115783) WARNING 08-22 18:18:59 [flashinfer_all_reduce.py:78] Failed to initialize FlashInfer All Reduce workspace: [SymmDeviceMemory] Device does not support multicasting.. This is expected on GPUs without NVSwitch (e.g., NVLink bridge-only or PCIe topologies).
(Worker_PP2_TP0 pid=1115783) WARNING 08-22 18:18:59 [flashinfer_all_reduce.py:78] Failed to initialize FlashInfer All Reduce workspace: [SymmDeviceMemory] Device does not support multicasting.. This is expected on GPUs without NVSwitch (e.g., NVLink bridge-only or PCIe topologies).
(Worker_PP2_TP0 pid=1115783) WARNING 08-22 18:18:59 [flashinfer_all_reduce.py:78] Failed to initialize FlashInfer All Reduce workspace: [SymmDeviceMemory] Device does not support multicasting.. This is expected on GPUs without NVSwitch (e.g., NVLink bridge-only or PCIe topologies).
(Worker_PP2_TP0 pid=1115783) WARNING 08-22 18:18:59 [flashinfer_all_reduce.py:78] Failed to initialize FlashInfer All Reduce workspace: [SymmDeviceMemory] Device does not support multicasting.. This is expected on GPUs without NVSwitch (e.g., NVLink bridge-only or PCIe topologies).
(Worker_PP2_TP0 pid=1115783) WARNING 08-22 18:18:59 [flashinfer_all_reduce.py:78] Failed to initialize FlashInfer All Reduce workspace: [SymmDeviceMemory] Device does not support multicasting.. This is expected on GPUs without NVSwitch (e.g., NVLink bridge-only or PCIe topologies).
(Worker_PP2_TP0 pid=1115783) WARNING 08-22 18:18:59 [flashinfer_all_reduce.py:78] Failed to initialize FlashInfer All Reduce workspace: [SymmDeviceMemory] Device does not support multicasting.. This is expected on GPUs without NVSwitch (e.g., NVLink bridge-only or PCIe topologies).
(Worker_PP2_TP0 pid=1115783) WARNING 08-22 18:18:59 [flashinfer_all_reduce.py:78] Failed to initialize FlashInfer All Reduce workspace: [SymmDeviceMemory] Device does not support multicasting.. This is expected on GPUs without NVSwitch (e.g., NVLink bridge-only or PCIe topologies).
(Worker_PP2_TP0 pid=1115783) WARNING 08-22 18:18:59 [flashinfer_all_reduce.py:78] Failed to initialize FlashInfer All Reduce workspace: [SymmDeviceMemory] Device does not support multicasting.. This is expected on GPUs without NVSwitch (e.g., NVLink bridge-only or PCIe topologies).
(Worker_PP2_TP0 pid=1115783) WARNING 08-22 18:18:59 [flashinfer_all_reduce.py:78] Failed to initialize FlashInfer All Reduce workspace: [SymmDeviceMemory] Device does not support multicasting.. This is expected on GPUs without NVSwitch (e.g., NVLink bridge-only or PCIe topologies).
(Worker_PP2_TP0 pid=1115783) WARNING 08-22 18:18:59 [flashinfer_all_reduce.py:78] Failed to initialize FlashInfer All Reduce workspace: [SymmDeviceMemory] Device does not support multicasting.. This is expected on GPUs without NVSwitch (e.g., NVLink bridge-only or PCIe topologies).
(Worker_PP2_TP5 pid=1115788) [k3t r?] step=64 tok=1 step=89.95ms | KDA: n=22 attn=16.9ms mlp=41.4ms other=0.8ms tot=59.1ms | full: n=9 attn=11.9ms mlp=18.4ms other=0.4ms tot=30.7ms | ALL: attn=28.8ms mlp=59.8ms model=89.9ms
(Worker_PP2_TP1 pid=1115784) [k3t r?] step=64 tok=1 step=89.95ms | KDA: n=22 attn=17.1ms mlp=41.3ms other=0.6ms tot=59.0ms | full: n=9 attn=12.3ms mlp=18.4ms other=0.2ms tot=30.9ms | ALL: attn=29.3ms mlp=59.7ms model=90.0ms
(Worker_PP2_TP2 pid=1115785) [k3t r?] step=64 tok=1 step=89.94ms | KDA: n=22 attn=17.1ms mlp=41.3ms other=0.6ms tot=59.0ms | full: n=9 attn=12.3ms mlp=18.4ms other=0.2ms tot=30.9ms | ALL: attn=29.3ms mlp=59.7ms model=89.9ms
(Worker_PP2_TP7 pid=1115790) [k3t r?] step=64 tok=1 step=89.95ms | KDA: n=22 attn=17.1ms mlp=41.3ms other=0.6ms tot=59.0ms | full: n=9 attn=12.3ms mlp=18.4ms other=0.2ms tot=30.9ms | ALL: attn=29.3ms mlp=59.7ms model=89.9ms
(Worker_PP2_TP6 pid=1115789) [k3t r?] step=64 tok=1 step=89.95ms | KDA: n=22 attn=17.1ms mlp=41.3ms other=0.6ms tot=59.0ms | full: n=9 attn=12.2ms mlp=18.4ms other=0.2ms tot=30.9ms | ALL: attn=29.3ms mlp=59.7ms model=90.0ms
(Worker_PP2_TP4 pid=1115787) [k3t r?] step=64 tok=1 step=89.95ms | KDA: n=22 attn=17.1ms mlp=41.3ms other=0.6ms tot=59.0ms | full: n=9 attn=12.3ms mlp=18.4ms other=0.2ms tot=30.9ms | ALL: attn=29.3ms mlp=59.7ms model=89.9ms
(Worker_PP2_TP3 pid=1115786) [k3t r?] step=64 tok=1 step=89.94ms | KDA: n=22 attn=17.0ms mlp=41.3ms other=0.6ms tot=59.0ms | full: n=9 attn=12.3ms mlp=18.4ms other=0.2ms tot=30.9ms | ALL: attn=29.3ms mlp=59.7ms model=89.9ms
(Worker_PP2_TP0 pid=1115783) [k3t r?] step=64 tok=1 step=90.35ms | KDA: n=22 attn=9.0ms mlp=40.6ms other=8.2ms tot=57.9ms | full: n=9 attn=8.8ms mlp=17.6ms other=3.9ms tot=30.3ms | ALL: attn=17.8ms mlp=58.3ms model=90.4ms
(Worker_PP2_TP5 pid=1115788) [k3t r?] logits=0.7ms step_tot=91.8ms
(Worker_PP2_TP7 pid=1115790) [k3t r?] logits=0.7ms step_tot=91.8ms
(Worker_PP2_TP6 pid=1115789) [k3t r?] logits=0.6ms step_tot=91.8ms
(Worker_PP2_TP3 pid=1115786) [k3t r?] logits=0.6ms step_tot=91.8ms
(Worker_PP2_TP2 pid=1115785) [k3t r?] logits=0.7ms step_tot=91.8ms
(Worker_PP2_TP4 pid=1115787) [k3t r?] logits=0.6ms step_tot=91.8ms
(Worker_PP2_TP1 pid=1115784) [k3t r?] logits=0.7ms step_tot=91.8ms
(Worker_PP2_TP0 pid=1115783) [k3t r?] logits=0.4ms step_tot=91.9ms
(Worker_PP2_TP0 pid=1115783) WARNING 08-22 18:19:00 [flashinfer_all_reduce.py:78] Failed to initialize FlashInfer All Reduce workspace: [SymmDeviceMemory] Device does not support multicasting.. This is expected on GPUs without NVSwitch (e.g., NVLink bridge-only or PCIe topologies).
(Worker_PP2_TP0 pid=1115783) WARNING 08-22 18:19:00 [flashinfer_all_reduce.py:78] Failed to initialize FlashInfer All Reduce workspace: [SymmDeviceMemory] Device does not support multicasting.. This is expected on GPUs without NVSwitch (e.g., NVLink bridge-only or PCIe topologies).
(Worker_PP2_TP0 pid=1115783) WARNING 08-22 18:19:00 [flashinfer_all_reduce.py:78] Failed to initialize FlashInfer All Reduce workspace: [SymmDeviceMemory] Device does not support multicasting.. This is expected on GPUs without NVSwitch (e.g., NVLink bridge-only or PCIe topologies).
(Worker_PP2_TP0 pid=1115783) WARNING 08-22 18:19:00 [flashinfer_all_reduce.py:78] Failed to initialize FlashInfer All Reduce workspace: [SymmDeviceMemory] Device does not support multicasting.. This is expected on GPUs without NVSwitch (e.g., NVLink bridge-only or PCIe topologies).
(Worker_PP2_TP0 pid=1115783) WARNING 08-22 18:19:00 [flashinfer_all_reduce.py:78] Failed to initialize FlashInfer All Reduce workspace: [SymmDeviceMemory] Device does not support multicasting.. This is expected on GPUs without NVSwitch (e.g., NVLink bridge-only or PCIe topologies).
(Worker_PP2_TP0 pid=1115783) WARNING 08-22 18:19:00 [flashinfer_all_reduce.py:78] Failed to initialize FlashInfer All Reduce workspace: [SymmDeviceMemory] Device does not support multicasting.. This is expected on GPUs without NVSwitch (e.g., NVLink bridge-only or PCIe topologies).
(Worker_PP2_TP0 pid=1115783) WARNING 08-22 18:19:00 [flashinfer_all_reduce.py:78] Failed to initialize FlashInfer All Reduce workspace: [SymmDeviceMemory] Device does not support multicasting.. This is expected on GPUs without NVSwitch (e.g., NVLink bridge-only or PCIe topologies).
(Worker_PP2_TP0 pid=1115783) WARNING 08-22 18:19:00 [flashinfer_all_reduce.py:78] Failed to initialize FlashInfer All Reduce workspace: [SymmDeviceMemory] Device does not support multicasting.. This is expected on GPUs without NVSwitch (e.g., NVLink bridge-only or PCIe topologies).
(Worker_PP2_TP0 pid=1115783) WARNING 08-22 18:19:00 [flashinfer_all_reduce.py:78] Failed to initialize FlashInfer All Reduce workspace: [SymmDeviceMemory] Device does not support multicasting.. This is expected on GPUs without NVSwitch (e.g., NVLink bridge-only or PCIe topologies).
(Worker_PP2_TP0 pid=1115783) WARNING 08-22 18:19:00 [flashinfer_all_reduce.py:78] Failed to initialize FlashInfer All Reduce workspace: [SymmDeviceMemory] Device does not support multicasting.. This is expected on GPUs without NVSwitch (e.g., NVLink bridge-only or PCIe topologies).
(Worker_PP2_TP0 pid=1115783) WARNING 08-22 18:19:00 [flashinfer_all_reduce.py:78] Failed to initialize FlashInfer All Reduce workspace: [SymmDeviceMemory] Device does not support multicasting.. This is expected on GPUs without NVSwitch (e.g., NVLink bridge-only or PCIe topologies).
(Worker_PP2_TP0 pid=1115783) WARNING 08-22 18:19:00 [flashinfer_all_reduce.py:78] Failed to initialize FlashInfer All Reduce workspace: [SymmDeviceMemory] Device does not support multicasting.. This is expected on GPUs without NVSwitch (e.g., NVLink bridge-only or PCIe topologies).
(Worker_PP2_TP0 pid=1115783) WARNING 08-22 18:19:00 [flashinfer_all_reduce.py:78] Failed to initialize FlashInfer All Reduce workspace: [SymmDeviceMemory] Device does not support multicasting.. This is expected on GPUs without NVSwitch (e.g., NVLink bridge-only or PCIe topologies).
(Worker_PP2_TP0 pid=1115783) WARNING 08-22 18:19:00 [flashinfer_all_reduce.py:78] Failed to initialize FlashInfer All Reduce workspace: [SymmDeviceMemory] Device does not support multicasting.. This is expected on GPUs without NVSwitch (e.g., NVLink bridge-only or PCIe topologies).
(Worker_PP2_TP0 pid=1115783) WARNING 08-22 18:19:00 [flashinfer_all_reduce.py:78] Failed to initialize FlashInfer All Reduce workspace: [SymmDeviceMemory] Device does not support multicasting.. This is expected on GPUs without NVSwitch (e.g., NVLink bridge-only or PCIe topologies).
(Worker_PP2_TP0 pid=1115783) WARNING 08-22 18:19:00 [flashinfer_all_reduce.py:78] Failed to initialize FlashInfer All Reduce workspace: [SymmDeviceMemory] Device does not support multicasting.. This is expected on GPUs without NVSwitch (e.g., NVLink bridge-only or PCIe topologies).
(Worker_PP2_TP0 pid=1115783) WARNING 08-22 18:19:00 [flashinfer_all_reduce.py:78] Failed to initialize FlashInfer All Reduce workspace: [SymmDeviceMemory] Device does not support multicasting.. This is expected on GPUs without NVSwitch (e.g., NVLink bridge-only or PCIe topologies).
(Worker_PP2_TP0 pid=1115783) WARNING 08-22 18:19:00 [flashinfer_all_reduce.py:78] Failed to initialize FlashInfer All Reduce workspace: [SymmDeviceMemory] Device does not support multicasting.. This is expected on GPUs without NVSwitch (e.g., NVLink bridge-only or PCIe topologies).
(Worker_PP2_TP0 pid=1115783) WARNING 08-22 18:19:00 [flashinfer_all_reduce.py:78] Failed to initialize FlashInfer All Reduce workspace: [SymmDeviceMemory] Device does not support multicasting.. This is expected on GPUs without NVSwitch (e.g., NVLink bridge-only or PCIe topologies).
(Worker_PP2_TP0 pid=1115783) WARNING 08-22 18:19:00 [flashinfer_all_reduce.py:78] Failed to initialize FlashInfer All Reduce workspace: [SymmDeviceMemory] Device does not support multicasting.. This is expected on GPUs without NVSwitch (e.g., NVLink bridge-only or PCIe topologies).
(Worker_PP2_TP0 pid=1115783) WARNING 08-22 18:19:00 [flashinfer_all_reduce.py:78] Failed to initialize FlashInfer All Reduce workspace: [SymmDeviceMemory] Device does not support multicasting.. This is expected on GPUs without NVSwitch (e.g., NVLink bridge-only or PCIe topologies).
(Worker_PP2_TP0 pid=1115783) WARNING 08-22 18:19:00 [flashinfer_all_reduce.py:78] Failed to initialize FlashInfer All Reduce workspace: [SymmDeviceMemory] Device does not support multicasting.. This is expected on GPUs without NVSwitch (e.g., NVLink bridge-only or PCIe topologies).
(Worker_PP2_TP0 pid=1115783) WARNING 08-22 18:19:00 [flashinfer_all_reduce.py:78] Failed to initialize FlashInfer All Reduce workspace: [SymmDeviceMemory] Device does not support multicasting.. This is expected on GPUs without NVSwitch (e.g., NVLink bridge-only or PCIe topologies).
(Worker_PP2_TP0 pid=1115783) WARNING 08-22 18:19:00 [flashinfer_all_reduce.py:78] Failed to initialize FlashInfer All Reduce workspace: [SymmDeviceMemory] Device does not support multicasting.. This is expected on GPUs without NVSwitch (e.g., NVLink bridge-only or PCIe topologies).
(Worker_PP2_TP0 pid=1115783) WARNING 08-22 18:19:00 [flashinfer_all_reduce.py:78] Failed to initialize FlashInfer All Reduce workspace: [SymmDeviceMemory] Device does not support multicasting.. This is expected on GPUs without NVSwitch (e.g., NVLink bridge-only or PCIe topologies).
(Worker_PP2_TP0 pid=1115783) WARNING 08-22 18:19:00 [flashinfer_all_reduce.py:78] Failed to initialize FlashInfer All Reduce workspace: [SymmDeviceMemory] Device does not support multicasting.. This is expected on GPUs without NVSwitch (e.g., NVLink bridge-only or PCIe topologies).
(Worker_PP2_TP0 pid=1115783) WARNING 08-22 18:19:00 [flashinfer_all_reduce.py:78] Failed to initialize FlashInfer All Reduce workspace: [SymmDeviceMemory] Device does not support multicasting.. This is expected on GPUs without NVSwitch (e.g., NVLink bridge-only or PCIe topologies).
(Worker_PP2_TP0 pid=1115783) WARNING 08-22 18:19:00 [flashinfer_all_reduce.py:78] Failed to initialize FlashInfer All Reduce workspace: [SymmDeviceMemory] Device does not support multicasting.. This is expected on GPUs without NVSwitch (e.g., NVLink bridge-only or PCIe topologies).
(Worker_PP2_TP0 pid=1115783) WARNING 08-22 18:19:00 [flashinfer_all_reduce.py:78] Failed to initialize FlashInfer All Reduce workspace: [SymmDeviceMemory] Device does not support multicasting.. This is expected on GPUs without NVSwitch (e.g., NVLink bridge-only or PCIe topologies).
(Worker_PP2_TP0 pid=1115783) WARNING 08-22 18:19:00 [flashinfer_all_reduce.py:78] Failed to initialize FlashInfer All Reduce workspace: [SymmDeviceMemory] Device does not support multicasting.. This is expected on GPUs without NVSwitch (e.g., NVLink bridge-only or PCIe topologies).
(Worker_PP2_TP0 pid=1115783) WARNING 08-22 18:19:00 [flashinfer_all_reduce.py:78] Failed to initialize FlashInfer All Reduce workspace: [SymmDeviceMemory] Device does not support multicasting.. This is expected on GPUs without NVSwitch (e.g., NVLink bridge-only or PCIe topologies).
(Worker_PP2_TP7 pid=1115790) [k3t r?] step=65 tok=1 step=91.24ms | KDA: n=22 attn=17.0ms mlp=42.9ms other=0.6ms tot=60.4ms | full: n=9 attn=12.3ms mlp=18.2ms other=0.2ms tot=30.7ms | ALL: attn=29.3ms mlp=61.1ms model=91.2ms
(Worker_PP2_TP1 pid=1115784) [k3t r?] step=65 tok=1 step=91.24ms | KDA: n=22 attn=17.0ms mlp=42.9ms other=0.6ms tot=60.4ms | full: n=9 attn=12.3ms mlp=18.2ms other=0.2ms tot=30.7ms | ALL: attn=29.3ms mlp=61.1ms model=91.2ms
(Worker_PP2_TP2 pid=1115785) [k3t r?] step=65 tok=1 step=91.24ms | KDA: n=22 attn=17.0ms mlp=42.9ms other=0.5ms tot=60.4ms | full: n=9 attn=12.3ms mlp=18.2ms other=0.2ms tot=30.7ms | ALL: attn=29.3ms mlp=61.1ms model=91.2ms
(Worker_PP2_TP3 pid=1115786) [k3t r?] step=65 tok=1 step=91.25ms | KDA: n=22 attn=17.0ms mlp=42.9ms other=0.6ms tot=60.4ms | full: n=9 attn=12.3ms mlp=18.2ms other=0.2ms tot=30.7ms | ALL: attn=29.3ms mlp=61.1ms model=91.2ms
(Worker_PP2_TP6 pid=1115789) [k3t r?] step=65 tok=1 step=91.24ms | KDA: n=22 attn=17.0ms mlp=42.9ms other=0.6ms tot=60.4ms | full: n=9 attn=12.3ms mlp=18.2ms other=0.2ms tot=30.7ms | ALL: attn=29.3ms mlp=61.1ms model=91.2ms
(Worker_PP2_TP5 pid=1115788) [k3t r?] step=65 tok=1 step=91.24ms | KDA: n=22 attn=17.0ms mlp=42.9ms other=0.6ms tot=60.4ms | full: n=9 attn=12.1ms mlp=18.2ms other=0.4ms tot=30.7ms | ALL: attn=29.0ms mlp=61.1ms model=91.2ms
(Worker_PP2_TP4 pid=1115787) [k3t r?] step=65 tok=1 step=91.24ms | KDA: n=22 attn=17.0ms mlp=42.9ms other=0.6ms tot=60.4ms | full: n=9 attn=12.3ms mlp=18.2ms other=0.2ms tot=30.7ms | ALL: attn=29.3ms mlp=61.1ms model=91.2ms
(Worker_PP2_TP0 pid=1115783) [k3t r?] step=65 tok=1 step=91.67ms | KDA: n=22 attn=8.9ms mlp=42.2ms other=8.2ms tot=59.3ms | full: n=9 attn=8.8ms mlp=17.8ms other=3.8ms tot=30.3ms | ALL: attn=17.7ms mlp=60.0ms model=91.7ms
(Worker_PP2_TP5 pid=1115788) [k3t r?] logits=0.6ms step_tot=93.1ms
(Worker_PP2_TP7 pid=1115790) [k3t r?] logits=0.6ms step_tot=93.0ms
(Worker_PP2_TP2 pid=1115785) [k3t r?] logits=0.6ms step_tot=93.0ms
(Worker_PP2_TP3 pid=1115786) [k3t r?] logits=0.6ms step_tot=93.1ms
(Worker_PP2_TP1 pid=1115784) [k3t r?] logits=0.6ms step_tot=93.1ms
(Worker_PP2_TP4 pid=1115787) [k3t r?] logits=0.5ms step_tot=93.0ms
(Worker_PP2_TP0 pid=1115783) [k3t r?] logits=0.3ms step_tot=93.2ms
(Worker_PP2_TP6 pid=1115789) [k3t r?] logits=0.6ms step_tot=93.0ms
(Worker_PP2_TP0 pid=1115783) WARNING 08-22 18:19:00 [flashinfer_all_reduce.py:78] Failed to initialize FlashInfer All Reduce workspace: [SymmDeviceMemory] Device does not support multicasting.. This is expected on GPUs without NVSwitch (e.g., NVLink bridge-only or PCIe topologies).
(Worker_PP2_TP0 pid=1115783) WARNING 08-22 18:19:00 [flashinfer_all_reduce.py:78] Failed to initialize FlashInfer All Reduce workspace: [SymmDeviceMemory] Device does not support multicasting.. This is expected on GPUs without NVSwitch (e.g., NVLink bridge-only or PCIe topologies).
(Worker_PP2_TP0 pid=1115783) WARNING 08-22 18:19:00 [flashinfer_all_reduce.py:78] Failed to initialize FlashInfer All Reduce workspace: [SymmDeviceMemory] Device does not support multicasting.. This is expected on GPUs without NVSwitch (e.g., NVLink bridge-only or PCIe topologies).
(Worker_PP2_TP0 pid=1115783) WARNING 08-22 18:19:00 [flashinfer_all_reduce.py:78] Failed to initialize FlashInfer All Reduce workspace: [SymmDeviceMemory] Device does not support multicasting.. This is expected on GPUs without NVSwitch (e.g., NVLink bridge-only or PCIe topologies).
(Worker_PP2_TP0 pid=1115783) WARNING 08-22 18:19:00 [flashinfer_all_reduce.py:78] Failed to initialize FlashInfer All Reduce workspace: [SymmDeviceMemory] Device does not support multicasting.. This is expected on GPUs without NVSwitch (e.g., NVLink bridge-only or PCIe topologies).
(Worker_PP2_TP0 pid=1115783) WARNING 08-22 18:19:00 [flashinfer_all_reduce.py:78] Failed to initialize FlashInfer All Reduce workspace: [SymmDeviceMemory] Device does not support multicasting.. This is expected on GPUs without NVSwitch (e.g., NVLink bridge-only or PCIe topologies).
(Worker_PP2_TP0 pid=1115783) WARNING 08-22 18:19:00 [flashinfer_all_reduce.py:78] Failed to initialize FlashInfer All Reduce workspace: [SymmDeviceMemory] Device does not support multicasting.. This is expected on GPUs without NVSwitch (e.g., NVLink bridge-only or PCIe topologies).
(Worker_PP2_TP0 pid=1115783) WARNING 08-22 18:19:00 [flashinfer_all_reduce.py:78] Failed to initialize FlashInfer All Reduce workspace: [SymmDeviceMemory] Device does not support multicasting.. This is expected on GPUs without NVSwitch (e.g., NVLink bridge-only or PCIe topologies).
(Worker_PP2_TP0 pid=1115783) WARNING 08-22 18:19:00 [flashinfer_all_reduce.py:78] Failed to initialize FlashInfer All Reduce workspace: [SymmDeviceMemory] Device does not support multicasting.. This is expected on GPUs without NVSwitch (e.g., NVLink bridge-only or PCIe topologies).
(Worker_PP2_TP0 pid=1115783) WARNING 08-22 18:19:00 [flashinfer_all_reduce.py:78] Failed to initialize FlashInfer All Reduce workspace: [SymmDeviceMemory] Device does not support multicasting.. This is expected on GPUs without NVSwitch (e.g., NVLink bridge-only or PCIe topologies).
(Worker_PP2_TP0 pid=1115783) WARNING 08-22 18:19:00 [flashinfer_all_reduce.py:78] Failed to initialize FlashInfer All Reduce workspace: [SymmDeviceMemory] Device does not support multicasting.. This is expected on GPUs without NVSwitch (e.g., NVLink bridge-only or PCIe topologies).
(Worker_PP2_TP0 pid=1115783) WARNING 08-22 18:19:00 [flashinfer_all_reduce.py:78] Failed to initialize FlashInfer All Reduce workspace: [SymmDeviceMemory] Device does not support multicasting.. This is expected on GPUs without NVSwitch (e.g., NVLink bridge-only or PCIe topologies).
(Worker_PP2_TP0 pid=1115783) WARNING 08-22 18:19:00 [flashinfer_all_reduce.py:78] Failed to initialize FlashInfer All Reduce workspace: [SymmDeviceMemory] Device does not support multicasting.. This is expected on GPUs without NVSwitch (e.g., NVLink bridge-only or PCIe topologies).
(Worker_PP2_TP0 pid=1115783) WARNING 08-22 18:19:00 [flashinfer_all_reduce.py:78] Failed to initialize FlashInfer All Reduce workspace: [SymmDeviceMemory] Device does not support multicasting.. This is expected on GPUs without NVSwitch (e.g., NVLink bridge-only or PCIe topologies).
(Worker_PP2_TP0 pid=1115783) WARNING 08-22 18:19:00 [flashinfer_all_reduce.py:78] Failed to initialize FlashInfer All Reduce workspace: [SymmDeviceMemory] Device does not support multicasting.. This is expected on GPUs without NVSwitch (e.g., NVLink bridge-only or PCIe topologies).
(Worker_PP2_TP0 pid=1115783) WARNING 08-22 18:19:00 [flashinfer_all_reduce.py:78] Failed to initialize FlashInfer All Reduce workspace: [SymmDeviceMemory] Device does not support multicasting.. This is expected on GPUs without NVSwitch (e.g., NVLink bridge-only or PCIe topologies).
(Worker_PP2_TP0 pid=1115783) WARNING 08-22 18:19:00 [flashinfer_all_reduce.py:78] Failed to initialize FlashInfer All Reduce workspace: [SymmDeviceMemory] Device does not support multicasting.. This is expected on GPUs without NVSwitch (e.g., NVLink bridge-only or PCIe topologies).
(Worker_PP2_TP0 pid=1115783) WARNING 08-22 18:19:00 [flashinfer_all_reduce.py:78] Failed to initialize FlashInfer All Reduce workspace: [SymmDeviceMemory] Device does not support multicasting.. This is expected on GPUs without NVSwitch (e.g., NVLink bridge-only or PCIe topologies).
(Worker_PP2_TP0 pid=1115783) WARNING 08-22 18:19:00 [flashinfer_all_reduce.py:78] Failed to initialize FlashInfer All Reduce workspace: [SymmDeviceMemory] Device does not support multicasting.. This is expected on GPUs without NVSwitch (e.g., NVLink bridge-only or PCIe topologies).
(Worker_PP2_TP0 pid=1115783) WARNING 08-22 18:19:00 [flashinfer_all_reduce.py:78] Failed to initialize FlashInfer All Reduce workspace: [SymmDeviceMemory] Device does not support multicasting.. This is expected on GPUs without NVSwitch (e.g., NVLink bridge-only or PCIe topologies).
(Worker_PP2_TP0 pid=1115783) WARNING 08-22 18:19:00 [flashinfer_all_reduce.py:78] Failed to initialize FlashInfer All Reduce workspace: [SymmDeviceMemory] Device does not support multicasting.. This is expected on GPUs without NVSwitch (e.g., NVLink bridge-only or PCIe topologies).
(Worker_PP2_TP0 pid=1115783) WARNING 08-22 18:19:00 [flashinfer_all_reduce.py:78] Failed to initialize FlashInfer All Reduce workspace: [SymmDeviceMemory] Device does not support multicasting.. This is expected on GPUs without NVSwitch (e.g., NVLink bridge-only or PCIe topologies).
(Worker_PP2_TP0 pid=1115783) WARNING 08-22 18:19:00 [flashinfer_all_reduce.py:78] Failed to initialize FlashInfer All Reduce workspace: [SymmDeviceMemory] Device does not support multicasting.. This is expected on GPUs without NVSwitch (e.g., NVLink bridge-only or PCIe topologies).
(Worker_PP2_TP0 pid=1115783) WARNING 08-22 18:19:00 [flashinfer_all_reduce.py:78] Failed to initialize FlashInfer All Reduce workspace: [SymmDeviceMemory] Device does not support multicasting.. This is expected on GPUs without NVSwitch (e.g., NVLink bridge-only or PCIe topologies).
(Worker_PP2_TP0 pid=1115783) WARNING 08-22 18:19:00 [flashinfer_all_reduce.py:78] Failed to initialize FlashInfer All Reduce workspace: [SymmDeviceMemory] Device does not support multicasting.. This is expected on GPUs without NVSwitch (e.g., NVLink bridge-only or PCIe topologies).
(Worker_PP2_TP0 pid=1115783) WARNING 08-22 18:19:00 [flashinfer_all_reduce.py:78] Failed to initialize FlashInfer All Reduce workspace: [SymmDeviceMemory] Device does not support multicasting.. This is expected on GPUs without NVSwitch (e.g., NVLink bridge-only or PCIe topologies).
(Worker_PP2_TP0 pid=1115783) WARNING 08-22 18:19:00 [flashinfer_all_reduce.py:78] Failed to initialize FlashInfer All Reduce workspace: [SymmDeviceMemory] Device does not support multicasting.. This is expected on GPUs without NVSwitch (e.g., NVLink bridge-only or PCIe topologies).
(Worker_PP2_TP0 pid=1115783) WARNING 08-22 18:19:00 [flashinfer_all_reduce.py:78] Failed to initialize FlashInfer All Reduce workspace: [SymmDeviceMemory] Device does not support multicasting.. This is expected on GPUs without NVSwitch (e.g., NVLink bridge-only or PCIe topologies).
(Worker_PP2_TP0 pid=1115783) WARNING 08-22 18:19:00 [flashinfer_all_reduce.py:78] Failed to initialize FlashInfer All Reduce workspace: [SymmDeviceMemory] Device does not support multicasting.. This is expected on GPUs without NVSwitch (e.g., NVLink bridge-only or PCIe topologies).
(Worker_PP2_TP0 pid=1115783) WARNING 08-22 18:19:00 [flashinfer_all_reduce.py:78] Failed to initialize FlashInfer All Reduce workspace: [SymmDeviceMemory] Device does not support multicasting.. This is expected on GPUs without NVSwitch (e.g., NVLink bridge-only or PCIe topologies).
(Worker_PP2_TP0 pid=1115783) WARNING 08-22 18:19:00 [flashinfer_all_reduce.py:78] Failed to initialize FlashInfer All Reduce workspace: [SymmDeviceMemory] Device does not support multicasting.. This is expected on GPUs without NVSwitch (e.g., NVLink bridge-only or PCIe topologies).
(Worker_PP2_TP1 pid=1115784) [k3t r?] step=66 tok=1 step=92.04ms | KDA: n=22 attn=17.1ms mlp=43.2ms other=0.6ms tot=60.9ms | full: n=9 attn=12.4ms mlp=18.4ms other=0.2ms tot=31.0ms | ALL: attn=29.5ms mlp=61.7ms model=92.0ms
(Worker_PP2_TP2 pid=1115785) [k3t r?] step=66 tok=1 step=92.04ms | KDA: n=22 attn=17.1ms mlp=43.2ms other=0.6ms tot=60.9ms | full: n=9 attn=12.4ms mlp=18.4ms other=0.2ms tot=31.0ms | ALL: attn=29.5ms mlp=61.7ms model=92.0ms
(Worker_PP2_TP7 pid=1115790) [k3t r?] step=66 tok=1 step=92.04ms | KDA: n=22 attn=17.1ms mlp=43.3ms other=0.6ms tot=60.9ms | full: n=9 attn=12.4ms mlp=18.4ms other=0.2ms tot=31.0ms | ALL: attn=29.5ms mlp=61.7ms model=92.0ms
(Worker_PP2_TP5 pid=1115788) [k3t r?] step=66 tok=1 step=92.04ms | KDA: n=22 attn=17.1ms mlp=43.2ms other=0.6ms tot=60.9ms | full: n=9 attn=12.4ms mlp=18.4ms other=0.2ms tot=31.0ms | ALL: attn=29.5ms mlp=61.7ms model=92.0ms
(Worker_PP2_TP3 pid=1115786) [k3t r?] step=66 tok=1 step=92.04ms | KDA: n=22 attn=17.1ms mlp=43.3ms other=0.6ms tot=60.9ms | full: n=9 attn=12.4ms mlp=18.4ms other=0.2ms tot=31.0ms | ALL: attn=29.5ms mlp=61.7ms model=92.0ms
(Worker_PP2_TP6 pid=1115789) [k3t r?] step=66 tok=1 step=92.04ms | KDA: n=22 attn=17.1ms mlp=43.3ms other=0.6ms tot=60.9ms | full: n=9 attn=12.4ms mlp=18.4ms other=0.2ms tot=31.0ms | ALL: attn=29.5ms mlp=61.7ms model=92.0ms
(Worker_PP2_TP4 pid=1115787) [k3t r?] step=66 tok=1 step=92.04ms | KDA: n=22 attn=17.1ms mlp=43.2ms other=0.6ms tot=60.9ms | full: n=9 attn=12.4ms mlp=18.4ms other=0.2ms tot=31.0ms | ALL: attn=29.5ms mlp=61.7ms model=92.0ms
(Worker_PP2_TP0 pid=1115783) [k3t r?] step=66 tok=1 step=92.55ms | KDA: n=22 attn=9.0ms mlp=42.7ms other=8.1ms tot=59.8ms | full: n=9 attn=8.7ms mlp=18.0ms other=3.6ms tot=30.4ms | ALL: attn=17.7ms mlp=60.8ms model=92.5ms
(Worker_PP2_TP2 pid=1115785) [k3t r?] logits=0.7ms step_tot=93.9ms
(Worker_PP2_TP7 pid=1115790) [k3t r?] logits=0.7ms step_tot=93.9ms
(Worker_PP2_TP3 pid=1115786) [k3t r?] logits=0.7ms step_tot=93.9ms
(Worker_PP2_TP4 pid=1115787) [k3t r?] logits=0.6ms step_tot=93.9ms
(Worker_PP2_TP1 pid=1115784) [k3t r?] logits=0.7ms step_tot=93.9ms
(Worker_PP2_TP6 pid=1115789) [k3t r?] logits=0.6ms step_tot=93.9ms
(Worker_PP2_TP5 pid=1115788) [k3t r?] logits=0.7ms step_tot=93.9ms
(Worker_PP2_TP0 pid=1115783) [k3t r?] logits=0.4ms step_tot=94.0ms
(Worker_PP2_TP0 pid=1115783) WARNING 08-22 18:19:01 [flashinfer_all_reduce.py:78] Failed to initialize FlashInfer All Reduce workspace: [SymmDeviceMemory] Device does not support multicasting.. This is expected on GPUs without NVSwitch (e.g., NVLink bridge-only or PCIe topologies).
(Worker_PP2_TP0 pid=1115783) WARNING 08-22 18:19:01 [flashinfer_all_reduce.py:78] Failed to initialize FlashInfer All Reduce workspace: [SymmDeviceMemory] Device does not support multicasting.. This is expected on GPUs without NVSwitch (e.g., NVLink bridge-only or PCIe topologies).
(Worker_PP2_TP0 pid=1115783) WARNING 08-22 18:19:01 [flashinfer_all_reduce.py:78] Failed to initialize FlashInfer All Reduce workspace: [SymmDeviceMemory] Device does not support multicasting.. This is expected on GPUs without NVSwitch (e.g., NVLink bridge-only or PCIe topologies).
(Worker_PP2_TP0 pid=1115783) WARNING 08-22 18:19:01 [flashinfer_all_reduce.py:78] Failed to initialize FlashInfer All Reduce workspace: [SymmDeviceMemory] Device does not support multicasting.. This is expected on GPUs without NVSwitch (e.g., NVLink bridge-only or PCIe topologies).
(Worker_PP2_TP0 pid=1115783) WARNING 08-22 18:19:01 [flashinfer_all_reduce.py:78] Failed to initialize FlashInfer All Reduce workspace: [SymmDeviceMemory] Device does not support multicasting.. This is expected on GPUs without NVSwitch (e.g., NVLink bridge-only or PCIe topologies).
(Worker_PP2_TP0 pid=1115783) WARNING 08-22 18:19:01 [flashinfer_all_reduce.py:78] Failed to initialize FlashInfer All Reduce workspace: [SymmDeviceMemory] Device does not support multicasting.. This is expected on GPUs without NVSwitch (e.g., NVLink bridge-only or PCIe topologies).
(Worker_PP2_TP0 pid=1115783) WARNING 08-22 18:19:01 [flashinfer_all_reduce.py:78] Failed to initialize FlashInfer All Reduce workspace: [SymmDeviceMemory] Device does not support multicasting.. This is expected on GPUs without NVSwitch (e.g., NVLink bridge-only or PCIe topologies).
(Worker_PP2_TP0 pid=1115783) WARNING 08-22 18:19:01 [flashinfer_all_reduce.py:78] Failed to initialize FlashInfer All Reduce workspace: [SymmDeviceMemory] Device does not support multicasting.. This is expected on GPUs without NVSwitch (e.g., NVLink bridge-only or PCIe topologies).
(Worker_PP2_TP0 pid=1115783) WARNING 08-22 18:19:01 [flashinfer_all_reduce.py:78] Failed to initialize FlashInfer All Reduce workspace: [SymmDeviceMemory] Device does not support multicasting.. This is expected on GPUs without NVSwitch (e.g., NVLink bridge-only or PCIe topologies).
(Worker_PP2_TP0 pid=1115783) WARNING 08-22 18:19:01 [flashinfer_all_reduce.py:78] Failed to initialize FlashInfer All Reduce workspace: [SymmDeviceMemory] Device does not support multicasting.. This is expected on GPUs without NVSwitch (e.g., NVLink bridge-only or PCIe topologies).
(Worker_PP2_TP0 pid=1115783) WARNING 08-22 18:19:01 [flashinfer_all_reduce.py:78] Failed to initialize FlashInfer All Reduce workspace: [SymmDeviceMemory] Device does not support multicasting.. This is expected on GPUs without NVSwitch (e.g., NVLink bridge-only or PCIe topologies).
(Worker_PP2_TP0 pid=1115783) WARNING 08-22 18:19:01 [flashinfer_all_reduce.py:78] Failed to initialize FlashInfer All Reduce workspace: [SymmDeviceMemory] Device does not support multicasting.. This is expected on GPUs without NVSwitch (e.g., NVLink bridge-only or PCIe topologies).
(Worker_PP2_TP0 pid=1115783) WARNING 08-22 18:19:01 [flashinfer_all_reduce.py:78] Failed to initialize FlashInfer All Reduce workspace: [SymmDeviceMemory] Device does not support multicasting.. This is expected on GPUs without NVSwitch (e.g., NVLink bridge-only or PCIe topologies).
(Worker_PP2_TP0 pid=1115783) WARNING 08-22 18:19:01 [flashinfer_all_reduce.py:78] Failed to initialize FlashInfer All Reduce workspace: [SymmDeviceMemory] Device does not support multicasting.. This is expected on GPUs without NVSwitch (e.g., NVLink bridge-only or PCIe topologies).
(Worker_PP2_TP0 pid=1115783) WARNING 08-22 18:19:01 [flashinfer_all_reduce.py:78] Failed to initialize FlashInfer All Reduce workspace: [SymmDeviceMemory] Device does not support multicasting.. This is expected on GPUs without NVSwitch (e.g., NVLink bridge-only or PCIe topologies).
(Worker_PP2_TP0 pid=1115783) WARNING 08-22 18:19:01 [flashinfer_all_reduce.py:78] Failed to initialize FlashInfer All Reduce workspace: [SymmDeviceMemory] Device does not support multicasting.. This is expected on GPUs without NVSwitch (e.g., NVLink bridge-only or PCIe topologies).
(Worker_PP2_TP0 pid=1115783) WARNING 08-22 18:19:01 [flashinfer_all_reduce.py:78] Failed to initialize FlashInfer All Reduce workspace: [SymmDeviceMemory] Device does not support multicasting.. This is expected on GPUs without NVSwitch (e.g., NVLink bridge-only or PCIe topologies).
(Worker_PP2_TP0 pid=1115783) WARNING 08-22 18:19:01 [flashinfer_all_reduce.py:78] Failed to initialize FlashInfer All Reduce workspace: [SymmDeviceMemory] Device does not support multicasting.. This is expected on GPUs without NVSwitch (e.g., NVLink bridge-only or PCIe topologies).
(Worker_PP2_TP0 pid=1115783) WARNING 08-22 18:19:01 [flashinfer_all_reduce.py:78] Failed to initialize FlashInfer All Reduce workspace: [SymmDeviceMemory] Device does not support multicasting.. This is expected on GPUs without NVSwitch (e.g., NVLink bridge-only or PCIe topologies).
(Worker_PP2_TP0 pid=1115783) WARNING 08-22 18:19:01 [flashinfer_all_reduce.py:78] Failed to initialize FlashInfer All Reduce workspace: [SymmDeviceMemory] Device does not support multicasting.. This is expected on GPUs without NVSwitch (e.g., NVLink bridge-only or PCIe topologies).
(Worker_PP2_TP0 pid=1115783) WARNING 08-22 18:19:01 [flashinfer_all_reduce.py:78] Failed to initialize FlashInfer All Reduce workspace: [SymmDeviceMemory] Device does not support multicasting.. This is expected on GPUs without NVSwitch (e.g., NVLink bridge-only or PCIe topologies).
(Worker_PP2_TP0 pid=1115783) WARNING 08-22 18:19:01 [flashinfer_all_reduce.py:78] Failed to initialize FlashInfer All Reduce workspace: [SymmDeviceMemory] Device does not support multicasting.. This is expected on GPUs without NVSwitch (e.g., NVLink bridge-only or PCIe topologies).
(Worker_PP2_TP0 pid=1115783) WARNING 08-22 18:19:01 [flashinfer_all_reduce.py:78] Failed to initialize FlashInfer All Reduce workspace: [SymmDeviceMemory] Device does not support multicasting.. This is expected on GPUs without NVSwitch (e.g., NVLink bridge-only or PCIe topologies).
(Worker_PP2_TP0 pid=1115783) WARNING 08-22 18:19:01 [flashinfer_all_reduce.py:78] Failed to initialize FlashInfer All Reduce workspace: [SymmDeviceMemory] Device does not support multicasting.. This is expected on GPUs without NVSwitch (e.g., NVLink bridge-only or PCIe topologies).
(Worker_PP2_TP0 pid=1115783) WARNING 08-22 18:19:01 [flashinfer_all_reduce.py:78] Failed to initialize FlashInfer All Reduce workspace: [SymmDeviceMemory] Device does not support multicasting.. This is expected on GPUs without NVSwitch (e.g., NVLink bridge-only or PCIe topologies).
(Worker_PP2_TP0 pid=1115783) WARNING 08-22 18:19:01 [flashinfer_all_reduce.py:78] Failed to initialize FlashInfer All Reduce workspace: [SymmDeviceMemory] Device does not support multicasting.. This is expected on GPUs without NVSwitch (e.g., NVLink bridge-only or PCIe topologies).
(Worker_PP2_TP0 pid=1115783) WARNING 08-22 18:19:01 [flashinfer_all_reduce.py:78] Failed to initialize FlashInfer All Reduce workspace: [SymmDeviceMemory] Device does not support multicasting.. This is expected on GPUs without NVSwitch (e.g., NVLink bridge-only or PCIe topologies).
(Worker_PP2_TP0 pid=1115783) WARNING 08-22 18:19:01 [flashinfer_all_reduce.py:78] Failed to initialize FlashInfer All Reduce workspace: [SymmDeviceMemory] Device does not support multicasting.. This is expected on GPUs without NVSwitch (e.g., NVLink bridge-only or PCIe topologies).
(Worker_PP2_TP0 pid=1115783) WARNING 08-22 18:19:01 [flashinfer_all_reduce.py:78] Failed to initialize FlashInfer All Reduce workspace: [SymmDeviceMemory] Device does not support multicasting.. This is expected on GPUs without NVSwitch (e.g., NVLink bridge-only or PCIe topologies).
(Worker_PP2_TP0 pid=1115783) WARNING 08-22 18:19:01 [flashinfer_all_reduce.py:78] Failed to initialize FlashInfer All Reduce workspace: [SymmDeviceMemory] Device does not support multicasting.. This is expected on GPUs without NVSwitch (e.g., NVLink bridge-only or PCIe topologies).
(Worker_PP2_TP0 pid=1115783) WARNING 08-22 18:19:01 [flashinfer_all_reduce.py:78] Failed to initialize FlashInfer All Reduce workspace: [SymmDeviceMemory] Device does not support multicasting.. This is expected on GPUs without NVSwitch (e.g., NVLink bridge-only or PCIe topologies).
(Worker_PP2_TP2 pid=1115785) [k3t r?] step=67 tok=1 step=91.40ms | KDA: n=22 attn=16.8ms mlp=43.2ms other=0.6ms tot=60.6ms | full: n=9 attn=12.1ms mlp=18.4ms other=0.2ms tot=30.7ms | ALL: attn=29.0ms mlp=61.5ms model=91.4ms
(Worker_PP2_TP1 pid=1115784) [k3t r?] step=67 tok=1 step=91.40ms | KDA: n=22 attn=16.8ms mlp=43.2ms other=0.6ms tot=60.6ms | full: n=9 attn=12.1ms mlp=18.4ms other=0.2ms tot=30.7ms | ALL: attn=29.0ms mlp=61.6ms model=91.4ms
(Worker_PP2_TP7 pid=1115790) [k3t r?] step=67 tok=1 step=91.41ms | KDA: n=22 attn=16.8ms mlp=43.2ms other=0.6ms tot=60.6ms | full: n=9 attn=12.1ms mlp=18.4ms other=0.2ms tot=30.7ms | ALL: attn=29.0ms mlp=61.5ms model=91.4ms
(Worker_PP2_TP4 pid=1115787) [k3t r?] step=67 tok=1 step=91.40ms | KDA: n=22 attn=16.8ms mlp=43.2ms other=0.6ms tot=60.6ms | full: n=9 attn=12.2ms mlp=18.4ms other=0.2ms tot=30.7ms | ALL: attn=29.0ms mlp=61.5ms model=91.4ms
(Worker_PP2_TP6 pid=1115789) [k3t r?] step=67 tok=1 step=91.40ms | KDA: n=22 attn=16.8ms mlp=43.2ms other=0.6ms tot=60.6ms | full: n=9 attn=12.1ms mlp=18.4ms other=0.2ms tot=30.8ms | ALL: attn=29.0ms mlp=61.6ms model=91.4ms
(Worker_PP2_TP3 pid=1115786) [k3t r?] step=67 tok=1 step=91.40ms | KDA: n=22 attn=16.8ms mlp=43.2ms other=0.6ms tot=60.6ms | full: n=9 attn=12.1ms mlp=18.4ms other=0.2ms tot=30.7ms | ALL: attn=28.9ms mlp=61.5ms model=91.4ms
(Worker_PP2_TP5 pid=1115788) [k3t r?] step=67 tok=1 step=91.40ms | KDA: n=22 attn=15.7ms mlp=43.0ms other=1.6ms tot=60.3ms | full: n=9 attn=11.7ms mlp=18.3ms other=0.6ms tot=30.7ms | ALL: attn=27.5ms mlp=61.3ms model=91.4ms
(Worker_PP2_TP0 pid=1115783) [k3t r?] step=67 tok=1 step=91.83ms | KDA: n=22 attn=9.0ms mlp=42.2ms other=8.1ms tot=59.3ms | full: n=9 attn=9.0ms mlp=17.9ms other=3.3ms tot=30.3ms | ALL: attn=18.0ms mlp=60.1ms model=91.8ms
(Worker_PP2_TP5 pid=1115788) [k3t r?] logits=0.5ms step_tot=93.2ms
(Worker_PP2_TP7 pid=1115790) [k3t r?] logits=0.6ms step_tot=93.2ms
(Worker_PP2_TP2 pid=1115785) [k3t r?] logits=0.6ms step_tot=93.2ms
(Worker_PP2_TP4 pid=1115787) [k3t r?] logits=0.6ms step_tot=93.2ms
(Worker_PP2_TP1 pid=1115784) [k3t r?] logits=0.6ms step_tot=93.2ms
(Worker_PP2_TP3 pid=1115786) [k3t r?] logits=0.6ms step_tot=93.2ms
(Worker_PP2_TP6 pid=1115789) [k3t r?] logits=0.6ms step_tot=93.2ms
(Worker_PP2_TP0 pid=1115783) [k3t r?] logits=0.3ms step_tot=93.3ms
(Worker_PP2_TP0 pid=1115783) WARNING 08-22 18:19:01 [flashinfer_all_reduce.py:78] Failed to initialize FlashInfer All Reduce workspace: [SymmDeviceMemory] Device does not support multicasting.. This is expected on GPUs without NVSwitch (e.g., NVLink bridge-only or PCIe topologies).
(Worker_PP2_TP0 pid=1115783) WARNING 08-22 18:19:01 [flashinfer_all_reduce.py:78] Failed to initialize FlashInfer All Reduce workspace: [SymmDeviceMemory] Device does not support multicasting.. This is expected on GPUs without NVSwitch (e.g., NVLink bridge-only or PCIe topologies).
(Worker_PP2_TP0 pid=1115783) WARNING 08-22 18:19:01 [flashinfer_all_reduce.py:78] Failed to initialize FlashInfer All Reduce workspace: [SymmDeviceMemory] Device does not support multicasting.. This is expected on GPUs without NVSwitch (e.g., NVLink bridge-only or PCIe topologies).
(Worker_PP2_TP0 pid=1115783) WARNING 08-22 18:19:01 [flashinfer_all_reduce.py:78] Failed to initialize FlashInfer All Reduce workspace: [SymmDeviceMemory] Device does not support multicasting.. This is expected on GPUs without NVSwitch (e.g., NVLink bridge-only or PCIe topologies).
(Worker_PP2_TP0 pid=1115783) WARNING 08-22 18:19:01 [flashinfer_all_reduce.py:78] Failed to initialize FlashInfer All Reduce workspace: [SymmDeviceMemory] Device does not support multicasting.. This is expected on GPUs without NVSwitch (e.g., NVLink bridge-only or PCIe topologies).
(Worker_PP2_TP0 pid=1115783) WARNING 08-22 18:19:01 [flashinfer_all_reduce.py:78] Failed to initialize FlashInfer All Reduce workspace: [SymmDeviceMemory] Device does not support multicasting.. This is expected on GPUs without NVSwitch (e.g., NVLink bridge-only or PCIe topologies).
(Worker_PP2_TP0 pid=1115783) WARNING 08-22 18:19:01 [flashinfer_all_reduce.py:78] Failed to initialize FlashInfer All Reduce workspace: [SymmDeviceMemory] Device does not support multicasting.. This is expected on GPUs without NVSwitch (e.g., NVLink bridge-only or PCIe topologies).
(Worker_PP2_TP0 pid=1115783) WARNING 08-22 18:19:01 [flashinfer_all_reduce.py:78] Failed to initialize FlashInfer All Reduce workspace: [SymmDeviceMemory] Device does not support multicasting.. This is expected on GPUs without NVSwitch (e.g., NVLink bridge-only or PCIe topologies).
(Worker_PP2_TP0 pid=1115783) WARNING 08-22 18:19:01 [flashinfer_all_reduce.py:78] Failed to initialize FlashInfer All Reduce workspace: [SymmDeviceMemory] Device does not support multicasting.. This is expected on GPUs without NVSwitch (e.g., NVLink bridge-only or PCIe topologies).
(Worker_PP2_TP0 pid=1115783) WARNING 08-22 18:19:01 [flashinfer_all_reduce.py:78] Failed to initialize FlashInfer All Reduce workspace: [SymmDeviceMemory] Device does not support multicasting.. This is expected on GPUs without NVSwitch (e.g., NVLink bridge-only or PCIe topologies).
(Worker_PP2_TP0 pid=1115783) WARNING 08-22 18:19:01 [flashinfer_all_reduce.py:78] Failed to initialize FlashInfer All Reduce workspace: [SymmDeviceMemory] Device does not support multicasting.. This is expected on GPUs without NVSwitch (e.g., NVLink bridge-only or PCIe topologies).
(Worker_PP2_TP0 pid=1115783) WARNING 08-22 18:19:01 [flashinfer_all_reduce.py:78] Failed to initialize FlashInfer All Reduce workspace: [SymmDeviceMemory] Device does not support multicasting.. This is expected on GPUs without NVSwitch (e.g., NVLink bridge-only or PCIe topologies).
(Worker_PP2_TP0 pid=1115783) WARNING 08-22 18:19:01 [flashinfer_all_reduce.py:78] Failed to initialize FlashInfer All Reduce workspace: [SymmDeviceMemory] Device does not support multicasting.. This is expected on GPUs without NVSwitch (e.g., NVLink bridge-only or PCIe topologies).
(Worker_PP2_TP0 pid=1115783) WARNING 08-22 18:19:01 [flashinfer_all_reduce.py:78] Failed to initialize FlashInfer All Reduce workspace: [SymmDeviceMemory] Device does not support multicasting.. This is expected on GPUs without NVSwitch (e.g., NVLink bridge-only or PCIe topologies).
(Worker_PP2_TP0 pid=1115783) WARNING 08-22 18:19:01 [flashinfer_all_reduce.py:78] Failed to initialize FlashInfer All Reduce workspace: [SymmDeviceMemory] Device does not support multicasting.. This is expected on GPUs without NVSwitch (e.g., NVLink bridge-only or PCIe topologies).
(Worker_PP2_TP0 pid=1115783) WARNING 08-22 18:19:01 [flashinfer_all_reduce.py:78] Failed to initialize FlashInfer All Reduce workspace: [SymmDeviceMemory] Device does not support multicasting.. This is expected on GPUs without NVSwitch (e.g., NVLink bridge-only or PCIe topologies).
(Worker_PP2_TP0 pid=1115783) WARNING 08-22 18:19:01 [flashinfer_all_reduce.py:78] Failed to initialize FlashInfer All Reduce workspace: [SymmDeviceMemory] Device does not support multicasting.. This is expected on GPUs without NVSwitch (e.g., NVLink bridge-only or PCIe topologies).
(Worker_PP2_TP0 pid=1115783) WARNING 08-22 18:19:01 [flashinfer_all_reduce.py:78] Failed to initialize FlashInfer All Reduce workspace: [SymmDeviceMemory] Device does not support multicasting.. This is expected on GPUs without NVSwitch (e.g., NVLink bridge-only or PCIe topologies).
(Worker_PP2_TP0 pid=1115783) WARNING 08-22 18:19:01 [flashinfer_all_reduce.py:78] Failed to initialize FlashInfer All Reduce workspace: [SymmDeviceMemory] Device does not support multicasting.. This is expected on GPUs without NVSwitch (e.g., NVLink bridge-only or PCIe topologies).
(Worker_PP2_TP0 pid=1115783) WARNING 08-22 18:19:01 [flashinfer_all_reduce.py:78] Failed to initialize FlashInfer All Reduce workspace: [SymmDeviceMemory] Device does not support multicasting.. This is expected on GPUs without NVSwitch (e.g., NVLink bridge-only or PCIe topologies).
(Worker_PP2_TP0 pid=1115783) WARNING 08-22 18:19:01 [flashinfer_all_reduce.py:78] Failed to initialize FlashInfer All Reduce workspace: [SymmDeviceMemory] Device does not support multicasting.. This is expected on GPUs without NVSwitch (e.g., NVLink bridge-only or PCIe topologies).
(Worker_PP2_TP0 pid=1115783) WARNING 08-22 18:19:01 [flashinfer_all_reduce.py:78] Failed to initialize FlashInfer All Reduce workspace: [SymmDeviceMemory] Device does not support multicasting.. This is expected on GPUs without NVSwitch (e.g., NVLink bridge-only or PCIe topologies).
(Worker_PP2_TP0 pid=1115783) WARNING 08-22 18:19:01 [flashinfer_all_reduce.py:78] Failed to initialize FlashInfer All Reduce workspace: [SymmDeviceMemory] Device does not support multicasting.. This is expected on GPUs without NVSwitch (e.g., NVLink bridge-only or PCIe topologies).
(Worker_PP2_TP0 pid=1115783) WARNING 08-22 18:19:01 [flashinfer_all_reduce.py:78] Failed to initialize FlashInfer All Reduce workspace: [SymmDeviceMemory] Device does not support multicasting.. This is expected on GPUs without NVSwitch (e.g., NVLink bridge-only or PCIe topologies).
(Worker_PP2_TP0 pid=1115783) WARNING 08-22 18:19:01 [flashinfer_all_reduce.py:78] Failed to initialize FlashInfer All Reduce workspace: [SymmDeviceMemory] Device does not support multicasting.. This is expected on GPUs without NVSwitch (e.g., NVLink bridge-only or PCIe topologies).
(Worker_PP2_TP0 pid=1115783) WARNING 08-22 18:19:01 [flashinfer_all_reduce.py:78] Failed to initialize FlashInfer All Reduce workspace: [SymmDeviceMemory] Device does not support multicasting.. This is expected on GPUs without NVSwitch (e.g., NVLink bridge-only or PCIe topologies).
(Worker_PP2_TP0 pid=1115783) WARNING 08-22 18:19:01 [flashinfer_all_reduce.py:78] Failed to initialize FlashInfer All Reduce workspace: [SymmDeviceMemory] Device does not support multicasting.. This is expected on GPUs without NVSwitch (e.g., NVLink bridge-only or PCIe topologies).
(Worker_PP2_TP0 pid=1115783) WARNING 08-22 18:19:01 [flashinfer_all_reduce.py:78] Failed to initialize FlashInfer All Reduce workspace: [SymmDeviceMemory] Device does not support multicasting.. This is expected on GPUs without NVSwitch (e.g., NVLink bridge-only or PCIe topologies).
(Worker_PP2_TP0 pid=1115783) WARNING 08-22 18:19:01 [flashinfer_all_reduce.py:78] Failed to initialize FlashInfer All Reduce workspace: [SymmDeviceMemory] Device does not support multicasting.. This is expected on GPUs without NVSwitch (e.g., NVLink bridge-only or PCIe topologies).
(Worker_PP2_TP0 pid=1115783) WARNING 08-22 18:19:01 [flashinfer_all_reduce.py:78] Failed to initialize FlashInfer All Reduce workspace: [SymmDeviceMemory] Device does not support multicasting.. This is expected on GPUs without NVSwitch (e.g., NVLink bridge-only or PCIe topologies).
(Worker_PP2_TP0 pid=1115783) WARNING 08-22 18:19:01 [flashinfer_all_reduce.py:78] Failed to initialize FlashInfer All Reduce workspace: [SymmDeviceMemory] Device does not support multicasting.. This is expected on GPUs without NVSwitch (e.g., NVLink bridge-only or PCIe topologies).
(Worker_PP2_TP7 pid=1115790) [k3t r?] step=68 tok=1 step=96.05ms | KDA: n=22 attn=18.6ms mlp=46.0ms other=0.6ms tot=65.1ms | full: n=9 attn=12.3ms mlp=18.3ms other=0.2ms tot=30.8ms | ALL: attn=30.9ms mlp=64.3ms model=96.1ms
(Worker_PP2_TP2 pid=1115785) [k3t r?] step=68 tok=1 step=96.06ms | KDA: n=22 attn=18.6ms mlp=46.0ms other=0.6ms tot=65.1ms | full: n=9 attn=12.3ms mlp=18.3ms other=0.2ms tot=30.8ms | ALL: attn=30.9ms mlp=64.2ms model=96.1ms
(Worker_PP2_TP5 pid=1115788) [k3t r?] step=68 tok=1 step=96.06ms | KDA: n=22 attn=18.6ms mlp=46.0ms other=0.5ms tot=65.1ms | full: n=9 attn=12.3ms mlp=18.3ms other=0.2ms tot=30.8ms | ALL: attn=30.9ms mlp=64.3ms model=96.1ms
(Worker_PP2_TP4 pid=1115787) [k3t r?] step=68 tok=1 step=96.06ms | KDA: n=22 attn=18.6ms mlp=46.0ms other=0.5ms tot=65.1ms | full: n=9 attn=12.3ms mlp=18.3ms other=0.2ms tot=30.8ms | ALL: attn=30.9ms mlp=64.2ms model=96.1ms
(Worker_PP2_TP1 pid=1115784) [k3t r?] step=68 tok=1 step=96.06ms | KDA: n=22 attn=18.6ms mlp=45.9ms other=0.6ms tot=65.1ms | full: n=9 attn=12.3ms mlp=18.3ms other=0.2ms tot=30.8ms | ALL: attn=30.9ms mlp=64.2ms model=96.1ms
(Worker_PP2_TP6 pid=1115789) [k3t r?] step=68 tok=1 step=96.06ms | KDA: n=22 attn=18.6ms mlp=46.0ms other=0.5ms tot=65.1ms | full: n=9 attn=12.3ms mlp=18.3ms other=0.2ms tot=30.8ms | ALL: attn=30.9ms mlp=64.3ms model=96.1ms
(Worker_PP2_TP3 pid=1115786) [k3t r?] step=68 tok=1 step=96.05ms | KDA: n=22 attn=18.6ms mlp=46.0ms other=0.6ms tot=65.1ms | full: n=9 attn=12.3ms mlp=18.3ms other=0.2ms tot=30.8ms | ALL: attn=30.9ms mlp=64.3ms model=96.1ms
(Worker_PP2_TP0 pid=1115783) [k3t r?] step=68 tok=1 step=96.57ms | KDA: n=22 attn=9.7ms mlp=44.9ms other=9.4ms tot=64.0ms | full: n=9 attn=8.7ms mlp=18.0ms other=3.6ms tot=30.3ms | ALL: attn=18.4ms mlp=62.9ms model=96.6ms
(Worker_PP2_TP5 pid=1115788) [k3t r?] logits=0.7ms step_tot=98.0ms
(Worker_PP2_TP6 pid=1115789) [k3t r?] logits=0.6ms step_tot=98.0ms
(Worker_PP2_TP2 pid=1115785) [k3t r?] logits=0.7ms step_tot=98.0ms
(Worker_PP2_TP7 pid=1115790) [k3t r?] logits=0.6ms step_tot=98.0ms
(Worker_PP2_TP4 pid=1115787) [k3t r?] logits=0.6ms step_tot=98.0ms
(Worker_PP2_TP1 pid=1115784) [k3t r?] logits=0.6ms step_tot=98.0ms
(Worker_PP2_TP3 pid=1115786) [k3t r?] logits=0.6ms step_tot=98.0ms
(Worker_PP2_TP0 pid=1115783) [k3t r?] logits=0.3ms step_tot=98.1ms
(Worker_PP2_TP0 pid=1115783) WARNING 08-22 18:19:01 [flashinfer_all_reduce.py:78] Failed to initialize FlashInfer All Reduce workspace: [SymmDeviceMemory] Device does not support multicasting.. This is expected on GPUs without NVSwitch (e.g., NVLink bridge-only or PCIe topologies).
(Worker_PP2_TP0 pid=1115783) WARNING 08-22 18:19:01 [flashinfer_all_reduce.py:78] Failed to initialize FlashInfer All Reduce workspace: [SymmDeviceMemory] Device does not support multicasting.. This is expected on GPUs without NVSwitch (e.g., NVLink bridge-only or PCIe topologies).
(Worker_PP2_TP0 pid=1115783) WARNING 08-22 18:19:01 [flashinfer_all_reduce.py:78] Failed to initialize FlashInfer All Reduce workspace: [SymmDeviceMemory] Device does not support multicasting.. This is expected on GPUs without NVSwitch (e.g., NVLink bridge-only or PCIe topologies).
(Worker_PP2_TP0 pid=1115783) WARNING 08-22 18:19:01 [flashinfer_all_reduce.py:78] Failed to initialize FlashInfer All Reduce workspace: [SymmDeviceMemory] Device does not support multicasting.. This is expected on GPUs without NVSwitch (e.g., NVLink bridge-only or PCIe topologies).
(Worker_PP2_TP0 pid=1115783) WARNING 08-22 18:19:01 [flashinfer_all_reduce.py:78] Failed to initialize FlashInfer All Reduce workspace: [SymmDeviceMemory] Device does not support multicasting.. This is expected on GPUs without NVSwitch (e.g., NVLink bridge-only or PCIe topologies).
(Worker_PP2_TP0 pid=1115783) WARNING 08-22 18:19:01 [flashinfer_all_reduce.py:78] Failed to initialize FlashInfer All Reduce workspace: [SymmDeviceMemory] Device does not support multicasting.. This is expected on GPUs without NVSwitch (e.g., NVLink bridge-only or PCIe topologies).
(Worker_PP2_TP0 pid=1115783) WARNING 08-22 18:19:01 [flashinfer_all_reduce.py:78] Failed to initialize FlashInfer All Reduce workspace: [SymmDeviceMemory] Device does not support multicasting.. This is expected on GPUs without NVSwitch (e.g., NVLink bridge-only or PCIe topologies).
(Worker_PP2_TP0 pid=1115783) WARNING 08-22 18:19:01 [flashinfer_all_reduce.py:78] Failed to initialize FlashInfer All Reduce workspace: [SymmDeviceMemory] Device does not support multicasting.. This is expected on GPUs without NVSwitch (e.g., NVLink bridge-only or PCIe topologies).
(Worker_PP2_TP0 pid=1115783) WARNING 08-22 18:19:01 [flashinfer_all_reduce.py:78] Failed to initialize FlashInfer All Reduce workspace: [SymmDeviceMemory] Device does not support multicasting.. This is expected on GPUs without NVSwitch (e.g., NVLink bridge-only or PCIe topologies).
(Worker_PP2_TP0 pid=1115783) WARNING 08-22 18:19:01 [flashinfer_all_reduce.py:78] Failed to initialize FlashInfer All Reduce workspace: [SymmDeviceMemory] Device does not support multicasting.. This is expected on GPUs without NVSwitch (e.g., NVLink bridge-only or PCIe topologies).
(Worker_PP2_TP0 pid=1115783) WARNING 08-22 18:19:01 [flashinfer_all_reduce.py:78] Failed to initialize FlashInfer All Reduce workspace: [SymmDeviceMemory] Device does not support multicasting.. This is expected on GPUs without NVSwitch (e.g., NVLink bridge-only or PCIe topologies).
(Worker_PP2_TP0 pid=1115783) WARNING 08-22 18:19:01 [flashinfer_all_reduce.py:78] Failed to initialize FlashInfer All Reduce workspace: [SymmDeviceMemory] Device does not support multicasting.. This is expected on GPUs without NVSwitch (e.g., NVLink bridge-only or PCIe topologies).
(Worker_PP2_TP0 pid=1115783) WARNING 08-22 18:19:01 [flashinfer_all_reduce.py:78] Failed to initialize FlashInfer All Reduce workspace: [SymmDeviceMemory] Device does not support multicasting.. This is expected on GPUs without NVSwitch (e.g., NVLink bridge-only or PCIe topologies).
(Worker_PP2_TP0 pid=1115783) WARNING 08-22 18:19:01 [flashinfer_all_reduce.py:78] Failed to initialize FlashInfer All Reduce workspace: [SymmDeviceMemory] Device does not support multicasting.. This is expected on GPUs without NVSwitch (e.g., NVLink bridge-only or PCIe topologies).
(Worker_PP2_TP0 pid=1115783) WARNING 08-22 18:19:01 [flashinfer_all_reduce.py:78] Failed to initialize FlashInfer All Reduce workspace: [SymmDeviceMemory] Device does not support multicasting.. This is expected on GPUs without NVSwitch (e.g., NVLink bridge-only or PCIe topologies).
(Worker_PP2_TP0 pid=1115783) WARNING 08-22 18:19:01 [flashinfer_all_reduce.py:78] Failed to initialize FlashInfer All Reduce workspace: [SymmDeviceMemory] Device does not support multicasting.. This is expected on GPUs without NVSwitch (e.g., NVLink bridge-only or PCIe topologies).
(Worker_PP2_TP0 pid=1115783) WARNING 08-22 18:19:01 [flashinfer_all_reduce.py:78] Failed to initialize FlashInfer All Reduce workspace: [SymmDeviceMemory] Device does not support multicasting.. This is expected on GPUs without NVSwitch (e.g., NVLink bridge-only or PCIe topologies).
(Worker_PP2_TP0 pid=1115783) WARNING 08-22 18:19:01 [flashinfer_all_reduce.py:78] Failed to initialize FlashInfer All Reduce workspace: [SymmDeviceMemory] Device does not support multicasting.. This is expected on GPUs without NVSwitch (e.g., NVLink bridge-only or PCIe topologies).
(Worker_PP2_TP0 pid=1115783) WARNING 08-22 18:19:01 [flashinfer_all_reduce.py:78] Failed to initialize FlashInfer All Reduce workspace: [SymmDeviceMemory] Device does not support multicasting.. This is expected on GPUs without NVSwitch (e.g., NVLink bridge-only or PCIe topologies).
(Worker_PP2_TP0 pid=1115783) WARNING 08-22 18:19:01 [flashinfer_all_reduce.py:78] Failed to initialize FlashInfer All Reduce workspace: [SymmDeviceMemory] Device does not support multicasting.. This is expected on GPUs without NVSwitch (e.g., NVLink bridge-only or PCIe topologies).
(Worker_PP2_TP0 pid=1115783) WARNING 08-22 18:19:01 [flashinfer_all_reduce.py:78] Failed to initialize FlashInfer All Reduce workspace: [SymmDeviceMemory] Device does not support multicasting.. This is expected on GPUs without NVSwitch (e.g., NVLink bridge-only or PCIe topologies).
(Worker_PP2_TP0 pid=1115783) WARNING 08-22 18:19:01 [flashinfer_all_reduce.py:78] Failed to initialize FlashInfer All Reduce workspace: [SymmDeviceMemory] Device does not support multicasting.. This is expected on GPUs without NVSwitch (e.g., NVLink bridge-only or PCIe topologies).
(Worker_PP2_TP0 pid=1115783) WARNING 08-22 18:19:01 [flashinfer_all_reduce.py:78] Failed to initialize FlashInfer All Reduce workspace: [SymmDeviceMemory] Device does not support multicasting.. This is expected on GPUs without NVSwitch (e.g., NVLink bridge-only or PCIe topologies).
(Worker_PP2_TP0 pid=1115783) WARNING 08-22 18:19:01 [flashinfer_all_reduce.py:78] Failed to initialize FlashInfer All Reduce workspace: [SymmDeviceMemory] Device does not support multicasting.. This is expected on GPUs without NVSwitch (e.g., NVLink bridge-only or PCIe topologies).
(Worker_PP2_TP0 pid=1115783) WARNING 08-22 18:19:01 [flashinfer_all_reduce.py:78] Failed to initialize FlashInfer All Reduce workspace: [SymmDeviceMemory] Device does not support multicasting.. This is expected on GPUs without NVSwitch (e.g., NVLink bridge-only or PCIe topologies).
(Worker_PP2_TP0 pid=1115783) WARNING 08-22 18:19:01 [flashinfer_all_reduce.py:78] Failed to initialize FlashInfer All Reduce workspace: [SymmDeviceMemory] Device does not support multicasting.. This is expected on GPUs without NVSwitch (e.g., NVLink bridge-only or PCIe topologies).
(Worker_PP2_TP0 pid=1115783) WARNING 08-22 18:19:01 [flashinfer_all_reduce.py:78] Failed to initialize FlashInfer All Reduce workspace: [SymmDeviceMemory] Device does not support multicasting.. This is expected on GPUs without NVSwitch (e.g., NVLink bridge-only or PCIe topologies).
(Worker_PP2_TP0 pid=1115783) WARNING 08-22 18:19:01 [flashinfer_all_reduce.py:78] Failed to initialize FlashInfer All Reduce workspace: [SymmDeviceMemory] Device does not support multicasting.. This is expected on GPUs without NVSwitch (e.g., NVLink bridge-only or PCIe topologies).
(Worker_PP2_TP0 pid=1115783) WARNING 08-22 18:19:01 [flashinfer_all_reduce.py:78] Failed to initialize FlashInfer All Reduce workspace: [SymmDeviceMemory] Device does not support multicasting.. This is expected on GPUs without NVSwitch (e.g., NVLink bridge-only or PCIe topologies).
(Worker_PP2_TP0 pid=1115783) WARNING 08-22 18:19:01 [flashinfer_all_reduce.py:78] Failed to initialize FlashInfer All Reduce workspace: [SymmDeviceMemory] Device does not support multicasting.. This is expected on GPUs without NVSwitch (e.g., NVLink bridge-only or PCIe topologies).
(Worker_PP2_TP0 pid=1115783) WARNING 08-22 18:19:01 [flashinfer_all_reduce.py:78] Failed to initialize FlashInfer All Reduce workspace: [SymmDeviceMemory] Device does not support multicasting.. This is expected on GPUs without NVSwitch (e.g., NVLink bridge-only or PCIe topologies).
(Worker_PP2_TP5 pid=1115788) [k3t r?] step=69 tok=1 step=90.32ms | KDA: n=22 attn=16.9ms mlp=41.6ms other=0.6ms tot=59.1ms | full: n=9 attn=12.5ms mlp=18.4ms other=0.2ms tot=31.1ms | ALL: attn=29.4ms mlp=60.1ms model=90.3ms
(Worker_PP2_TP2 pid=1115785) [k3t r?] step=69 tok=1 step=90.32ms | KDA: n=22 attn=16.9ms mlp=41.6ms other=0.6ms tot=59.1ms | full: n=9 attn=12.5ms mlp=18.4ms other=0.2ms tot=31.1ms | ALL: attn=29.4ms mlp=60.1ms model=90.3ms
(Worker_PP2_TP1 pid=1115784) [k3t r?] step=69 tok=1 step=90.32ms | KDA: n=22 attn=16.9ms mlp=41.6ms other=0.6ms tot=59.1ms | full: n=9 attn=12.5ms mlp=18.4ms other=0.2ms tot=31.1ms | ALL: attn=29.4ms mlp=60.1ms model=90.3ms
(Worker_PP2_TP7 pid=1115790) [k3t r?] step=69 tok=1 step=90.32ms | KDA: n=22 attn=16.9ms mlp=41.6ms other=0.6ms tot=59.1ms | full: n=9 attn=12.5ms mlp=18.4ms other=0.2ms tot=31.1ms | ALL: attn=29.4ms mlp=60.1ms model=90.3ms
(Worker_PP2_TP6 pid=1115789) [k3t r?] step=69 tok=1 step=90.32ms | KDA: n=22 attn=16.9ms mlp=41.6ms other=0.6ms tot=59.1ms | full: n=9 attn=12.5ms mlp=18.4ms other=0.2ms tot=31.1ms | ALL: attn=29.3ms mlp=60.1ms model=90.3ms
(Worker_PP2_TP4 pid=1115787) [k3t r?] step=69 tok=1 step=90.32ms | KDA: n=22 attn=16.9ms mlp=41.6ms other=0.5ms tot=59.1ms | full: n=9 attn=12.5ms mlp=18.4ms other=0.2ms tot=31.1ms | ALL: attn=29.4ms mlp=60.1ms model=90.3ms
(Worker_PP2_TP3 pid=1115786) [k3t r?] step=69 tok=1 step=90.32ms | KDA: n=22 attn=16.9ms mlp=41.6ms other=0.6ms tot=59.1ms | full: n=9 attn=12.5ms mlp=18.4ms other=0.2ms tot=31.1ms | ALL: attn=29.4ms mlp=60.1ms model=90.3ms
(Worker_PP2_TP0 pid=1115783) [k3t r?] step=69 tok=1 step=90.73ms | KDA: n=22 attn=9.0ms mlp=40.8ms other=8.6ms tot=58.3ms | full: n=9 attn=8.8ms mlp=17.7ms other=3.8ms tot=30.3ms | ALL: attn=17.8ms mlp=58.6ms model=90.7ms
(Worker_PP2_TP2 pid=1115785) [k3t r?] logits=0.7ms step_tot=92.2ms
(Worker_PP2_TP7 pid=1115790) [k3t r?] logits=0.7ms step_tot=92.2ms
(Worker_PP2_TP5 pid=1115788) [k3t r?] logits=0.7ms step_tot=92.2ms
(Worker_PP2_TP3 pid=1115786) [k3t r?] logits=0.7ms step_tot=92.2ms
(Worker_PP2_TP6 pid=1115789) [k3t r?] logits=0.7ms step_tot=92.2ms
(Worker_PP2_TP4 pid=1115787) [k3t r?] logits=0.7ms step_tot=92.2ms
(Worker_PP2_TP1 pid=1115784) [k3t r?] logits=0.7ms step_tot=92.2ms
(Worker_PP2_TP0 pid=1115783) [k3t r?] logits=0.4ms step_tot=92.3ms
