OpenBLAS WARNING - could not determine the L2 cache size on this system, assuming 256k
OpenBLAS WARNING - could not determine the L2 cache size on this system, assuming 256k
WARNING 08-22 18:09:18 [envs.py:2128] Unknown vLLM environment variable detected: VLLM_BIN
INFO 08-22 18:09:18 [kimi_k3.py:116] Overriding vision_config.text_hidden_size from 2304 to 4096 to match text_config.hidden_size
INFO 08-22 18:09:32 [model.py:645] Resolved architecture: KimiK3ForConditionalGeneration
INFO 08-22 18:09:32 [model.py:663] Defaulting to tokenizer_mode='kimi_k3' for KimiK3ForConditionalGeneration
INFO 08-22 18:09:32 [model.py:1883] Using max model len 32768
INFO 08-22 18:09:35 [kimi_k3.py:116] Overriding vision_config.text_hidden_size from 2304 to 4096 to match text_config.hidden_size
WARNING 08-22 18:09:35 [registry.py:259] Using a slow tokenizer. This might cause a significant slowdown. Consider using a fast tokenizer instead.
INFO 08-22 18:09:35 [kimi_k3.py:116] Overriding vision_config.text_hidden_size from 2304 to 4096 to match text_config.hidden_size
INFO 08-22 18:09:35 [arg_utils.py:2139] Inferred data_parallel_rank 0 from node_rank 1
INFO 08-22 18:09:35 [scheduler.py:242] Chunked prefill is enabled with max_num_batched_tokens=8192.
WARNING 08-22 18:09:35 [vllm.py:1194] Enforce eager set, disabling torch.compile and CUDAGraphs. This is equivalent to setting -cc.mode=none -cc.cudagraph_mode=none
INFO 08-22 18:09:35 [vllm.py:1231] Auto-enabling VLLM_USE_BREAKABLE_CUDAGRAPH=1. Set VLLM_USE_BREAKABLE_CUDAGRAPH=0 to opt out.
WARNING 08-22 18:09:35 [vllm.py:1237] VLLM_USE_BREAKABLE_CUDAGRAPH is set, disabling vLLM's torch.compile pipeline. Equivalent to -cc.mode=none.
WARNING 08-22 18:09:35 [vllm.py:1247] Inductor compilation was disabled by user settings, optimizations settings that are only active during inductor compilation will be ignored.
INFO 08-22 18:09:35 [kernel.py:306] Final IR op priority after setting platform defaults: IrOpPriorityConfig(rms_norm=['vllm_c', 'native'], fused_add_rms_norm=['vllm_c', 'native'])
INFO 08-22 18:09:35 [vllm.py:1426] Cudagraph is disabled under eager mode
INFO 08-22 18:09:35 [compilation.py:329] Enabled custom fusions: norm_quant, act_quant
INFO 08-22 18:09:35 [serve.py:216] Launching vLLM (v0.27.1) headless multiproc executor, with head node address 192.168.0.224:29500 for torch.distributed process group.
WARNING 08-22 18:09:35 [multiproc_executor.py:1081] Reducing Torch parallelism from 128 threads to 1 to avoid unnecessary CPU contention. Set OMP_NUM_THREADS in the external environment to tune this value as needed.
OpenBLAS WARNING - could not determine the L2 cache size on this system, assuming 256k
OpenBLAS WARNING - could not determine the L2 cache size on this system, assuming 256k
OpenBLAS WARNING - could not determine the L2 cache size on this system, assuming 256k
OpenBLAS WARNING - could not determine the L2 cache size on this system, assuming 256k
OpenBLAS WARNING - could not determine the L2 cache size on this system, assuming 256k
OpenBLAS WARNING - could not determine the L2 cache size on this system, assuming 256k
OpenBLAS WARNING - could not determine the L2 cache size on this system, assuming 256k
OpenBLAS WARNING - could not determine the L2 cache size on this system, assuming 256k
OpenBLAS WARNING - could not determine the L2 cache size on this system, assuming 256k
OpenBLAS WARNING - could not determine the L2 cache size on this system, assuming 256k
OpenBLAS WARNING - could not determine the L2 cache size on this system, assuming 256k
OpenBLAS WARNING - could not determine the L2 cache size on this system, assuming 256k
OpenBLAS WARNING - could not determine the L2 cache size on this system, assuming 256k
OpenBLAS WARNING - could not determine the L2 cache size on this system, assuming 256k
OpenBLAS WARNING - could not determine the L2 cache size on this system, assuming 256k
OpenBLAS WARNING - could not determine the L2 cache size on this system, assuming 256k
INFO 08-22 18:10:20 [kimi_k3.py:116] Overriding vision_config.text_hidden_size from 2304 to 4096 to match text_config.hidden_size
INFO 08-22 18:10:20 [kimi_k3.py:116] Overriding vision_config.text_hidden_size from 2304 to 4096 to match text_config.hidden_size
WARNING 08-22 18:10:20 [registry.py:259] Using a slow tokenizer. This might cause a significant slowdown. Consider using a fast tokenizer instead.
INFO 08-22 18:10:20 [kimi_k3.py:116] Overriding vision_config.text_hidden_size from 2304 to 4096 to match text_config.hidden_size
WARNING 08-22 18:10:20 [registry.py:259] Using a slow tokenizer. This might cause a significant slowdown. Consider using a fast tokenizer instead.
INFO 08-22 18:10:20 [kimi_k3.py:116] Overriding vision_config.text_hidden_size from 2304 to 4096 to match text_config.hidden_size
INFO 08-22 18:10:21 [kimi_k3.py:116] Overriding vision_config.text_hidden_size from 2304 to 4096 to match text_config.hidden_size
INFO 08-22 18:10:21 [kimi_k3.py:116] Overriding vision_config.text_hidden_size from 2304 to 4096 to match text_config.hidden_size
WARNING 08-22 18:10:21 [registry.py:259] Using a slow tokenizer. This might cause a significant slowdown. Consider using a fast tokenizer instead.
INFO 08-22 18:10:21 [kimi_k3.py:116] Overriding vision_config.text_hidden_size from 2304 to 4096 to match text_config.hidden_size
INFO 08-22 18:10:21 [kimi_k3.py:116] Overriding vision_config.text_hidden_size from 2304 to 4096 to match text_config.hidden_size
INFO 08-22 18:10:21 [kimi_k3.py:116] Overriding vision_config.text_hidden_size from 2304 to 4096 to match text_config.hidden_size
INFO 08-22 18:10:21 [kimi_k3.py:116] Overriding vision_config.text_hidden_size from 2304 to 4096 to match text_config.hidden_size
WARNING 08-22 18:10:21 [registry.py:259] Using a slow tokenizer. This might cause a significant slowdown. Consider using a fast tokenizer instead.
INFO 08-22 18:10:21 [kimi_k3.py:116] Overriding vision_config.text_hidden_size from 2304 to 4096 to match text_config.hidden_size
INFO 08-22 18:10:21 [kimi_k3.py:116] Overriding vision_config.text_hidden_size from 2304 to 4096 to match text_config.hidden_size
WARNING 08-22 18:10:22 [registry.py:259] Using a slow tokenizer. This might cause a significant slowdown. Consider using a fast tokenizer instead.
INFO 08-22 18:10:22 [kimi_k3.py:116] Overriding vision_config.text_hidden_size from 2304 to 4096 to match text_config.hidden_size
WARNING 08-22 18:10:22 [registry.py:259] Using a slow tokenizer. This might cause a significant slowdown. Consider using a fast tokenizer instead.
INFO 08-22 18:10:22 [kimi_k3.py:116] Overriding vision_config.text_hidden_size from 2304 to 4096 to match text_config.hidden_size
WARNING 08-22 18:10:22 [registry.py:259] Using a slow tokenizer. This might cause a significant slowdown. Consider using a fast tokenizer instead.
INFO 08-22 18:10:22 [kimi_k3.py:116] Overriding vision_config.text_hidden_size from 2304 to 4096 to match text_config.hidden_size
WARNING 08-22 18:10:22 [registry.py:259] Using a slow tokenizer. This might cause a significant slowdown. Consider using a fast tokenizer instead.
INFO 08-22 18:10:22 [kimi_k3.py:116] Overriding vision_config.text_hidden_size from 2304 to 4096 to match text_config.hidden_size
(Worker pid=1103796) INFO 08-22 18:10:22 [parallel_state.py:1640] world_size=24 rank=8 local_rank=0 distributed_init_method=tcp://192.168.0.224:29500 backend=nccl
(Worker pid=1103802) INFO 08-22 18:10:26 [parallel_state.py:1640] world_size=24 rank=14 local_rank=6 distributed_init_method=tcp://192.168.0.224:29500 backend=nccl
(Worker pid=1103798) INFO 08-22 18:10:27 [parallel_state.py:1640] world_size=24 rank=10 local_rank=2 distributed_init_method=tcp://192.168.0.224:29500 backend=nccl
(Worker pid=1103800) INFO 08-22 18:10:29 [parallel_state.py:1640] world_size=24 rank=12 local_rank=4 distributed_init_method=tcp://192.168.0.224:29500 backend=nccl
(Worker pid=1103803) INFO 08-22 18:10:30 [parallel_state.py:1640] world_size=24 rank=15 local_rank=7 distributed_init_method=tcp://192.168.0.224:29500 backend=nccl
(Worker pid=1103799) INFO 08-22 18:10:31 [parallel_state.py:1640] world_size=24 rank=11 local_rank=3 distributed_init_method=tcp://192.168.0.224:29500 backend=nccl
(Worker pid=1103801) INFO 08-22 18:10:31 [parallel_state.py:1640] world_size=24 rank=13 local_rank=5 distributed_init_method=tcp://192.168.0.224:29500 backend=nccl
(Worker pid=1103797) INFO 08-22 18:10:31 [parallel_state.py:1640] world_size=24 rank=9 local_rank=1 distributed_init_method=tcp://192.168.0.224:29500 backend=nccl
(Worker pid=1103796) INFO 08-22 18:11:29 [pynccl.py:113] vLLM is using nccl==2.29.7
(Worker pid=1103799) WARNING 08-22 18:11:40 [symm_mem.py:107] SymmMemCommunicator: symmetric memory multicast operations are not supported.
(Worker pid=1103796) WARNING 08-22 18:11:40 [symm_mem.py:107] SymmMemCommunicator: symmetric memory multicast operations are not supported.
(Worker pid=1103801) WARNING 08-22 18:11:40 [symm_mem.py:107] SymmMemCommunicator: symmetric memory multicast operations are not supported.
(Worker pid=1103803) WARNING 08-22 18:11:40 [symm_mem.py:107] SymmMemCommunicator: symmetric memory multicast operations are not supported.
(Worker pid=1103800) WARNING 08-22 18:11:40 [symm_mem.py:107] SymmMemCommunicator: symmetric memory multicast operations are not supported.
(Worker pid=1103798) WARNING 08-22 18:11:40 [symm_mem.py:107] SymmMemCommunicator: symmetric memory multicast operations are not supported.
(Worker pid=1103797) WARNING 08-22 18:11:40 [symm_mem.py:107] SymmMemCommunicator: symmetric memory multicast operations are not supported.
(Worker pid=1103802) WARNING 08-22 18:11:40 [symm_mem.py:107] SymmMemCommunicator: symmetric memory multicast operations are not supported.
(Worker pid=1103796) INFO 08-22 18:11:45 [parallel_state.py:1979] rank 8 in world size 24 is assigned as DP rank 0, PP rank 1, PCP rank 0, TP rank 0, EP rank 0, EPLB rank N/A
(Worker pid=1103796) INFO 08-22 18:11:45 [gpu_worker.py:385] Using V2 Model Runner
(Worker_PP1_TP0 pid=1103796) INFO 08-22 18:11:46 [model_runner.py:308] Loading model from scratch...
(Worker_PP1_TP0 pid=1103796) WARNING 08-22 18:11:46 [vision.py:153] The number of vision attention heads is not divisible by the tensor parallel size. Falling back to data parallelism for the vision encoder.
(Worker_PP1_TP0 pid=1103796) INFO 08-22 18:11:46 [cuda.py:541] Using backend AttentionBackendEnum.FLASH_ATTN for vit attention
(Worker_PP1_TP0 pid=1103796) INFO 08-22 18:11:46 [mm_encoder_attention.py:375] Using AttentionBackendEnum.FLASH_ATTN for MMEncoderAttention.
(Worker_PP1_TP2 pid=1103798) INFO 08-22 18:12:08 [kernel.py:306] Final IR op priority after setting platform defaults: IrOpPriorityConfig(rms_norm=['vllm_c', 'native'], fused_add_rms_norm=['vllm_c', 'native'])
(Worker_PP1_TP4 pid=1103800) INFO 08-22 18:12:10 [kernel.py:306] Final IR op priority after setting platform defaults: IrOpPriorityConfig(rms_norm=['vllm_c', 'native'], fused_add_rms_norm=['vllm_c', 'native'])
(Worker_PP1_TP1 pid=1103797) INFO 08-22 18:12:11 [kernel.py:306] Final IR op priority after setting platform defaults: IrOpPriorityConfig(rms_norm=['vllm_c', 'native'], fused_add_rms_norm=['vllm_c', 'native'])
(Worker_PP1_TP7 pid=1103803) INFO 08-22 18:12:12 [kernel.py:306] Final IR op priority after setting platform defaults: IrOpPriorityConfig(rms_norm=['vllm_c', 'native'], fused_add_rms_norm=['vllm_c', 'native'])
(Worker_PP1_TP3 pid=1103799) INFO 08-22 18:12:13 [kernel.py:306] Final IR op priority after setting platform defaults: IrOpPriorityConfig(rms_norm=['vllm_c', 'native'], fused_add_rms_norm=['vllm_c', 'native'])
(Worker_PP1_TP5 pid=1103801) INFO 08-22 18:12:13 [kernel.py:306] Final IR op priority after setting platform defaults: IrOpPriorityConfig(rms_norm=['vllm_c', 'native'], fused_add_rms_norm=['vllm_c', 'native'])
(Worker_PP1_TP0 pid=1103796) WARNING 08-22 18:12:14 [vllm.py:1194] Enforce eager set, disabling torch.compile and CUDAGraphs. This is equivalent to setting -cc.mode=none -cc.cudagraph_mode=none
(Worker_PP1_TP0 pid=1103796) WARNING 08-22 18:12:14 [vllm.py:1237] VLLM_USE_BREAKABLE_CUDAGRAPH is set, disabling vLLM's torch.compile pipeline. Equivalent to -cc.mode=none.
(Worker_PP1_TP0 pid=1103796) WARNING 08-22 18:12:14 [vllm.py:1247] Inductor compilation was disabled by user settings, optimizations settings that are only active during inductor compilation will be ignored.
(Worker_PP1_TP0 pid=1103796) INFO 08-22 18:12:14 [kernel.py:306] Final IR op priority after setting platform defaults: IrOpPriorityConfig(rms_norm=['vllm_c', 'native'], fused_add_rms_norm=['vllm_c', 'native'])
(Worker_PP1_TP0 pid=1103796) INFO 08-22 18:12:14 [vllm.py:1426] Cudagraph is disabled under eager mode
(Worker_PP1_TP0 pid=1103796) INFO 08-22 18:12:14 [cuda.py:482] Using FLASH_ATTN_MLA attention backend out of potential backends: ['FLASH_ATTN_MLA', 'FLASHMLA', 'TRITON_MLA'].
(Worker_PP1_TP0 pid=1103796) INFO 08-22 18:12:14 [selector.py:190] Using FLASH_ATTN MLA prefill backend.
(Worker_PP1_TP6 pid=1103802) INFO 08-22 18:12:14 [kernel.py:306] Final IR op priority after setting platform defaults: IrOpPriorityConfig(rms_norm=['vllm_c', 'native'], fused_add_rms_norm=['vllm_c', 'native'])
(Worker_PP1_TP0 pid=1103796) INFO 08-22 18:12:14 [mxfp4.py:626] Using 'MARLIN' Mxfp4 MoE backend.
(Worker_PP1_TP0 pid=1103796) INFO 08-22 18:12:15 [kda.py:390] Fused KDA decode kernel (conv+KDA+norm) is enabled.
(Worker_PP1_TP0 pid=1103796) INFO 08-22 18:12:15 [kda.py:242] Using FlashKDA KDA prefill backend.
(Worker_PP1_TP0 pid=1103796) INFO 08-22 18:12:25 [weight_utils.py:867] Filesystem type for checkpoints: EXT4. Checkpoint size: 1453.74 GiB. Available RAM: 949.55 GiB.
(Worker_PP1_TP0 pid=1103796) INFO 08-22 18:12:25 [weight_utils.py:897] Auto-prefetch is disabled because the filesystem (EXT4) is not a recognized network FS (NFS/Lustre) and the checkpoint size (1453.74 GiB) exceeds 90% of available RAM (949.55 GiB).
(Worker_PP1_TP0 pid=1103796) INFO 08-22 18:14:36 [default_loader.py:430] Loading weights took 131.13 seconds
(Worker_PP1_TP0 pid=1103796) INFO 08-22 18:14:37 [mxfp4.py:1730] Using MoEPrepareAndFinalizeNoDPEPModular
(Worker_PP1_TP0 pid=1103796) INFO 08-22 18:14:37 [mxfp4.py:1731] Using MarlinExperts
(Worker_PP1_TP0 pid=1103796) INFO 08-22 18:14:48 [model_runner.py:329] Model loading took 65.12 GiB and 182.450840 seconds
(Worker_PP1_TP0 pid=1103796) INFO 08-22 18:14:48 [kernel.py:306] Final IR op priority after setting platform defaults: IrOpPriorityConfig(rms_norm=['vllm_c', 'native'], fused_add_rms_norm=['vllm_c', 'native'])
(Worker_PP1_TP0 pid=1103796) INFO 08-22 18:14:48 [kernel.py:306] Final IR op priority after setting platform defaults: IrOpPriorityConfig(rms_norm=['vllm_c', 'native'], fused_add_rms_norm=['vllm_c', 'native'])
(Worker_PP1_TP0 pid=1103796) INFO 08-22 18:14:48 [interface.py:911] Setting attention block size to 768 tokens to ensure that attention page size is >= mamba page size.
(Worker_PP1_TP0 pid=1103796) INFO 08-22 18:14:48 [interface.py:935] Padding mamba page size by 8.68% to ensure that mamba page size and attention page size are exactly equal.
(Worker_PP1_TP6 pid=1103802) INFO 08-22 18:14:48 [model_runner.py:329] Model loading took 65.12 GiB and 182.547879 seconds
(Worker_PP1_TP6 pid=1103802) INFO 08-22 18:14:48 [kernel.py:306] Final IR op priority after setting platform defaults: IrOpPriorityConfig(rms_norm=['vllm_c', 'native'], fused_add_rms_norm=['vllm_c', 'native'])
(Worker_PP1_TP6 pid=1103802) INFO 08-22 18:14:48 [kernel.py:306] Final IR op priority after setting platform defaults: IrOpPriorityConfig(rms_norm=['vllm_c', 'native'], fused_add_rms_norm=['vllm_c', 'native'])
(Worker_PP1_TP6 pid=1103802) INFO 08-22 18:14:48 [interface.py:911] Setting attention block size to 768 tokens to ensure that attention page size is >= mamba page size.
(Worker_PP1_TP6 pid=1103802) INFO 08-22 18:14:48 [interface.py:935] Padding mamba page size by 8.68% to ensure that mamba page size and attention page size are exactly equal.
(Worker_PP1_TP1 pid=1103797) INFO 08-22 18:14:49 [model_runner.py:329] Model loading took 65.12 GiB and 183.300486 seconds
(Worker_PP1_TP1 pid=1103797) INFO 08-22 18:14:49 [kernel.py:306] Final IR op priority after setting platform defaults: IrOpPriorityConfig(rms_norm=['vllm_c', 'native'], fused_add_rms_norm=['vllm_c', 'native'])
(Worker_PP1_TP1 pid=1103797) INFO 08-22 18:14:49 [kernel.py:306] Final IR op priority after setting platform defaults: IrOpPriorityConfig(rms_norm=['vllm_c', 'native'], fused_add_rms_norm=['vllm_c', 'native'])
(Worker_PP1_TP1 pid=1103797) INFO 08-22 18:14:49 [interface.py:911] Setting attention block size to 768 tokens to ensure that attention page size is >= mamba page size.
(Worker_PP1_TP1 pid=1103797) INFO 08-22 18:14:49 [interface.py:935] Padding mamba page size by 8.68% to ensure that mamba page size and attention page size are exactly equal.
(Worker_PP1_TP3 pid=1103799) INFO 08-22 18:14:49 [model_runner.py:329] Model loading took 65.12 GiB and 184.176109 seconds
(Worker_PP1_TP3 pid=1103799) INFO 08-22 18:14:49 [kernel.py:306] Final IR op priority after setting platform defaults: IrOpPriorityConfig(rms_norm=['vllm_c', 'native'], fused_add_rms_norm=['vllm_c', 'native'])
(Worker_PP1_TP3 pid=1103799) INFO 08-22 18:14:49 [kernel.py:306] Final IR op priority after setting platform defaults: IrOpPriorityConfig(rms_norm=['vllm_c', 'native'], fused_add_rms_norm=['vllm_c', 'native'])
(Worker_PP1_TP3 pid=1103799) INFO 08-22 18:14:49 [interface.py:911] Setting attention block size to 768 tokens to ensure that attention page size is >= mamba page size.
(Worker_PP1_TP3 pid=1103799) INFO 08-22 18:14:49 [interface.py:935] Padding mamba page size by 8.68% to ensure that mamba page size and attention page size are exactly equal.
(Worker_PP1_TP2 pid=1103798) INFO 08-22 18:14:50 [model_runner.py:329] Model loading took 65.12 GiB and 184.242207 seconds
(Worker_PP1_TP2 pid=1103798) INFO 08-22 18:14:50 [kernel.py:306] Final IR op priority after setting platform defaults: IrOpPriorityConfig(rms_norm=['vllm_c', 'native'], fused_add_rms_norm=['vllm_c', 'native'])
(Worker_PP1_TP2 pid=1103798) INFO 08-22 18:14:50 [kernel.py:306] Final IR op priority after setting platform defaults: IrOpPriorityConfig(rms_norm=['vllm_c', 'native'], fused_add_rms_norm=['vllm_c', 'native'])
(Worker_PP1_TP2 pid=1103798) INFO 08-22 18:14:50 [interface.py:911] Setting attention block size to 768 tokens to ensure that attention page size is >= mamba page size.
(Worker_PP1_TP2 pid=1103798) INFO 08-22 18:14:50 [interface.py:935] Padding mamba page size by 8.68% to ensure that mamba page size and attention page size are exactly equal.
(Worker_PP1_TP5 pid=1103801) INFO 08-22 18:14:50 [model_runner.py:329] Model loading took 65.12 GiB and 185.099339 seconds
(Worker_PP1_TP5 pid=1103801) INFO 08-22 18:14:50 [kernel.py:306] Final IR op priority after setting platform defaults: IrOpPriorityConfig(rms_norm=['vllm_c', 'native'], fused_add_rms_norm=['vllm_c', 'native'])
(Worker_PP1_TP5 pid=1103801) INFO 08-22 18:14:50 [kernel.py:306] Final IR op priority after setting platform defaults: IrOpPriorityConfig(rms_norm=['vllm_c', 'native'], fused_add_rms_norm=['vllm_c', 'native'])
(Worker_PP1_TP5 pid=1103801) INFO 08-22 18:14:50 [interface.py:911] Setting attention block size to 768 tokens to ensure that attention page size is >= mamba page size.
(Worker_PP1_TP5 pid=1103801) INFO 08-22 18:14:50 [interface.py:935] Padding mamba page size by 8.68% to ensure that mamba page size and attention page size are exactly equal.
(Worker_PP1_TP7 pid=1103803) INFO 08-22 18:14:53 [model_runner.py:329] Model loading took 65.12 GiB and 187.326020 seconds
(Worker_PP1_TP7 pid=1103803) INFO 08-22 18:14:53 [kernel.py:306] Final IR op priority after setting platform defaults: IrOpPriorityConfig(rms_norm=['vllm_c', 'native'], fused_add_rms_norm=['vllm_c', 'native'])
(Worker_PP1_TP7 pid=1103803) INFO 08-22 18:14:53 [kernel.py:306] Final IR op priority after setting platform defaults: IrOpPriorityConfig(rms_norm=['vllm_c', 'native'], fused_add_rms_norm=['vllm_c', 'native'])
(Worker_PP1_TP7 pid=1103803) INFO 08-22 18:14:53 [interface.py:911] Setting attention block size to 768 tokens to ensure that attention page size is >= mamba page size.
(Worker_PP1_TP7 pid=1103803) INFO 08-22 18:14:53 [interface.py:935] Padding mamba page size by 8.68% to ensure that mamba page size and attention page size are exactly equal.
(Worker_PP1_TP4 pid=1103800) INFO 08-22 18:14:53 [model_runner.py:329] Model loading took 65.12 GiB and 187.419979 seconds
(Worker_PP1_TP4 pid=1103800) INFO 08-22 18:14:53 [kernel.py:306] Final IR op priority after setting platform defaults: IrOpPriorityConfig(rms_norm=['vllm_c', 'native'], fused_add_rms_norm=['vllm_c', 'native'])
(Worker_PP1_TP4 pid=1103800) INFO 08-22 18:14:53 [kernel.py:306] Final IR op priority after setting platform defaults: IrOpPriorityConfig(rms_norm=['vllm_c', 'native'], fused_add_rms_norm=['vllm_c', 'native'])
(Worker_PP1_TP4 pid=1103800) INFO 08-22 18:14:53 [interface.py:911] Setting attention block size to 768 tokens to ensure that attention page size is >= mamba page size.
(Worker_PP1_TP4 pid=1103800) INFO 08-22 18:14:53 [interface.py:935] Padding mamba page size by 8.68% to ensure that mamba page size and attention page size are exactly equal.
(Worker_PP1_TP3 pid=1103799) [k3t r?] step=1 tok=8192 step=3115.28ms | KDA: n=23 attn=170.2ms mlp=592.5ms other=24.7ms tot=787.4ms | full: n=8 attn=375.4ms mlp=1370.9ms other=463.9ms tot=2210.2ms | ALL: attn=545.6ms mlp=1963.4ms model=3115.4ms
(Worker_PP1_TP4 pid=1103800) [k3t r?] step=1 tok=8192 step=3112.32ms | KDA: n=23 attn=170.5ms mlp=592.0ms other=24.6ms tot=787.2ms | full: n=8 attn=374.8ms mlp=1370.7ms other=465.1ms tot=2210.5ms | ALL: attn=545.3ms mlp=1962.7ms model=3112.4ms
(Worker_PP1_TP7 pid=1103803) [k3t r?] step=1 tok=8192 step=3113.04ms | KDA: n=23 attn=169.8ms mlp=592.6ms other=24.5ms tot=786.9ms | full: n=8 attn=374.9ms mlp=1371.1ms other=464.6ms tot=2210.6ms | ALL: attn=544.7ms mlp=1963.7ms model=3113.2ms
(Worker_PP1_TP2 pid=1103798) [k3t r?] step=1 tok=8192 step=3114.05ms | KDA: n=23 attn=169.8ms mlp=592.5ms other=24.6ms tot=786.9ms | full: n=8 attn=374.5ms mlp=1371.1ms other=465.1ms tot=2210.6ms | ALL: attn=544.3ms mlp=1963.6ms model=3114.2ms
(Worker_PP1_TP0 pid=1103796) [k3t r?] step=1 tok=8192 step=3116.75ms | KDA: n=23 attn=169.4ms mlp=592.4ms other=24.9ms tot=786.7ms | full: n=8 attn=375.3ms mlp=1371.6ms other=464.1ms tot=2211.0ms | ALL: attn=544.7ms mlp=1964.0ms model=3116.8ms
(Worker_PP1_TP5 pid=1103801) [k3t r?] step=1 tok=8192 step=3114.61ms | KDA: n=23 attn=170.0ms mlp=592.5ms other=24.9ms tot=787.4ms | full: n=8 attn=376.3ms mlp=1371.0ms other=463.0ms tot=2210.2ms | ALL: attn=546.3ms mlp=1963.4ms model=3114.7ms
(Worker_PP1_TP1 pid=1103797) [k3t r?] step=1 tok=8192 step=3117.20ms | KDA: n=23 attn=170.1ms mlp=592.4ms other=24.9ms tot=787.4ms | full: n=8 attn=376.3ms mlp=1370.9ms other=463.7ms tot=2210.9ms | ALL: attn=546.4ms mlp=1963.3ms model=3117.3ms
(Worker_PP1_TP6 pid=1103802) [k3t r?] step=1 tok=8192 step=3116.24ms | KDA: n=23 attn=169.8ms mlp=592.4ms other=24.9ms tot=787.1ms | full: n=8 attn=375.5ms mlp=1371.2ms other=463.8ms tot=2210.5ms | ALL: attn=545.3ms mlp=1963.6ms model=3116.3ms
(Worker_PP1_TP0 pid=1103796) INFO 08-22 18:16:07 [gpu_worker.py:563] Available KV cache memory: 15.41 GiB
(Worker_PP1_TP0 pid=1103796) INFO 08-22 18:16:21 [kernel_warmup.py:92] Warming up ll_bf16 router GEMM kernels for shapes: ((7168, 896),).
(Worker_PP1_TP3 pid=1103799) INFO 08-22 18:16:24 [gpu_worker.py:789] Free memory on device (92.58/94.62 GiB) on startup. Desired GPU memory utilization is (0.9, 85.15 GiB). Actual usage is 67.5 GiB for consumed memory (weights + non-torch), 2.24 GiB for peak activation, and 0.0 GiB for CUDAGraph memory. Replace gpu_memory_utilization config with `--kv-cache-memory=16387801088` (15.26 GiB) to fit into requested memory, or `--kv-cache-memory=24358354944` (22.69 GiB) to fully utilize gpu memory. Current kv cache memory in use is 15.41 GiB.
(Worker_PP1_TP4 pid=1103800) INFO 08-22 18:16:24 [gpu_worker.py:789] Free memory on device (92.58/94.62 GiB) on startup. Desired GPU memory utilization is (0.9, 85.15 GiB). Actual usage is 67.5 GiB for consumed memory (weights + non-torch), 2.24 GiB for peak activation, and 0.0 GiB for CUDAGraph memory. Replace gpu_memory_utilization config with `--kv-cache-memory=16387801088` (15.26 GiB) to fit into requested memory, or `--kv-cache-memory=24358354944` (22.69 GiB) to fully utilize gpu memory. Current kv cache memory in use is 15.41 GiB.
(Worker_PP1_TP7 pid=1103803) INFO 08-22 18:16:24 [gpu_worker.py:789] Free memory on device (92.58/94.62 GiB) on startup. Desired GPU memory utilization is (0.9, 85.15 GiB). Actual usage is 67.5 GiB for consumed memory (weights + non-torch), 2.24 GiB for peak activation, and 0.0 GiB for CUDAGraph memory. Replace gpu_memory_utilization config with `--kv-cache-memory=16387801088` (15.26 GiB) to fit into requested memory, or `--kv-cache-memory=24358354944` (22.69 GiB) to fully utilize gpu memory. Current kv cache memory in use is 15.41 GiB.
(Worker_PP1_TP2 pid=1103798) INFO 08-22 18:16:24 [gpu_worker.py:789] Free memory on device (92.58/94.62 GiB) on startup. Desired GPU memory utilization is (0.9, 85.15 GiB). Actual usage is 67.5 GiB for consumed memory (weights + non-torch), 2.24 GiB for peak activation, and 0.0 GiB for CUDAGraph memory. Replace gpu_memory_utilization config with `--kv-cache-memory=16387801088` (15.26 GiB) to fit into requested memory, or `--kv-cache-memory=24358354944` (22.69 GiB) to fully utilize gpu memory. Current kv cache memory in use is 15.41 GiB.
(Worker_PP1_TP0 pid=1103796) INFO 08-22 18:16:24 [gpu_worker.py:789] Free memory on device (92.58/94.62 GiB) on startup. Desired GPU memory utilization is (0.9, 85.15 GiB). Actual usage is 67.5 GiB for consumed memory (weights + non-torch), 2.24 GiB for peak activation, and 0.0 GiB for CUDAGraph memory. Replace gpu_memory_utilization config with `--kv-cache-memory=16387801088` (15.26 GiB) to fit into requested memory, or `--kv-cache-memory=24358354944` (22.69 GiB) to fully utilize gpu memory. Current kv cache memory in use is 15.41 GiB.
(Worker_PP1_TP5 pid=1103801) INFO 08-22 18:16:24 [gpu_worker.py:789] Free memory on device (92.58/94.62 GiB) on startup. Desired GPU memory utilization is (0.9, 85.15 GiB). Actual usage is 67.5 GiB for consumed memory (weights + non-torch), 2.24 GiB for peak activation, and 0.0 GiB for CUDAGraph memory. Replace gpu_memory_utilization config with `--kv-cache-memory=16387801088` (15.26 GiB) to fit into requested memory, or `--kv-cache-memory=24358354944` (22.69 GiB) to fully utilize gpu memory. Current kv cache memory in use is 15.41 GiB.
(Worker_PP1_TP6 pid=1103802) INFO 08-22 18:16:24 [gpu_worker.py:789] Free memory on device (92.58/94.62 GiB) on startup. Desired GPU memory utilization is (0.9, 85.15 GiB). Actual usage is 67.5 GiB for consumed memory (weights + non-torch), 2.24 GiB for peak activation, and 0.0 GiB for CUDAGraph memory. Replace gpu_memory_utilization config with `--kv-cache-memory=16387801088` (15.26 GiB) to fit into requested memory, or `--kv-cache-memory=24358354944` (22.69 GiB) to fully utilize gpu memory. Current kv cache memory in use is 15.41 GiB.
(Worker_PP1_TP1 pid=1103797) INFO 08-22 18:16:24 [gpu_worker.py:789] Free memory on device (92.58/94.62 GiB) on startup. Desired GPU memory utilization is (0.9, 85.15 GiB). Actual usage is 67.5 GiB for consumed memory (weights + non-torch), 2.24 GiB for peak activation, and 0.0 GiB for CUDAGraph memory. Replace gpu_memory_utilization config with `--kv-cache-memory=16387801088` (15.26 GiB) to fit into requested memory, or `--kv-cache-memory=24358354944` (22.69 GiB) to fully utilize gpu memory. Current kv cache memory in use is 15.41 GiB.

[2026-08-22 18:11:30] iZ2zebufj7xahy3u5wakcsZ:1103798:1103798 [2] misc/ibvwrap.cc:173 NCCL WARN lib wrapper not initialized.
[rank10]:[W822 18:16:27.344468317 ProcessGroupNCCL.cpp:4173] Warning: An unbatched P2P op (send/recv) was called on this ProcessGroup with size 3.  In lazy initialization mode, this will result in a new 2-rank NCCL communicator to be created. (function operator())
NCCL version 2.29.7+cuda13.2

[2026-08-22 18:11:35] iZ2zebufj7xahy3u5wakcsZ:1103796:1103796 [0] misc/ibvwrap.cc:173 NCCL WARN lib wrapper not initialized.

[2026-08-22 18:11:31] iZ2zebufj7xahy3u5wakcsZ:1103801:1103801 [5] misc/ibvwrap.cc:173 NCCL WARN lib wrapper not initialized.
[rank8]:[W822 18:16:27.344539882 ProcessGroupNCCL.cpp:4173] Warning: An unbatched P2P op (send/recv) was called on this ProcessGroup with size 3.  In lazy initialization mode, this will result in a new 2-rank NCCL communicator to be created. (function operator())

[2026-08-22 18:11:30] iZ2zebufj7xahy3u5wakcsZ:1103802:1103802 [6] misc/ibvwrap.cc:173 NCCL WARN lib wrapper not initialized.
[rank13]:[W822 18:16:27.344545702 ProcessGroupNCCL.cpp:4173] Warning: An unbatched P2P op (send/recv) was called on this ProcessGroup with size 3.  In lazy initialization mode, this will result in a new 2-rank NCCL communicator to be created. (function operator())

[2026-08-22 18:11:31] iZ2zebufj7xahy3u5wakcsZ:1103797:1103797 [1] misc/ibvwrap.cc:173 NCCL WARN lib wrapper not initialized.
[rank14]:[W822 18:16:27.344551876 ProcessGroupNCCL.cpp:4173] Warning: An unbatched P2P op (send/recv) was called on this ProcessGroup with size 3.  In lazy initialization mode, this will result in a new 2-rank NCCL communicator to be created. (function operator())
[rank9]:[W822 18:16:27.344560903 ProcessGroupNCCL.cpp:4173] Warning: An unbatched P2P op (send/recv) was called on this ProcessGroup with size 3.  In lazy initialization mode, this will result in a new 2-rank NCCL communicator to be created. (function operator())

[2026-08-22 18:11:30] iZ2zebufj7xahy3u5wakcsZ:1103800:1103800 [4] misc/ibvwrap.cc:173 NCCL WARN lib wrapper not initialized.
[rank12]:[W822 18:16:27.344605906 ProcessGroupNCCL.cpp:4173] Warning: An unbatched P2P op (send/recv) was called on this ProcessGroup with size 3.  In lazy initialization mode, this will result in a new 2-rank NCCL communicator to be created. (function operator())

[2026-08-22 18:11:30] iZ2zebufj7xahy3u5wakcsZ:1103803:1103803 [7] misc/ibvwrap.cc:173 NCCL WARN lib wrapper not initialized.
[rank15]:[W822 18:16:27.344758778 ProcessGroupNCCL.cpp:4173] Warning: An unbatched P2P op (send/recv) was called on this ProcessGroup with size 3.  In lazy initialization mode, this will result in a new 2-rank NCCL communicator to be created. (function operator())

[2026-08-22 18:11:30] iZ2zebufj7xahy3u5wakcsZ:1103799:1103799 [3] misc/ibvwrap.cc:173 NCCL WARN lib wrapper not initialized.
[rank11]:[W822 18:16:27.344789969 ProcessGroupNCCL.cpp:4173] Warning: An unbatched P2P op (send/recv) was called on this ProcessGroup with size 3.  In lazy initialization mode, this will result in a new 2-rank NCCL communicator to be created. (function operator())
(Worker_PP1_TP3 pid=1103799) [k3t r?] step=2 tok=982 step=328.64ms | KDA: n=23 attn=98.1ms mlp=84.6ms other=3.1ms tot=185.8ms | full: n=8 attn=104.6ms mlp=35.7ms other=1.7ms tot=142.0ms | ALL: attn=202.7ms mlp=120.3ms model=328.8ms
(Worker_PP1_TP6 pid=1103802) [k3t r?] step=2 tok=982 step=329.06ms | KDA: n=23 attn=98.0ms mlp=84.7ms other=3.1ms tot=185.8ms | full: n=8 attn=106.2ms mlp=35.7ms other=1.1ms tot=143.0ms | ALL: attn=204.3ms mlp=120.4ms model=329.1ms
(Worker_PP1_TP4 pid=1103800) [k3t r?] step=2 tok=982 step=329.05ms | KDA: n=23 attn=98.0ms mlp=84.7ms other=3.1ms tot=185.8ms | full: n=8 attn=106.2ms mlp=35.8ms other=1.1ms tot=143.0ms | ALL: attn=204.3ms mlp=120.4ms model=329.0ms
(Worker_PP1_TP2 pid=1103798) [k3t r?] step=2 tok=982 step=329.05ms | KDA: n=23 attn=98.1ms mlp=84.6ms other=3.2ms tot=185.8ms | full: n=8 attn=106.3ms mlp=35.7ms other=1.1ms tot=143.0ms | ALL: attn=204.3ms mlp=120.3ms model=329.0ms
(Worker_PP1_TP5 pid=1103801) [k3t r?] step=2 tok=982 step=329.05ms | KDA: n=23 attn=98.0ms mlp=84.7ms other=3.1ms tot=185.8ms | full: n=8 attn=106.2ms mlp=35.8ms other=1.1ms tot=143.1ms | ALL: attn=204.2ms mlp=120.5ms model=329.1ms
(Worker_PP1_TP1 pid=1103797) [k3t r?] step=2 tok=982 step=329.04ms | KDA: n=23 attn=98.1ms mlp=84.6ms other=3.1ms tot=185.8ms | full: n=8 attn=106.3ms mlp=35.7ms other=1.1ms tot=143.0ms | ALL: attn=204.4ms mlp=120.3ms model=329.0ms
(Worker_PP1_TP0 pid=1103796) [k3t r?] step=2 tok=982 step=329.06ms | KDA: n=23 attn=98.1ms mlp=84.6ms other=3.1ms tot=185.8ms | full: n=8 attn=106.3ms mlp=35.7ms other=1.1ms tot=143.1ms | ALL: attn=204.4ms mlp=120.3ms model=329.1ms
(Worker_PP1_TP7 pid=1103803) [k3t r?] step=2 tok=982 step=329.05ms | KDA: n=23 attn=97.5ms mlp=84.3ms other=3.6ms tot=185.4ms | full: n=8 attn=106.3ms mlp=35.6ms other=1.5ms tot=143.4ms | ALL: attn=203.9ms mlp=119.9ms model=329.1ms
(Worker_PP1_TP6 pid=1103802) /home/tjy/miniconda3/envs/vllm/lib/python3.12/site-packages/vllm/distributed/parallel_state.py:834: UserWarning: The given buffer is not writable, and PyTorch does not support non-writable tensors. This means you can write to the underlying (supposedly non-writable) buffer using the tensor. You may want to copy the buffer to protect its data or make it writable before converting it to a tensor. This type of warning will be suppressed for the rest of this program. (Triggered internally at /__w/pytorch/pytorch/torch/csrc/utils/tensor_new.cpp:1556.)
(Worker_PP1_TP6 pid=1103802)   object_tensor = torch.frombuffer(pickle.dumps(obj), dtype=torch.uint8)
(Worker_PP1_TP2 pid=1103798) /home/tjy/miniconda3/envs/vllm/lib/python3.12/site-packages/vllm/distributed/parallel_state.py:834: UserWarning: The given buffer is not writable, and PyTorch does not support non-writable tensors. This means you can write to the underlying (supposedly non-writable) buffer using the tensor. You may want to copy the buffer to protect its data or make it writable before converting it to a tensor. This type of warning will be suppressed for the rest of this program. (Triggered internally at /__w/pytorch/pytorch/torch/csrc/utils/tensor_new.cpp:1556.)
(Worker_PP1_TP2 pid=1103798)   object_tensor = torch.frombuffer(pickle.dumps(obj), dtype=torch.uint8)
(Worker_PP1_TP5 pid=1103801) /home/tjy/miniconda3/envs/vllm/lib/python3.12/site-packages/vllm/distributed/parallel_state.py:834: UserWarning: The given buffer is not writable, and PyTorch does not support non-writable tensors. This means you can write to the underlying (supposedly non-writable) buffer using the tensor. You may want to copy the buffer to protect its data or make it writable before converting it to a tensor. This type of warning will be suppressed for the rest of this program. (Triggered internally at /__w/pytorch/pytorch/torch/csrc/utils/tensor_new.cpp:1556.)
(Worker_PP1_TP5 pid=1103801)   object_tensor = torch.frombuffer(pickle.dumps(obj), dtype=torch.uint8)
(Worker_PP1_TP4 pid=1103800) /home/tjy/miniconda3/envs/vllm/lib/python3.12/site-packages/vllm/distributed/parallel_state.py:834: UserWarning: The given buffer is not writable, and PyTorch does not support non-writable tensors. This means you can write to the underlying (supposedly non-writable) buffer using the tensor. You may want to copy the buffer to protect its data or make it writable before converting it to a tensor. This type of warning will be suppressed for the rest of this program. (Triggered internally at /__w/pytorch/pytorch/torch/csrc/utils/tensor_new.cpp:1556.)
(Worker_PP1_TP4 pid=1103800)   object_tensor = torch.frombuffer(pickle.dumps(obj), dtype=torch.uint8)
(Worker_PP1_TP3 pid=1103799) /home/tjy/miniconda3/envs/vllm/lib/python3.12/site-packages/vllm/distributed/parallel_state.py:834: UserWarning: The given buffer is not writable, and PyTorch does not support non-writable tensors. This means you can write to the underlying (supposedly non-writable) buffer using the tensor. You may want to copy the buffer to protect its data or make it writable before converting it to a tensor. This type of warning will be suppressed for the rest of this program. (Triggered internally at /__w/pytorch/pytorch/torch/csrc/utils/tensor_new.cpp:1556.)
(Worker_PP1_TP3 pid=1103799)   object_tensor = torch.frombuffer(pickle.dumps(obj), dtype=torch.uint8)
(Worker_PP1_TP1 pid=1103797) /home/tjy/miniconda3/envs/vllm/lib/python3.12/site-packages/vllm/distributed/parallel_state.py:834: UserWarning: The given buffer is not writable, and PyTorch does not support non-writable tensors. This means you can write to the underlying (supposedly non-writable) buffer using the tensor. You may want to copy the buffer to protect its data or make it writable before converting it to a tensor. This type of warning will be suppressed for the rest of this program. (Triggered internally at /__w/pytorch/pytorch/torch/csrc/utils/tensor_new.cpp:1556.)
(Worker_PP1_TP1 pid=1103797)   object_tensor = torch.frombuffer(pickle.dumps(obj), dtype=torch.uint8)
(Worker_PP1_TP0 pid=1103796) /home/tjy/miniconda3/envs/vllm/lib/python3.12/site-packages/vllm/distributed/parallel_state.py:834: UserWarning: The given buffer is not writable, and PyTorch does not support non-writable tensors. This means you can write to the underlying (supposedly non-writable) buffer using the tensor. You may want to copy the buffer to protect its data or make it writable before converting it to a tensor. This type of warning will be suppressed for the rest of this program. (Triggered internally at /__w/pytorch/pytorch/torch/csrc/utils/tensor_new.cpp:1556.)
(Worker_PP1_TP0 pid=1103796)   object_tensor = torch.frombuffer(pickle.dumps(obj), dtype=torch.uint8)
(Worker_PP1_TP7 pid=1103803) /home/tjy/miniconda3/envs/vllm/lib/python3.12/site-packages/vllm/distributed/parallel_state.py:834: UserWarning: The given buffer is not writable, and PyTorch does not support non-writable tensors. This means you can write to the underlying (supposedly non-writable) buffer using the tensor. You may want to copy the buffer to protect its data or make it writable before converting it to a tensor. This type of warning will be suppressed for the rest of this program. (Triggered internally at /__w/pytorch/pytorch/torch/csrc/utils/tensor_new.cpp:1556.)
(Worker_PP1_TP7 pid=1103803)   object_tensor = torch.frombuffer(pickle.dumps(obj), dtype=torch.uint8)
[rank14]:[W822 18:16:35.332233409 ProcessGroupNCCL.cpp:4173] Warning: An unbatched P2P op (send/recv) was called on this ProcessGroup with size 3.  In lazy initialization mode, this will result in a new 2-rank NCCL communicator to be created. (function operator())
[rank13]:[W822 18:16:35.332235526 ProcessGroupNCCL.cpp:4173] Warning: An unbatched P2P op (send/recv) was called on this ProcessGroup with size 3.  In lazy initialization mode, this will result in a new 2-rank NCCL communicator to be created. (function operator())
[rank10]:[W822 18:16:35.332294421 ProcessGroupNCCL.cpp:4173] Warning: An unbatched P2P op (send/recv) was called on this ProcessGroup with size 3.  In lazy initialization mode, this will result in a new 2-rank NCCL communicator to be created. (function operator())
[rank12]:[W822 18:16:35.332361622 ProcessGroupNCCL.cpp:4173] Warning: An unbatched P2P op (send/recv) was called on this ProcessGroup with size 3.  In lazy initialization mode, this will result in a new 2-rank NCCL communicator to be created. (function operator())
[rank11]:[W822 18:16:35.332440801 ProcessGroupNCCL.cpp:4173] Warning: An unbatched P2P op (send/recv) was called on this ProcessGroup with size 3.  In lazy initialization mode, this will result in a new 2-rank NCCL communicator to be created. (function operator())
[rank9]:[W822 18:16:35.332480972 ProcessGroupNCCL.cpp:4173] Warning: An unbatched P2P op (send/recv) was called on this ProcessGroup with size 3.  In lazy initialization mode, this will result in a new 2-rank NCCL communicator to be created. (function operator())
[rank8]:[W822 18:16:35.332565580 ProcessGroupNCCL.cpp:4173] Warning: An unbatched P2P op (send/recv) was called on this ProcessGroup with size 3.  In lazy initialization mode, this will result in a new 2-rank NCCL communicator to be created. (function operator())
[rank15]:[W822 18:16:35.332626206 ProcessGroupNCCL.cpp:4173] Warning: An unbatched P2P op (send/recv) was called on this ProcessGroup with size 3.  In lazy initialization mode, this will result in a new 2-rank NCCL communicator to be created. (function operator())
(Worker_PP1_TP3 pid=1103799) [k3t r?] step=3 tok=491 step=117.63ms | KDA: n=23 attn=29.3ms mlp=46.7ms other=1.8ms tot=77.9ms | full: n=8 attn=16.9ms mlp=22.1ms other=0.6ms tot=39.6ms | ALL: attn=46.2ms mlp=68.9ms model=117.6ms
(Worker_PP1_TP5 pid=1103801) [k3t r?] step=3 tok=491 step=117.63ms | KDA: n=23 attn=29.3ms mlp=46.8ms other=1.8ms tot=77.9ms | full: n=8 attn=16.9ms mlp=22.2ms other=0.6ms tot=39.6ms | ALL: attn=46.2ms mlp=68.9ms model=117.6ms
(Worker_PP1_TP4 pid=1103800) [k3t r?] step=3 tok=491 step=117.63ms | KDA: n=23 attn=29.3ms mlp=46.7ms other=1.8ms tot=77.9ms | full: n=8 attn=16.9ms mlp=22.1ms other=0.6ms tot=39.6ms | ALL: attn=46.2ms mlp=68.9ms model=117.6ms
(Worker_PP1_TP2 pid=1103798) [k3t r?] step=3 tok=491 step=117.63ms | KDA: n=23 attn=29.3ms mlp=46.8ms other=1.8ms tot=77.9ms | full: n=8 attn=16.9ms mlp=22.2ms other=0.6ms tot=39.6ms | ALL: attn=46.2ms mlp=68.9ms model=117.6ms
(Worker_PP1_TP6 pid=1103802) [k3t r?] step=3 tok=491 step=117.63ms | KDA: n=23 attn=29.3ms mlp=46.8ms other=1.8ms tot=77.9ms | full: n=8 attn=16.9ms mlp=22.2ms other=0.6ms tot=39.6ms | ALL: attn=46.2ms mlp=68.9ms model=117.6ms
(Worker_PP1_TP0 pid=1103796) [k3t r?] step=3 tok=491 step=117.64ms | KDA: n=23 attn=29.3ms mlp=46.8ms other=1.8ms tot=77.9ms | full: n=8 attn=16.9ms mlp=22.2ms other=0.6ms tot=39.6ms | ALL: attn=46.2ms mlp=68.9ms model=117.6ms
(Worker_PP1_TP7 pid=1103803) [k3t r?] step=3 tok=491 step=117.64ms | KDA: n=23 attn=29.2ms mlp=46.7ms other=2.0ms tot=77.9ms | full: n=8 attn=16.9ms mlp=21.7ms other=1.0ms tot=39.6ms | ALL: attn=46.1ms mlp=68.4ms model=117.6ms
(Worker_PP1_TP1 pid=1103797) [k3t r?] step=3 tok=491 step=117.62ms | KDA: n=23 attn=29.3ms mlp=46.7ms other=1.8ms tot=77.9ms | full: n=8 attn=16.9ms mlp=21.9ms other=0.8ms tot=39.6ms | ALL: attn=46.2ms mlp=68.7ms model=117.6ms
(Worker_PP1_TP0 pid=1103796) WARNING 08-22 18:16:55 [flashinfer_all_reduce.py:78] Failed to initialize FlashInfer All Reduce workspace: [SymmDeviceMemory] Device does not support multicasting.. This is expected on GPUs without NVSwitch (e.g., NVLink bridge-only or PCIe topologies).
(Worker_PP1_TP0 pid=1103796) WARNING 08-22 18:16:55 [flashinfer_all_reduce.py:191] Failed to initialize FlashInfer Allreduce norm fusion workspace with backend=mnnvl
(Worker_PP1_TP0 pid=1103796) WARNING 08-22 18:16:55 [flashinfer_all_reduce.py:78] Failed to initialize FlashInfer All Reduce workspace: [SymmDeviceMemory] Device does not support multicasting.. This is expected on GPUs without NVSwitch (e.g., NVLink bridge-only or PCIe topologies).
(Worker_PP1_TP0 pid=1103796) WARNING 08-22 18:16:55 [flashinfer_all_reduce.py:78] Failed to initialize FlashInfer All Reduce workspace: [SymmDeviceMemory] Device does not support multicasting.. This is expected on GPUs without NVSwitch (e.g., NVLink bridge-only or PCIe topologies).
(Worker_PP1_TP0 pid=1103796) WARNING 08-22 18:16:55 [flashinfer_all_reduce.py:78] Failed to initialize FlashInfer All Reduce workspace: [SymmDeviceMemory] Device does not support multicasting.. This is expected on GPUs without NVSwitch (e.g., NVLink bridge-only or PCIe topologies).
(Worker_PP1_TP0 pid=1103796) WARNING 08-22 18:16:55 [flashinfer_all_reduce.py:78] Failed to initialize FlashInfer All Reduce workspace: [SymmDeviceMemory] Device does not support multicasting.. This is expected on GPUs without NVSwitch (e.g., NVLink bridge-only or PCIe topologies).
(Worker_PP1_TP0 pid=1103796) WARNING 08-22 18:16:55 [flashinfer_all_reduce.py:78] Failed to initialize FlashInfer All Reduce workspace: [SymmDeviceMemory] Device does not support multicasting.. This is expected on GPUs without NVSwitch (e.g., NVLink bridge-only or PCIe topologies).
(Worker_PP1_TP0 pid=1103796) WARNING 08-22 18:16:55 [flashinfer_all_reduce.py:78] Failed to initialize FlashInfer All Reduce workspace: [SymmDeviceMemory] Device does not support multicasting.. This is expected on GPUs without NVSwitch (e.g., NVLink bridge-only or PCIe topologies).
(Worker_PP1_TP0 pid=1103796) WARNING 08-22 18:16:55 [flashinfer_all_reduce.py:78] Failed to initialize FlashInfer All Reduce workspace: [SymmDeviceMemory] Device does not support multicasting.. This is expected on GPUs without NVSwitch (e.g., NVLink bridge-only or PCIe topologies).
(Worker_PP1_TP0 pid=1103796) WARNING 08-22 18:16:55 [flashinfer_all_reduce.py:78] Failed to initialize FlashInfer All Reduce workspace: [SymmDeviceMemory] Device does not support multicasting.. This is expected on GPUs without NVSwitch (e.g., NVLink bridge-only or PCIe topologies).
(Worker_PP1_TP0 pid=1103796) WARNING 08-22 18:16:55 [flashinfer_all_reduce.py:78] Failed to initialize FlashInfer All Reduce workspace: [SymmDeviceMemory] Device does not support multicasting.. This is expected on GPUs without NVSwitch (e.g., NVLink bridge-only or PCIe topologies).
(Worker_PP1_TP0 pid=1103796) WARNING 08-22 18:16:55 [flashinfer_all_reduce.py:78] Failed to initialize FlashInfer All Reduce workspace: [SymmDeviceMemory] Device does not support multicasting.. This is expected on GPUs without NVSwitch (e.g., NVLink bridge-only or PCIe topologies).
(Worker_PP1_TP0 pid=1103796) WARNING 08-22 18:16:55 [flashinfer_all_reduce.py:78] Failed to initialize FlashInfer All Reduce workspace: [SymmDeviceMemory] Device does not support multicasting.. This is expected on GPUs without NVSwitch (e.g., NVLink bridge-only or PCIe topologies).
(Worker_PP1_TP0 pid=1103796) WARNING 08-22 18:16:55 [flashinfer_all_reduce.py:78] Failed to initialize FlashInfer All Reduce workspace: [SymmDeviceMemory] Device does not support multicasting.. This is expected on GPUs without NVSwitch (e.g., NVLink bridge-only or PCIe topologies).
(Worker_PP1_TP0 pid=1103796) WARNING 08-22 18:16:55 [flashinfer_all_reduce.py:78] Failed to initialize FlashInfer All Reduce workspace: [SymmDeviceMemory] Device does not support multicasting.. This is expected on GPUs without NVSwitch (e.g., NVLink bridge-only or PCIe topologies).
(Worker_PP1_TP0 pid=1103796) WARNING 08-22 18:16:55 [flashinfer_all_reduce.py:78] Failed to initialize FlashInfer All Reduce workspace: [SymmDeviceMemory] Device does not support multicasting.. This is expected on GPUs without NVSwitch (e.g., NVLink bridge-only or PCIe topologies).
(Worker_PP1_TP0 pid=1103796) WARNING 08-22 18:16:55 [flashinfer_all_reduce.py:78] Failed to initialize FlashInfer All Reduce workspace: [SymmDeviceMemory] Device does not support multicasting.. This is expected on GPUs without NVSwitch (e.g., NVLink bridge-only or PCIe topologies).
(Worker_PP1_TP0 pid=1103796) WARNING 08-22 18:16:55 [flashinfer_all_reduce.py:78] Failed to initialize FlashInfer All Reduce workspace: [SymmDeviceMemory] Device does not support multicasting.. This is expected on GPUs without NVSwitch (e.g., NVLink bridge-only or PCIe topologies).
(Worker_PP1_TP0 pid=1103796) WARNING 08-22 18:16:55 [flashinfer_all_reduce.py:78] Failed to initialize FlashInfer All Reduce workspace: [SymmDeviceMemory] Device does not support multicasting.. This is expected on GPUs without NVSwitch (e.g., NVLink bridge-only or PCIe topologies).
(Worker_PP1_TP0 pid=1103796) WARNING 08-22 18:16:55 [flashinfer_all_reduce.py:78] Failed to initialize FlashInfer All Reduce workspace: [SymmDeviceMemory] Device does not support multicasting.. This is expected on GPUs without NVSwitch (e.g., NVLink bridge-only or PCIe topologies).
(Worker_PP1_TP0 pid=1103796) WARNING 08-22 18:16:55 [flashinfer_all_reduce.py:78] Failed to initialize FlashInfer All Reduce workspace: [SymmDeviceMemory] Device does not support multicasting.. This is expected on GPUs without NVSwitch (e.g., NVLink bridge-only or PCIe topologies).
(Worker_PP1_TP0 pid=1103796) WARNING 08-22 18:16:55 [flashinfer_all_reduce.py:78] Failed to initialize FlashInfer All Reduce workspace: [SymmDeviceMemory] Device does not support multicasting.. This is expected on GPUs without NVSwitch (e.g., NVLink bridge-only or PCIe topologies).
(Worker_PP1_TP0 pid=1103796) WARNING 08-22 18:16:55 [flashinfer_all_reduce.py:78] Failed to initialize FlashInfer All Reduce workspace: [SymmDeviceMemory] Device does not support multicasting.. This is expected on GPUs without NVSwitch (e.g., NVLink bridge-only or PCIe topologies).
(Worker_PP1_TP0 pid=1103796) WARNING 08-22 18:16:55 [flashinfer_all_reduce.py:78] Failed to initialize FlashInfer All Reduce workspace: [SymmDeviceMemory] Device does not support multicasting.. This is expected on GPUs without NVSwitch (e.g., NVLink bridge-only or PCIe topologies).
(Worker_PP1_TP0 pid=1103796) WARNING 08-22 18:16:55 [flashinfer_all_reduce.py:78] Failed to initialize FlashInfer All Reduce workspace: [SymmDeviceMemory] Device does not support multicasting.. This is expected on GPUs without NVSwitch (e.g., NVLink bridge-only or PCIe topologies).
(Worker_PP1_TP0 pid=1103796) WARNING 08-22 18:16:55 [flashinfer_all_reduce.py:78] Failed to initialize FlashInfer All Reduce workspace: [SymmDeviceMemory] Device does not support multicasting.. This is expected on GPUs without NVSwitch (e.g., NVLink bridge-only or PCIe topologies).
(Worker_PP1_TP0 pid=1103796) WARNING 08-22 18:16:55 [flashinfer_all_reduce.py:78] Failed to initialize FlashInfer All Reduce workspace: [SymmDeviceMemory] Device does not support multicasting.. This is expected on GPUs without NVSwitch (e.g., NVLink bridge-only or PCIe topologies).
(Worker_PP1_TP0 pid=1103796) WARNING 08-22 18:16:55 [flashinfer_all_reduce.py:78] Failed to initialize FlashInfer All Reduce workspace: [SymmDeviceMemory] Device does not support multicasting.. This is expected on GPUs without NVSwitch (e.g., NVLink bridge-only or PCIe topologies).
(Worker_PP1_TP0 pid=1103796) WARNING 08-22 18:16:55 [flashinfer_all_reduce.py:78] Failed to initialize FlashInfer All Reduce workspace: [SymmDeviceMemory] Device does not support multicasting.. This is expected on GPUs without NVSwitch (e.g., NVLink bridge-only or PCIe topologies).
(Worker_PP1_TP0 pid=1103796) WARNING 08-22 18:16:55 [flashinfer_all_reduce.py:78] Failed to initialize FlashInfer All Reduce workspace: [SymmDeviceMemory] Device does not support multicasting.. This is expected on GPUs without NVSwitch (e.g., NVLink bridge-only or PCIe topologies).
(Worker_PP1_TP0 pid=1103796) WARNING 08-22 18:16:55 [flashinfer_all_reduce.py:78] Failed to initialize FlashInfer All Reduce workspace: [SymmDeviceMemory] Device does not support multicasting.. This is expected on GPUs without NVSwitch (e.g., NVLink bridge-only or PCIe topologies).
(Worker_PP1_TP0 pid=1103796) WARNING 08-22 18:16:55 [flashinfer_all_reduce.py:78] Failed to initialize FlashInfer All Reduce workspace: [SymmDeviceMemory] Device does not support multicasting.. This is expected on GPUs without NVSwitch (e.g., NVLink bridge-only or PCIe topologies).
(Worker_PP1_TP4 pid=1103800) [k3t r?] step=4 tok=2 step=239.06ms | KDA: n=23 attn=52.3ms mlp=87.6ms other=4.6ms tot=144.5ms | full: n=8 attn=52.6ms mlp=40.9ms other=0.9ms tot=94.4ms | ALL: attn=104.9ms mlp=128.5ms model=239.1ms
(Worker_PP1_TP5 pid=1103801) [k3t r?] step=4 tok=2 step=239.07ms | KDA: n=23 attn=52.4ms mlp=87.6ms other=4.6ms tot=144.5ms | full: n=8 attn=52.6ms mlp=40.9ms other=0.9ms tot=94.4ms | ALL: attn=105.0ms mlp=128.4ms model=239.1ms
(Worker_PP1_TP6 pid=1103802) [k3t r?] step=4 tok=2 step=239.06ms | KDA: n=23 attn=52.4ms mlp=87.6ms other=4.5ms tot=144.5ms | full: n=8 attn=52.6ms mlp=40.9ms other=0.9ms tot=94.4ms | ALL: attn=105.0ms mlp=128.5ms model=239.1ms
(Worker_PP1_TP3 pid=1103799) [k3t r?] step=4 tok=2 step=239.07ms | KDA: n=23 attn=52.3ms mlp=87.6ms other=4.6ms tot=144.5ms | full: n=8 attn=52.5ms mlp=40.9ms other=1.0ms tot=94.4ms | ALL: attn=104.8ms mlp=128.5ms model=239.1ms
(Worker_PP1_TP7 pid=1103803) [k3t r?] step=4 tok=2 step=239.07ms | KDA: n=23 attn=52.1ms mlp=87.6ms other=4.7ms tot=144.5ms | full: n=8 attn=52.6ms mlp=40.9ms other=0.9ms tot=94.4ms | ALL: attn=104.7ms mlp=128.5ms model=239.1ms
(Worker_PP1_TP2 pid=1103798) [k3t r?] step=4 tok=2 step=239.06ms | KDA: n=23 attn=52.3ms mlp=87.6ms other=4.6ms tot=144.5ms | full: n=8 attn=52.6ms mlp=40.9ms other=0.9ms tot=94.4ms | ALL: attn=104.9ms mlp=128.5ms model=239.1ms
(Worker_PP1_TP1 pid=1103797) [k3t r?] step=4 tok=2 step=239.07ms | KDA: n=23 attn=49.3ms mlp=87.4ms other=5.9ms tot=142.6ms | full: n=8 attn=52.7ms mlp=40.2ms other=3.3ms tot=96.2ms | ALL: attn=102.0ms mlp=127.6ms model=239.1ms
(Worker_PP1_TP0 pid=1103796) [k3t r?] step=4 tok=2 step=239.49ms | KDA: n=23 attn=22.6ms mlp=78.5ms other=37.5ms tot=138.6ms | full: n=8 attn=48.2ms mlp=41.0ms other=8.0ms tot=97.3ms | ALL: attn=70.9ms mlp=119.6ms model=239.5ms
(Worker_PP1_TP0 pid=1103796) WARNING 08-22 18:16:56 [flashinfer_all_reduce.py:78] Failed to initialize FlashInfer All Reduce workspace: [SymmDeviceMemory] Device does not support multicasting.. This is expected on GPUs without NVSwitch (e.g., NVLink bridge-only or PCIe topologies).
(Worker_PP1_TP0 pid=1103796) WARNING 08-22 18:16:56 [flashinfer_all_reduce.py:78] Failed to initialize FlashInfer All Reduce workspace: [SymmDeviceMemory] Device does not support multicasting.. This is expected on GPUs without NVSwitch (e.g., NVLink bridge-only or PCIe topologies).
(Worker_PP1_TP0 pid=1103796) WARNING 08-22 18:16:56 [flashinfer_all_reduce.py:78] Failed to initialize FlashInfer All Reduce workspace: [SymmDeviceMemory] Device does not support multicasting.. This is expected on GPUs without NVSwitch (e.g., NVLink bridge-only or PCIe topologies).
(Worker_PP1_TP0 pid=1103796) WARNING 08-22 18:16:56 [flashinfer_all_reduce.py:78] Failed to initialize FlashInfer All Reduce workspace: [SymmDeviceMemory] Device does not support multicasting.. This is expected on GPUs without NVSwitch (e.g., NVLink bridge-only or PCIe topologies).
(Worker_PP1_TP0 pid=1103796) WARNING 08-22 18:16:56 [flashinfer_all_reduce.py:78] Failed to initialize FlashInfer All Reduce workspace: [SymmDeviceMemory] Device does not support multicasting.. This is expected on GPUs without NVSwitch (e.g., NVLink bridge-only or PCIe topologies).
(Worker_PP1_TP0 pid=1103796) WARNING 08-22 18:16:56 [flashinfer_all_reduce.py:78] Failed to initialize FlashInfer All Reduce workspace: [SymmDeviceMemory] Device does not support multicasting.. This is expected on GPUs without NVSwitch (e.g., NVLink bridge-only or PCIe topologies).
(Worker_PP1_TP0 pid=1103796) WARNING 08-22 18:16:56 [flashinfer_all_reduce.py:78] Failed to initialize FlashInfer All Reduce workspace: [SymmDeviceMemory] Device does not support multicasting.. This is expected on GPUs without NVSwitch (e.g., NVLink bridge-only or PCIe topologies).
(Worker_PP1_TP0 pid=1103796) WARNING 08-22 18:16:56 [flashinfer_all_reduce.py:78] Failed to initialize FlashInfer All Reduce workspace: [SymmDeviceMemory] Device does not support multicasting.. This is expected on GPUs without NVSwitch (e.g., NVLink bridge-only or PCIe topologies).
(Worker_PP1_TP0 pid=1103796) WARNING 08-22 18:16:56 [flashinfer_all_reduce.py:78] Failed to initialize FlashInfer All Reduce workspace: [SymmDeviceMemory] Device does not support multicasting.. This is expected on GPUs without NVSwitch (e.g., NVLink bridge-only or PCIe topologies).
(Worker_PP1_TP0 pid=1103796) WARNING 08-22 18:16:56 [flashinfer_all_reduce.py:78] Failed to initialize FlashInfer All Reduce workspace: [SymmDeviceMemory] Device does not support multicasting.. This is expected on GPUs without NVSwitch (e.g., NVLink bridge-only or PCIe topologies).
(Worker_PP1_TP0 pid=1103796) WARNING 08-22 18:16:56 [flashinfer_all_reduce.py:78] Failed to initialize FlashInfer All Reduce workspace: [SymmDeviceMemory] Device does not support multicasting.. This is expected on GPUs without NVSwitch (e.g., NVLink bridge-only or PCIe topologies).
(Worker_PP1_TP0 pid=1103796) WARNING 08-22 18:16:56 [flashinfer_all_reduce.py:78] Failed to initialize FlashInfer All Reduce workspace: [SymmDeviceMemory] Device does not support multicasting.. This is expected on GPUs without NVSwitch (e.g., NVLink bridge-only or PCIe topologies).
(Worker_PP1_TP0 pid=1103796) WARNING 08-22 18:16:56 [flashinfer_all_reduce.py:78] Failed to initialize FlashInfer All Reduce workspace: [SymmDeviceMemory] Device does not support multicasting.. This is expected on GPUs without NVSwitch (e.g., NVLink bridge-only or PCIe topologies).
(Worker_PP1_TP0 pid=1103796) WARNING 08-22 18:16:56 [flashinfer_all_reduce.py:78] Failed to initialize FlashInfer All Reduce workspace: [SymmDeviceMemory] Device does not support multicasting.. This is expected on GPUs without NVSwitch (e.g., NVLink bridge-only or PCIe topologies).
(Worker_PP1_TP0 pid=1103796) WARNING 08-22 18:16:56 [flashinfer_all_reduce.py:78] Failed to initialize FlashInfer All Reduce workspace: [SymmDeviceMemory] Device does not support multicasting.. This is expected on GPUs without NVSwitch (e.g., NVLink bridge-only or PCIe topologies).
(Worker_PP1_TP0 pid=1103796) WARNING 08-22 18:16:56 [flashinfer_all_reduce.py:78] Failed to initialize FlashInfer All Reduce workspace: [SymmDeviceMemory] Device does not support multicasting.. This is expected on GPUs without NVSwitch (e.g., NVLink bridge-only or PCIe topologies).
(Worker_PP1_TP0 pid=1103796) WARNING 08-22 18:16:56 [flashinfer_all_reduce.py:78] Failed to initialize FlashInfer All Reduce workspace: [SymmDeviceMemory] Device does not support multicasting.. This is expected on GPUs without NVSwitch (e.g., NVLink bridge-only or PCIe topologies).
(Worker_PP1_TP0 pid=1103796) WARNING 08-22 18:16:56 [flashinfer_all_reduce.py:78] Failed to initialize FlashInfer All Reduce workspace: [SymmDeviceMemory] Device does not support multicasting.. This is expected on GPUs without NVSwitch (e.g., NVLink bridge-only or PCIe topologies).
(Worker_PP1_TP0 pid=1103796) WARNING 08-22 18:16:56 [flashinfer_all_reduce.py:78] Failed to initialize FlashInfer All Reduce workspace: [SymmDeviceMemory] Device does not support multicasting.. This is expected on GPUs without NVSwitch (e.g., NVLink bridge-only or PCIe topologies).
(Worker_PP1_TP0 pid=1103796) WARNING 08-22 18:16:56 [flashinfer_all_reduce.py:78] Failed to initialize FlashInfer All Reduce workspace: [SymmDeviceMemory] Device does not support multicasting.. This is expected on GPUs without NVSwitch (e.g., NVLink bridge-only or PCIe topologies).
(Worker_PP1_TP0 pid=1103796) WARNING 08-22 18:16:56 [flashinfer_all_reduce.py:78] Failed to initialize FlashInfer All Reduce workspace: [SymmDeviceMemory] Device does not support multicasting.. This is expected on GPUs without NVSwitch (e.g., NVLink bridge-only or PCIe topologies).
(Worker_PP1_TP0 pid=1103796) WARNING 08-22 18:16:56 [flashinfer_all_reduce.py:78] Failed to initialize FlashInfer All Reduce workspace: [SymmDeviceMemory] Device does not support multicasting.. This is expected on GPUs without NVSwitch (e.g., NVLink bridge-only or PCIe topologies).
(Worker_PP1_TP0 pid=1103796) WARNING 08-22 18:16:56 [flashinfer_all_reduce.py:78] Failed to initialize FlashInfer All Reduce workspace: [SymmDeviceMemory] Device does not support multicasting.. This is expected on GPUs without NVSwitch (e.g., NVLink bridge-only or PCIe topologies).
(Worker_PP1_TP0 pid=1103796) WARNING 08-22 18:16:56 [flashinfer_all_reduce.py:78] Failed to initialize FlashInfer All Reduce workspace: [SymmDeviceMemory] Device does not support multicasting.. This is expected on GPUs without NVSwitch (e.g., NVLink bridge-only or PCIe topologies).
(Worker_PP1_TP0 pid=1103796) WARNING 08-22 18:16:56 [flashinfer_all_reduce.py:78] Failed to initialize FlashInfer All Reduce workspace: [SymmDeviceMemory] Device does not support multicasting.. This is expected on GPUs without NVSwitch (e.g., NVLink bridge-only or PCIe topologies).
(Worker_PP1_TP0 pid=1103796) WARNING 08-22 18:16:56 [flashinfer_all_reduce.py:78] Failed to initialize FlashInfer All Reduce workspace: [SymmDeviceMemory] Device does not support multicasting.. This is expected on GPUs without NVSwitch (e.g., NVLink bridge-only or PCIe topologies).
(Worker_PP1_TP0 pid=1103796) WARNING 08-22 18:16:56 [flashinfer_all_reduce.py:78] Failed to initialize FlashInfer All Reduce workspace: [SymmDeviceMemory] Device does not support multicasting.. This is expected on GPUs without NVSwitch (e.g., NVLink bridge-only or PCIe topologies).
(Worker_PP1_TP0 pid=1103796) WARNING 08-22 18:16:56 [flashinfer_all_reduce.py:78] Failed to initialize FlashInfer All Reduce workspace: [SymmDeviceMemory] Device does not support multicasting.. This is expected on GPUs without NVSwitch (e.g., NVLink bridge-only or PCIe topologies).
(Worker_PP1_TP0 pid=1103796) WARNING 08-22 18:16:56 [flashinfer_all_reduce.py:78] Failed to initialize FlashInfer All Reduce workspace: [SymmDeviceMemory] Device does not support multicasting.. This is expected on GPUs without NVSwitch (e.g., NVLink bridge-only or PCIe topologies).
(Worker_PP1_TP0 pid=1103796) WARNING 08-22 18:16:56 [flashinfer_all_reduce.py:78] Failed to initialize FlashInfer All Reduce workspace: [SymmDeviceMemory] Device does not support multicasting.. This is expected on GPUs without NVSwitch (e.g., NVLink bridge-only or PCIe topologies).
(Worker_PP1_TP0 pid=1103796) WARNING 08-22 18:16:56 [flashinfer_all_reduce.py:78] Failed to initialize FlashInfer All Reduce workspace: [SymmDeviceMemory] Device does not support multicasting.. This is expected on GPUs without NVSwitch (e.g., NVLink bridge-only or PCIe topologies).
(Worker_PP1_TP0 pid=1103796) [k3t r?] step=5 tok=1 step=456.21ms | KDA: n=23 attn=23.5ms mlp=52.1ms other=0.5ms tot=76.1ms | full: n=8 attn=56.3ms mlp=323.5ms other=0.2ms tot=380.0ms | ALL: attn=79.8ms mlp=375.6ms model=456.2ms
(Worker_PP1_TP3 pid=1103799) [k3t r?] step=5 tok=1 step=456.12ms | KDA: n=23 attn=21.4ms mlp=51.8ms other=2.3ms tot=75.5ms | full: n=8 attn=55.3ms mlp=323.6ms other=1.0ms tot=379.9ms | ALL: attn=76.7ms mlp=375.4ms model=456.2ms
(Worker_PP1_TP4 pid=1103800) [k3t r?] step=5 tok=1 step=456.21ms | KDA: n=23 attn=23.5ms mlp=52.1ms other=0.5ms tot=76.1ms | full: n=8 attn=56.3ms mlp=323.5ms other=0.2ms tot=380.0ms | ALL: attn=79.8ms mlp=375.6ms model=456.2ms
(Worker_PP1_TP6 pid=1103802) [k3t r?] step=5 tok=1 step=456.21ms | KDA: n=23 attn=23.5ms mlp=52.1ms other=0.5ms tot=76.1ms | full: n=8 attn=56.3ms mlp=323.5ms other=0.2ms tot=380.0ms | ALL: attn=79.8ms mlp=375.6ms model=456.2ms
(Worker_PP1_TP5 pid=1103801) [k3t r?] step=5 tok=1 step=456.21ms | KDA: n=23 attn=23.5ms mlp=52.1ms other=0.5ms tot=76.1ms | full: n=8 attn=56.3ms mlp=323.5ms other=0.2ms tot=380.0ms | ALL: attn=79.8ms mlp=375.6ms model=456.2ms
(Worker_PP1_TP2 pid=1103798) [k3t r?] step=5 tok=1 step=456.21ms | KDA: n=23 attn=23.5ms mlp=52.1ms other=0.5ms tot=76.1ms | full: n=8 attn=56.3ms mlp=323.5ms other=0.2ms tot=380.0ms | ALL: attn=79.8ms mlp=375.6ms model=456.2ms
(Worker_PP1_TP1 pid=1103797) [k3t r?] step=5 tok=1 step=456.21ms | KDA: n=23 attn=23.4ms mlp=52.1ms other=0.7ms tot=76.1ms | full: n=8 attn=56.3ms mlp=323.5ms other=0.2ms tot=380.0ms | ALL: attn=79.7ms mlp=375.6ms model=456.2ms
(Worker_PP1_TP7 pid=1103803) [k3t r?] step=5 tok=1 step=456.69ms | KDA: n=23 attn=12.6ms mlp=50.9ms other=10.9ms tot=74.4ms | full: n=8 attn=52.7ms mlp=323.0ms other=3.9ms tot=379.7ms | ALL: attn=65.3ms mlp=374.0ms model=456.7ms
(Worker_PP1_TP5 pid=1103801) INFO 08-22 18:16:58 [jit_monitor.py:79] Kernel JIT monitor activated; monitored JIT compilations during inference will use mode=warn.
(Worker_PP1_TP0 pid=1103796) INFO 08-22 18:16:58 [jit_monitor.py:79] Kernel JIT monitor activated; monitored JIT compilations during inference will use mode=warn.
(Worker_PP1_TP6 pid=1103802) INFO 08-22 18:16:58 [jit_monitor.py:79] Kernel JIT monitor activated; monitored JIT compilations during inference will use mode=warn.
(Worker_PP1_TP3 pid=1103799) INFO 08-22 18:16:58 [jit_monitor.py:79] Kernel JIT monitor activated; monitored JIT compilations during inference will use mode=warn.
(Worker_PP1_TP1 pid=1103797) INFO 08-22 18:16:58 [jit_monitor.py:79] Kernel JIT monitor activated; monitored JIT compilations during inference will use mode=warn.
(Worker_PP1_TP4 pid=1103800) INFO 08-22 18:16:58 [jit_monitor.py:79] Kernel JIT monitor activated; monitored JIT compilations during inference will use mode=warn.
(Worker_PP1_TP2 pid=1103798) INFO 08-22 18:16:58 [jit_monitor.py:79] Kernel JIT monitor activated; monitored JIT compilations during inference will use mode=warn.
(Worker_PP1_TP7 pid=1103803) INFO 08-22 18:16:58 [jit_monitor.py:79] Kernel JIT monitor activated; monitored JIT compilations during inference will use mode=warn.
(Worker_PP1_TP0 pid=1103796) WARNING 08-22 18:18:34 [flashinfer_all_reduce.py:78] Failed to initialize FlashInfer All Reduce workspace: [SymmDeviceMemory] Device does not support multicasting.. This is expected on GPUs without NVSwitch (e.g., NVLink bridge-only or PCIe topologies).
(Worker_PP1_TP0 pid=1103796) WARNING 08-22 18:18:34 [jit_monitor.py:135] Triton kernel JIT compilation during inference: layer_norm_gated_fwd_kernel. This causes a latency spike; consider extending warmup to cover this shape/config.
(Worker_PP1_TP0 pid=1103796) WARNING 08-22 18:18:34 [flashinfer_all_reduce.py:78] Failed to initialize FlashInfer All Reduce workspace: [SymmDeviceMemory] Device does not support multicasting.. This is expected on GPUs without NVSwitch (e.g., NVLink bridge-only or PCIe topologies).
(Worker_PP1_TP0 pid=1103796) WARNING 08-22 18:18:34 [flashinfer_all_reduce.py:78] Failed to initialize FlashInfer All Reduce workspace: [SymmDeviceMemory] Device does not support multicasting.. This is expected on GPUs without NVSwitch (e.g., NVLink bridge-only or PCIe topologies).
(Worker_PP1_TP0 pid=1103796) WARNING 08-22 18:18:34 [flashinfer_all_reduce.py:78] Failed to initialize FlashInfer All Reduce workspace: [SymmDeviceMemory] Device does not support multicasting.. This is expected on GPUs without NVSwitch (e.g., NVLink bridge-only or PCIe topologies).
(Worker_PP1_TP0 pid=1103796) WARNING 08-22 18:18:34 [flashinfer_all_reduce.py:78] Failed to initialize FlashInfer All Reduce workspace: [SymmDeviceMemory] Device does not support multicasting.. This is expected on GPUs without NVSwitch (e.g., NVLink bridge-only or PCIe topologies).
(Worker_PP1_TP0 pid=1103796) WARNING 08-22 18:18:34 [flashinfer_all_reduce.py:78] Failed to initialize FlashInfer All Reduce workspace: [SymmDeviceMemory] Device does not support multicasting.. This is expected on GPUs without NVSwitch (e.g., NVLink bridge-only or PCIe topologies).
(Worker_PP1_TP0 pid=1103796) WARNING 08-22 18:18:34 [flashinfer_all_reduce.py:78] Failed to initialize FlashInfer All Reduce workspace: [SymmDeviceMemory] Device does not support multicasting.. This is expected on GPUs without NVSwitch (e.g., NVLink bridge-only or PCIe topologies).
(Worker_PP1_TP0 pid=1103796) WARNING 08-22 18:18:34 [flashinfer_all_reduce.py:78] Failed to initialize FlashInfer All Reduce workspace: [SymmDeviceMemory] Device does not support multicasting.. This is expected on GPUs without NVSwitch (e.g., NVLink bridge-only or PCIe topologies).
(Worker_PP1_TP0 pid=1103796) WARNING 08-22 18:18:34 [flashinfer_all_reduce.py:78] Failed to initialize FlashInfer All Reduce workspace: [SymmDeviceMemory] Device does not support multicasting.. This is expected on GPUs without NVSwitch (e.g., NVLink bridge-only or PCIe topologies).
(Worker_PP1_TP0 pid=1103796) WARNING 08-22 18:18:34 [flashinfer_all_reduce.py:78] Failed to initialize FlashInfer All Reduce workspace: [SymmDeviceMemory] Device does not support multicasting.. This is expected on GPUs without NVSwitch (e.g., NVLink bridge-only or PCIe topologies).
(Worker_PP1_TP0 pid=1103796) WARNING 08-22 18:18:35 [flashinfer_all_reduce.py:78] Failed to initialize FlashInfer All Reduce workspace: [SymmDeviceMemory] Device does not support multicasting.. This is expected on GPUs without NVSwitch (e.g., NVLink bridge-only or PCIe topologies).
(Worker_PP1_TP0 pid=1103796) WARNING 08-22 18:18:35 [flashinfer_all_reduce.py:78] Failed to initialize FlashInfer All Reduce workspace: [SymmDeviceMemory] Device does not support multicasting.. This is expected on GPUs without NVSwitch (e.g., NVLink bridge-only or PCIe topologies).
(Worker_PP1_TP0 pid=1103796) WARNING 08-22 18:18:35 [flashinfer_all_reduce.py:78] Failed to initialize FlashInfer All Reduce workspace: [SymmDeviceMemory] Device does not support multicasting.. This is expected on GPUs without NVSwitch (e.g., NVLink bridge-only or PCIe topologies).
(Worker_PP1_TP0 pid=1103796) WARNING 08-22 18:18:35 [flashinfer_all_reduce.py:78] Failed to initialize FlashInfer All Reduce workspace: [SymmDeviceMemory] Device does not support multicasting.. This is expected on GPUs without NVSwitch (e.g., NVLink bridge-only or PCIe topologies).
(Worker_PP1_TP0 pid=1103796) WARNING 08-22 18:18:35 [flashinfer_all_reduce.py:78] Failed to initialize FlashInfer All Reduce workspace: [SymmDeviceMemory] Device does not support multicasting.. This is expected on GPUs without NVSwitch (e.g., NVLink bridge-only or PCIe topologies).
(Worker_PP1_TP0 pid=1103796) WARNING 08-22 18:18:35 [flashinfer_all_reduce.py:78] Failed to initialize FlashInfer All Reduce workspace: [SymmDeviceMemory] Device does not support multicasting.. This is expected on GPUs without NVSwitch (e.g., NVLink bridge-only or PCIe topologies).
(Worker_PP1_TP0 pid=1103796) WARNING 08-22 18:18:35 [flashinfer_all_reduce.py:78] Failed to initialize FlashInfer All Reduce workspace: [SymmDeviceMemory] Device does not support multicasting.. This is expected on GPUs without NVSwitch (e.g., NVLink bridge-only or PCIe topologies).
(Worker_PP1_TP0 pid=1103796) WARNING 08-22 18:18:35 [flashinfer_all_reduce.py:78] Failed to initialize FlashInfer All Reduce workspace: [SymmDeviceMemory] Device does not support multicasting.. This is expected on GPUs without NVSwitch (e.g., NVLink bridge-only or PCIe topologies).
(Worker_PP1_TP0 pid=1103796) WARNING 08-22 18:18:35 [flashinfer_all_reduce.py:78] Failed to initialize FlashInfer All Reduce workspace: [SymmDeviceMemory] Device does not support multicasting.. This is expected on GPUs without NVSwitch (e.g., NVLink bridge-only or PCIe topologies).
(Worker_PP1_TP0 pid=1103796) WARNING 08-22 18:18:35 [flashinfer_all_reduce.py:78] Failed to initialize FlashInfer All Reduce workspace: [SymmDeviceMemory] Device does not support multicasting.. This is expected on GPUs without NVSwitch (e.g., NVLink bridge-only or PCIe topologies).
(Worker_PP1_TP0 pid=1103796) WARNING 08-22 18:18:35 [flashinfer_all_reduce.py:78] Failed to initialize FlashInfer All Reduce workspace: [SymmDeviceMemory] Device does not support multicasting.. This is expected on GPUs without NVSwitch (e.g., NVLink bridge-only or PCIe topologies).
(Worker_PP1_TP0 pid=1103796) WARNING 08-22 18:18:35 [flashinfer_all_reduce.py:78] Failed to initialize FlashInfer All Reduce workspace: [SymmDeviceMemory] Device does not support multicasting.. This is expected on GPUs without NVSwitch (e.g., NVLink bridge-only or PCIe topologies).
(Worker_PP1_TP0 pid=1103796) WARNING 08-22 18:18:35 [flashinfer_all_reduce.py:78] Failed to initialize FlashInfer All Reduce workspace: [SymmDeviceMemory] Device does not support multicasting.. This is expected on GPUs without NVSwitch (e.g., NVLink bridge-only or PCIe topologies).
(Worker_PP1_TP0 pid=1103796) WARNING 08-22 18:18:35 [flashinfer_all_reduce.py:78] Failed to initialize FlashInfer All Reduce workspace: [SymmDeviceMemory] Device does not support multicasting.. This is expected on GPUs without NVSwitch (e.g., NVLink bridge-only or PCIe topologies).
(Worker_PP1_TP0 pid=1103796) WARNING 08-22 18:18:35 [flashinfer_all_reduce.py:78] Failed to initialize FlashInfer All Reduce workspace: [SymmDeviceMemory] Device does not support multicasting.. This is expected on GPUs without NVSwitch (e.g., NVLink bridge-only or PCIe topologies).
(Worker_PP1_TP0 pid=1103796) WARNING 08-22 18:18:35 [flashinfer_all_reduce.py:78] Failed to initialize FlashInfer All Reduce workspace: [SymmDeviceMemory] Device does not support multicasting.. This is expected on GPUs without NVSwitch (e.g., NVLink bridge-only or PCIe topologies).
(Worker_PP1_TP0 pid=1103796) WARNING 08-22 18:18:35 [flashinfer_all_reduce.py:78] Failed to initialize FlashInfer All Reduce workspace: [SymmDeviceMemory] Device does not support multicasting.. This is expected on GPUs without NVSwitch (e.g., NVLink bridge-only or PCIe topologies).
(Worker_PP1_TP0 pid=1103796) WARNING 08-22 18:18:35 [flashinfer_all_reduce.py:78] Failed to initialize FlashInfer All Reduce workspace: [SymmDeviceMemory] Device does not support multicasting.. This is expected on GPUs without NVSwitch (e.g., NVLink bridge-only or PCIe topologies).
(Worker_PP1_TP0 pid=1103796) WARNING 08-22 18:18:35 [flashinfer_all_reduce.py:78] Failed to initialize FlashInfer All Reduce workspace: [SymmDeviceMemory] Device does not support multicasting.. This is expected on GPUs without NVSwitch (e.g., NVLink bridge-only or PCIe topologies).
(Worker_PP1_TP0 pid=1103796) WARNING 08-22 18:18:35 [flashinfer_all_reduce.py:78] Failed to initialize FlashInfer All Reduce workspace: [SymmDeviceMemory] Device does not support multicasting.. This is expected on GPUs without NVSwitch (e.g., NVLink bridge-only or PCIe topologies).
(Worker_PP1_TP0 pid=1103796) WARNING 08-22 18:18:35 [flashinfer_all_reduce.py:78] Failed to initialize FlashInfer All Reduce workspace: [SymmDeviceMemory] Device does not support multicasting.. This is expected on GPUs without NVSwitch (e.g., NVLink bridge-only or PCIe topologies).
(Worker_PP1_TP3 pid=1103799) [k3t r?] step=6 tok=12 step=156.05ms | KDA: n=23 attn=48.7ms mlp=53.0ms other=0.7ms tot=102.4ms | full: n=8 attn=27.5ms mlp=25.7ms other=0.2ms tot=53.4ms | ALL: attn=76.2ms mlp=78.7ms model=156.0ms
(Worker_PP1_TP4 pid=1103800) [k3t r?] step=6 tok=12 step=156.05ms | KDA: n=23 attn=47.6ms mlp=53.0ms other=1.6ms tot=102.1ms | full: n=8 attn=27.2ms mlp=25.9ms other=0.5ms tot=53.6ms | ALL: attn=74.8ms mlp=78.9ms model=156.0ms
(Worker_PP1_TP6 pid=1103802) [k3t r?] step=6 tok=12 step=156.05ms | KDA: n=23 attn=48.0ms mlp=52.9ms other=0.9ms tot=101.8ms | full: n=8 attn=26.9ms mlp=26.0ms other=0.8ms tot=53.7ms | ALL: attn=74.9ms mlp=78.9ms model=156.1ms
(Worker_PP1_TP2 pid=1103798) [k3t r?] step=6 tok=12 step=156.05ms | KDA: n=23 attn=46.1ms mlp=52.5ms other=3.0ms tot=101.6ms | full: n=8 attn=26.8ms mlp=25.9ms other=0.8ms tot=53.6ms | ALL: attn=73.0ms mlp=78.4ms model=156.1ms
(Worker_PP1_TP5 pid=1103801) [k3t r?] step=6 tok=12 step=156.05ms | KDA: n=23 attn=48.7ms mlp=53.0ms other=0.7ms tot=102.4ms | full: n=8 attn=27.5ms mlp=25.8ms other=0.2ms tot=53.5ms | ALL: attn=76.2ms mlp=78.7ms model=156.1ms
(Worker_PP1_TP1 pid=1103797) [k3t r?] step=6 tok=12 step=156.05ms | KDA: n=23 attn=48.7ms mlp=53.0ms other=0.7ms tot=102.4ms | full: n=8 attn=27.5ms mlp=25.7ms other=0.2ms tot=53.5ms | ALL: attn=76.2ms mlp=78.7ms model=156.1ms
(Worker_PP1_TP0 pid=1103796) [k3t r?] step=6 tok=12 step=156.35ms | KDA: n=23 attn=40.7ms mlp=51.6ms other=8.7ms tot=100.9ms | full: n=8 attn=25.0ms mlp=25.4ms other=3.0ms tot=53.4ms | ALL: attn=65.7ms mlp=77.0ms model=156.4ms
(Worker_PP1_TP7 pid=1103803) [k3t r?] step=6 tok=12 step=156.40ms | KDA: n=23 attn=42.9ms mlp=52.1ms other=6.5ms tot=101.5ms | full: n=8 attn=25.8ms mlp=25.8ms other=1.8ms tot=53.3ms | ALL: attn=68.7ms mlp=77.9ms model=156.4ms
(Worker_PP1_TP0 pid=1103796) WARNING 08-22 18:18:35 [flashinfer_all_reduce.py:78] Failed to initialize FlashInfer All Reduce workspace: [SymmDeviceMemory] Device does not support multicasting.. This is expected on GPUs without NVSwitch (e.g., NVLink bridge-only or PCIe topologies).
(Worker_PP1_TP0 pid=1103796) WARNING 08-22 18:18:35 [flashinfer_all_reduce.py:78] Failed to initialize FlashInfer All Reduce workspace: [SymmDeviceMemory] Device does not support multicasting.. This is expected on GPUs without NVSwitch (e.g., NVLink bridge-only or PCIe topologies).
(Worker_PP1_TP0 pid=1103796) WARNING 08-22 18:18:35 [flashinfer_all_reduce.py:78] Failed to initialize FlashInfer All Reduce workspace: [SymmDeviceMemory] Device does not support multicasting.. This is expected on GPUs without NVSwitch (e.g., NVLink bridge-only or PCIe topologies).
(Worker_PP1_TP0 pid=1103796) WARNING 08-22 18:18:35 [flashinfer_all_reduce.py:78] Failed to initialize FlashInfer All Reduce workspace: [SymmDeviceMemory] Device does not support multicasting.. This is expected on GPUs without NVSwitch (e.g., NVLink bridge-only or PCIe topologies).
(Worker_PP1_TP0 pid=1103796) WARNING 08-22 18:18:35 [flashinfer_all_reduce.py:78] Failed to initialize FlashInfer All Reduce workspace: [SymmDeviceMemory] Device does not support multicasting.. This is expected on GPUs without NVSwitch (e.g., NVLink bridge-only or PCIe topologies).
(Worker_PP1_TP0 pid=1103796) WARNING 08-22 18:18:35 [flashinfer_all_reduce.py:78] Failed to initialize FlashInfer All Reduce workspace: [SymmDeviceMemory] Device does not support multicasting.. This is expected on GPUs without NVSwitch (e.g., NVLink bridge-only or PCIe topologies).
(Worker_PP1_TP0 pid=1103796) WARNING 08-22 18:18:35 [flashinfer_all_reduce.py:78] Failed to initialize FlashInfer All Reduce workspace: [SymmDeviceMemory] Device does not support multicasting.. This is expected on GPUs without NVSwitch (e.g., NVLink bridge-only or PCIe topologies).
(Worker_PP1_TP0 pid=1103796) WARNING 08-22 18:18:35 [flashinfer_all_reduce.py:78] Failed to initialize FlashInfer All Reduce workspace: [SymmDeviceMemory] Device does not support multicasting.. This is expected on GPUs without NVSwitch (e.g., NVLink bridge-only or PCIe topologies).
(Worker_PP1_TP0 pid=1103796) WARNING 08-22 18:18:35 [flashinfer_all_reduce.py:78] Failed to initialize FlashInfer All Reduce workspace: [SymmDeviceMemory] Device does not support multicasting.. This is expected on GPUs without NVSwitch (e.g., NVLink bridge-only or PCIe topologies).
(Worker_PP1_TP0 pid=1103796) WARNING 08-22 18:18:35 [flashinfer_all_reduce.py:78] Failed to initialize FlashInfer All Reduce workspace: [SymmDeviceMemory] Device does not support multicasting.. This is expected on GPUs without NVSwitch (e.g., NVLink bridge-only or PCIe topologies).
(Worker_PP1_TP0 pid=1103796) WARNING 08-22 18:18:35 [flashinfer_all_reduce.py:78] Failed to initialize FlashInfer All Reduce workspace: [SymmDeviceMemory] Device does not support multicasting.. This is expected on GPUs without NVSwitch (e.g., NVLink bridge-only or PCIe topologies).
(Worker_PP1_TP0 pid=1103796) WARNING 08-22 18:18:35 [flashinfer_all_reduce.py:78] Failed to initialize FlashInfer All Reduce workspace: [SymmDeviceMemory] Device does not support multicasting.. This is expected on GPUs without NVSwitch (e.g., NVLink bridge-only or PCIe topologies).
(Worker_PP1_TP0 pid=1103796) WARNING 08-22 18:18:35 [flashinfer_all_reduce.py:78] Failed to initialize FlashInfer All Reduce workspace: [SymmDeviceMemory] Device does not support multicasting.. This is expected on GPUs without NVSwitch (e.g., NVLink bridge-only or PCIe topologies).
(Worker_PP1_TP0 pid=1103796) WARNING 08-22 18:18:35 [flashinfer_all_reduce.py:78] Failed to initialize FlashInfer All Reduce workspace: [SymmDeviceMemory] Device does not support multicasting.. This is expected on GPUs without NVSwitch (e.g., NVLink bridge-only or PCIe topologies).
(Worker_PP1_TP0 pid=1103796) WARNING 08-22 18:18:35 [flashinfer_all_reduce.py:78] Failed to initialize FlashInfer All Reduce workspace: [SymmDeviceMemory] Device does not support multicasting.. This is expected on GPUs without NVSwitch (e.g., NVLink bridge-only or PCIe topologies).
(Worker_PP1_TP0 pid=1103796) WARNING 08-22 18:18:35 [flashinfer_all_reduce.py:78] Failed to initialize FlashInfer All Reduce workspace: [SymmDeviceMemory] Device does not support multicasting.. This is expected on GPUs without NVSwitch (e.g., NVLink bridge-only or PCIe topologies).
(Worker_PP1_TP0 pid=1103796) WARNING 08-22 18:18:35 [flashinfer_all_reduce.py:78] Failed to initialize FlashInfer All Reduce workspace: [SymmDeviceMemory] Device does not support multicasting.. This is expected on GPUs without NVSwitch (e.g., NVLink bridge-only or PCIe topologies).
(Worker_PP1_TP0 pid=1103796) WARNING 08-22 18:18:35 [flashinfer_all_reduce.py:78] Failed to initialize FlashInfer All Reduce workspace: [SymmDeviceMemory] Device does not support multicasting.. This is expected on GPUs without NVSwitch (e.g., NVLink bridge-only or PCIe topologies).
(Worker_PP1_TP0 pid=1103796) WARNING 08-22 18:18:35 [flashinfer_all_reduce.py:78] Failed to initialize FlashInfer All Reduce workspace: [SymmDeviceMemory] Device does not support multicasting.. This is expected on GPUs without NVSwitch (e.g., NVLink bridge-only or PCIe topologies).
(Worker_PP1_TP0 pid=1103796) WARNING 08-22 18:18:35 [flashinfer_all_reduce.py:78] Failed to initialize FlashInfer All Reduce workspace: [SymmDeviceMemory] Device does not support multicasting.. This is expected on GPUs without NVSwitch (e.g., NVLink bridge-only or PCIe topologies).
(Worker_PP1_TP0 pid=1103796) WARNING 08-22 18:18:35 [flashinfer_all_reduce.py:78] Failed to initialize FlashInfer All Reduce workspace: [SymmDeviceMemory] Device does not support multicasting.. This is expected on GPUs without NVSwitch (e.g., NVLink bridge-only or PCIe topologies).
(Worker_PP1_TP0 pid=1103796) WARNING 08-22 18:18:35 [flashinfer_all_reduce.py:78] Failed to initialize FlashInfer All Reduce workspace: [SymmDeviceMemory] Device does not support multicasting.. This is expected on GPUs without NVSwitch (e.g., NVLink bridge-only or PCIe topologies).
(Worker_PP1_TP0 pid=1103796) WARNING 08-22 18:18:35 [flashinfer_all_reduce.py:78] Failed to initialize FlashInfer All Reduce workspace: [SymmDeviceMemory] Device does not support multicasting.. This is expected on GPUs without NVSwitch (e.g., NVLink bridge-only or PCIe topologies).
(Worker_PP1_TP0 pid=1103796) WARNING 08-22 18:18:35 [flashinfer_all_reduce.py:78] Failed to initialize FlashInfer All Reduce workspace: [SymmDeviceMemory] Device does not support multicasting.. This is expected on GPUs without NVSwitch (e.g., NVLink bridge-only or PCIe topologies).
(Worker_PP1_TP0 pid=1103796) WARNING 08-22 18:18:35 [flashinfer_all_reduce.py:78] Failed to initialize FlashInfer All Reduce workspace: [SymmDeviceMemory] Device does not support multicasting.. This is expected on GPUs without NVSwitch (e.g., NVLink bridge-only or PCIe topologies).
(Worker_PP1_TP0 pid=1103796) WARNING 08-22 18:18:35 [flashinfer_all_reduce.py:78] Failed to initialize FlashInfer All Reduce workspace: [SymmDeviceMemory] Device does not support multicasting.. This is expected on GPUs without NVSwitch (e.g., NVLink bridge-only or PCIe topologies).
(Worker_PP1_TP0 pid=1103796) WARNING 08-22 18:18:35 [flashinfer_all_reduce.py:78] Failed to initialize FlashInfer All Reduce workspace: [SymmDeviceMemory] Device does not support multicasting.. This is expected on GPUs without NVSwitch (e.g., NVLink bridge-only or PCIe topologies).
(Worker_PP1_TP0 pid=1103796) WARNING 08-22 18:18:35 [flashinfer_all_reduce.py:78] Failed to initialize FlashInfer All Reduce workspace: [SymmDeviceMemory] Device does not support multicasting.. This is expected on GPUs without NVSwitch (e.g., NVLink bridge-only or PCIe topologies).
(Worker_PP1_TP0 pid=1103796) WARNING 08-22 18:18:35 [flashinfer_all_reduce.py:78] Failed to initialize FlashInfer All Reduce workspace: [SymmDeviceMemory] Device does not support multicasting.. This is expected on GPUs without NVSwitch (e.g., NVLink bridge-only or PCIe topologies).
(Worker_PP1_TP0 pid=1103796) WARNING 08-22 18:18:35 [flashinfer_all_reduce.py:78] Failed to initialize FlashInfer All Reduce workspace: [SymmDeviceMemory] Device does not support multicasting.. This is expected on GPUs without NVSwitch (e.g., NVLink bridge-only or PCIe topologies).
(Worker_PP1_TP0 pid=1103796) WARNING 08-22 18:18:35 [flashinfer_all_reduce.py:78] Failed to initialize FlashInfer All Reduce workspace: [SymmDeviceMemory] Device does not support multicasting.. This is expected on GPUs without NVSwitch (e.g., NVLink bridge-only or PCIe topologies).
(Worker_PP1_TP1 pid=1103797) [k3t r?] step=7 tok=1 step=93.50ms | KDA: n=23 attn=17.9ms mlp=46.1ms other=2.5ms tot=66.5ms | full: n=8 attn=9.7ms mlp=15.6ms other=1.2ms tot=26.5ms | ALL: attn=27.5ms mlp=61.7ms model=93.5ms
(Worker_PP1_TP3 pid=1103799) [k3t r?] step=7 tok=1 step=93.50ms | KDA: n=23 attn=19.8ms mlp=46.4ms other=0.5ms tot=66.8ms | full: n=8 attn=10.5ms mlp=15.9ms other=0.2ms tot=26.6ms | ALL: attn=30.3ms mlp=62.3ms model=93.5ms
(Worker_PP1_TP6 pid=1103802) [k3t r?] step=7 tok=1 step=93.49ms | KDA: n=23 attn=19.8ms mlp=46.4ms other=0.5ms tot=66.8ms | full: n=8 attn=10.5ms mlp=15.9ms other=0.2ms tot=26.6ms | ALL: attn=30.3ms mlp=62.3ms model=93.5ms
(Worker_PP1_TP5 pid=1103801) [k3t r?] step=7 tok=1 step=93.50ms | KDA: n=23 attn=19.8ms mlp=46.4ms other=0.5ms tot=66.8ms | full: n=8 attn=10.5ms mlp=15.9ms other=0.2ms tot=26.6ms | ALL: attn=30.3ms mlp=62.3ms model=93.5ms
(Worker_PP1_TP4 pid=1103800) [k3t r?] step=7 tok=1 step=93.50ms | KDA: n=23 attn=19.8ms mlp=46.4ms other=0.5ms tot=66.8ms | full: n=8 attn=10.5ms mlp=15.9ms other=0.2ms tot=26.6ms | ALL: attn=30.3ms mlp=62.3ms model=93.5ms
(Worker_PP1_TP7 pid=1103803) [k3t r?] step=7 tok=1 step=93.50ms | KDA: n=23 attn=19.5ms mlp=46.4ms other=0.8ms tot=66.8ms | full: n=8 attn=10.4ms mlp=15.9ms other=0.3ms tot=26.6ms | ALL: attn=30.0ms mlp=62.3ms model=93.5ms
(Worker_PP1_TP2 pid=1103798) [k3t r?] step=7 tok=1 step=93.50ms | KDA: n=23 attn=19.8ms mlp=46.4ms other=0.5ms tot=66.8ms | full: n=8 attn=10.5ms mlp=15.9ms other=0.2ms tot=26.6ms | ALL: attn=30.4ms mlp=62.3ms model=93.5ms
(Worker_PP1_TP0 pid=1103796) [k3t r?] step=7 tok=1 step=93.91ms | KDA: n=23 attn=10.0ms mlp=45.6ms other=9.0ms tot=64.6ms | full: n=8 attn=7.9ms mlp=15.5ms other=3.0ms tot=26.4ms | ALL: attn=18.0ms mlp=61.1ms model=93.9ms
(Worker_PP1_TP0 pid=1103796) WARNING 08-22 18:18:35 [flashinfer_all_reduce.py:78] Failed to initialize FlashInfer All Reduce workspace: [SymmDeviceMemory] Device does not support multicasting.. This is expected on GPUs without NVSwitch (e.g., NVLink bridge-only or PCIe topologies).
(Worker_PP1_TP0 pid=1103796) WARNING 08-22 18:18:35 [flashinfer_all_reduce.py:78] Failed to initialize FlashInfer All Reduce workspace: [SymmDeviceMemory] Device does not support multicasting.. This is expected on GPUs without NVSwitch (e.g., NVLink bridge-only or PCIe topologies).
(Worker_PP1_TP0 pid=1103796) WARNING 08-22 18:18:35 [flashinfer_all_reduce.py:78] Failed to initialize FlashInfer All Reduce workspace: [SymmDeviceMemory] Device does not support multicasting.. This is expected on GPUs without NVSwitch (e.g., NVLink bridge-only or PCIe topologies).
(Worker_PP1_TP0 pid=1103796) WARNING 08-22 18:18:35 [flashinfer_all_reduce.py:78] Failed to initialize FlashInfer All Reduce workspace: [SymmDeviceMemory] Device does not support multicasting.. This is expected on GPUs without NVSwitch (e.g., NVLink bridge-only or PCIe topologies).
(Worker_PP1_TP0 pid=1103796) WARNING 08-22 18:18:35 [flashinfer_all_reduce.py:78] Failed to initialize FlashInfer All Reduce workspace: [SymmDeviceMemory] Device does not support multicasting.. This is expected on GPUs without NVSwitch (e.g., NVLink bridge-only or PCIe topologies).
(Worker_PP1_TP0 pid=1103796) WARNING 08-22 18:18:35 [flashinfer_all_reduce.py:78] Failed to initialize FlashInfer All Reduce workspace: [SymmDeviceMemory] Device does not support multicasting.. This is expected on GPUs without NVSwitch (e.g., NVLink bridge-only or PCIe topologies).
(Worker_PP1_TP0 pid=1103796) WARNING 08-22 18:18:35 [flashinfer_all_reduce.py:78] Failed to initialize FlashInfer All Reduce workspace: [SymmDeviceMemory] Device does not support multicasting.. This is expected on GPUs without NVSwitch (e.g., NVLink bridge-only or PCIe topologies).
(Worker_PP1_TP0 pid=1103796) WARNING 08-22 18:18:35 [flashinfer_all_reduce.py:78] Failed to initialize FlashInfer All Reduce workspace: [SymmDeviceMemory] Device does not support multicasting.. This is expected on GPUs without NVSwitch (e.g., NVLink bridge-only or PCIe topologies).
(Worker_PP1_TP0 pid=1103796) WARNING 08-22 18:18:35 [flashinfer_all_reduce.py:78] Failed to initialize FlashInfer All Reduce workspace: [SymmDeviceMemory] Device does not support multicasting.. This is expected on GPUs without NVSwitch (e.g., NVLink bridge-only or PCIe topologies).
(Worker_PP1_TP0 pid=1103796) WARNING 08-22 18:18:35 [flashinfer_all_reduce.py:78] Failed to initialize FlashInfer All Reduce workspace: [SymmDeviceMemory] Device does not support multicasting.. This is expected on GPUs without NVSwitch (e.g., NVLink bridge-only or PCIe topologies).
(Worker_PP1_TP0 pid=1103796) WARNING 08-22 18:18:35 [flashinfer_all_reduce.py:78] Failed to initialize FlashInfer All Reduce workspace: [SymmDeviceMemory] Device does not support multicasting.. This is expected on GPUs without NVSwitch (e.g., NVLink bridge-only or PCIe topologies).
(Worker_PP1_TP0 pid=1103796) WARNING 08-22 18:18:35 [flashinfer_all_reduce.py:78] Failed to initialize FlashInfer All Reduce workspace: [SymmDeviceMemory] Device does not support multicasting.. This is expected on GPUs without NVSwitch (e.g., NVLink bridge-only or PCIe topologies).
(Worker_PP1_TP0 pid=1103796) WARNING 08-22 18:18:35 [flashinfer_all_reduce.py:78] Failed to initialize FlashInfer All Reduce workspace: [SymmDeviceMemory] Device does not support multicasting.. This is expected on GPUs without NVSwitch (e.g., NVLink bridge-only or PCIe topologies).
(Worker_PP1_TP0 pid=1103796) WARNING 08-22 18:18:35 [flashinfer_all_reduce.py:78] Failed to initialize FlashInfer All Reduce workspace: [SymmDeviceMemory] Device does not support multicasting.. This is expected on GPUs without NVSwitch (e.g., NVLink bridge-only or PCIe topologies).
(Worker_PP1_TP0 pid=1103796) WARNING 08-22 18:18:35 [flashinfer_all_reduce.py:78] Failed to initialize FlashInfer All Reduce workspace: [SymmDeviceMemory] Device does not support multicasting.. This is expected on GPUs without NVSwitch (e.g., NVLink bridge-only or PCIe topologies).
(Worker_PP1_TP0 pid=1103796) WARNING 08-22 18:18:35 [flashinfer_all_reduce.py:78] Failed to initialize FlashInfer All Reduce workspace: [SymmDeviceMemory] Device does not support multicasting.. This is expected on GPUs without NVSwitch (e.g., NVLink bridge-only or PCIe topologies).
(Worker_PP1_TP0 pid=1103796) WARNING 08-22 18:18:35 [flashinfer_all_reduce.py:78] Failed to initialize FlashInfer All Reduce workspace: [SymmDeviceMemory] Device does not support multicasting.. This is expected on GPUs without NVSwitch (e.g., NVLink bridge-only or PCIe topologies).
(Worker_PP1_TP0 pid=1103796) WARNING 08-22 18:18:35 [flashinfer_all_reduce.py:78] Failed to initialize FlashInfer All Reduce workspace: [SymmDeviceMemory] Device does not support multicasting.. This is expected on GPUs without NVSwitch (e.g., NVLink bridge-only or PCIe topologies).
(Worker_PP1_TP0 pid=1103796) WARNING 08-22 18:18:35 [flashinfer_all_reduce.py:78] Failed to initialize FlashInfer All Reduce workspace: [SymmDeviceMemory] Device does not support multicasting.. This is expected on GPUs without NVSwitch (e.g., NVLink bridge-only or PCIe topologies).
(Worker_PP1_TP0 pid=1103796) WARNING 08-22 18:18:35 [flashinfer_all_reduce.py:78] Failed to initialize FlashInfer All Reduce workspace: [SymmDeviceMemory] Device does not support multicasting.. This is expected on GPUs without NVSwitch (e.g., NVLink bridge-only or PCIe topologies).
(Worker_PP1_TP0 pid=1103796) WARNING 08-22 18:18:35 [flashinfer_all_reduce.py:78] Failed to initialize FlashInfer All Reduce workspace: [SymmDeviceMemory] Device does not support multicasting.. This is expected on GPUs without NVSwitch (e.g., NVLink bridge-only or PCIe topologies).
(Worker_PP1_TP0 pid=1103796) WARNING 08-22 18:18:35 [flashinfer_all_reduce.py:78] Failed to initialize FlashInfer All Reduce workspace: [SymmDeviceMemory] Device does not support multicasting.. This is expected on GPUs without NVSwitch (e.g., NVLink bridge-only or PCIe topologies).
(Worker_PP1_TP0 pid=1103796) WARNING 08-22 18:18:35 [flashinfer_all_reduce.py:78] Failed to initialize FlashInfer All Reduce workspace: [SymmDeviceMemory] Device does not support multicasting.. This is expected on GPUs without NVSwitch (e.g., NVLink bridge-only or PCIe topologies).
(Worker_PP1_TP0 pid=1103796) WARNING 08-22 18:18:35 [flashinfer_all_reduce.py:78] Failed to initialize FlashInfer All Reduce workspace: [SymmDeviceMemory] Device does not support multicasting.. This is expected on GPUs without NVSwitch (e.g., NVLink bridge-only or PCIe topologies).
(Worker_PP1_TP0 pid=1103796) WARNING 08-22 18:18:35 [flashinfer_all_reduce.py:78] Failed to initialize FlashInfer All Reduce workspace: [SymmDeviceMemory] Device does not support multicasting.. This is expected on GPUs without NVSwitch (e.g., NVLink bridge-only or PCIe topologies).
(Worker_PP1_TP0 pid=1103796) WARNING 08-22 18:18:35 [flashinfer_all_reduce.py:78] Failed to initialize FlashInfer All Reduce workspace: [SymmDeviceMemory] Device does not support multicasting.. This is expected on GPUs without NVSwitch (e.g., NVLink bridge-only or PCIe topologies).
(Worker_PP1_TP0 pid=1103796) WARNING 08-22 18:18:35 [flashinfer_all_reduce.py:78] Failed to initialize FlashInfer All Reduce workspace: [SymmDeviceMemory] Device does not support multicasting.. This is expected on GPUs without NVSwitch (e.g., NVLink bridge-only or PCIe topologies).
(Worker_PP1_TP0 pid=1103796) WARNING 08-22 18:18:35 [flashinfer_all_reduce.py:78] Failed to initialize FlashInfer All Reduce workspace: [SymmDeviceMemory] Device does not support multicasting.. This is expected on GPUs without NVSwitch (e.g., NVLink bridge-only or PCIe topologies).
(Worker_PP1_TP0 pid=1103796) WARNING 08-22 18:18:35 [flashinfer_all_reduce.py:78] Failed to initialize FlashInfer All Reduce workspace: [SymmDeviceMemory] Device does not support multicasting.. This is expected on GPUs without NVSwitch (e.g., NVLink bridge-only or PCIe topologies).
(Worker_PP1_TP0 pid=1103796) WARNING 08-22 18:18:35 [flashinfer_all_reduce.py:78] Failed to initialize FlashInfer All Reduce workspace: [SymmDeviceMemory] Device does not support multicasting.. This is expected on GPUs without NVSwitch (e.g., NVLink bridge-only or PCIe topologies).
(Worker_PP1_TP0 pid=1103796) WARNING 08-22 18:18:35 [flashinfer_all_reduce.py:78] Failed to initialize FlashInfer All Reduce workspace: [SymmDeviceMemory] Device does not support multicasting.. This is expected on GPUs without NVSwitch (e.g., NVLink bridge-only or PCIe topologies).
(Worker_PP1_TP7 pid=1103803) [k3t r?] step=8 tok=1 step=92.57ms | KDA: n=23 attn=18.5ms mlp=46.4ms other=0.5ms tot=65.5ms | full: n=8 attn=10.3ms mlp=16.5ms other=0.2ms tot=27.0ms | ALL: attn=28.8ms mlp=62.9ms model=92.6ms
(Worker_PP1_TP5 pid=1103801) [k3t r?] step=8 tok=1 step=92.56ms | KDA: n=23 attn=18.5ms mlp=46.4ms other=0.5ms tot=65.5ms | full: n=8 attn=10.3ms mlp=16.5ms other=0.2ms tot=27.0ms | ALL: attn=28.9ms mlp=62.9ms model=92.6ms
(Worker_PP1_TP4 pid=1103800) [k3t r?] step=8 tok=1 step=92.56ms | KDA: n=23 attn=18.5ms mlp=46.4ms other=0.5ms tot=65.5ms | full: n=8 attn=10.3ms mlp=16.5ms other=0.2ms tot=27.0ms | ALL: attn=28.9ms mlp=62.9ms model=92.6ms
(Worker_PP1_TP3 pid=1103799) [k3t r?] step=8 tok=1 step=92.57ms | KDA: n=23 attn=18.6ms mlp=46.4ms other=0.5ms tot=65.5ms | full: n=8 attn=10.3ms mlp=16.5ms other=0.2ms tot=27.0ms | ALL: attn=28.9ms mlp=62.9ms model=92.6ms
(Worker_PP1_TP6 pid=1103802) [k3t r?] step=8 tok=1 step=92.57ms | KDA: n=23 attn=18.5ms mlp=46.4ms other=0.5ms tot=65.5ms | full: n=8 attn=10.3ms mlp=16.5ms other=0.2ms tot=27.0ms | ALL: attn=28.9ms mlp=62.9ms model=92.6ms
(Worker_PP1_TP1 pid=1103797) [k3t r?] step=8 tok=1 step=92.57ms | KDA: n=23 attn=18.5ms mlp=46.4ms other=0.6ms tot=65.5ms | full: n=8 attn=10.3ms mlp=16.5ms other=0.2ms tot=27.0ms | ALL: attn=28.9ms mlp=62.9ms model=92.6ms
(Worker_PP1_TP2 pid=1103798) [k3t r?] step=8 tok=1 step=92.56ms | KDA: n=23 attn=18.5ms mlp=46.4ms other=0.5ms tot=65.5ms | full: n=8 attn=10.3ms mlp=16.5ms other=0.2ms tot=27.0ms | ALL: attn=28.9ms mlp=62.9ms model=92.6ms
(Worker_PP1_TP0 pid=1103796) [k3t r?] step=8 tok=1 step=92.86ms | KDA: n=23 attn=9.7ms mlp=45.5ms other=8.7ms tot=63.9ms | full: n=8 attn=7.8ms mlp=15.9ms other=3.1ms tot=26.8ms | ALL: attn=17.5ms mlp=61.4ms model=92.9ms
(Worker_PP1_TP0 pid=1103796) WARNING 08-22 18:18:36 [flashinfer_all_reduce.py:78] Failed to initialize FlashInfer All Reduce workspace: [SymmDeviceMemory] Device does not support multicasting.. This is expected on GPUs without NVSwitch (e.g., NVLink bridge-only or PCIe topologies).
(Worker_PP1_TP0 pid=1103796) WARNING 08-22 18:18:36 [flashinfer_all_reduce.py:78] Failed to initialize FlashInfer All Reduce workspace: [SymmDeviceMemory] Device does not support multicasting.. This is expected on GPUs without NVSwitch (e.g., NVLink bridge-only or PCIe topologies).
(Worker_PP1_TP0 pid=1103796) WARNING 08-22 18:18:36 [flashinfer_all_reduce.py:78] Failed to initialize FlashInfer All Reduce workspace: [SymmDeviceMemory] Device does not support multicasting.. This is expected on GPUs without NVSwitch (e.g., NVLink bridge-only or PCIe topologies).
(Worker_PP1_TP0 pid=1103796) WARNING 08-22 18:18:36 [flashinfer_all_reduce.py:78] Failed to initialize FlashInfer All Reduce workspace: [SymmDeviceMemory] Device does not support multicasting.. This is expected on GPUs without NVSwitch (e.g., NVLink bridge-only or PCIe topologies).
(Worker_PP1_TP0 pid=1103796) WARNING 08-22 18:18:36 [flashinfer_all_reduce.py:78] Failed to initialize FlashInfer All Reduce workspace: [SymmDeviceMemory] Device does not support multicasting.. This is expected on GPUs without NVSwitch (e.g., NVLink bridge-only or PCIe topologies).
(Worker_PP1_TP0 pid=1103796) WARNING 08-22 18:18:36 [flashinfer_all_reduce.py:78] Failed to initialize FlashInfer All Reduce workspace: [SymmDeviceMemory] Device does not support multicasting.. This is expected on GPUs without NVSwitch (e.g., NVLink bridge-only or PCIe topologies).
(Worker_PP1_TP0 pid=1103796) WARNING 08-22 18:18:36 [flashinfer_all_reduce.py:78] Failed to initialize FlashInfer All Reduce workspace: [SymmDeviceMemory] Device does not support multicasting.. This is expected on GPUs without NVSwitch (e.g., NVLink bridge-only or PCIe topologies).
(Worker_PP1_TP0 pid=1103796) WARNING 08-22 18:18:36 [flashinfer_all_reduce.py:78] Failed to initialize FlashInfer All Reduce workspace: [SymmDeviceMemory] Device does not support multicasting.. This is expected on GPUs without NVSwitch (e.g., NVLink bridge-only or PCIe topologies).
(Worker_PP1_TP0 pid=1103796) WARNING 08-22 18:18:36 [flashinfer_all_reduce.py:78] Failed to initialize FlashInfer All Reduce workspace: [SymmDeviceMemory] Device does not support multicasting.. This is expected on GPUs without NVSwitch (e.g., NVLink bridge-only or PCIe topologies).
(Worker_PP1_TP0 pid=1103796) WARNING 08-22 18:18:36 [flashinfer_all_reduce.py:78] Failed to initialize FlashInfer All Reduce workspace: [SymmDeviceMemory] Device does not support multicasting.. This is expected on GPUs without NVSwitch (e.g., NVLink bridge-only or PCIe topologies).
(Worker_PP1_TP0 pid=1103796) WARNING 08-22 18:18:36 [flashinfer_all_reduce.py:78] Failed to initialize FlashInfer All Reduce workspace: [SymmDeviceMemory] Device does not support multicasting.. This is expected on GPUs without NVSwitch (e.g., NVLink bridge-only or PCIe topologies).
(Worker_PP1_TP0 pid=1103796) WARNING 08-22 18:18:36 [flashinfer_all_reduce.py:78] Failed to initialize FlashInfer All Reduce workspace: [SymmDeviceMemory] Device does not support multicasting.. This is expected on GPUs without NVSwitch (e.g., NVLink bridge-only or PCIe topologies).
(Worker_PP1_TP0 pid=1103796) WARNING 08-22 18:18:36 [flashinfer_all_reduce.py:78] Failed to initialize FlashInfer All Reduce workspace: [SymmDeviceMemory] Device does not support multicasting.. This is expected on GPUs without NVSwitch (e.g., NVLink bridge-only or PCIe topologies).
(Worker_PP1_TP0 pid=1103796) WARNING 08-22 18:18:36 [flashinfer_all_reduce.py:78] Failed to initialize FlashInfer All Reduce workspace: [SymmDeviceMemory] Device does not support multicasting.. This is expected on GPUs without NVSwitch (e.g., NVLink bridge-only or PCIe topologies).
(Worker_PP1_TP0 pid=1103796) WARNING 08-22 18:18:36 [flashinfer_all_reduce.py:78] Failed to initialize FlashInfer All Reduce workspace: [SymmDeviceMemory] Device does not support multicasting.. This is expected on GPUs without NVSwitch (e.g., NVLink bridge-only or PCIe topologies).
(Worker_PP1_TP0 pid=1103796) WARNING 08-22 18:18:36 [flashinfer_all_reduce.py:78] Failed to initialize FlashInfer All Reduce workspace: [SymmDeviceMemory] Device does not support multicasting.. This is expected on GPUs without NVSwitch (e.g., NVLink bridge-only or PCIe topologies).
(Worker_PP1_TP0 pid=1103796) WARNING 08-22 18:18:36 [flashinfer_all_reduce.py:78] Failed to initialize FlashInfer All Reduce workspace: [SymmDeviceMemory] Device does not support multicasting.. This is expected on GPUs without NVSwitch (e.g., NVLink bridge-only or PCIe topologies).
(Worker_PP1_TP0 pid=1103796) WARNING 08-22 18:18:36 [flashinfer_all_reduce.py:78] Failed to initialize FlashInfer All Reduce workspace: [SymmDeviceMemory] Device does not support multicasting.. This is expected on GPUs without NVSwitch (e.g., NVLink bridge-only or PCIe topologies).
(Worker_PP1_TP0 pid=1103796) WARNING 08-22 18:18:36 [flashinfer_all_reduce.py:78] Failed to initialize FlashInfer All Reduce workspace: [SymmDeviceMemory] Device does not support multicasting.. This is expected on GPUs without NVSwitch (e.g., NVLink bridge-only or PCIe topologies).
(Worker_PP1_TP0 pid=1103796) WARNING 08-22 18:18:36 [flashinfer_all_reduce.py:78] Failed to initialize FlashInfer All Reduce workspace: [SymmDeviceMemory] Device does not support multicasting.. This is expected on GPUs without NVSwitch (e.g., NVLink bridge-only or PCIe topologies).
(Worker_PP1_TP0 pid=1103796) WARNING 08-22 18:18:36 [flashinfer_all_reduce.py:78] Failed to initialize FlashInfer All Reduce workspace: [SymmDeviceMemory] Device does not support multicasting.. This is expected on GPUs without NVSwitch (e.g., NVLink bridge-only or PCIe topologies).
(Worker_PP1_TP0 pid=1103796) WARNING 08-22 18:18:36 [flashinfer_all_reduce.py:78] Failed to initialize FlashInfer All Reduce workspace: [SymmDeviceMemory] Device does not support multicasting.. This is expected on GPUs without NVSwitch (e.g., NVLink bridge-only or PCIe topologies).
(Worker_PP1_TP0 pid=1103796) WARNING 08-22 18:18:36 [flashinfer_all_reduce.py:78] Failed to initialize FlashInfer All Reduce workspace: [SymmDeviceMemory] Device does not support multicasting.. This is expected on GPUs without NVSwitch (e.g., NVLink bridge-only or PCIe topologies).
(Worker_PP1_TP0 pid=1103796) WARNING 08-22 18:18:36 [flashinfer_all_reduce.py:78] Failed to initialize FlashInfer All Reduce workspace: [SymmDeviceMemory] Device does not support multicasting.. This is expected on GPUs without NVSwitch (e.g., NVLink bridge-only or PCIe topologies).
(Worker_PP1_TP0 pid=1103796) WARNING 08-22 18:18:36 [flashinfer_all_reduce.py:78] Failed to initialize FlashInfer All Reduce workspace: [SymmDeviceMemory] Device does not support multicasting.. This is expected on GPUs without NVSwitch (e.g., NVLink bridge-only or PCIe topologies).
(Worker_PP1_TP0 pid=1103796) WARNING 08-22 18:18:36 [flashinfer_all_reduce.py:78] Failed to initialize FlashInfer All Reduce workspace: [SymmDeviceMemory] Device does not support multicasting.. This is expected on GPUs without NVSwitch (e.g., NVLink bridge-only or PCIe topologies).
(Worker_PP1_TP0 pid=1103796) WARNING 08-22 18:18:36 [flashinfer_all_reduce.py:78] Failed to initialize FlashInfer All Reduce workspace: [SymmDeviceMemory] Device does not support multicasting.. This is expected on GPUs without NVSwitch (e.g., NVLink bridge-only or PCIe topologies).
(Worker_PP1_TP0 pid=1103796) WARNING 08-22 18:18:36 [flashinfer_all_reduce.py:78] Failed to initialize FlashInfer All Reduce workspace: [SymmDeviceMemory] Device does not support multicasting.. This is expected on GPUs without NVSwitch (e.g., NVLink bridge-only or PCIe topologies).
(Worker_PP1_TP0 pid=1103796) WARNING 08-22 18:18:36 [flashinfer_all_reduce.py:78] Failed to initialize FlashInfer All Reduce workspace: [SymmDeviceMemory] Device does not support multicasting.. This is expected on GPUs without NVSwitch (e.g., NVLink bridge-only or PCIe topologies).
(Worker_PP1_TP0 pid=1103796) WARNING 08-22 18:18:36 [flashinfer_all_reduce.py:78] Failed to initialize FlashInfer All Reduce workspace: [SymmDeviceMemory] Device does not support multicasting.. This is expected on GPUs without NVSwitch (e.g., NVLink bridge-only or PCIe topologies).
(Worker_PP1_TP0 pid=1103796) WARNING 08-22 18:18:36 [flashinfer_all_reduce.py:78] Failed to initialize FlashInfer All Reduce workspace: [SymmDeviceMemory] Device does not support multicasting.. This is expected on GPUs without NVSwitch (e.g., NVLink bridge-only or PCIe topologies).
(Worker_PP1_TP3 pid=1103799) [k3t r?] step=9 tok=1 step=89.21ms | KDA: n=23 attn=18.5ms mlp=46.4ms other=0.5ms tot=65.5ms | full: n=8 attn=9.4ms mlp=14.1ms other=0.2ms tot=23.6ms | ALL: attn=27.9ms mlp=60.5ms model=89.2ms
(Worker_PP1_TP4 pid=1103800) [k3t r?] step=9 tok=1 step=89.21ms | KDA: n=23 attn=18.5ms mlp=46.4ms other=0.5ms tot=65.5ms | full: n=8 attn=9.4ms mlp=14.1ms other=0.2ms tot=23.6ms | ALL: attn=27.9ms mlp=60.5ms model=89.2ms
(Worker_PP1_TP5 pid=1103801) [k3t r?] step=9 tok=1 step=89.21ms | KDA: n=23 attn=18.5ms mlp=46.4ms other=0.5ms tot=65.5ms | full: n=8 attn=9.4ms mlp=14.1ms other=0.2ms tot=23.6ms | ALL: attn=27.9ms mlp=60.5ms model=89.2ms
(Worker_PP1_TP1 pid=1103797) [k3t r?] step=9 tok=1 step=89.21ms | KDA: n=23 attn=18.5ms mlp=46.4ms other=0.5ms tot=65.5ms | full: n=8 attn=9.4ms mlp=14.1ms other=0.2ms tot=23.6ms | ALL: attn=27.9ms mlp=60.5ms model=89.2ms
(Worker_PP1_TP7 pid=1103803) [k3t r?] step=9 tok=1 step=89.21ms | KDA: n=23 attn=18.5ms mlp=46.4ms other=0.5ms tot=65.5ms | full: n=8 attn=9.4ms mlp=14.1ms other=0.2ms tot=23.6ms | ALL: attn=27.9ms mlp=60.5ms model=89.2ms
(Worker_PP1_TP2 pid=1103798) [k3t r?] step=9 tok=1 step=89.21ms | KDA: n=23 attn=18.5ms mlp=46.4ms other=0.5ms tot=65.5ms | full: n=8 attn=9.4ms mlp=14.1ms other=0.2ms tot=23.6ms | ALL: attn=27.9ms mlp=60.5ms model=89.2ms
(Worker_PP1_TP6 pid=1103802) [k3t r?] step=9 tok=1 step=89.21ms | KDA: n=23 attn=18.5ms mlp=46.4ms other=0.5ms tot=65.5ms | full: n=8 attn=9.4ms mlp=14.1ms other=0.2ms tot=23.6ms | ALL: attn=27.9ms mlp=60.5ms model=89.2ms
(Worker_PP1_TP0 pid=1103796) [k3t r?] step=9 tok=1 step=89.61ms | KDA: n=23 attn=9.8ms mlp=45.7ms other=8.7ms tot=64.2ms | full: n=8 attn=6.7ms mlp=13.8ms other=2.8ms tot=23.2ms | ALL: attn=16.5ms mlp=59.4ms model=89.6ms
(Worker_PP1_TP0 pid=1103796) WARNING 08-22 18:18:36 [flashinfer_all_reduce.py:78] Failed to initialize FlashInfer All Reduce workspace: [SymmDeviceMemory] Device does not support multicasting.. This is expected on GPUs without NVSwitch (e.g., NVLink bridge-only or PCIe topologies).
(Worker_PP1_TP0 pid=1103796) WARNING 08-22 18:18:36 [flashinfer_all_reduce.py:78] Failed to initialize FlashInfer All Reduce workspace: [SymmDeviceMemory] Device does not support multicasting.. This is expected on GPUs without NVSwitch (e.g., NVLink bridge-only or PCIe topologies).
(Worker_PP1_TP0 pid=1103796) WARNING 08-22 18:18:36 [flashinfer_all_reduce.py:78] Failed to initialize FlashInfer All Reduce workspace: [SymmDeviceMemory] Device does not support multicasting.. This is expected on GPUs without NVSwitch (e.g., NVLink bridge-only or PCIe topologies).
(Worker_PP1_TP0 pid=1103796) WARNING 08-22 18:18:36 [flashinfer_all_reduce.py:78] Failed to initialize FlashInfer All Reduce workspace: [SymmDeviceMemory] Device does not support multicasting.. This is expected on GPUs without NVSwitch (e.g., NVLink bridge-only or PCIe topologies).
(Worker_PP1_TP0 pid=1103796) WARNING 08-22 18:18:36 [flashinfer_all_reduce.py:78] Failed to initialize FlashInfer All Reduce workspace: [SymmDeviceMemory] Device does not support multicasting.. This is expected on GPUs without NVSwitch (e.g., NVLink bridge-only or PCIe topologies).
(Worker_PP1_TP0 pid=1103796) WARNING 08-22 18:18:36 [flashinfer_all_reduce.py:78] Failed to initialize FlashInfer All Reduce workspace: [SymmDeviceMemory] Device does not support multicasting.. This is expected on GPUs without NVSwitch (e.g., NVLink bridge-only or PCIe topologies).
(Worker_PP1_TP0 pid=1103796) WARNING 08-22 18:18:36 [flashinfer_all_reduce.py:78] Failed to initialize FlashInfer All Reduce workspace: [SymmDeviceMemory] Device does not support multicasting.. This is expected on GPUs without NVSwitch (e.g., NVLink bridge-only or PCIe topologies).
(Worker_PP1_TP0 pid=1103796) WARNING 08-22 18:18:36 [flashinfer_all_reduce.py:78] Failed to initialize FlashInfer All Reduce workspace: [SymmDeviceMemory] Device does not support multicasting.. This is expected on GPUs without NVSwitch (e.g., NVLink bridge-only or PCIe topologies).
(Worker_PP1_TP0 pid=1103796) WARNING 08-22 18:18:36 [flashinfer_all_reduce.py:78] Failed to initialize FlashInfer All Reduce workspace: [SymmDeviceMemory] Device does not support multicasting.. This is expected on GPUs without NVSwitch (e.g., NVLink bridge-only or PCIe topologies).
(Worker_PP1_TP0 pid=1103796) WARNING 08-22 18:18:36 [flashinfer_all_reduce.py:78] Failed to initialize FlashInfer All Reduce workspace: [SymmDeviceMemory] Device does not support multicasting.. This is expected on GPUs without NVSwitch (e.g., NVLink bridge-only or PCIe topologies).
(Worker_PP1_TP0 pid=1103796) WARNING 08-22 18:18:36 [flashinfer_all_reduce.py:78] Failed to initialize FlashInfer All Reduce workspace: [SymmDeviceMemory] Device does not support multicasting.. This is expected on GPUs without NVSwitch (e.g., NVLink bridge-only or PCIe topologies).
(Worker_PP1_TP0 pid=1103796) WARNING 08-22 18:18:36 [flashinfer_all_reduce.py:78] Failed to initialize FlashInfer All Reduce workspace: [SymmDeviceMemory] Device does not support multicasting.. This is expected on GPUs without NVSwitch (e.g., NVLink bridge-only or PCIe topologies).
(Worker_PP1_TP0 pid=1103796) WARNING 08-22 18:18:36 [flashinfer_all_reduce.py:78] Failed to initialize FlashInfer All Reduce workspace: [SymmDeviceMemory] Device does not support multicasting.. This is expected on GPUs without NVSwitch (e.g., NVLink bridge-only or PCIe topologies).
(Worker_PP1_TP0 pid=1103796) WARNING 08-22 18:18:36 [flashinfer_all_reduce.py:78] Failed to initialize FlashInfer All Reduce workspace: [SymmDeviceMemory] Device does not support multicasting.. This is expected on GPUs without NVSwitch (e.g., NVLink bridge-only or PCIe topologies).
(Worker_PP1_TP0 pid=1103796) WARNING 08-22 18:18:36 [flashinfer_all_reduce.py:78] Failed to initialize FlashInfer All Reduce workspace: [SymmDeviceMemory] Device does not support multicasting.. This is expected on GPUs without NVSwitch (e.g., NVLink bridge-only or PCIe topologies).
(Worker_PP1_TP0 pid=1103796) WARNING 08-22 18:18:36 [flashinfer_all_reduce.py:78] Failed to initialize FlashInfer All Reduce workspace: [SymmDeviceMemory] Device does not support multicasting.. This is expected on GPUs without NVSwitch (e.g., NVLink bridge-only or PCIe topologies).
(Worker_PP1_TP0 pid=1103796) WARNING 08-22 18:18:36 [flashinfer_all_reduce.py:78] Failed to initialize FlashInfer All Reduce workspace: [SymmDeviceMemory] Device does not support multicasting.. This is expected on GPUs without NVSwitch (e.g., NVLink bridge-only or PCIe topologies).
(Worker_PP1_TP0 pid=1103796) WARNING 08-22 18:18:36 [flashinfer_all_reduce.py:78] Failed to initialize FlashInfer All Reduce workspace: [SymmDeviceMemory] Device does not support multicasting.. This is expected on GPUs without NVSwitch (e.g., NVLink bridge-only or PCIe topologies).
(Worker_PP1_TP0 pid=1103796) WARNING 08-22 18:18:36 [flashinfer_all_reduce.py:78] Failed to initialize FlashInfer All Reduce workspace: [SymmDeviceMemory] Device does not support multicasting.. This is expected on GPUs without NVSwitch (e.g., NVLink bridge-only or PCIe topologies).
(Worker_PP1_TP0 pid=1103796) WARNING 08-22 18:18:36 [flashinfer_all_reduce.py:78] Failed to initialize FlashInfer All Reduce workspace: [SymmDeviceMemory] Device does not support multicasting.. This is expected on GPUs without NVSwitch (e.g., NVLink bridge-only or PCIe topologies).
(Worker_PP1_TP0 pid=1103796) WARNING 08-22 18:18:36 [flashinfer_all_reduce.py:78] Failed to initialize FlashInfer All Reduce workspace: [SymmDeviceMemory] Device does not support multicasting.. This is expected on GPUs without NVSwitch (e.g., NVLink bridge-only or PCIe topologies).
(Worker_PP1_TP0 pid=1103796) WARNING 08-22 18:18:36 [flashinfer_all_reduce.py:78] Failed to initialize FlashInfer All Reduce workspace: [SymmDeviceMemory] Device does not support multicasting.. This is expected on GPUs without NVSwitch (e.g., NVLink bridge-only or PCIe topologies).
(Worker_PP1_TP0 pid=1103796) WARNING 08-22 18:18:36 [flashinfer_all_reduce.py:78] Failed to initialize FlashInfer All Reduce workspace: [SymmDeviceMemory] Device does not support multicasting.. This is expected on GPUs without NVSwitch (e.g., NVLink bridge-only or PCIe topologies).
(Worker_PP1_TP0 pid=1103796) WARNING 08-22 18:18:36 [flashinfer_all_reduce.py:78] Failed to initialize FlashInfer All Reduce workspace: [SymmDeviceMemory] Device does not support multicasting.. This is expected on GPUs without NVSwitch (e.g., NVLink bridge-only or PCIe topologies).
(Worker_PP1_TP0 pid=1103796) WARNING 08-22 18:18:36 [flashinfer_all_reduce.py:78] Failed to initialize FlashInfer All Reduce workspace: [SymmDeviceMemory] Device does not support multicasting.. This is expected on GPUs without NVSwitch (e.g., NVLink bridge-only or PCIe topologies).
(Worker_PP1_TP0 pid=1103796) WARNING 08-22 18:18:36 [flashinfer_all_reduce.py:78] Failed to initialize FlashInfer All Reduce workspace: [SymmDeviceMemory] Device does not support multicasting.. This is expected on GPUs without NVSwitch (e.g., NVLink bridge-only or PCIe topologies).
(Worker_PP1_TP0 pid=1103796) WARNING 08-22 18:18:36 [flashinfer_all_reduce.py:78] Failed to initialize FlashInfer All Reduce workspace: [SymmDeviceMemory] Device does not support multicasting.. This is expected on GPUs without NVSwitch (e.g., NVLink bridge-only or PCIe topologies).
(Worker_PP1_TP0 pid=1103796) WARNING 08-22 18:18:36 [flashinfer_all_reduce.py:78] Failed to initialize FlashInfer All Reduce workspace: [SymmDeviceMemory] Device does not support multicasting.. This is expected on GPUs without NVSwitch (e.g., NVLink bridge-only or PCIe topologies).
(Worker_PP1_TP0 pid=1103796) WARNING 08-22 18:18:36 [flashinfer_all_reduce.py:78] Failed to initialize FlashInfer All Reduce workspace: [SymmDeviceMemory] Device does not support multicasting.. This is expected on GPUs without NVSwitch (e.g., NVLink bridge-only or PCIe topologies).
(Worker_PP1_TP0 pid=1103796) WARNING 08-22 18:18:36 [flashinfer_all_reduce.py:78] Failed to initialize FlashInfer All Reduce workspace: [SymmDeviceMemory] Device does not support multicasting.. This is expected on GPUs without NVSwitch (e.g., NVLink bridge-only or PCIe topologies).
(Worker_PP1_TP0 pid=1103796) WARNING 08-22 18:18:36 [flashinfer_all_reduce.py:78] Failed to initialize FlashInfer All Reduce workspace: [SymmDeviceMemory] Device does not support multicasting.. This is expected on GPUs without NVSwitch (e.g., NVLink bridge-only or PCIe topologies).
(Worker_PP1_TP3 pid=1103799) [k3t r?] step=10 tok=1 step=92.85ms | KDA: n=23 attn=19.3ms mlp=46.8ms other=0.5ms tot=66.6ms | full: n=8 attn=9.3ms mlp=16.7ms other=0.2ms tot=26.2ms | ALL: attn=28.6ms mlp=63.5ms model=92.9ms
(Worker_PP1_TP7 pid=1103803) [k3t r?] step=10 tok=1 step=92.86ms | KDA: n=23 attn=19.3ms mlp=46.8ms other=0.5ms tot=66.6ms | full: n=8 attn=9.3ms mlp=16.7ms other=0.2ms tot=26.2ms | ALL: attn=28.5ms mlp=63.5ms model=92.9ms
(Worker_PP1_TP5 pid=1103801) [k3t r?] step=10 tok=1 step=92.86ms | KDA: n=23 attn=19.3ms mlp=46.8ms other=0.5ms tot=66.6ms | full: n=8 attn=9.3ms mlp=16.7ms other=0.2ms tot=26.2ms | ALL: attn=28.6ms mlp=63.5ms model=92.9ms
(Worker_PP1_TP6 pid=1103802) [k3t r?] step=10 tok=1 step=92.86ms | KDA: n=23 attn=19.3ms mlp=46.8ms other=0.5ms tot=66.6ms | full: n=8 attn=9.3ms mlp=16.7ms other=0.2ms tot=26.2ms | ALL: attn=28.6ms mlp=63.5ms model=92.9ms
(Worker_PP1_TP4 pid=1103800) [k3t r?] step=10 tok=1 step=92.86ms | KDA: n=23 attn=19.3ms mlp=46.8ms other=0.5ms tot=66.6ms | full: n=8 attn=9.3ms mlp=16.7ms other=0.2ms tot=26.2ms | ALL: attn=28.6ms mlp=63.5ms model=92.9ms
(Worker_PP1_TP2 pid=1103798) [k3t r?] step=10 tok=1 step=92.86ms | KDA: n=23 attn=19.3ms mlp=46.8ms other=0.5ms tot=66.6ms | full: n=8 attn=9.3ms mlp=16.7ms other=0.2ms tot=26.2ms | ALL: attn=28.6ms mlp=63.5ms model=92.9ms
(Worker_PP1_TP1 pid=1103797) [k3t r?] step=10 tok=1 step=92.86ms | KDA: n=23 attn=19.3ms mlp=46.8ms other=0.5ms tot=66.6ms | full: n=8 attn=9.3ms mlp=16.7ms other=0.2ms tot=26.2ms | ALL: attn=28.6ms mlp=63.5ms model=92.9ms
(Worker_PP1_TP0 pid=1103796) [k3t r?] step=10 tok=1 step=93.20ms | KDA: n=23 attn=10.1ms mlp=45.8ms other=9.2ms tot=65.1ms | full: n=8 attn=6.7ms mlp=16.1ms other=3.2ms tot=25.9ms | ALL: attn=16.8ms mlp=61.9ms model=93.2ms
(Worker_PP1_TP0 pid=1103796) WARNING 08-22 18:18:37 [flashinfer_all_reduce.py:78] Failed to initialize FlashInfer All Reduce workspace: [SymmDeviceMemory] Device does not support multicasting.. This is expected on GPUs without NVSwitch (e.g., NVLink bridge-only or PCIe topologies).
(Worker_PP1_TP0 pid=1103796) WARNING 08-22 18:18:37 [flashinfer_all_reduce.py:78] Failed to initialize FlashInfer All Reduce workspace: [SymmDeviceMemory] Device does not support multicasting.. This is expected on GPUs without NVSwitch (e.g., NVLink bridge-only or PCIe topologies).
(Worker_PP1_TP0 pid=1103796) WARNING 08-22 18:18:37 [flashinfer_all_reduce.py:78] Failed to initialize FlashInfer All Reduce workspace: [SymmDeviceMemory] Device does not support multicasting.. This is expected on GPUs without NVSwitch (e.g., NVLink bridge-only or PCIe topologies).
(Worker_PP1_TP0 pid=1103796) WARNING 08-22 18:18:37 [flashinfer_all_reduce.py:78] Failed to initialize FlashInfer All Reduce workspace: [SymmDeviceMemory] Device does not support multicasting.. This is expected on GPUs without NVSwitch (e.g., NVLink bridge-only or PCIe topologies).
(Worker_PP1_TP0 pid=1103796) WARNING 08-22 18:18:37 [flashinfer_all_reduce.py:78] Failed to initialize FlashInfer All Reduce workspace: [SymmDeviceMemory] Device does not support multicasting.. This is expected on GPUs without NVSwitch (e.g., NVLink bridge-only or PCIe topologies).
(Worker_PP1_TP0 pid=1103796) WARNING 08-22 18:18:37 [flashinfer_all_reduce.py:78] Failed to initialize FlashInfer All Reduce workspace: [SymmDeviceMemory] Device does not support multicasting.. This is expected on GPUs without NVSwitch (e.g., NVLink bridge-only or PCIe topologies).
(Worker_PP1_TP0 pid=1103796) WARNING 08-22 18:18:37 [flashinfer_all_reduce.py:78] Failed to initialize FlashInfer All Reduce workspace: [SymmDeviceMemory] Device does not support multicasting.. This is expected on GPUs without NVSwitch (e.g., NVLink bridge-only or PCIe topologies).
(Worker_PP1_TP0 pid=1103796) WARNING 08-22 18:18:37 [flashinfer_all_reduce.py:78] Failed to initialize FlashInfer All Reduce workspace: [SymmDeviceMemory] Device does not support multicasting.. This is expected on GPUs without NVSwitch (e.g., NVLink bridge-only or PCIe topologies).
(Worker_PP1_TP0 pid=1103796) WARNING 08-22 18:18:37 [flashinfer_all_reduce.py:78] Failed to initialize FlashInfer All Reduce workspace: [SymmDeviceMemory] Device does not support multicasting.. This is expected on GPUs without NVSwitch (e.g., NVLink bridge-only or PCIe topologies).
(Worker_PP1_TP0 pid=1103796) WARNING 08-22 18:18:37 [flashinfer_all_reduce.py:78] Failed to initialize FlashInfer All Reduce workspace: [SymmDeviceMemory] Device does not support multicasting.. This is expected on GPUs without NVSwitch (e.g., NVLink bridge-only or PCIe topologies).
(Worker_PP1_TP0 pid=1103796) WARNING 08-22 18:18:37 [flashinfer_all_reduce.py:78] Failed to initialize FlashInfer All Reduce workspace: [SymmDeviceMemory] Device does not support multicasting.. This is expected on GPUs without NVSwitch (e.g., NVLink bridge-only or PCIe topologies).
(Worker_PP1_TP0 pid=1103796) WARNING 08-22 18:18:37 [flashinfer_all_reduce.py:78] Failed to initialize FlashInfer All Reduce workspace: [SymmDeviceMemory] Device does not support multicasting.. This is expected on GPUs without NVSwitch (e.g., NVLink bridge-only or PCIe topologies).
(Worker_PP1_TP0 pid=1103796) WARNING 08-22 18:18:37 [flashinfer_all_reduce.py:78] Failed to initialize FlashInfer All Reduce workspace: [SymmDeviceMemory] Device does not support multicasting.. This is expected on GPUs without NVSwitch (e.g., NVLink bridge-only or PCIe topologies).
(Worker_PP1_TP0 pid=1103796) WARNING 08-22 18:18:37 [flashinfer_all_reduce.py:78] Failed to initialize FlashInfer All Reduce workspace: [SymmDeviceMemory] Device does not support multicasting.. This is expected on GPUs without NVSwitch (e.g., NVLink bridge-only or PCIe topologies).
(Worker_PP1_TP0 pid=1103796) WARNING 08-22 18:18:37 [flashinfer_all_reduce.py:78] Failed to initialize FlashInfer All Reduce workspace: [SymmDeviceMemory] Device does not support multicasting.. This is expected on GPUs without NVSwitch (e.g., NVLink bridge-only or PCIe topologies).
(Worker_PP1_TP0 pid=1103796) WARNING 08-22 18:18:37 [flashinfer_all_reduce.py:78] Failed to initialize FlashInfer All Reduce workspace: [SymmDeviceMemory] Device does not support multicasting.. This is expected on GPUs without NVSwitch (e.g., NVLink bridge-only or PCIe topologies).
(Worker_PP1_TP0 pid=1103796) WARNING 08-22 18:18:37 [flashinfer_all_reduce.py:78] Failed to initialize FlashInfer All Reduce workspace: [SymmDeviceMemory] Device does not support multicasting.. This is expected on GPUs without NVSwitch (e.g., NVLink bridge-only or PCIe topologies).
(Worker_PP1_TP0 pid=1103796) WARNING 08-22 18:18:37 [flashinfer_all_reduce.py:78] Failed to initialize FlashInfer All Reduce workspace: [SymmDeviceMemory] Device does not support multicasting.. This is expected on GPUs without NVSwitch (e.g., NVLink bridge-only or PCIe topologies).
(Worker_PP1_TP0 pid=1103796) WARNING 08-22 18:18:37 [flashinfer_all_reduce.py:78] Failed to initialize FlashInfer All Reduce workspace: [SymmDeviceMemory] Device does not support multicasting.. This is expected on GPUs without NVSwitch (e.g., NVLink bridge-only or PCIe topologies).
(Worker_PP1_TP0 pid=1103796) WARNING 08-22 18:18:37 [flashinfer_all_reduce.py:78] Failed to initialize FlashInfer All Reduce workspace: [SymmDeviceMemory] Device does not support multicasting.. This is expected on GPUs without NVSwitch (e.g., NVLink bridge-only or PCIe topologies).
(Worker_PP1_TP0 pid=1103796) WARNING 08-22 18:18:37 [flashinfer_all_reduce.py:78] Failed to initialize FlashInfer All Reduce workspace: [SymmDeviceMemory] Device does not support multicasting.. This is expected on GPUs without NVSwitch (e.g., NVLink bridge-only or PCIe topologies).
(Worker_PP1_TP0 pid=1103796) WARNING 08-22 18:18:37 [flashinfer_all_reduce.py:78] Failed to initialize FlashInfer All Reduce workspace: [SymmDeviceMemory] Device does not support multicasting.. This is expected on GPUs without NVSwitch (e.g., NVLink bridge-only or PCIe topologies).
(Worker_PP1_TP0 pid=1103796) WARNING 08-22 18:18:37 [flashinfer_all_reduce.py:78] Failed to initialize FlashInfer All Reduce workspace: [SymmDeviceMemory] Device does not support multicasting.. This is expected on GPUs without NVSwitch (e.g., NVLink bridge-only or PCIe topologies).
(Worker_PP1_TP0 pid=1103796) WARNING 08-22 18:18:37 [flashinfer_all_reduce.py:78] Failed to initialize FlashInfer All Reduce workspace: [SymmDeviceMemory] Device does not support multicasting.. This is expected on GPUs without NVSwitch (e.g., NVLink bridge-only or PCIe topologies).
(Worker_PP1_TP0 pid=1103796) WARNING 08-22 18:18:37 [flashinfer_all_reduce.py:78] Failed to initialize FlashInfer All Reduce workspace: [SymmDeviceMemory] Device does not support multicasting.. This is expected on GPUs without NVSwitch (e.g., NVLink bridge-only or PCIe topologies).
(Worker_PP1_TP0 pid=1103796) WARNING 08-22 18:18:37 [flashinfer_all_reduce.py:78] Failed to initialize FlashInfer All Reduce workspace: [SymmDeviceMemory] Device does not support multicasting.. This is expected on GPUs without NVSwitch (e.g., NVLink bridge-only or PCIe topologies).
(Worker_PP1_TP0 pid=1103796) WARNING 08-22 18:18:37 [flashinfer_all_reduce.py:78] Failed to initialize FlashInfer All Reduce workspace: [SymmDeviceMemory] Device does not support multicasting.. This is expected on GPUs without NVSwitch (e.g., NVLink bridge-only or PCIe topologies).
(Worker_PP1_TP0 pid=1103796) WARNING 08-22 18:18:37 [flashinfer_all_reduce.py:78] Failed to initialize FlashInfer All Reduce workspace: [SymmDeviceMemory] Device does not support multicasting.. This is expected on GPUs without NVSwitch (e.g., NVLink bridge-only or PCIe topologies).
(Worker_PP1_TP0 pid=1103796) WARNING 08-22 18:18:37 [flashinfer_all_reduce.py:78] Failed to initialize FlashInfer All Reduce workspace: [SymmDeviceMemory] Device does not support multicasting.. This is expected on GPUs without NVSwitch (e.g., NVLink bridge-only or PCIe topologies).
(Worker_PP1_TP0 pid=1103796) WARNING 08-22 18:18:37 [flashinfer_all_reduce.py:78] Failed to initialize FlashInfer All Reduce workspace: [SymmDeviceMemory] Device does not support multicasting.. This is expected on GPUs without NVSwitch (e.g., NVLink bridge-only or PCIe topologies).
(Worker_PP1_TP0 pid=1103796) WARNING 08-22 18:18:37 [flashinfer_all_reduce.py:78] Failed to initialize FlashInfer All Reduce workspace: [SymmDeviceMemory] Device does not support multicasting.. This is expected on GPUs without NVSwitch (e.g., NVLink bridge-only or PCIe topologies).
(Worker_PP1_TP1 pid=1103797) [k3t r?] step=11 tok=1 step=97.44ms | KDA: n=23 attn=19.0ms mlp=50.6ms other=0.5ms tot=70.1ms | full: n=8 attn=10.8ms mlp=16.3ms other=0.2ms tot=27.3ms | ALL: attn=29.7ms mlp=66.9ms model=97.4ms
(Worker_PP1_TP3 pid=1103799) [k3t r?] step=11 tok=1 step=97.44ms | KDA: n=23 attn=19.0ms mlp=50.6ms other=0.5ms tot=70.1ms | full: n=8 attn=10.8ms mlp=16.3ms other=0.2ms tot=27.3ms | ALL: attn=29.7ms mlp=66.9ms model=97.4ms
(Worker_PP1_TP4 pid=1103800) [k3t r?] step=11 tok=1 step=97.44ms | KDA: n=23 attn=19.0ms mlp=50.6ms other=0.5ms tot=70.1ms | full: n=8 attn=10.8ms mlp=16.3ms other=0.2ms tot=27.3ms | ALL: attn=29.7ms mlp=66.9ms model=97.4ms
(Worker_PP1_TP7 pid=1103803) [k3t r?] step=11 tok=1 step=97.44ms | KDA: n=23 attn=19.0ms mlp=50.6ms other=0.5ms tot=70.1ms | full: n=8 attn=10.8ms mlp=16.3ms other=0.2ms tot=27.3ms | ALL: attn=29.7ms mlp=66.9ms model=97.4ms
(Worker_PP1_TP5 pid=1103801) [k3t r?] step=11 tok=1 step=97.44ms | KDA: n=23 attn=19.0ms mlp=50.6ms other=0.5ms tot=70.1ms | full: n=8 attn=10.8ms mlp=16.3ms other=0.2ms tot=27.3ms | ALL: attn=29.7ms mlp=66.9ms model=97.4ms
(Worker_PP1_TP6 pid=1103802) [k3t r?] step=11 tok=1 step=97.44ms | KDA: n=23 attn=19.0ms mlp=50.6ms other=0.5ms tot=70.1ms | full: n=8 attn=10.8ms mlp=16.3ms other=0.2ms tot=27.3ms | ALL: attn=29.7ms mlp=66.9ms model=97.4ms
(Worker_PP1_TP2 pid=1103798) [k3t r?] step=11 tok=1 step=97.44ms | KDA: n=23 attn=19.0ms mlp=50.6ms other=0.5ms tot=70.1ms | full: n=8 attn=10.8ms mlp=16.3ms other=0.2ms tot=27.3ms | ALL: attn=29.7ms mlp=66.9ms model=97.4ms
(Worker_PP1_TP0 pid=1103796) [k3t r?] step=11 tok=1 step=97.76ms | KDA: n=23 attn=9.9ms mlp=49.9ms other=9.0ms tot=68.8ms | full: n=8 attn=7.7ms mlp=15.8ms other=3.3ms tot=26.8ms | ALL: attn=17.6ms mlp=65.7ms model=97.8ms
(Worker_PP1_TP0 pid=1103796) WARNING 08-22 18:18:37 [flashinfer_all_reduce.py:78] Failed to initialize FlashInfer All Reduce workspace: [SymmDeviceMemory] Device does not support multicasting.. This is expected on GPUs without NVSwitch (e.g., NVLink bridge-only or PCIe topologies).
(Worker_PP1_TP0 pid=1103796) WARNING 08-22 18:18:37 [flashinfer_all_reduce.py:78] Failed to initialize FlashInfer All Reduce workspace: [SymmDeviceMemory] Device does not support multicasting.. This is expected on GPUs without NVSwitch (e.g., NVLink bridge-only or PCIe topologies).
(Worker_PP1_TP0 pid=1103796) WARNING 08-22 18:18:37 [flashinfer_all_reduce.py:78] Failed to initialize FlashInfer All Reduce workspace: [SymmDeviceMemory] Device does not support multicasting.. This is expected on GPUs without NVSwitch (e.g., NVLink bridge-only or PCIe topologies).
(Worker_PP1_TP0 pid=1103796) WARNING 08-22 18:18:37 [flashinfer_all_reduce.py:78] Failed to initialize FlashInfer All Reduce workspace: [SymmDeviceMemory] Device does not support multicasting.. This is expected on GPUs without NVSwitch (e.g., NVLink bridge-only or PCIe topologies).
(Worker_PP1_TP0 pid=1103796) WARNING 08-22 18:18:37 [flashinfer_all_reduce.py:78] Failed to initialize FlashInfer All Reduce workspace: [SymmDeviceMemory] Device does not support multicasting.. This is expected on GPUs without NVSwitch (e.g., NVLink bridge-only or PCIe topologies).
(Worker_PP1_TP0 pid=1103796) WARNING 08-22 18:18:37 [flashinfer_all_reduce.py:78] Failed to initialize FlashInfer All Reduce workspace: [SymmDeviceMemory] Device does not support multicasting.. This is expected on GPUs without NVSwitch (e.g., NVLink bridge-only or PCIe topologies).
(Worker_PP1_TP0 pid=1103796) WARNING 08-22 18:18:37 [flashinfer_all_reduce.py:78] Failed to initialize FlashInfer All Reduce workspace: [SymmDeviceMemory] Device does not support multicasting.. This is expected on GPUs without NVSwitch (e.g., NVLink bridge-only or PCIe topologies).
(Worker_PP1_TP0 pid=1103796) WARNING 08-22 18:18:37 [flashinfer_all_reduce.py:78] Failed to initialize FlashInfer All Reduce workspace: [SymmDeviceMemory] Device does not support multicasting.. This is expected on GPUs without NVSwitch (e.g., NVLink bridge-only or PCIe topologies).
(Worker_PP1_TP0 pid=1103796) WARNING 08-22 18:18:37 [flashinfer_all_reduce.py:78] Failed to initialize FlashInfer All Reduce workspace: [SymmDeviceMemory] Device does not support multicasting.. This is expected on GPUs without NVSwitch (e.g., NVLink bridge-only or PCIe topologies).
(Worker_PP1_TP0 pid=1103796) WARNING 08-22 18:18:37 [flashinfer_all_reduce.py:78] Failed to initialize FlashInfer All Reduce workspace: [SymmDeviceMemory] Device does not support multicasting.. This is expected on GPUs without NVSwitch (e.g., NVLink bridge-only or PCIe topologies).
(Worker_PP1_TP0 pid=1103796) WARNING 08-22 18:18:37 [flashinfer_all_reduce.py:78] Failed to initialize FlashInfer All Reduce workspace: [SymmDeviceMemory] Device does not support multicasting.. This is expected on GPUs without NVSwitch (e.g., NVLink bridge-only or PCIe topologies).
(Worker_PP1_TP0 pid=1103796) WARNING 08-22 18:18:37 [flashinfer_all_reduce.py:78] Failed to initialize FlashInfer All Reduce workspace: [SymmDeviceMemory] Device does not support multicasting.. This is expected on GPUs without NVSwitch (e.g., NVLink bridge-only or PCIe topologies).
(Worker_PP1_TP0 pid=1103796) WARNING 08-22 18:18:37 [flashinfer_all_reduce.py:78] Failed to initialize FlashInfer All Reduce workspace: [SymmDeviceMemory] Device does not support multicasting.. This is expected on GPUs without NVSwitch (e.g., NVLink bridge-only or PCIe topologies).
(Worker_PP1_TP0 pid=1103796) WARNING 08-22 18:18:37 [flashinfer_all_reduce.py:78] Failed to initialize FlashInfer All Reduce workspace: [SymmDeviceMemory] Device does not support multicasting.. This is expected on GPUs without NVSwitch (e.g., NVLink bridge-only or PCIe topologies).
(Worker_PP1_TP0 pid=1103796) WARNING 08-22 18:18:37 [flashinfer_all_reduce.py:78] Failed to initialize FlashInfer All Reduce workspace: [SymmDeviceMemory] Device does not support multicasting.. This is expected on GPUs without NVSwitch (e.g., NVLink bridge-only or PCIe topologies).
(Worker_PP1_TP0 pid=1103796) WARNING 08-22 18:18:37 [flashinfer_all_reduce.py:78] Failed to initialize FlashInfer All Reduce workspace: [SymmDeviceMemory] Device does not support multicasting.. This is expected on GPUs without NVSwitch (e.g., NVLink bridge-only or PCIe topologies).
(Worker_PP1_TP0 pid=1103796) WARNING 08-22 18:18:37 [flashinfer_all_reduce.py:78] Failed to initialize FlashInfer All Reduce workspace: [SymmDeviceMemory] Device does not support multicasting.. This is expected on GPUs without NVSwitch (e.g., NVLink bridge-only or PCIe topologies).
(Worker_PP1_TP0 pid=1103796) WARNING 08-22 18:18:37 [flashinfer_all_reduce.py:78] Failed to initialize FlashInfer All Reduce workspace: [SymmDeviceMemory] Device does not support multicasting.. This is expected on GPUs without NVSwitch (e.g., NVLink bridge-only or PCIe topologies).
(Worker_PP1_TP0 pid=1103796) WARNING 08-22 18:18:37 [flashinfer_all_reduce.py:78] Failed to initialize FlashInfer All Reduce workspace: [SymmDeviceMemory] Device does not support multicasting.. This is expected on GPUs without NVSwitch (e.g., NVLink bridge-only or PCIe topologies).
(Worker_PP1_TP0 pid=1103796) WARNING 08-22 18:18:37 [flashinfer_all_reduce.py:78] Failed to initialize FlashInfer All Reduce workspace: [SymmDeviceMemory] Device does not support multicasting.. This is expected on GPUs without NVSwitch (e.g., NVLink bridge-only or PCIe topologies).
(Worker_PP1_TP0 pid=1103796) WARNING 08-22 18:18:37 [flashinfer_all_reduce.py:78] Failed to initialize FlashInfer All Reduce workspace: [SymmDeviceMemory] Device does not support multicasting.. This is expected on GPUs without NVSwitch (e.g., NVLink bridge-only or PCIe topologies).
(Worker_PP1_TP0 pid=1103796) WARNING 08-22 18:18:37 [flashinfer_all_reduce.py:78] Failed to initialize FlashInfer All Reduce workspace: [SymmDeviceMemory] Device does not support multicasting.. This is expected on GPUs without NVSwitch (e.g., NVLink bridge-only or PCIe topologies).
(Worker_PP1_TP0 pid=1103796) WARNING 08-22 18:18:37 [flashinfer_all_reduce.py:78] Failed to initialize FlashInfer All Reduce workspace: [SymmDeviceMemory] Device does not support multicasting.. This is expected on GPUs without NVSwitch (e.g., NVLink bridge-only or PCIe topologies).
(Worker_PP1_TP0 pid=1103796) WARNING 08-22 18:18:37 [flashinfer_all_reduce.py:78] Failed to initialize FlashInfer All Reduce workspace: [SymmDeviceMemory] Device does not support multicasting.. This is expected on GPUs without NVSwitch (e.g., NVLink bridge-only or PCIe topologies).
(Worker_PP1_TP0 pid=1103796) WARNING 08-22 18:18:37 [flashinfer_all_reduce.py:78] Failed to initialize FlashInfer All Reduce workspace: [SymmDeviceMemory] Device does not support multicasting.. This is expected on GPUs without NVSwitch (e.g., NVLink bridge-only or PCIe topologies).
(Worker_PP1_TP0 pid=1103796) WARNING 08-22 18:18:37 [flashinfer_all_reduce.py:78] Failed to initialize FlashInfer All Reduce workspace: [SymmDeviceMemory] Device does not support multicasting.. This is expected on GPUs without NVSwitch (e.g., NVLink bridge-only or PCIe topologies).
(Worker_PP1_TP0 pid=1103796) WARNING 08-22 18:18:37 [flashinfer_all_reduce.py:78] Failed to initialize FlashInfer All Reduce workspace: [SymmDeviceMemory] Device does not support multicasting.. This is expected on GPUs without NVSwitch (e.g., NVLink bridge-only or PCIe topologies).
(Worker_PP1_TP0 pid=1103796) WARNING 08-22 18:18:37 [flashinfer_all_reduce.py:78] Failed to initialize FlashInfer All Reduce workspace: [SymmDeviceMemory] Device does not support multicasting.. This is expected on GPUs without NVSwitch (e.g., NVLink bridge-only or PCIe topologies).
(Worker_PP1_TP0 pid=1103796) WARNING 08-22 18:18:37 [flashinfer_all_reduce.py:78] Failed to initialize FlashInfer All Reduce workspace: [SymmDeviceMemory] Device does not support multicasting.. This is expected on GPUs without NVSwitch (e.g., NVLink bridge-only or PCIe topologies).
(Worker_PP1_TP0 pid=1103796) WARNING 08-22 18:18:37 [flashinfer_all_reduce.py:78] Failed to initialize FlashInfer All Reduce workspace: [SymmDeviceMemory] Device does not support multicasting.. This is expected on GPUs without NVSwitch (e.g., NVLink bridge-only or PCIe topologies).
(Worker_PP1_TP0 pid=1103796) WARNING 08-22 18:18:37 [flashinfer_all_reduce.py:78] Failed to initialize FlashInfer All Reduce workspace: [SymmDeviceMemory] Device does not support multicasting.. This is expected on GPUs without NVSwitch (e.g., NVLink bridge-only or PCIe topologies).
(Worker_PP1_TP0 pid=1103796) [k3t r?] step=12 tok=1 step=94.03ms | KDA: n=23 attn=15.9ms mlp=46.1ms other=3.9ms tot=66.0ms | full: n=8 attn=9.9ms mlp=15.8ms other=1.4ms tot=27.1ms | ALL: attn=25.8ms mlp=61.9ms model=94.0ms
(Worker_PP1_TP4 pid=1103800) [k3t r?] step=12 tok=1 step=93.96ms | KDA: n=23 attn=19.8ms mlp=46.3ms other=0.5ms tot=66.6ms | full: n=8 attn=11.2ms mlp=15.9ms other=0.2ms tot=27.2ms | ALL: attn=30.9ms mlp=62.2ms model=94.0ms
(Worker_PP1_TP3 pid=1103799) [k3t r?] step=12 tok=1 step=93.96ms | KDA: n=23 attn=19.7ms mlp=46.3ms other=0.5ms tot=66.6ms | full: n=8 attn=11.2ms mlp=15.9ms other=0.2ms tot=27.2ms | ALL: attn=30.9ms mlp=62.2ms model=94.0ms
(Worker_PP1_TP1 pid=1103797) [k3t r?] step=12 tok=1 step=93.96ms | KDA: n=23 attn=19.8ms mlp=46.3ms other=0.5ms tot=66.6ms | full: n=8 attn=11.2ms mlp=15.9ms other=0.2ms tot=27.3ms | ALL: attn=30.9ms mlp=62.2ms model=94.0ms
(Worker_PP1_TP2 pid=1103798) [k3t r?] step=12 tok=1 step=93.96ms | KDA: n=23 attn=19.8ms mlp=46.3ms other=0.6ms tot=66.6ms | full: n=8 attn=11.2ms mlp=15.9ms other=0.2ms tot=27.2ms | ALL: attn=30.9ms mlp=62.2ms model=94.0ms
(Worker_PP1_TP5 pid=1103801) [k3t r?] step=12 tok=1 step=93.96ms | KDA: n=23 attn=19.8ms mlp=46.3ms other=0.5ms tot=66.6ms | full: n=8 attn=11.2ms mlp=15.9ms other=0.2ms tot=27.3ms | ALL: attn=31.0ms mlp=62.2ms model=94.0ms
(Worker_PP1_TP6 pid=1103802) [k3t r?] step=12 tok=1 step=93.96ms | KDA: n=23 attn=19.8ms mlp=46.3ms other=0.5ms tot=66.6ms | full: n=8 attn=11.2ms mlp=15.9ms other=0.2ms tot=27.2ms | ALL: attn=30.9ms mlp=62.2ms model=94.0ms
(Worker_PP1_TP7 pid=1103803) [k3t r?] step=12 tok=1 step=94.33ms | KDA: n=23 attn=13.1ms mlp=46.1ms other=6.6ms tot=65.8ms | full: n=8 attn=9.2ms mlp=15.8ms other=2.0ms tot=26.9ms | ALL: attn=22.3ms mlp=61.9ms model=94.3ms
(Worker_PP1_TP0 pid=1103796) WARNING 08-22 18:18:37 [flashinfer_all_reduce.py:78] Failed to initialize FlashInfer All Reduce workspace: [SymmDeviceMemory] Device does not support multicasting.. This is expected on GPUs without NVSwitch (e.g., NVLink bridge-only or PCIe topologies).
(Worker_PP1_TP0 pid=1103796) WARNING 08-22 18:18:37 [flashinfer_all_reduce.py:78] Failed to initialize FlashInfer All Reduce workspace: [SymmDeviceMemory] Device does not support multicasting.. This is expected on GPUs without NVSwitch (e.g., NVLink bridge-only or PCIe topologies).
(Worker_PP1_TP0 pid=1103796) WARNING 08-22 18:18:37 [flashinfer_all_reduce.py:78] Failed to initialize FlashInfer All Reduce workspace: [SymmDeviceMemory] Device does not support multicasting.. This is expected on GPUs without NVSwitch (e.g., NVLink bridge-only or PCIe topologies).
(Worker_PP1_TP0 pid=1103796) WARNING 08-22 18:18:38 [flashinfer_all_reduce.py:78] Failed to initialize FlashInfer All Reduce workspace: [SymmDeviceMemory] Device does not support multicasting.. This is expected on GPUs without NVSwitch (e.g., NVLink bridge-only or PCIe topologies).
(Worker_PP1_TP0 pid=1103796) WARNING 08-22 18:18:38 [flashinfer_all_reduce.py:78] Failed to initialize FlashInfer All Reduce workspace: [SymmDeviceMemory] Device does not support multicasting.. This is expected on GPUs without NVSwitch (e.g., NVLink bridge-only or PCIe topologies).
(Worker_PP1_TP0 pid=1103796) WARNING 08-22 18:18:38 [flashinfer_all_reduce.py:78] Failed to initialize FlashInfer All Reduce workspace: [SymmDeviceMemory] Device does not support multicasting.. This is expected on GPUs without NVSwitch (e.g., NVLink bridge-only or PCIe topologies).
(Worker_PP1_TP0 pid=1103796) WARNING 08-22 18:18:38 [flashinfer_all_reduce.py:78] Failed to initialize FlashInfer All Reduce workspace: [SymmDeviceMemory] Device does not support multicasting.. This is expected on GPUs without NVSwitch (e.g., NVLink bridge-only or PCIe topologies).
(Worker_PP1_TP0 pid=1103796) WARNING 08-22 18:18:38 [flashinfer_all_reduce.py:78] Failed to initialize FlashInfer All Reduce workspace: [SymmDeviceMemory] Device does not support multicasting.. This is expected on GPUs without NVSwitch (e.g., NVLink bridge-only or PCIe topologies).
(Worker_PP1_TP0 pid=1103796) WARNING 08-22 18:18:38 [flashinfer_all_reduce.py:78] Failed to initialize FlashInfer All Reduce workspace: [SymmDeviceMemory] Device does not support multicasting.. This is expected on GPUs without NVSwitch (e.g., NVLink bridge-only or PCIe topologies).
(Worker_PP1_TP0 pid=1103796) WARNING 08-22 18:18:38 [flashinfer_all_reduce.py:78] Failed to initialize FlashInfer All Reduce workspace: [SymmDeviceMemory] Device does not support multicasting.. This is expected on GPUs without NVSwitch (e.g., NVLink bridge-only or PCIe topologies).
(Worker_PP1_TP0 pid=1103796) WARNING 08-22 18:18:38 [flashinfer_all_reduce.py:78] Failed to initialize FlashInfer All Reduce workspace: [SymmDeviceMemory] Device does not support multicasting.. This is expected on GPUs without NVSwitch (e.g., NVLink bridge-only or PCIe topologies).
(Worker_PP1_TP0 pid=1103796) WARNING 08-22 18:18:38 [flashinfer_all_reduce.py:78] Failed to initialize FlashInfer All Reduce workspace: [SymmDeviceMemory] Device does not support multicasting.. This is expected on GPUs without NVSwitch (e.g., NVLink bridge-only or PCIe topologies).
(Worker_PP1_TP0 pid=1103796) WARNING 08-22 18:18:38 [flashinfer_all_reduce.py:78] Failed to initialize FlashInfer All Reduce workspace: [SymmDeviceMemory] Device does not support multicasting.. This is expected on GPUs without NVSwitch (e.g., NVLink bridge-only or PCIe topologies).
(Worker_PP1_TP0 pid=1103796) WARNING 08-22 18:18:38 [flashinfer_all_reduce.py:78] Failed to initialize FlashInfer All Reduce workspace: [SymmDeviceMemory] Device does not support multicasting.. This is expected on GPUs without NVSwitch (e.g., NVLink bridge-only or PCIe topologies).
(Worker_PP1_TP0 pid=1103796) WARNING 08-22 18:18:38 [flashinfer_all_reduce.py:78] Failed to initialize FlashInfer All Reduce workspace: [SymmDeviceMemory] Device does not support multicasting.. This is expected on GPUs without NVSwitch (e.g., NVLink bridge-only or PCIe topologies).
(Worker_PP1_TP0 pid=1103796) WARNING 08-22 18:18:38 [flashinfer_all_reduce.py:78] Failed to initialize FlashInfer All Reduce workspace: [SymmDeviceMemory] Device does not support multicasting.. This is expected on GPUs without NVSwitch (e.g., NVLink bridge-only or PCIe topologies).
(Worker_PP1_TP0 pid=1103796) WARNING 08-22 18:18:38 [flashinfer_all_reduce.py:78] Failed to initialize FlashInfer All Reduce workspace: [SymmDeviceMemory] Device does not support multicasting.. This is expected on GPUs without NVSwitch (e.g., NVLink bridge-only or PCIe topologies).
(Worker_PP1_TP0 pid=1103796) WARNING 08-22 18:18:38 [flashinfer_all_reduce.py:78] Failed to initialize FlashInfer All Reduce workspace: [SymmDeviceMemory] Device does not support multicasting.. This is expected on GPUs without NVSwitch (e.g., NVLink bridge-only or PCIe topologies).
(Worker_PP1_TP0 pid=1103796) WARNING 08-22 18:18:38 [flashinfer_all_reduce.py:78] Failed to initialize FlashInfer All Reduce workspace: [SymmDeviceMemory] Device does not support multicasting.. This is expected on GPUs without NVSwitch (e.g., NVLink bridge-only or PCIe topologies).
(Worker_PP1_TP0 pid=1103796) WARNING 08-22 18:18:38 [flashinfer_all_reduce.py:78] Failed to initialize FlashInfer All Reduce workspace: [SymmDeviceMemory] Device does not support multicasting.. This is expected on GPUs without NVSwitch (e.g., NVLink bridge-only or PCIe topologies).
(Worker_PP1_TP0 pid=1103796) WARNING 08-22 18:18:38 [flashinfer_all_reduce.py:78] Failed to initialize FlashInfer All Reduce workspace: [SymmDeviceMemory] Device does not support multicasting.. This is expected on GPUs without NVSwitch (e.g., NVLink bridge-only or PCIe topologies).
(Worker_PP1_TP0 pid=1103796) WARNING 08-22 18:18:38 [flashinfer_all_reduce.py:78] Failed to initialize FlashInfer All Reduce workspace: [SymmDeviceMemory] Device does not support multicasting.. This is expected on GPUs without NVSwitch (e.g., NVLink bridge-only or PCIe topologies).
(Worker_PP1_TP0 pid=1103796) WARNING 08-22 18:18:38 [flashinfer_all_reduce.py:78] Failed to initialize FlashInfer All Reduce workspace: [SymmDeviceMemory] Device does not support multicasting.. This is expected on GPUs without NVSwitch (e.g., NVLink bridge-only or PCIe topologies).
(Worker_PP1_TP0 pid=1103796) WARNING 08-22 18:18:38 [flashinfer_all_reduce.py:78] Failed to initialize FlashInfer All Reduce workspace: [SymmDeviceMemory] Device does not support multicasting.. This is expected on GPUs without NVSwitch (e.g., NVLink bridge-only or PCIe topologies).
(Worker_PP1_TP0 pid=1103796) WARNING 08-22 18:18:38 [flashinfer_all_reduce.py:78] Failed to initialize FlashInfer All Reduce workspace: [SymmDeviceMemory] Device does not support multicasting.. This is expected on GPUs without NVSwitch (e.g., NVLink bridge-only or PCIe topologies).
(Worker_PP1_TP0 pid=1103796) WARNING 08-22 18:18:38 [flashinfer_all_reduce.py:78] Failed to initialize FlashInfer All Reduce workspace: [SymmDeviceMemory] Device does not support multicasting.. This is expected on GPUs without NVSwitch (e.g., NVLink bridge-only or PCIe topologies).
(Worker_PP1_TP0 pid=1103796) WARNING 08-22 18:18:38 [flashinfer_all_reduce.py:78] Failed to initialize FlashInfer All Reduce workspace: [SymmDeviceMemory] Device does not support multicasting.. This is expected on GPUs without NVSwitch (e.g., NVLink bridge-only or PCIe topologies).
(Worker_PP1_TP0 pid=1103796) WARNING 08-22 18:18:38 [flashinfer_all_reduce.py:78] Failed to initialize FlashInfer All Reduce workspace: [SymmDeviceMemory] Device does not support multicasting.. This is expected on GPUs without NVSwitch (e.g., NVLink bridge-only or PCIe topologies).
(Worker_PP1_TP0 pid=1103796) WARNING 08-22 18:18:38 [flashinfer_all_reduce.py:78] Failed to initialize FlashInfer All Reduce workspace: [SymmDeviceMemory] Device does not support multicasting.. This is expected on GPUs without NVSwitch (e.g., NVLink bridge-only or PCIe topologies).
(Worker_PP1_TP0 pid=1103796) WARNING 08-22 18:18:38 [flashinfer_all_reduce.py:78] Failed to initialize FlashInfer All Reduce workspace: [SymmDeviceMemory] Device does not support multicasting.. This is expected on GPUs without NVSwitch (e.g., NVLink bridge-only or PCIe topologies).
(Worker_PP1_TP0 pid=1103796) WARNING 08-22 18:18:38 [flashinfer_all_reduce.py:78] Failed to initialize FlashInfer All Reduce workspace: [SymmDeviceMemory] Device does not support multicasting.. This is expected on GPUs without NVSwitch (e.g., NVLink bridge-only or PCIe topologies).
(Worker_PP1_TP3 pid=1103799) [k3t r?] step=13 tok=1 step=92.39ms | KDA: n=23 attn=18.7ms mlp=46.1ms other=0.5ms tot=65.3ms | full: n=8 attn=10.9ms mlp=15.9ms other=0.2ms tot=27.0ms | ALL: attn=29.6ms mlp=62.0ms model=92.4ms
(Worker_PP1_TP1 pid=1103797) [k3t r?] step=13 tok=1 step=92.39ms | KDA: n=23 attn=17.8ms mlp=46.0ms other=1.4ms tot=65.3ms | full: n=8 attn=10.4ms mlp=15.7ms other=0.7ms tot=26.8ms | ALL: attn=28.2ms mlp=61.8ms model=92.4ms
(Worker_PP1_TP5 pid=1103801) [k3t r?] step=13 tok=1 step=92.39ms | KDA: n=23 attn=18.7ms mlp=46.1ms other=0.5ms tot=65.3ms | full: n=8 attn=10.9ms mlp=15.9ms other=0.2ms tot=27.0ms | ALL: attn=29.6ms mlp=62.0ms model=92.4ms
(Worker_PP1_TP7 pid=1103803) [k3t r?] step=13 tok=1 step=92.39ms | KDA: n=23 attn=18.7ms mlp=46.1ms other=0.5ms tot=65.3ms | full: n=8 attn=10.9ms mlp=15.9ms other=0.2ms tot=27.0ms | ALL: attn=29.6ms mlp=62.0ms model=92.4ms
(Worker_PP1_TP6 pid=1103802) [k3t r?] step=13 tok=1 step=92.39ms | KDA: n=23 attn=18.7ms mlp=46.1ms other=0.5ms tot=65.3ms | full: n=8 attn=10.9ms mlp=15.9ms other=0.2ms tot=27.0ms | ALL: attn=29.6ms mlp=62.0ms model=92.4ms
(Worker_PP1_TP4 pid=1103800) [k3t r?] step=13 tok=1 step=92.39ms | KDA: n=23 attn=18.7ms mlp=46.1ms other=0.5ms tot=65.3ms | full: n=8 attn=10.9ms mlp=15.9ms other=0.2ms tot=27.0ms | ALL: attn=29.6ms mlp=62.0ms model=92.4ms
(Worker_PP1_TP2 pid=1103798) [k3t r?] step=13 tok=1 step=92.39ms | KDA: n=23 attn=18.7ms mlp=46.1ms other=0.5ms tot=65.3ms | full: n=8 attn=10.9ms mlp=15.9ms other=0.2ms tot=27.0ms | ALL: attn=29.5ms mlp=62.0ms model=92.4ms
(Worker_PP1_TP0 pid=1103796) [k3t r?] step=13 tok=1 step=92.79ms | KDA: n=23 attn=9.9ms mlp=45.2ms other=8.8ms tot=64.0ms | full: n=8 attn=7.7ms mlp=15.7ms other=3.3ms tot=26.7ms | ALL: attn=17.6ms mlp=60.9ms model=92.8ms
(Worker_PP1_TP0 pid=1103796) WARNING 08-22 18:18:38 [flashinfer_all_reduce.py:78] Failed to initialize FlashInfer All Reduce workspace: [SymmDeviceMemory] Device does not support multicasting.. This is expected on GPUs without NVSwitch (e.g., NVLink bridge-only or PCIe topologies).
(Worker_PP1_TP0 pid=1103796) WARNING 08-22 18:18:38 [flashinfer_all_reduce.py:78] Failed to initialize FlashInfer All Reduce workspace: [SymmDeviceMemory] Device does not support multicasting.. This is expected on GPUs without NVSwitch (e.g., NVLink bridge-only or PCIe topologies).
(Worker_PP1_TP0 pid=1103796) WARNING 08-22 18:18:38 [flashinfer_all_reduce.py:78] Failed to initialize FlashInfer All Reduce workspace: [SymmDeviceMemory] Device does not support multicasting.. This is expected on GPUs without NVSwitch (e.g., NVLink bridge-only or PCIe topologies).
(Worker_PP1_TP0 pid=1103796) WARNING 08-22 18:18:38 [flashinfer_all_reduce.py:78] Failed to initialize FlashInfer All Reduce workspace: [SymmDeviceMemory] Device does not support multicasting.. This is expected on GPUs without NVSwitch (e.g., NVLink bridge-only or PCIe topologies).
(Worker_PP1_TP0 pid=1103796) WARNING 08-22 18:18:38 [flashinfer_all_reduce.py:78] Failed to initialize FlashInfer All Reduce workspace: [SymmDeviceMemory] Device does not support multicasting.. This is expected on GPUs without NVSwitch (e.g., NVLink bridge-only or PCIe topologies).
(Worker_PP1_TP0 pid=1103796) WARNING 08-22 18:18:38 [flashinfer_all_reduce.py:78] Failed to initialize FlashInfer All Reduce workspace: [SymmDeviceMemory] Device does not support multicasting.. This is expected on GPUs without NVSwitch (e.g., NVLink bridge-only or PCIe topologies).
(Worker_PP1_TP0 pid=1103796) WARNING 08-22 18:18:38 [flashinfer_all_reduce.py:78] Failed to initialize FlashInfer All Reduce workspace: [SymmDeviceMemory] Device does not support multicasting.. This is expected on GPUs without NVSwitch (e.g., NVLink bridge-only or PCIe topologies).
(Worker_PP1_TP0 pid=1103796) WARNING 08-22 18:18:38 [flashinfer_all_reduce.py:78] Failed to initialize FlashInfer All Reduce workspace: [SymmDeviceMemory] Device does not support multicasting.. This is expected on GPUs without NVSwitch (e.g., NVLink bridge-only or PCIe topologies).
(Worker_PP1_TP0 pid=1103796) WARNING 08-22 18:18:38 [flashinfer_all_reduce.py:78] Failed to initialize FlashInfer All Reduce workspace: [SymmDeviceMemory] Device does not support multicasting.. This is expected on GPUs without NVSwitch (e.g., NVLink bridge-only or PCIe topologies).
(Worker_PP1_TP0 pid=1103796) WARNING 08-22 18:18:38 [flashinfer_all_reduce.py:78] Failed to initialize FlashInfer All Reduce workspace: [SymmDeviceMemory] Device does not support multicasting.. This is expected on GPUs without NVSwitch (e.g., NVLink bridge-only or PCIe topologies).
(Worker_PP1_TP0 pid=1103796) WARNING 08-22 18:18:38 [flashinfer_all_reduce.py:78] Failed to initialize FlashInfer All Reduce workspace: [SymmDeviceMemory] Device does not support multicasting.. This is expected on GPUs without NVSwitch (e.g., NVLink bridge-only or PCIe topologies).
(Worker_PP1_TP0 pid=1103796) WARNING 08-22 18:18:38 [flashinfer_all_reduce.py:78] Failed to initialize FlashInfer All Reduce workspace: [SymmDeviceMemory] Device does not support multicasting.. This is expected on GPUs without NVSwitch (e.g., NVLink bridge-only or PCIe topologies).
(Worker_PP1_TP0 pid=1103796) WARNING 08-22 18:18:38 [flashinfer_all_reduce.py:78] Failed to initialize FlashInfer All Reduce workspace: [SymmDeviceMemory] Device does not support multicasting.. This is expected on GPUs without NVSwitch (e.g., NVLink bridge-only or PCIe topologies).
(Worker_PP1_TP0 pid=1103796) WARNING 08-22 18:18:38 [flashinfer_all_reduce.py:78] Failed to initialize FlashInfer All Reduce workspace: [SymmDeviceMemory] Device does not support multicasting.. This is expected on GPUs without NVSwitch (e.g., NVLink bridge-only or PCIe topologies).
(Worker_PP1_TP0 pid=1103796) WARNING 08-22 18:18:38 [flashinfer_all_reduce.py:78] Failed to initialize FlashInfer All Reduce workspace: [SymmDeviceMemory] Device does not support multicasting.. This is expected on GPUs without NVSwitch (e.g., NVLink bridge-only or PCIe topologies).
(Worker_PP1_TP0 pid=1103796) WARNING 08-22 18:18:38 [flashinfer_all_reduce.py:78] Failed to initialize FlashInfer All Reduce workspace: [SymmDeviceMemory] Device does not support multicasting.. This is expected on GPUs without NVSwitch (e.g., NVLink bridge-only or PCIe topologies).
(Worker_PP1_TP0 pid=1103796) WARNING 08-22 18:18:38 [flashinfer_all_reduce.py:78] Failed to initialize FlashInfer All Reduce workspace: [SymmDeviceMemory] Device does not support multicasting.. This is expected on GPUs without NVSwitch (e.g., NVLink bridge-only or PCIe topologies).
(Worker_PP1_TP0 pid=1103796) WARNING 08-22 18:18:38 [flashinfer_all_reduce.py:78] Failed to initialize FlashInfer All Reduce workspace: [SymmDeviceMemory] Device does not support multicasting.. This is expected on GPUs without NVSwitch (e.g., NVLink bridge-only or PCIe topologies).
(Worker_PP1_TP0 pid=1103796) WARNING 08-22 18:18:38 [flashinfer_all_reduce.py:78] Failed to initialize FlashInfer All Reduce workspace: [SymmDeviceMemory] Device does not support multicasting.. This is expected on GPUs without NVSwitch (e.g., NVLink bridge-only or PCIe topologies).
(Worker_PP1_TP0 pid=1103796) WARNING 08-22 18:18:38 [flashinfer_all_reduce.py:78] Failed to initialize FlashInfer All Reduce workspace: [SymmDeviceMemory] Device does not support multicasting.. This is expected on GPUs without NVSwitch (e.g., NVLink bridge-only or PCIe topologies).
(Worker_PP1_TP0 pid=1103796) WARNING 08-22 18:18:38 [flashinfer_all_reduce.py:78] Failed to initialize FlashInfer All Reduce workspace: [SymmDeviceMemory] Device does not support multicasting.. This is expected on GPUs without NVSwitch (e.g., NVLink bridge-only or PCIe topologies).
(Worker_PP1_TP0 pid=1103796) WARNING 08-22 18:18:38 [flashinfer_all_reduce.py:78] Failed to initialize FlashInfer All Reduce workspace: [SymmDeviceMemory] Device does not support multicasting.. This is expected on GPUs without NVSwitch (e.g., NVLink bridge-only or PCIe topologies).
(Worker_PP1_TP0 pid=1103796) WARNING 08-22 18:18:38 [flashinfer_all_reduce.py:78] Failed to initialize FlashInfer All Reduce workspace: [SymmDeviceMemory] Device does not support multicasting.. This is expected on GPUs without NVSwitch (e.g., NVLink bridge-only or PCIe topologies).
(Worker_PP1_TP0 pid=1103796) WARNING 08-22 18:18:38 [flashinfer_all_reduce.py:78] Failed to initialize FlashInfer All Reduce workspace: [SymmDeviceMemory] Device does not support multicasting.. This is expected on GPUs without NVSwitch (e.g., NVLink bridge-only or PCIe topologies).
(Worker_PP1_TP0 pid=1103796) WARNING 08-22 18:18:38 [flashinfer_all_reduce.py:78] Failed to initialize FlashInfer All Reduce workspace: [SymmDeviceMemory] Device does not support multicasting.. This is expected on GPUs without NVSwitch (e.g., NVLink bridge-only or PCIe topologies).
(Worker_PP1_TP0 pid=1103796) WARNING 08-22 18:18:38 [flashinfer_all_reduce.py:78] Failed to initialize FlashInfer All Reduce workspace: [SymmDeviceMemory] Device does not support multicasting.. This is expected on GPUs without NVSwitch (e.g., NVLink bridge-only or PCIe topologies).
(Worker_PP1_TP0 pid=1103796) WARNING 08-22 18:18:38 [flashinfer_all_reduce.py:78] Failed to initialize FlashInfer All Reduce workspace: [SymmDeviceMemory] Device does not support multicasting.. This is expected on GPUs without NVSwitch (e.g., NVLink bridge-only or PCIe topologies).
(Worker_PP1_TP0 pid=1103796) WARNING 08-22 18:18:38 [flashinfer_all_reduce.py:78] Failed to initialize FlashInfer All Reduce workspace: [SymmDeviceMemory] Device does not support multicasting.. This is expected on GPUs without NVSwitch (e.g., NVLink bridge-only or PCIe topologies).
(Worker_PP1_TP0 pid=1103796) WARNING 08-22 18:18:38 [flashinfer_all_reduce.py:78] Failed to initialize FlashInfer All Reduce workspace: [SymmDeviceMemory] Device does not support multicasting.. This is expected on GPUs without NVSwitch (e.g., NVLink bridge-only or PCIe topologies).
(Worker_PP1_TP0 pid=1103796) WARNING 08-22 18:18:38 [flashinfer_all_reduce.py:78] Failed to initialize FlashInfer All Reduce workspace: [SymmDeviceMemory] Device does not support multicasting.. This is expected on GPUs without NVSwitch (e.g., NVLink bridge-only or PCIe topologies).
(Worker_PP1_TP0 pid=1103796) WARNING 08-22 18:18:38 [flashinfer_all_reduce.py:78] Failed to initialize FlashInfer All Reduce workspace: [SymmDeviceMemory] Device does not support multicasting.. This is expected on GPUs without NVSwitch (e.g., NVLink bridge-only or PCIe topologies).
(Worker_PP1_TP7 pid=1103803) [k3t r?] step=14 tok=1 step=130.42ms | KDA: n=23 attn=26.1ms mlp=65.8ms other=0.5ms tot=92.5ms | full: n=8 attn=15.5ms mlp=22.2ms other=0.2ms tot=37.9ms | ALL: attn=41.6ms mlp=88.0ms model=130.4ms
(Worker_PP1_TP4 pid=1103800) [k3t r?] step=14 tok=1 step=130.43ms | KDA: n=23 attn=26.1ms mlp=65.8ms other=0.5ms tot=92.5ms | full: n=8 attn=15.5ms mlp=22.2ms other=0.2ms tot=37.9ms | ALL: attn=41.6ms mlp=88.0ms model=130.4ms
(Worker_PP1_TP2 pid=1103798) [k3t r?] step=14 tok=1 step=130.43ms | KDA: n=23 attn=26.1ms mlp=65.8ms other=0.5ms tot=92.5ms | full: n=8 attn=15.5ms mlp=22.2ms other=0.2ms tot=37.9ms | ALL: attn=41.6ms mlp=88.0ms model=130.4ms
(Worker_PP1_TP5 pid=1103801) [k3t r?] step=14 tok=1 step=130.43ms | KDA: n=23 attn=26.1ms mlp=65.8ms other=0.5ms tot=92.5ms | full: n=8 attn=15.5ms mlp=22.2ms other=0.2ms tot=37.9ms | ALL: attn=41.6ms mlp=88.0ms model=130.4ms
(Worker_PP1_TP3 pid=1103799) [k3t r?] step=14 tok=1 step=130.43ms | KDA: n=23 attn=26.1ms mlp=65.8ms other=0.5ms tot=92.5ms | full: n=8 attn=15.5ms mlp=22.2ms other=0.2ms tot=37.9ms | ALL: attn=41.6ms mlp=88.0ms model=130.4ms
(Worker_PP1_TP6 pid=1103802) [k3t r?] step=14 tok=1 step=130.43ms | KDA: n=23 attn=26.1ms mlp=65.8ms other=0.5ms tot=92.5ms | full: n=8 attn=15.5ms mlp=22.2ms other=0.2ms tot=37.9ms | ALL: attn=41.7ms mlp=88.0ms model=130.4ms
(Worker_PP1_TP1 pid=1103797) [k3t r?] step=14 tok=1 step=130.43ms | KDA: n=23 attn=26.1ms mlp=65.8ms other=0.5ms tot=92.5ms | full: n=8 attn=15.5ms mlp=22.2ms other=0.2ms tot=37.9ms | ALL: attn=41.6ms mlp=88.0ms model=130.4ms
(Worker_PP1_TP0 pid=1103796) [k3t r?] step=14 tok=1 step=130.82ms | KDA: n=23 attn=14.2ms mlp=63.9ms other=12.8ms tot=90.9ms | full: n=8 attn=11.5ms mlp=21.6ms other=4.0ms tot=37.1ms | ALL: attn=25.7ms mlp=85.5ms model=130.8ms
(Worker_PP1_TP0 pid=1103796) WARNING 08-22 18:18:38 [flashinfer_all_reduce.py:78] Failed to initialize FlashInfer All Reduce workspace: [SymmDeviceMemory] Device does not support multicasting.. This is expected on GPUs without NVSwitch (e.g., NVLink bridge-only or PCIe topologies).
(Worker_PP1_TP0 pid=1103796) WARNING 08-22 18:18:38 [flashinfer_all_reduce.py:78] Failed to initialize FlashInfer All Reduce workspace: [SymmDeviceMemory] Device does not support multicasting.. This is expected on GPUs without NVSwitch (e.g., NVLink bridge-only or PCIe topologies).
(Worker_PP1_TP0 pid=1103796) WARNING 08-22 18:18:38 [flashinfer_all_reduce.py:78] Failed to initialize FlashInfer All Reduce workspace: [SymmDeviceMemory] Device does not support multicasting.. This is expected on GPUs without NVSwitch (e.g., NVLink bridge-only or PCIe topologies).
(Worker_PP1_TP0 pid=1103796) WARNING 08-22 18:18:38 [flashinfer_all_reduce.py:78] Failed to initialize FlashInfer All Reduce workspace: [SymmDeviceMemory] Device does not support multicasting.. This is expected on GPUs without NVSwitch (e.g., NVLink bridge-only or PCIe topologies).
(Worker_PP1_TP0 pid=1103796) WARNING 08-22 18:18:38 [flashinfer_all_reduce.py:78] Failed to initialize FlashInfer All Reduce workspace: [SymmDeviceMemory] Device does not support multicasting.. This is expected on GPUs without NVSwitch (e.g., NVLink bridge-only or PCIe topologies).
(Worker_PP1_TP0 pid=1103796) WARNING 08-22 18:18:38 [flashinfer_all_reduce.py:78] Failed to initialize FlashInfer All Reduce workspace: [SymmDeviceMemory] Device does not support multicasting.. This is expected on GPUs without NVSwitch (e.g., NVLink bridge-only or PCIe topologies).
(Worker_PP1_TP0 pid=1103796) WARNING 08-22 18:18:38 [flashinfer_all_reduce.py:78] Failed to initialize FlashInfer All Reduce workspace: [SymmDeviceMemory] Device does not support multicasting.. This is expected on GPUs without NVSwitch (e.g., NVLink bridge-only or PCIe topologies).
(Worker_PP1_TP0 pid=1103796) WARNING 08-22 18:18:38 [flashinfer_all_reduce.py:78] Failed to initialize FlashInfer All Reduce workspace: [SymmDeviceMemory] Device does not support multicasting.. This is expected on GPUs without NVSwitch (e.g., NVLink bridge-only or PCIe topologies).
(Worker_PP1_TP0 pid=1103796) WARNING 08-22 18:18:38 [flashinfer_all_reduce.py:78] Failed to initialize FlashInfer All Reduce workspace: [SymmDeviceMemory] Device does not support multicasting.. This is expected on GPUs without NVSwitch (e.g., NVLink bridge-only or PCIe topologies).
(Worker_PP1_TP0 pid=1103796) WARNING 08-22 18:18:38 [flashinfer_all_reduce.py:78] Failed to initialize FlashInfer All Reduce workspace: [SymmDeviceMemory] Device does not support multicasting.. This is expected on GPUs without NVSwitch (e.g., NVLink bridge-only or PCIe topologies).
(Worker_PP1_TP0 pid=1103796) WARNING 08-22 18:18:38 [flashinfer_all_reduce.py:78] Failed to initialize FlashInfer All Reduce workspace: [SymmDeviceMemory] Device does not support multicasting.. This is expected on GPUs without NVSwitch (e.g., NVLink bridge-only or PCIe topologies).
(Worker_PP1_TP0 pid=1103796) WARNING 08-22 18:18:38 [flashinfer_all_reduce.py:78] Failed to initialize FlashInfer All Reduce workspace: [SymmDeviceMemory] Device does not support multicasting.. This is expected on GPUs without NVSwitch (e.g., NVLink bridge-only or PCIe topologies).
(Worker_PP1_TP0 pid=1103796) WARNING 08-22 18:18:38 [flashinfer_all_reduce.py:78] Failed to initialize FlashInfer All Reduce workspace: [SymmDeviceMemory] Device does not support multicasting.. This is expected on GPUs without NVSwitch (e.g., NVLink bridge-only or PCIe topologies).
(Worker_PP1_TP0 pid=1103796) WARNING 08-22 18:18:38 [flashinfer_all_reduce.py:78] Failed to initialize FlashInfer All Reduce workspace: [SymmDeviceMemory] Device does not support multicasting.. This is expected on GPUs without NVSwitch (e.g., NVLink bridge-only or PCIe topologies).
(Worker_PP1_TP0 pid=1103796) WARNING 08-22 18:18:38 [flashinfer_all_reduce.py:78] Failed to initialize FlashInfer All Reduce workspace: [SymmDeviceMemory] Device does not support multicasting.. This is expected on GPUs without NVSwitch (e.g., NVLink bridge-only or PCIe topologies).
(Worker_PP1_TP0 pid=1103796) WARNING 08-22 18:18:38 [flashinfer_all_reduce.py:78] Failed to initialize FlashInfer All Reduce workspace: [SymmDeviceMemory] Device does not support multicasting.. This is expected on GPUs without NVSwitch (e.g., NVLink bridge-only or PCIe topologies).
(Worker_PP1_TP0 pid=1103796) WARNING 08-22 18:18:39 [flashinfer_all_reduce.py:78] Failed to initialize FlashInfer All Reduce workspace: [SymmDeviceMemory] Device does not support multicasting.. This is expected on GPUs without NVSwitch (e.g., NVLink bridge-only or PCIe topologies).
(Worker_PP1_TP0 pid=1103796) WARNING 08-22 18:18:39 [flashinfer_all_reduce.py:78] Failed to initialize FlashInfer All Reduce workspace: [SymmDeviceMemory] Device does not support multicasting.. This is expected on GPUs without NVSwitch (e.g., NVLink bridge-only or PCIe topologies).
(Worker_PP1_TP0 pid=1103796) WARNING 08-22 18:18:39 [flashinfer_all_reduce.py:78] Failed to initialize FlashInfer All Reduce workspace: [SymmDeviceMemory] Device does not support multicasting.. This is expected on GPUs without NVSwitch (e.g., NVLink bridge-only or PCIe topologies).
(Worker_PP1_TP0 pid=1103796) WARNING 08-22 18:18:39 [flashinfer_all_reduce.py:78] Failed to initialize FlashInfer All Reduce workspace: [SymmDeviceMemory] Device does not support multicasting.. This is expected on GPUs without NVSwitch (e.g., NVLink bridge-only or PCIe topologies).
(Worker_PP1_TP0 pid=1103796) WARNING 08-22 18:18:39 [flashinfer_all_reduce.py:78] Failed to initialize FlashInfer All Reduce workspace: [SymmDeviceMemory] Device does not support multicasting.. This is expected on GPUs without NVSwitch (e.g., NVLink bridge-only or PCIe topologies).
(Worker_PP1_TP0 pid=1103796) WARNING 08-22 18:18:39 [flashinfer_all_reduce.py:78] Failed to initialize FlashInfer All Reduce workspace: [SymmDeviceMemory] Device does not support multicasting.. This is expected on GPUs without NVSwitch (e.g., NVLink bridge-only or PCIe topologies).
(Worker_PP1_TP0 pid=1103796) WARNING 08-22 18:18:39 [flashinfer_all_reduce.py:78] Failed to initialize FlashInfer All Reduce workspace: [SymmDeviceMemory] Device does not support multicasting.. This is expected on GPUs without NVSwitch (e.g., NVLink bridge-only or PCIe topologies).
(Worker_PP1_TP0 pid=1103796) WARNING 08-22 18:18:39 [flashinfer_all_reduce.py:78] Failed to initialize FlashInfer All Reduce workspace: [SymmDeviceMemory] Device does not support multicasting.. This is expected on GPUs without NVSwitch (e.g., NVLink bridge-only or PCIe topologies).
(Worker_PP1_TP0 pid=1103796) WARNING 08-22 18:18:39 [flashinfer_all_reduce.py:78] Failed to initialize FlashInfer All Reduce workspace: [SymmDeviceMemory] Device does not support multicasting.. This is expected on GPUs without NVSwitch (e.g., NVLink bridge-only or PCIe topologies).
(Worker_PP1_TP0 pid=1103796) WARNING 08-22 18:18:39 [flashinfer_all_reduce.py:78] Failed to initialize FlashInfer All Reduce workspace: [SymmDeviceMemory] Device does not support multicasting.. This is expected on GPUs without NVSwitch (e.g., NVLink bridge-only or PCIe topologies).
(Worker_PP1_TP0 pid=1103796) WARNING 08-22 18:18:39 [flashinfer_all_reduce.py:78] Failed to initialize FlashInfer All Reduce workspace: [SymmDeviceMemory] Device does not support multicasting.. This is expected on GPUs without NVSwitch (e.g., NVLink bridge-only or PCIe topologies).
(Worker_PP1_TP0 pid=1103796) WARNING 08-22 18:18:39 [flashinfer_all_reduce.py:78] Failed to initialize FlashInfer All Reduce workspace: [SymmDeviceMemory] Device does not support multicasting.. This is expected on GPUs without NVSwitch (e.g., NVLink bridge-only or PCIe topologies).
(Worker_PP1_TP0 pid=1103796) WARNING 08-22 18:18:39 [flashinfer_all_reduce.py:78] Failed to initialize FlashInfer All Reduce workspace: [SymmDeviceMemory] Device does not support multicasting.. This is expected on GPUs without NVSwitch (e.g., NVLink bridge-only or PCIe topologies).
(Worker_PP1_TP0 pid=1103796) WARNING 08-22 18:18:39 [flashinfer_all_reduce.py:78] Failed to initialize FlashInfer All Reduce workspace: [SymmDeviceMemory] Device does not support multicasting.. This is expected on GPUs without NVSwitch (e.g., NVLink bridge-only or PCIe topologies).
(Worker_PP1_TP0 pid=1103796) WARNING 08-22 18:18:39 [flashinfer_all_reduce.py:78] Failed to initialize FlashInfer All Reduce workspace: [SymmDeviceMemory] Device does not support multicasting.. This is expected on GPUs without NVSwitch (e.g., NVLink bridge-only or PCIe topologies).
(Worker_PP1_TP3 pid=1103799) [k3t r?] step=15 tok=1 step=90.78ms | KDA: n=23 attn=19.1ms mlp=45.3ms other=0.5ms tot=64.9ms | full: n=8 attn=9.6ms mlp=16.0ms other=0.2ms tot=25.8ms | ALL: attn=28.8ms mlp=61.2ms model=90.8ms
(Worker_PP1_TP7 pid=1103803) [k3t r?] step=15 tok=1 step=90.78ms | KDA: n=23 attn=18.8ms mlp=45.2ms other=0.9ms tot=64.9ms | full: n=8 attn=9.4ms mlp=16.0ms other=0.4ms tot=25.8ms | ALL: attn=28.2ms mlp=61.2ms model=90.8ms
(Worker_PP1_TP2 pid=1103798) [k3t r?] step=15 tok=1 step=90.78ms | KDA: n=23 attn=19.1ms mlp=45.2ms other=0.5ms tot=64.9ms | full: n=8 attn=9.6ms mlp=16.0ms other=0.2ms tot=25.8ms | ALL: attn=28.8ms mlp=61.2ms model=90.8ms
(Worker_PP1_TP4 pid=1103800) [k3t r?] step=15 tok=1 step=90.78ms | KDA: n=23 attn=19.1ms mlp=45.3ms other=0.5ms tot=64.9ms | full: n=8 attn=9.6ms mlp=16.0ms other=0.2ms tot=25.8ms | ALL: attn=28.7ms mlp=61.2ms model=90.8ms
(Worker_PP1_TP1 pid=1103797) [k3t r?] step=15 tok=1 step=90.78ms | KDA: n=23 attn=15.9ms mlp=44.9ms other=3.6ms tot=64.4ms | full: n=8 attn=8.7ms mlp=15.6ms other=1.3ms tot=25.6ms | ALL: attn=24.6ms mlp=60.6ms model=90.8ms
(Worker_PP1_TP5 pid=1103801) [k3t r?] step=15 tok=1 step=90.78ms | KDA: n=23 attn=19.2ms mlp=45.2ms other=0.5ms tot=64.9ms | full: n=8 attn=9.6ms mlp=16.0ms other=0.2ms tot=25.8ms | ALL: attn=28.8ms mlp=61.2ms model=90.8ms
(Worker_PP1_TP6 pid=1103802) [k3t r?] step=15 tok=1 step=90.78ms | KDA: n=23 attn=19.1ms mlp=45.3ms other=0.6ms tot=64.9ms | full: n=8 attn=9.6ms mlp=16.0ms other=0.2ms tot=25.8ms | ALL: attn=28.7ms mlp=61.2ms model=90.8ms
(Worker_PP1_TP0 pid=1103796) [k3t r?] step=15 tok=1 step=91.20ms | KDA: n=23 attn=12.5ms mlp=44.7ms other=6.9ms tot=64.0ms | full: n=8 attn=7.4ms mlp=15.6ms other=2.5ms tot=25.5ms | ALL: attn=19.9ms mlp=60.2ms model=91.2ms
(Worker_PP1_TP0 pid=1103796) WARNING 08-22 18:18:39 [flashinfer_all_reduce.py:78] Failed to initialize FlashInfer All Reduce workspace: [SymmDeviceMemory] Device does not support multicasting.. This is expected on GPUs without NVSwitch (e.g., NVLink bridge-only or PCIe topologies).
(Worker_PP1_TP0 pid=1103796) WARNING 08-22 18:18:39 [flashinfer_all_reduce.py:78] Failed to initialize FlashInfer All Reduce workspace: [SymmDeviceMemory] Device does not support multicasting.. This is expected on GPUs without NVSwitch (e.g., NVLink bridge-only or PCIe topologies).
(Worker_PP1_TP0 pid=1103796) WARNING 08-22 18:18:39 [flashinfer_all_reduce.py:78] Failed to initialize FlashInfer All Reduce workspace: [SymmDeviceMemory] Device does not support multicasting.. This is expected on GPUs without NVSwitch (e.g., NVLink bridge-only or PCIe topologies).
(Worker_PP1_TP0 pid=1103796) WARNING 08-22 18:18:39 [flashinfer_all_reduce.py:78] Failed to initialize FlashInfer All Reduce workspace: [SymmDeviceMemory] Device does not support multicasting.. This is expected on GPUs without NVSwitch (e.g., NVLink bridge-only or PCIe topologies).
(Worker_PP1_TP0 pid=1103796) WARNING 08-22 18:18:39 [flashinfer_all_reduce.py:78] Failed to initialize FlashInfer All Reduce workspace: [SymmDeviceMemory] Device does not support multicasting.. This is expected on GPUs without NVSwitch (e.g., NVLink bridge-only or PCIe topologies).
(Worker_PP1_TP0 pid=1103796) WARNING 08-22 18:18:39 [flashinfer_all_reduce.py:78] Failed to initialize FlashInfer All Reduce workspace: [SymmDeviceMemory] Device does not support multicasting.. This is expected on GPUs without NVSwitch (e.g., NVLink bridge-only or PCIe topologies).
(Worker_PP1_TP0 pid=1103796) WARNING 08-22 18:18:39 [flashinfer_all_reduce.py:78] Failed to initialize FlashInfer All Reduce workspace: [SymmDeviceMemory] Device does not support multicasting.. This is expected on GPUs without NVSwitch (e.g., NVLink bridge-only or PCIe topologies).
(Worker_PP1_TP0 pid=1103796) WARNING 08-22 18:18:39 [flashinfer_all_reduce.py:78] Failed to initialize FlashInfer All Reduce workspace: [SymmDeviceMemory] Device does not support multicasting.. This is expected on GPUs without NVSwitch (e.g., NVLink bridge-only or PCIe topologies).
(Worker_PP1_TP0 pid=1103796) WARNING 08-22 18:18:39 [flashinfer_all_reduce.py:78] Failed to initialize FlashInfer All Reduce workspace: [SymmDeviceMemory] Device does not support multicasting.. This is expected on GPUs without NVSwitch (e.g., NVLink bridge-only or PCIe topologies).
(Worker_PP1_TP0 pid=1103796) WARNING 08-22 18:18:39 [flashinfer_all_reduce.py:78] Failed to initialize FlashInfer All Reduce workspace: [SymmDeviceMemory] Device does not support multicasting.. This is expected on GPUs without NVSwitch (e.g., NVLink bridge-only or PCIe topologies).
(Worker_PP1_TP0 pid=1103796) WARNING 08-22 18:18:39 [flashinfer_all_reduce.py:78] Failed to initialize FlashInfer All Reduce workspace: [SymmDeviceMemory] Device does not support multicasting.. This is expected on GPUs without NVSwitch (e.g., NVLink bridge-only or PCIe topologies).
(Worker_PP1_TP0 pid=1103796) WARNING 08-22 18:18:39 [flashinfer_all_reduce.py:78] Failed to initialize FlashInfer All Reduce workspace: [SymmDeviceMemory] Device does not support multicasting.. This is expected on GPUs without NVSwitch (e.g., NVLink bridge-only or PCIe topologies).
(Worker_PP1_TP0 pid=1103796) WARNING 08-22 18:18:39 [flashinfer_all_reduce.py:78] Failed to initialize FlashInfer All Reduce workspace: [SymmDeviceMemory] Device does not support multicasting.. This is expected on GPUs without NVSwitch (e.g., NVLink bridge-only or PCIe topologies).
(Worker_PP1_TP0 pid=1103796) WARNING 08-22 18:18:39 [flashinfer_all_reduce.py:78] Failed to initialize FlashInfer All Reduce workspace: [SymmDeviceMemory] Device does not support multicasting.. This is expected on GPUs without NVSwitch (e.g., NVLink bridge-only or PCIe topologies).
(Worker_PP1_TP0 pid=1103796) WARNING 08-22 18:18:39 [flashinfer_all_reduce.py:78] Failed to initialize FlashInfer All Reduce workspace: [SymmDeviceMemory] Device does not support multicasting.. This is expected on GPUs without NVSwitch (e.g., NVLink bridge-only or PCIe topologies).
(Worker_PP1_TP0 pid=1103796) WARNING 08-22 18:18:39 [flashinfer_all_reduce.py:78] Failed to initialize FlashInfer All Reduce workspace: [SymmDeviceMemory] Device does not support multicasting.. This is expected on GPUs without NVSwitch (e.g., NVLink bridge-only or PCIe topologies).
(Worker_PP1_TP0 pid=1103796) WARNING 08-22 18:18:39 [flashinfer_all_reduce.py:78] Failed to initialize FlashInfer All Reduce workspace: [SymmDeviceMemory] Device does not support multicasting.. This is expected on GPUs without NVSwitch (e.g., NVLink bridge-only or PCIe topologies).
(Worker_PP1_TP0 pid=1103796) WARNING 08-22 18:18:39 [flashinfer_all_reduce.py:78] Failed to initialize FlashInfer All Reduce workspace: [SymmDeviceMemory] Device does not support multicasting.. This is expected on GPUs without NVSwitch (e.g., NVLink bridge-only or PCIe topologies).
(Worker_PP1_TP0 pid=1103796) WARNING 08-22 18:18:39 [flashinfer_all_reduce.py:78] Failed to initialize FlashInfer All Reduce workspace: [SymmDeviceMemory] Device does not support multicasting.. This is expected on GPUs without NVSwitch (e.g., NVLink bridge-only or PCIe topologies).
(Worker_PP1_TP0 pid=1103796) WARNING 08-22 18:18:39 [flashinfer_all_reduce.py:78] Failed to initialize FlashInfer All Reduce workspace: [SymmDeviceMemory] Device does not support multicasting.. This is expected on GPUs without NVSwitch (e.g., NVLink bridge-only or PCIe topologies).
(Worker_PP1_TP0 pid=1103796) WARNING 08-22 18:18:39 [flashinfer_all_reduce.py:78] Failed to initialize FlashInfer All Reduce workspace: [SymmDeviceMemory] Device does not support multicasting.. This is expected on GPUs without NVSwitch (e.g., NVLink bridge-only or PCIe topologies).
(Worker_PP1_TP0 pid=1103796) WARNING 08-22 18:18:39 [flashinfer_all_reduce.py:78] Failed to initialize FlashInfer All Reduce workspace: [SymmDeviceMemory] Device does not support multicasting.. This is expected on GPUs without NVSwitch (e.g., NVLink bridge-only or PCIe topologies).
(Worker_PP1_TP0 pid=1103796) WARNING 08-22 18:18:39 [flashinfer_all_reduce.py:78] Failed to initialize FlashInfer All Reduce workspace: [SymmDeviceMemory] Device does not support multicasting.. This is expected on GPUs without NVSwitch (e.g., NVLink bridge-only or PCIe topologies).
(Worker_PP1_TP0 pid=1103796) WARNING 08-22 18:18:39 [flashinfer_all_reduce.py:78] Failed to initialize FlashInfer All Reduce workspace: [SymmDeviceMemory] Device does not support multicasting.. This is expected on GPUs without NVSwitch (e.g., NVLink bridge-only or PCIe topologies).
(Worker_PP1_TP0 pid=1103796) WARNING 08-22 18:18:39 [flashinfer_all_reduce.py:78] Failed to initialize FlashInfer All Reduce workspace: [SymmDeviceMemory] Device does not support multicasting.. This is expected on GPUs without NVSwitch (e.g., NVLink bridge-only or PCIe topologies).
(Worker_PP1_TP0 pid=1103796) WARNING 08-22 18:18:39 [flashinfer_all_reduce.py:78] Failed to initialize FlashInfer All Reduce workspace: [SymmDeviceMemory] Device does not support multicasting.. This is expected on GPUs without NVSwitch (e.g., NVLink bridge-only or PCIe topologies).
(Worker_PP1_TP0 pid=1103796) WARNING 08-22 18:18:39 [flashinfer_all_reduce.py:78] Failed to initialize FlashInfer All Reduce workspace: [SymmDeviceMemory] Device does not support multicasting.. This is expected on GPUs without NVSwitch (e.g., NVLink bridge-only or PCIe topologies).
(Worker_PP1_TP0 pid=1103796) WARNING 08-22 18:18:39 [flashinfer_all_reduce.py:78] Failed to initialize FlashInfer All Reduce workspace: [SymmDeviceMemory] Device does not support multicasting.. This is expected on GPUs without NVSwitch (e.g., NVLink bridge-only or PCIe topologies).
(Worker_PP1_TP0 pid=1103796) WARNING 08-22 18:18:39 [flashinfer_all_reduce.py:78] Failed to initialize FlashInfer All Reduce workspace: [SymmDeviceMemory] Device does not support multicasting.. This is expected on GPUs without NVSwitch (e.g., NVLink bridge-only or PCIe topologies).
(Worker_PP1_TP0 pid=1103796) WARNING 08-22 18:18:39 [flashinfer_all_reduce.py:78] Failed to initialize FlashInfer All Reduce workspace: [SymmDeviceMemory] Device does not support multicasting.. This is expected on GPUs without NVSwitch (e.g., NVLink bridge-only or PCIe topologies).
(Worker_PP1_TP0 pid=1103796) WARNING 08-22 18:18:39 [flashinfer_all_reduce.py:78] Failed to initialize FlashInfer All Reduce workspace: [SymmDeviceMemory] Device does not support multicasting.. This is expected on GPUs without NVSwitch (e.g., NVLink bridge-only or PCIe topologies).
(Worker_PP1_TP4 pid=1103800) [k3t r?] step=16 tok=1 step=90.73ms | KDA: n=23 attn=18.9ms mlp=44.9ms other=0.5ms tot=64.3ms | full: n=8 attn=10.7ms mlp=15.5ms other=0.2ms tot=26.4ms | ALL: attn=29.6ms mlp=60.4ms model=90.7ms
(Worker_PP1_TP7 pid=1103803) [k3t r?] step=16 tok=1 step=90.74ms | KDA: n=23 attn=18.9ms mlp=44.9ms other=0.5ms tot=64.3ms | full: n=8 attn=10.7ms mlp=15.5ms other=0.2ms tot=26.4ms | ALL: attn=29.6ms mlp=60.4ms model=90.7ms
(Worker_PP1_TP3 pid=1103799) [k3t r?] step=16 tok=1 step=90.74ms | KDA: n=23 attn=18.9ms mlp=44.8ms other=0.5ms tot=64.3ms | full: n=8 attn=10.7ms mlp=15.5ms other=0.2ms tot=26.4ms | ALL: attn=29.6ms mlp=60.4ms model=90.7ms
(Worker_PP1_TP1 pid=1103797) [k3t r?] step=16 tok=1 step=90.74ms | KDA: n=23 attn=14.9ms mlp=44.3ms other=4.1ms tot=63.4ms | full: n=8 attn=9.4ms mlp=15.4ms other=1.6ms tot=26.4ms | ALL: attn=24.4ms mlp=59.7ms model=90.7ms
(Worker_PP1_TP2 pid=1103798) [k3t r?] step=16 tok=1 step=90.74ms | KDA: n=23 attn=18.9ms mlp=44.9ms other=0.5ms tot=64.3ms | full: n=8 attn=10.7ms mlp=15.5ms other=0.2ms tot=26.3ms | ALL: attn=29.5ms mlp=60.4ms model=90.7ms
(Worker_PP1_TP5 pid=1103801) [k3t r?] step=16 tok=1 step=90.74ms | KDA: n=23 attn=17.4ms mlp=44.5ms other=2.1ms tot=63.9ms | full: n=8 attn=10.1ms mlp=15.5ms other=0.8ms tot=26.4ms | ALL: attn=27.4ms mlp=60.0ms model=90.7ms
(Worker_PP1_TP6 pid=1103802) [k3t r?] step=16 tok=1 step=90.73ms | KDA: n=23 attn=18.9ms mlp=44.9ms other=0.5ms tot=64.3ms | full: n=8 attn=10.7ms mlp=15.5ms other=0.2ms tot=26.4ms | ALL: attn=29.5ms mlp=60.4ms model=90.7ms
(Worker_PP1_TP0 pid=1103796) [k3t r?] step=16 tok=1 step=91.09ms | KDA: n=23 attn=12.6ms mlp=44.3ms other=6.5ms tot=63.4ms | full: n=8 attn=8.8ms mlp=15.3ms other=2.0ms tot=26.1ms | ALL: attn=21.4ms mlp=59.7ms model=91.1ms
(Worker_PP1_TP0 pid=1103796) WARNING 08-22 18:18:39 [flashinfer_all_reduce.py:78] Failed to initialize FlashInfer All Reduce workspace: [SymmDeviceMemory] Device does not support multicasting.. This is expected on GPUs without NVSwitch (e.g., NVLink bridge-only or PCIe topologies).
(Worker_PP1_TP0 pid=1103796) WARNING 08-22 18:18:39 [flashinfer_all_reduce.py:78] Failed to initialize FlashInfer All Reduce workspace: [SymmDeviceMemory] Device does not support multicasting.. This is expected on GPUs without NVSwitch (e.g., NVLink bridge-only or PCIe topologies).
(Worker_PP1_TP0 pid=1103796) WARNING 08-22 18:18:39 [flashinfer_all_reduce.py:78] Failed to initialize FlashInfer All Reduce workspace: [SymmDeviceMemory] Device does not support multicasting.. This is expected on GPUs without NVSwitch (e.g., NVLink bridge-only or PCIe topologies).
(Worker_PP1_TP0 pid=1103796) WARNING 08-22 18:18:39 [flashinfer_all_reduce.py:78] Failed to initialize FlashInfer All Reduce workspace: [SymmDeviceMemory] Device does not support multicasting.. This is expected on GPUs without NVSwitch (e.g., NVLink bridge-only or PCIe topologies).
(Worker_PP1_TP0 pid=1103796) WARNING 08-22 18:18:39 [flashinfer_all_reduce.py:78] Failed to initialize FlashInfer All Reduce workspace: [SymmDeviceMemory] Device does not support multicasting.. This is expected on GPUs without NVSwitch (e.g., NVLink bridge-only or PCIe topologies).
(Worker_PP1_TP0 pid=1103796) WARNING 08-22 18:18:39 [flashinfer_all_reduce.py:78] Failed to initialize FlashInfer All Reduce workspace: [SymmDeviceMemory] Device does not support multicasting.. This is expected on GPUs without NVSwitch (e.g., NVLink bridge-only or PCIe topologies).
(Worker_PP1_TP0 pid=1103796) WARNING 08-22 18:18:39 [flashinfer_all_reduce.py:78] Failed to initialize FlashInfer All Reduce workspace: [SymmDeviceMemory] Device does not support multicasting.. This is expected on GPUs without NVSwitch (e.g., NVLink bridge-only or PCIe topologies).
(Worker_PP1_TP0 pid=1103796) WARNING 08-22 18:18:39 [flashinfer_all_reduce.py:78] Failed to initialize FlashInfer All Reduce workspace: [SymmDeviceMemory] Device does not support multicasting.. This is expected on GPUs without NVSwitch (e.g., NVLink bridge-only or PCIe topologies).
(Worker_PP1_TP0 pid=1103796) WARNING 08-22 18:18:39 [flashinfer_all_reduce.py:78] Failed to initialize FlashInfer All Reduce workspace: [SymmDeviceMemory] Device does not support multicasting.. This is expected on GPUs without NVSwitch (e.g., NVLink bridge-only or PCIe topologies).
(Worker_PP1_TP0 pid=1103796) WARNING 08-22 18:18:39 [flashinfer_all_reduce.py:78] Failed to initialize FlashInfer All Reduce workspace: [SymmDeviceMemory] Device does not support multicasting.. This is expected on GPUs without NVSwitch (e.g., NVLink bridge-only or PCIe topologies).
(Worker_PP1_TP0 pid=1103796) WARNING 08-22 18:18:39 [flashinfer_all_reduce.py:78] Failed to initialize FlashInfer All Reduce workspace: [SymmDeviceMemory] Device does not support multicasting.. This is expected on GPUs without NVSwitch (e.g., NVLink bridge-only or PCIe topologies).
(Worker_PP1_TP0 pid=1103796) WARNING 08-22 18:18:39 [flashinfer_all_reduce.py:78] Failed to initialize FlashInfer All Reduce workspace: [SymmDeviceMemory] Device does not support multicasting.. This is expected on GPUs without NVSwitch (e.g., NVLink bridge-only or PCIe topologies).
(Worker_PP1_TP0 pid=1103796) WARNING 08-22 18:18:39 [flashinfer_all_reduce.py:78] Failed to initialize FlashInfer All Reduce workspace: [SymmDeviceMemory] Device does not support multicasting.. This is expected on GPUs without NVSwitch (e.g., NVLink bridge-only or PCIe topologies).
(Worker_PP1_TP0 pid=1103796) WARNING 08-22 18:18:39 [flashinfer_all_reduce.py:78] Failed to initialize FlashInfer All Reduce workspace: [SymmDeviceMemory] Device does not support multicasting.. This is expected on GPUs without NVSwitch (e.g., NVLink bridge-only or PCIe topologies).
(Worker_PP1_TP0 pid=1103796) WARNING 08-22 18:18:39 [flashinfer_all_reduce.py:78] Failed to initialize FlashInfer All Reduce workspace: [SymmDeviceMemory] Device does not support multicasting.. This is expected on GPUs without NVSwitch (e.g., NVLink bridge-only or PCIe topologies).
(Worker_PP1_TP0 pid=1103796) WARNING 08-22 18:18:39 [flashinfer_all_reduce.py:78] Failed to initialize FlashInfer All Reduce workspace: [SymmDeviceMemory] Device does not support multicasting.. This is expected on GPUs without NVSwitch (e.g., NVLink bridge-only or PCIe topologies).
(Worker_PP1_TP0 pid=1103796) WARNING 08-22 18:18:39 [flashinfer_all_reduce.py:78] Failed to initialize FlashInfer All Reduce workspace: [SymmDeviceMemory] Device does not support multicasting.. This is expected on GPUs without NVSwitch (e.g., NVLink bridge-only or PCIe topologies).
(Worker_PP1_TP0 pid=1103796) WARNING 08-22 18:18:39 [flashinfer_all_reduce.py:78] Failed to initialize FlashInfer All Reduce workspace: [SymmDeviceMemory] Device does not support multicasting.. This is expected on GPUs without NVSwitch (e.g., NVLink bridge-only or PCIe topologies).
(Worker_PP1_TP0 pid=1103796) WARNING 08-22 18:18:39 [flashinfer_all_reduce.py:78] Failed to initialize FlashInfer All Reduce workspace: [SymmDeviceMemory] Device does not support multicasting.. This is expected on GPUs without NVSwitch (e.g., NVLink bridge-only or PCIe topologies).
(Worker_PP1_TP0 pid=1103796) WARNING 08-22 18:18:39 [flashinfer_all_reduce.py:78] Failed to initialize FlashInfer All Reduce workspace: [SymmDeviceMemory] Device does not support multicasting.. This is expected on GPUs without NVSwitch (e.g., NVLink bridge-only or PCIe topologies).
(Worker_PP1_TP0 pid=1103796) WARNING 08-22 18:18:39 [flashinfer_all_reduce.py:78] Failed to initialize FlashInfer All Reduce workspace: [SymmDeviceMemory] Device does not support multicasting.. This is expected on GPUs without NVSwitch (e.g., NVLink bridge-only or PCIe topologies).
(Worker_PP1_TP0 pid=1103796) WARNING 08-22 18:18:39 [flashinfer_all_reduce.py:78] Failed to initialize FlashInfer All Reduce workspace: [SymmDeviceMemory] Device does not support multicasting.. This is expected on GPUs without NVSwitch (e.g., NVLink bridge-only or PCIe topologies).
(Worker_PP1_TP0 pid=1103796) WARNING 08-22 18:18:39 [flashinfer_all_reduce.py:78] Failed to initialize FlashInfer All Reduce workspace: [SymmDeviceMemory] Device does not support multicasting.. This is expected on GPUs without NVSwitch (e.g., NVLink bridge-only or PCIe topologies).
(Worker_PP1_TP0 pid=1103796) WARNING 08-22 18:18:39 [flashinfer_all_reduce.py:78] Failed to initialize FlashInfer All Reduce workspace: [SymmDeviceMemory] Device does not support multicasting.. This is expected on GPUs without NVSwitch (e.g., NVLink bridge-only or PCIe topologies).
(Worker_PP1_TP0 pid=1103796) WARNING 08-22 18:18:39 [flashinfer_all_reduce.py:78] Failed to initialize FlashInfer All Reduce workspace: [SymmDeviceMemory] Device does not support multicasting.. This is expected on GPUs without NVSwitch (e.g., NVLink bridge-only or PCIe topologies).
(Worker_PP1_TP0 pid=1103796) WARNING 08-22 18:18:39 [flashinfer_all_reduce.py:78] Failed to initialize FlashInfer All Reduce workspace: [SymmDeviceMemory] Device does not support multicasting.. This is expected on GPUs without NVSwitch (e.g., NVLink bridge-only or PCIe topologies).
(Worker_PP1_TP0 pid=1103796) WARNING 08-22 18:18:39 [flashinfer_all_reduce.py:78] Failed to initialize FlashInfer All Reduce workspace: [SymmDeviceMemory] Device does not support multicasting.. This is expected on GPUs without NVSwitch (e.g., NVLink bridge-only or PCIe topologies).
(Worker_PP1_TP0 pid=1103796) WARNING 08-22 18:18:39 [flashinfer_all_reduce.py:78] Failed to initialize FlashInfer All Reduce workspace: [SymmDeviceMemory] Device does not support multicasting.. This is expected on GPUs without NVSwitch (e.g., NVLink bridge-only or PCIe topologies).
(Worker_PP1_TP0 pid=1103796) WARNING 08-22 18:18:39 [flashinfer_all_reduce.py:78] Failed to initialize FlashInfer All Reduce workspace: [SymmDeviceMemory] Device does not support multicasting.. This is expected on GPUs without NVSwitch (e.g., NVLink bridge-only or PCIe topologies).
(Worker_PP1_TP0 pid=1103796) WARNING 08-22 18:18:39 [flashinfer_all_reduce.py:78] Failed to initialize FlashInfer All Reduce workspace: [SymmDeviceMemory] Device does not support multicasting.. This is expected on GPUs without NVSwitch (e.g., NVLink bridge-only or PCIe topologies).
(Worker_PP1_TP0 pid=1103796) WARNING 08-22 18:18:39 [flashinfer_all_reduce.py:78] Failed to initialize FlashInfer All Reduce workspace: [SymmDeviceMemory] Device does not support multicasting.. This is expected on GPUs without NVSwitch (e.g., NVLink bridge-only or PCIe topologies).
(Worker_PP1_TP0 pid=1103796) [k3t r?] step=17 tok=1 step=86.84ms | KDA: n=23 attn=19.1ms mlp=43.8ms other=0.6ms tot=63.6ms | full: n=8 attn=9.5ms mlp=13.5ms other=0.2ms tot=23.2ms | ALL: attn=28.6ms mlp=57.4ms model=86.8ms
(Worker_PP1_TP4 pid=1103800) [k3t r?] step=17 tok=1 step=86.84ms | KDA: n=23 attn=19.2ms mlp=43.9ms other=0.5ms tot=63.6ms | full: n=8 attn=9.5ms mlp=13.5ms other=0.2ms tot=23.2ms | ALL: attn=28.6ms mlp=57.4ms model=86.8ms
(Worker_PP1_TP3 pid=1103799) [k3t r?] step=17 tok=1 step=86.84ms | KDA: n=23 attn=19.2ms mlp=43.9ms other=0.5ms tot=63.6ms | full: n=8 attn=9.4ms mlp=13.5ms other=0.2ms tot=23.2ms | ALL: attn=28.6ms mlp=57.4ms model=86.8ms
(Worker_PP1_TP6 pid=1103802) [k3t r?] step=17 tok=1 step=86.84ms | KDA: n=23 attn=19.2ms mlp=43.9ms other=0.5ms tot=63.6ms | full: n=8 attn=9.4ms mlp=13.5ms other=0.2ms tot=23.2ms | ALL: attn=28.6ms mlp=57.4ms model=86.8ms
(Worker_PP1_TP1 pid=1103797) [k3t r?] step=17 tok=1 step=86.84ms | KDA: n=23 attn=13.7ms mlp=43.4ms other=5.3ms tot=62.4ms | full: n=8 attn=8.0ms mlp=13.6ms other=1.6ms tot=23.2ms | ALL: attn=21.7ms mlp=57.0ms model=86.8ms
(Worker_PP1_TP2 pid=1103798) [k3t r?] step=17 tok=1 step=86.84ms | KDA: n=23 attn=19.2ms mlp=43.9ms other=0.5ms tot=63.6ms | full: n=8 attn=9.4ms mlp=13.5ms other=0.2ms tot=23.2ms | ALL: attn=28.6ms mlp=57.4ms model=86.8ms
(Worker_PP1_TP5 pid=1103801) [k3t r?] step=17 tok=1 step=86.84ms | KDA: n=23 attn=19.2ms mlp=43.9ms other=0.5ms tot=63.6ms | full: n=8 attn=9.4ms mlp=13.5ms other=0.2ms tot=23.2ms | ALL: attn=28.6ms mlp=57.4ms model=86.8ms
(Worker_PP1_TP7 pid=1103803) [k3t r?] step=17 tok=1 step=87.16ms | KDA: n=23 attn=12.9ms mlp=43.4ms other=6.4ms tot=62.7ms | full: n=8 attn=7.5ms mlp=13.3ms other=2.0ms tot=22.9ms | ALL: attn=20.4ms mlp=56.7ms model=87.2ms
(Worker_PP1_TP0 pid=1103796) WARNING 08-22 18:18:40 [flashinfer_all_reduce.py:78] Failed to initialize FlashInfer All Reduce workspace: [SymmDeviceMemory] Device does not support multicasting.. This is expected on GPUs without NVSwitch (e.g., NVLink bridge-only or PCIe topologies).
(Worker_PP1_TP0 pid=1103796) WARNING 08-22 18:18:40 [flashinfer_all_reduce.py:78] Failed to initialize FlashInfer All Reduce workspace: [SymmDeviceMemory] Device does not support multicasting.. This is expected on GPUs without NVSwitch (e.g., NVLink bridge-only or PCIe topologies).
(Worker_PP1_TP0 pid=1103796) WARNING 08-22 18:18:40 [flashinfer_all_reduce.py:78] Failed to initialize FlashInfer All Reduce workspace: [SymmDeviceMemory] Device does not support multicasting.. This is expected on GPUs without NVSwitch (e.g., NVLink bridge-only or PCIe topologies).
(Worker_PP1_TP0 pid=1103796) WARNING 08-22 18:18:40 [flashinfer_all_reduce.py:78] Failed to initialize FlashInfer All Reduce workspace: [SymmDeviceMemory] Device does not support multicasting.. This is expected on GPUs without NVSwitch (e.g., NVLink bridge-only or PCIe topologies).
(Worker_PP1_TP0 pid=1103796) WARNING 08-22 18:18:40 [flashinfer_all_reduce.py:78] Failed to initialize FlashInfer All Reduce workspace: [SymmDeviceMemory] Device does not support multicasting.. This is expected on GPUs without NVSwitch (e.g., NVLink bridge-only or PCIe topologies).
(Worker_PP1_TP0 pid=1103796) WARNING 08-22 18:18:40 [flashinfer_all_reduce.py:78] Failed to initialize FlashInfer All Reduce workspace: [SymmDeviceMemory] Device does not support multicasting.. This is expected on GPUs without NVSwitch (e.g., NVLink bridge-only or PCIe topologies).
(Worker_PP1_TP0 pid=1103796) WARNING 08-22 18:18:40 [flashinfer_all_reduce.py:78] Failed to initialize FlashInfer All Reduce workspace: [SymmDeviceMemory] Device does not support multicasting.. This is expected on GPUs without NVSwitch (e.g., NVLink bridge-only or PCIe topologies).
(Worker_PP1_TP0 pid=1103796) WARNING 08-22 18:18:40 [flashinfer_all_reduce.py:78] Failed to initialize FlashInfer All Reduce workspace: [SymmDeviceMemory] Device does not support multicasting.. This is expected on GPUs without NVSwitch (e.g., NVLink bridge-only or PCIe topologies).
(Worker_PP1_TP0 pid=1103796) WARNING 08-22 18:18:40 [flashinfer_all_reduce.py:78] Failed to initialize FlashInfer All Reduce workspace: [SymmDeviceMemory] Device does not support multicasting.. This is expected on GPUs without NVSwitch (e.g., NVLink bridge-only or PCIe topologies).
(Worker_PP1_TP0 pid=1103796) WARNING 08-22 18:18:40 [flashinfer_all_reduce.py:78] Failed to initialize FlashInfer All Reduce workspace: [SymmDeviceMemory] Device does not support multicasting.. This is expected on GPUs without NVSwitch (e.g., NVLink bridge-only or PCIe topologies).
(Worker_PP1_TP0 pid=1103796) WARNING 08-22 18:18:40 [flashinfer_all_reduce.py:78] Failed to initialize FlashInfer All Reduce workspace: [SymmDeviceMemory] Device does not support multicasting.. This is expected on GPUs without NVSwitch (e.g., NVLink bridge-only or PCIe topologies).
(Worker_PP1_TP0 pid=1103796) WARNING 08-22 18:18:40 [flashinfer_all_reduce.py:78] Failed to initialize FlashInfer All Reduce workspace: [SymmDeviceMemory] Device does not support multicasting.. This is expected on GPUs without NVSwitch (e.g., NVLink bridge-only or PCIe topologies).
(Worker_PP1_TP0 pid=1103796) WARNING 08-22 18:18:40 [flashinfer_all_reduce.py:78] Failed to initialize FlashInfer All Reduce workspace: [SymmDeviceMemory] Device does not support multicasting.. This is expected on GPUs without NVSwitch (e.g., NVLink bridge-only or PCIe topologies).
(Worker_PP1_TP0 pid=1103796) WARNING 08-22 18:18:40 [flashinfer_all_reduce.py:78] Failed to initialize FlashInfer All Reduce workspace: [SymmDeviceMemory] Device does not support multicasting.. This is expected on GPUs without NVSwitch (e.g., NVLink bridge-only or PCIe topologies).
(Worker_PP1_TP0 pid=1103796) WARNING 08-22 18:18:40 [flashinfer_all_reduce.py:78] Failed to initialize FlashInfer All Reduce workspace: [SymmDeviceMemory] Device does not support multicasting.. This is expected on GPUs without NVSwitch (e.g., NVLink bridge-only or PCIe topologies).
(Worker_PP1_TP0 pid=1103796) WARNING 08-22 18:18:40 [flashinfer_all_reduce.py:78] Failed to initialize FlashInfer All Reduce workspace: [SymmDeviceMemory] Device does not support multicasting.. This is expected on GPUs without NVSwitch (e.g., NVLink bridge-only or PCIe topologies).
(Worker_PP1_TP0 pid=1103796) WARNING 08-22 18:18:40 [flashinfer_all_reduce.py:78] Failed to initialize FlashInfer All Reduce workspace: [SymmDeviceMemory] Device does not support multicasting.. This is expected on GPUs without NVSwitch (e.g., NVLink bridge-only or PCIe topologies).
(Worker_PP1_TP0 pid=1103796) WARNING 08-22 18:18:40 [flashinfer_all_reduce.py:78] Failed to initialize FlashInfer All Reduce workspace: [SymmDeviceMemory] Device does not support multicasting.. This is expected on GPUs without NVSwitch (e.g., NVLink bridge-only or PCIe topologies).
(Worker_PP1_TP0 pid=1103796) WARNING 08-22 18:18:40 [flashinfer_all_reduce.py:78] Failed to initialize FlashInfer All Reduce workspace: [SymmDeviceMemory] Device does not support multicasting.. This is expected on GPUs without NVSwitch (e.g., NVLink bridge-only or PCIe topologies).
(Worker_PP1_TP0 pid=1103796) WARNING 08-22 18:18:40 [flashinfer_all_reduce.py:78] Failed to initialize FlashInfer All Reduce workspace: [SymmDeviceMemory] Device does not support multicasting.. This is expected on GPUs without NVSwitch (e.g., NVLink bridge-only or PCIe topologies).
(Worker_PP1_TP0 pid=1103796) WARNING 08-22 18:18:40 [flashinfer_all_reduce.py:78] Failed to initialize FlashInfer All Reduce workspace: [SymmDeviceMemory] Device does not support multicasting.. This is expected on GPUs without NVSwitch (e.g., NVLink bridge-only or PCIe topologies).
(Worker_PP1_TP0 pid=1103796) WARNING 08-22 18:18:40 [flashinfer_all_reduce.py:78] Failed to initialize FlashInfer All Reduce workspace: [SymmDeviceMemory] Device does not support multicasting.. This is expected on GPUs without NVSwitch (e.g., NVLink bridge-only or PCIe topologies).
(Worker_PP1_TP0 pid=1103796) WARNING 08-22 18:18:40 [flashinfer_all_reduce.py:78] Failed to initialize FlashInfer All Reduce workspace: [SymmDeviceMemory] Device does not support multicasting.. This is expected on GPUs without NVSwitch (e.g., NVLink bridge-only or PCIe topologies).
(Worker_PP1_TP0 pid=1103796) WARNING 08-22 18:18:40 [flashinfer_all_reduce.py:78] Failed to initialize FlashInfer All Reduce workspace: [SymmDeviceMemory] Device does not support multicasting.. This is expected on GPUs without NVSwitch (e.g., NVLink bridge-only or PCIe topologies).
(Worker_PP1_TP0 pid=1103796) WARNING 08-22 18:18:40 [flashinfer_all_reduce.py:78] Failed to initialize FlashInfer All Reduce workspace: [SymmDeviceMemory] Device does not support multicasting.. This is expected on GPUs without NVSwitch (e.g., NVLink bridge-only or PCIe topologies).
(Worker_PP1_TP0 pid=1103796) WARNING 08-22 18:18:40 [flashinfer_all_reduce.py:78] Failed to initialize FlashInfer All Reduce workspace: [SymmDeviceMemory] Device does not support multicasting.. This is expected on GPUs without NVSwitch (e.g., NVLink bridge-only or PCIe topologies).
(Worker_PP1_TP0 pid=1103796) WARNING 08-22 18:18:40 [flashinfer_all_reduce.py:78] Failed to initialize FlashInfer All Reduce workspace: [SymmDeviceMemory] Device does not support multicasting.. This is expected on GPUs without NVSwitch (e.g., NVLink bridge-only or PCIe topologies).
(Worker_PP1_TP0 pid=1103796) WARNING 08-22 18:18:40 [flashinfer_all_reduce.py:78] Failed to initialize FlashInfer All Reduce workspace: [SymmDeviceMemory] Device does not support multicasting.. This is expected on GPUs without NVSwitch (e.g., NVLink bridge-only or PCIe topologies).
(Worker_PP1_TP0 pid=1103796) WARNING 08-22 18:18:40 [flashinfer_all_reduce.py:78] Failed to initialize FlashInfer All Reduce workspace: [SymmDeviceMemory] Device does not support multicasting.. This is expected on GPUs without NVSwitch (e.g., NVLink bridge-only or PCIe topologies).
(Worker_PP1_TP0 pid=1103796) WARNING 08-22 18:18:40 [flashinfer_all_reduce.py:78] Failed to initialize FlashInfer All Reduce workspace: [SymmDeviceMemory] Device does not support multicasting.. This is expected on GPUs without NVSwitch (e.g., NVLink bridge-only or PCIe topologies).
(Worker_PP1_TP0 pid=1103796) WARNING 08-22 18:18:40 [flashinfer_all_reduce.py:78] Failed to initialize FlashInfer All Reduce workspace: [SymmDeviceMemory] Device does not support multicasting.. This is expected on GPUs without NVSwitch (e.g., NVLink bridge-only or PCIe topologies).
(Worker_PP1_TP4 pid=1103800) [k3t r?] step=18 tok=1 step=85.28ms | KDA: n=23 attn=18.4ms mlp=43.5ms other=0.5ms tot=62.4ms | full: n=8 attn=9.3ms mlp=13.3ms other=0.2ms tot=22.8ms | ALL: attn=27.7ms mlp=56.8ms model=85.3ms
(Worker_PP1_TP3 pid=1103799) [k3t r?] step=18 tok=1 step=85.28ms | KDA: n=23 attn=18.4ms mlp=43.5ms other=0.5ms tot=62.4ms | full: n=8 attn=9.3ms mlp=13.3ms other=0.2ms tot=22.7ms | ALL: attn=27.7ms mlp=56.8ms model=85.3ms
(Worker_PP1_TP7 pid=1103803) [k3t r?] step=18 tok=1 step=85.29ms | KDA: n=23 attn=18.4ms mlp=43.5ms other=0.6ms tot=62.5ms | full: n=8 attn=9.3ms mlp=13.3ms other=0.2ms tot=22.7ms | ALL: attn=27.7ms mlp=56.8ms model=85.3ms
(Worker_PP1_TP6 pid=1103802) [k3t r?] step=18 tok=1 step=85.28ms | KDA: n=23 attn=18.4ms mlp=43.5ms other=0.5ms tot=62.4ms | full: n=8 attn=9.3ms mlp=13.3ms other=0.2ms tot=22.7ms | ALL: attn=27.7ms mlp=56.8ms model=85.3ms
(Worker_PP1_TP2 pid=1103798) [k3t r?] step=18 tok=1 step=85.28ms | KDA: n=23 attn=18.4ms mlp=43.5ms other=0.5ms tot=62.5ms | full: n=8 attn=9.3ms mlp=13.3ms other=0.2ms tot=22.7ms | ALL: attn=27.7ms mlp=56.8ms model=85.3ms
(Worker_PP1_TP1 pid=1103797) [k3t r?] step=18 tok=1 step=85.29ms | KDA: n=23 attn=12.4ms mlp=42.5ms other=6.3ms tot=61.3ms | full: n=8 attn=7.3ms mlp=13.0ms other=2.2ms tot=22.5ms | ALL: attn=19.8ms mlp=55.5ms model=85.3ms
(Worker_PP1_TP5 pid=1103801) [k3t r?] step=18 tok=1 step=85.50ms | KDA: n=23 attn=14.3ms mlp=42.9ms other=4.6ms tot=61.8ms | full: n=8 attn=8.1ms mlp=13.1ms other=1.5ms tot=22.6ms | ALL: attn=22.4ms mlp=56.0ms model=85.5ms
(Worker_PP1_TP0 pid=1103796) [k3t r?] step=18 tok=1 step=85.65ms | KDA: n=23 attn=15.5ms mlp=43.7ms other=3.1ms tot=62.2ms | full: n=8 attn=8.4ms mlp=13.2ms other=0.9ms tot=22.5ms | ALL: attn=23.9ms mlp=56.9ms model=85.6ms
(Worker_PP1_TP0 pid=1103796) WARNING 08-22 18:18:40 [flashinfer_all_reduce.py:78] Failed to initialize FlashInfer All Reduce workspace: [SymmDeviceMemory] Device does not support multicasting.. This is expected on GPUs without NVSwitch (e.g., NVLink bridge-only or PCIe topologies).
(Worker_PP1_TP0 pid=1103796) WARNING 08-22 18:18:40 [flashinfer_all_reduce.py:78] Failed to initialize FlashInfer All Reduce workspace: [SymmDeviceMemory] Device does not support multicasting.. This is expected on GPUs without NVSwitch (e.g., NVLink bridge-only or PCIe topologies).
(Worker_PP1_TP0 pid=1103796) WARNING 08-22 18:18:40 [flashinfer_all_reduce.py:78] Failed to initialize FlashInfer All Reduce workspace: [SymmDeviceMemory] Device does not support multicasting.. This is expected on GPUs without NVSwitch (e.g., NVLink bridge-only or PCIe topologies).
(Worker_PP1_TP0 pid=1103796) WARNING 08-22 18:18:40 [flashinfer_all_reduce.py:78] Failed to initialize FlashInfer All Reduce workspace: [SymmDeviceMemory] Device does not support multicasting.. This is expected on GPUs without NVSwitch (e.g., NVLink bridge-only or PCIe topologies).
(Worker_PP1_TP0 pid=1103796) WARNING 08-22 18:18:40 [flashinfer_all_reduce.py:78] Failed to initialize FlashInfer All Reduce workspace: [SymmDeviceMemory] Device does not support multicasting.. This is expected on GPUs without NVSwitch (e.g., NVLink bridge-only or PCIe topologies).
(Worker_PP1_TP0 pid=1103796) WARNING 08-22 18:18:40 [flashinfer_all_reduce.py:78] Failed to initialize FlashInfer All Reduce workspace: [SymmDeviceMemory] Device does not support multicasting.. This is expected on GPUs without NVSwitch (e.g., NVLink bridge-only or PCIe topologies).
(Worker_PP1_TP0 pid=1103796) WARNING 08-22 18:18:40 [flashinfer_all_reduce.py:78] Failed to initialize FlashInfer All Reduce workspace: [SymmDeviceMemory] Device does not support multicasting.. This is expected on GPUs without NVSwitch (e.g., NVLink bridge-only or PCIe topologies).
(Worker_PP1_TP0 pid=1103796) WARNING 08-22 18:18:40 [flashinfer_all_reduce.py:78] Failed to initialize FlashInfer All Reduce workspace: [SymmDeviceMemory] Device does not support multicasting.. This is expected on GPUs without NVSwitch (e.g., NVLink bridge-only or PCIe topologies).
(Worker_PP1_TP0 pid=1103796) WARNING 08-22 18:18:40 [flashinfer_all_reduce.py:78] Failed to initialize FlashInfer All Reduce workspace: [SymmDeviceMemory] Device does not support multicasting.. This is expected on GPUs without NVSwitch (e.g., NVLink bridge-only or PCIe topologies).
(Worker_PP1_TP0 pid=1103796) WARNING 08-22 18:18:40 [flashinfer_all_reduce.py:78] Failed to initialize FlashInfer All Reduce workspace: [SymmDeviceMemory] Device does not support multicasting.. This is expected on GPUs without NVSwitch (e.g., NVLink bridge-only or PCIe topologies).
(Worker_PP1_TP0 pid=1103796) WARNING 08-22 18:18:40 [flashinfer_all_reduce.py:78] Failed to initialize FlashInfer All Reduce workspace: [SymmDeviceMemory] Device does not support multicasting.. This is expected on GPUs without NVSwitch (e.g., NVLink bridge-only or PCIe topologies).
(Worker_PP1_TP0 pid=1103796) WARNING 08-22 18:18:40 [flashinfer_all_reduce.py:78] Failed to initialize FlashInfer All Reduce workspace: [SymmDeviceMemory] Device does not support multicasting.. This is expected on GPUs without NVSwitch (e.g., NVLink bridge-only or PCIe topologies).
(Worker_PP1_TP0 pid=1103796) WARNING 08-22 18:18:40 [flashinfer_all_reduce.py:78] Failed to initialize FlashInfer All Reduce workspace: [SymmDeviceMemory] Device does not support multicasting.. This is expected on GPUs without NVSwitch (e.g., NVLink bridge-only or PCIe topologies).
(Worker_PP1_TP0 pid=1103796) WARNING 08-22 18:18:40 [flashinfer_all_reduce.py:78] Failed to initialize FlashInfer All Reduce workspace: [SymmDeviceMemory] Device does not support multicasting.. This is expected on GPUs without NVSwitch (e.g., NVLink bridge-only or PCIe topologies).
(Worker_PP1_TP0 pid=1103796) WARNING 08-22 18:18:40 [flashinfer_all_reduce.py:78] Failed to initialize FlashInfer All Reduce workspace: [SymmDeviceMemory] Device does not support multicasting.. This is expected on GPUs without NVSwitch (e.g., NVLink bridge-only or PCIe topologies).
(Worker_PP1_TP0 pid=1103796) WARNING 08-22 18:18:40 [flashinfer_all_reduce.py:78] Failed to initialize FlashInfer All Reduce workspace: [SymmDeviceMemory] Device does not support multicasting.. This is expected on GPUs without NVSwitch (e.g., NVLink bridge-only or PCIe topologies).
(Worker_PP1_TP0 pid=1103796) WARNING 08-22 18:18:40 [flashinfer_all_reduce.py:78] Failed to initialize FlashInfer All Reduce workspace: [SymmDeviceMemory] Device does not support multicasting.. This is expected on GPUs without NVSwitch (e.g., NVLink bridge-only or PCIe topologies).
(Worker_PP1_TP0 pid=1103796) WARNING 08-22 18:18:40 [flashinfer_all_reduce.py:78] Failed to initialize FlashInfer All Reduce workspace: [SymmDeviceMemory] Device does not support multicasting.. This is expected on GPUs without NVSwitch (e.g., NVLink bridge-only or PCIe topologies).
(Worker_PP1_TP0 pid=1103796) WARNING 08-22 18:18:40 [flashinfer_all_reduce.py:78] Failed to initialize FlashInfer All Reduce workspace: [SymmDeviceMemory] Device does not support multicasting.. This is expected on GPUs without NVSwitch (e.g., NVLink bridge-only or PCIe topologies).
(Worker_PP1_TP0 pid=1103796) WARNING 08-22 18:18:40 [flashinfer_all_reduce.py:78] Failed to initialize FlashInfer All Reduce workspace: [SymmDeviceMemory] Device does not support multicasting.. This is expected on GPUs without NVSwitch (e.g., NVLink bridge-only or PCIe topologies).
(Worker_PP1_TP0 pid=1103796) WARNING 08-22 18:18:40 [flashinfer_all_reduce.py:78] Failed to initialize FlashInfer All Reduce workspace: [SymmDeviceMemory] Device does not support multicasting.. This is expected on GPUs without NVSwitch (e.g., NVLink bridge-only or PCIe topologies).
(Worker_PP1_TP0 pid=1103796) WARNING 08-22 18:18:40 [flashinfer_all_reduce.py:78] Failed to initialize FlashInfer All Reduce workspace: [SymmDeviceMemory] Device does not support multicasting.. This is expected on GPUs without NVSwitch (e.g., NVLink bridge-only or PCIe topologies).
(Worker_PP1_TP0 pid=1103796) WARNING 08-22 18:18:40 [flashinfer_all_reduce.py:78] Failed to initialize FlashInfer All Reduce workspace: [SymmDeviceMemory] Device does not support multicasting.. This is expected on GPUs without NVSwitch (e.g., NVLink bridge-only or PCIe topologies).
(Worker_PP1_TP0 pid=1103796) WARNING 08-22 18:18:40 [flashinfer_all_reduce.py:78] Failed to initialize FlashInfer All Reduce workspace: [SymmDeviceMemory] Device does not support multicasting.. This is expected on GPUs without NVSwitch (e.g., NVLink bridge-only or PCIe topologies).
(Worker_PP1_TP0 pid=1103796) WARNING 08-22 18:18:40 [flashinfer_all_reduce.py:78] Failed to initialize FlashInfer All Reduce workspace: [SymmDeviceMemory] Device does not support multicasting.. This is expected on GPUs without NVSwitch (e.g., NVLink bridge-only or PCIe topologies).
(Worker_PP1_TP0 pid=1103796) WARNING 08-22 18:18:40 [flashinfer_all_reduce.py:78] Failed to initialize FlashInfer All Reduce workspace: [SymmDeviceMemory] Device does not support multicasting.. This is expected on GPUs without NVSwitch (e.g., NVLink bridge-only or PCIe topologies).
(Worker_PP1_TP0 pid=1103796) WARNING 08-22 18:18:40 [flashinfer_all_reduce.py:78] Failed to initialize FlashInfer All Reduce workspace: [SymmDeviceMemory] Device does not support multicasting.. This is expected on GPUs without NVSwitch (e.g., NVLink bridge-only or PCIe topologies).
(Worker_PP1_TP0 pid=1103796) WARNING 08-22 18:18:40 [flashinfer_all_reduce.py:78] Failed to initialize FlashInfer All Reduce workspace: [SymmDeviceMemory] Device does not support multicasting.. This is expected on GPUs without NVSwitch (e.g., NVLink bridge-only or PCIe topologies).
(Worker_PP1_TP0 pid=1103796) WARNING 08-22 18:18:40 [flashinfer_all_reduce.py:78] Failed to initialize FlashInfer All Reduce workspace: [SymmDeviceMemory] Device does not support multicasting.. This is expected on GPUs without NVSwitch (e.g., NVLink bridge-only or PCIe topologies).
(Worker_PP1_TP0 pid=1103796) WARNING 08-22 18:18:40 [flashinfer_all_reduce.py:78] Failed to initialize FlashInfer All Reduce workspace: [SymmDeviceMemory] Device does not support multicasting.. This is expected on GPUs without NVSwitch (e.g., NVLink bridge-only or PCIe topologies).
(Worker_PP1_TP0 pid=1103796) WARNING 08-22 18:18:40 [flashinfer_all_reduce.py:78] Failed to initialize FlashInfer All Reduce workspace: [SymmDeviceMemory] Device does not support multicasting.. This is expected on GPUs without NVSwitch (e.g., NVLink bridge-only or PCIe topologies).
(Worker_PP1_TP4 pid=1103800) [k3t r?] step=19 tok=1 step=88.70ms | KDA: n=23 attn=19.2ms mlp=43.4ms other=0.5ms tot=63.2ms | full: n=8 attn=10.0ms mlp=15.2ms other=0.2ms tot=25.4ms | ALL: attn=29.3ms mlp=58.6ms model=88.7ms
(Worker_PP1_TP3 pid=1103799) [k3t r?] step=19 tok=1 step=88.70ms | KDA: n=23 attn=19.2ms mlp=43.4ms other=0.5ms tot=63.2ms | full: n=8 attn=10.0ms mlp=15.2ms other=0.2ms tot=25.4ms | ALL: attn=29.3ms mlp=58.6ms model=88.7ms
(Worker_PP1_TP1 pid=1103797) [k3t r?] step=19 tok=1 step=88.70ms | KDA: n=23 attn=11.5ms mlp=42.4ms other=7.8ms tot=61.7ms | full: n=8 attn=7.4ms mlp=14.8ms other=3.1ms tot=25.3ms | ALL: attn=19.0ms mlp=57.2ms model=88.7ms
(Worker_PP1_TP2 pid=1103798) [k3t r?] step=19 tok=1 step=88.70ms | KDA: n=23 attn=19.2ms mlp=43.4ms other=0.5ms tot=63.2ms | full: n=8 attn=10.0ms mlp=15.2ms other=0.2ms tot=25.4ms | ALL: attn=29.3ms mlp=58.6ms model=88.7ms
(Worker_PP1_TP7 pid=1103803) [k3t r?] step=19 tok=1 step=88.77ms | KDA: n=23 attn=17.2ms mlp=43.0ms other=2.5ms tot=62.7ms | full: n=8 attn=9.3ms mlp=15.1ms other=1.0ms tot=25.4ms | ALL: attn=26.4ms mlp=58.1ms model=88.8ms
(Worker_PP1_TP6 pid=1103802) [k3t r?] step=19 tok=1 step=88.70ms | KDA: n=23 attn=19.2ms mlp=43.4ms other=0.5ms tot=63.2ms | full: n=8 attn=10.0ms mlp=15.2ms other=0.2ms tot=25.4ms | ALL: attn=29.3ms mlp=58.6ms model=88.7ms
(Worker_PP1_TP5 pid=1103801) [k3t r?] step=19 tok=1 step=88.70ms | KDA: n=23 attn=19.2ms mlp=43.4ms other=0.5ms tot=63.2ms | full: n=8 attn=10.0ms mlp=15.2ms other=0.2ms tot=25.4ms | ALL: attn=29.3ms mlp=58.6ms model=88.7ms
(Worker_PP1_TP0 pid=1103796) [k3t r?] step=19 tok=1 step=89.02ms | KDA: n=23 attn=17.8ms mlp=43.5ms other=2.0ms tot=63.3ms | full: n=8 attn=9.5ms mlp=15.1ms other=0.6ms tot=25.3ms | ALL: attn=27.3ms mlp=58.7ms model=89.0ms
(Worker_PP1_TP0 pid=1103796) WARNING 08-22 18:18:41 [flashinfer_all_reduce.py:78] Failed to initialize FlashInfer All Reduce workspace: [SymmDeviceMemory] Device does not support multicasting.. This is expected on GPUs without NVSwitch (e.g., NVLink bridge-only or PCIe topologies).
(Worker_PP1_TP0 pid=1103796) WARNING 08-22 18:18:41 [flashinfer_all_reduce.py:78] Failed to initialize FlashInfer All Reduce workspace: [SymmDeviceMemory] Device does not support multicasting.. This is expected on GPUs without NVSwitch (e.g., NVLink bridge-only or PCIe topologies).
(Worker_PP1_TP0 pid=1103796) WARNING 08-22 18:18:41 [flashinfer_all_reduce.py:78] Failed to initialize FlashInfer All Reduce workspace: [SymmDeviceMemory] Device does not support multicasting.. This is expected on GPUs without NVSwitch (e.g., NVLink bridge-only or PCIe topologies).
(Worker_PP1_TP0 pid=1103796) WARNING 08-22 18:18:41 [flashinfer_all_reduce.py:78] Failed to initialize FlashInfer All Reduce workspace: [SymmDeviceMemory] Device does not support multicasting.. This is expected on GPUs without NVSwitch (e.g., NVLink bridge-only or PCIe topologies).
(Worker_PP1_TP0 pid=1103796) WARNING 08-22 18:18:41 [flashinfer_all_reduce.py:78] Failed to initialize FlashInfer All Reduce workspace: [SymmDeviceMemory] Device does not support multicasting.. This is expected on GPUs without NVSwitch (e.g., NVLink bridge-only or PCIe topologies).
(Worker_PP1_TP0 pid=1103796) WARNING 08-22 18:18:41 [flashinfer_all_reduce.py:78] Failed to initialize FlashInfer All Reduce workspace: [SymmDeviceMemory] Device does not support multicasting.. This is expected on GPUs without NVSwitch (e.g., NVLink bridge-only or PCIe topologies).
(Worker_PP1_TP0 pid=1103796) WARNING 08-22 18:18:41 [flashinfer_all_reduce.py:78] Failed to initialize FlashInfer All Reduce workspace: [SymmDeviceMemory] Device does not support multicasting.. This is expected on GPUs without NVSwitch (e.g., NVLink bridge-only or PCIe topologies).
(Worker_PP1_TP0 pid=1103796) WARNING 08-22 18:18:41 [flashinfer_all_reduce.py:78] Failed to initialize FlashInfer All Reduce workspace: [SymmDeviceMemory] Device does not support multicasting.. This is expected on GPUs without NVSwitch (e.g., NVLink bridge-only or PCIe topologies).
(Worker_PP1_TP0 pid=1103796) WARNING 08-22 18:18:41 [flashinfer_all_reduce.py:78] Failed to initialize FlashInfer All Reduce workspace: [SymmDeviceMemory] Device does not support multicasting.. This is expected on GPUs without NVSwitch (e.g., NVLink bridge-only or PCIe topologies).
(Worker_PP1_TP0 pid=1103796) WARNING 08-22 18:18:41 [flashinfer_all_reduce.py:78] Failed to initialize FlashInfer All Reduce workspace: [SymmDeviceMemory] Device does not support multicasting.. This is expected on GPUs without NVSwitch (e.g., NVLink bridge-only or PCIe topologies).
(Worker_PP1_TP0 pid=1103796) WARNING 08-22 18:18:41 [flashinfer_all_reduce.py:78] Failed to initialize FlashInfer All Reduce workspace: [SymmDeviceMemory] Device does not support multicasting.. This is expected on GPUs without NVSwitch (e.g., NVLink bridge-only or PCIe topologies).
(Worker_PP1_TP0 pid=1103796) WARNING 08-22 18:18:41 [flashinfer_all_reduce.py:78] Failed to initialize FlashInfer All Reduce workspace: [SymmDeviceMemory] Device does not support multicasting.. This is expected on GPUs without NVSwitch (e.g., NVLink bridge-only or PCIe topologies).
(Worker_PP1_TP0 pid=1103796) WARNING 08-22 18:18:41 [flashinfer_all_reduce.py:78] Failed to initialize FlashInfer All Reduce workspace: [SymmDeviceMemory] Device does not support multicasting.. This is expected on GPUs without NVSwitch (e.g., NVLink bridge-only or PCIe topologies).
(Worker_PP1_TP0 pid=1103796) WARNING 08-22 18:18:41 [flashinfer_all_reduce.py:78] Failed to initialize FlashInfer All Reduce workspace: [SymmDeviceMemory] Device does not support multicasting.. This is expected on GPUs without NVSwitch (e.g., NVLink bridge-only or PCIe topologies).
(Worker_PP1_TP0 pid=1103796) WARNING 08-22 18:18:41 [flashinfer_all_reduce.py:78] Failed to initialize FlashInfer All Reduce workspace: [SymmDeviceMemory] Device does not support multicasting.. This is expected on GPUs without NVSwitch (e.g., NVLink bridge-only or PCIe topologies).
(Worker_PP1_TP0 pid=1103796) WARNING 08-22 18:18:41 [flashinfer_all_reduce.py:78] Failed to initialize FlashInfer All Reduce workspace: [SymmDeviceMemory] Device does not support multicasting.. This is expected on GPUs without NVSwitch (e.g., NVLink bridge-only or PCIe topologies).
(Worker_PP1_TP0 pid=1103796) WARNING 08-22 18:18:41 [flashinfer_all_reduce.py:78] Failed to initialize FlashInfer All Reduce workspace: [SymmDeviceMemory] Device does not support multicasting.. This is expected on GPUs without NVSwitch (e.g., NVLink bridge-only or PCIe topologies).
(Worker_PP1_TP0 pid=1103796) WARNING 08-22 18:18:41 [flashinfer_all_reduce.py:78] Failed to initialize FlashInfer All Reduce workspace: [SymmDeviceMemory] Device does not support multicasting.. This is expected on GPUs without NVSwitch (e.g., NVLink bridge-only or PCIe topologies).
(Worker_PP1_TP0 pid=1103796) WARNING 08-22 18:18:41 [flashinfer_all_reduce.py:78] Failed to initialize FlashInfer All Reduce workspace: [SymmDeviceMemory] Device does not support multicasting.. This is expected on GPUs without NVSwitch (e.g., NVLink bridge-only or PCIe topologies).
(Worker_PP1_TP0 pid=1103796) WARNING 08-22 18:18:41 [flashinfer_all_reduce.py:78] Failed to initialize FlashInfer All Reduce workspace: [SymmDeviceMemory] Device does not support multicasting.. This is expected on GPUs without NVSwitch (e.g., NVLink bridge-only or PCIe topologies).
(Worker_PP1_TP0 pid=1103796) WARNING 08-22 18:18:41 [flashinfer_all_reduce.py:78] Failed to initialize FlashInfer All Reduce workspace: [SymmDeviceMemory] Device does not support multicasting.. This is expected on GPUs without NVSwitch (e.g., NVLink bridge-only or PCIe topologies).
(Worker_PP1_TP0 pid=1103796) WARNING 08-22 18:18:41 [flashinfer_all_reduce.py:78] Failed to initialize FlashInfer All Reduce workspace: [SymmDeviceMemory] Device does not support multicasting.. This is expected on GPUs without NVSwitch (e.g., NVLink bridge-only or PCIe topologies).
(Worker_PP1_TP0 pid=1103796) WARNING 08-22 18:18:41 [flashinfer_all_reduce.py:78] Failed to initialize FlashInfer All Reduce workspace: [SymmDeviceMemory] Device does not support multicasting.. This is expected on GPUs without NVSwitch (e.g., NVLink bridge-only or PCIe topologies).
(Worker_PP1_TP0 pid=1103796) WARNING 08-22 18:18:41 [flashinfer_all_reduce.py:78] Failed to initialize FlashInfer All Reduce workspace: [SymmDeviceMemory] Device does not support multicasting.. This is expected on GPUs without NVSwitch (e.g., NVLink bridge-only or PCIe topologies).
(Worker_PP1_TP0 pid=1103796) WARNING 08-22 18:18:41 [flashinfer_all_reduce.py:78] Failed to initialize FlashInfer All Reduce workspace: [SymmDeviceMemory] Device does not support multicasting.. This is expected on GPUs without NVSwitch (e.g., NVLink bridge-only or PCIe topologies).
(Worker_PP1_TP0 pid=1103796) WARNING 08-22 18:18:41 [flashinfer_all_reduce.py:78] Failed to initialize FlashInfer All Reduce workspace: [SymmDeviceMemory] Device does not support multicasting.. This is expected on GPUs without NVSwitch (e.g., NVLink bridge-only or PCIe topologies).
(Worker_PP1_TP0 pid=1103796) WARNING 08-22 18:18:41 [flashinfer_all_reduce.py:78] Failed to initialize FlashInfer All Reduce workspace: [SymmDeviceMemory] Device does not support multicasting.. This is expected on GPUs without NVSwitch (e.g., NVLink bridge-only or PCIe topologies).
(Worker_PP1_TP0 pid=1103796) WARNING 08-22 18:18:41 [flashinfer_all_reduce.py:78] Failed to initialize FlashInfer All Reduce workspace: [SymmDeviceMemory] Device does not support multicasting.. This is expected on GPUs without NVSwitch (e.g., NVLink bridge-only or PCIe topologies).
(Worker_PP1_TP0 pid=1103796) WARNING 08-22 18:18:41 [flashinfer_all_reduce.py:78] Failed to initialize FlashInfer All Reduce workspace: [SymmDeviceMemory] Device does not support multicasting.. This is expected on GPUs without NVSwitch (e.g., NVLink bridge-only or PCIe topologies).
(Worker_PP1_TP0 pid=1103796) WARNING 08-22 18:18:41 [flashinfer_all_reduce.py:78] Failed to initialize FlashInfer All Reduce workspace: [SymmDeviceMemory] Device does not support multicasting.. This is expected on GPUs without NVSwitch (e.g., NVLink bridge-only or PCIe topologies).
(Worker_PP1_TP0 pid=1103796) WARNING 08-22 18:18:41 [flashinfer_all_reduce.py:78] Failed to initialize FlashInfer All Reduce workspace: [SymmDeviceMemory] Device does not support multicasting.. This is expected on GPUs without NVSwitch (e.g., NVLink bridge-only or PCIe topologies).
(Worker_PP1_TP3 pid=1103799) [k3t r?] step=20 tok=1 step=86.16ms | KDA: n=23 attn=18.6ms mlp=44.2ms other=0.5ms tot=63.3ms | full: n=8 attn=9.1ms mlp=13.4ms other=0.2ms tot=22.7ms | ALL: attn=27.8ms mlp=57.6ms model=86.2ms
(Worker_PP1_TP1 pid=1103797) [k3t r?] step=20 tok=1 step=86.16ms | KDA: n=23 attn=12.1ms mlp=43.3ms other=6.6ms tot=62.0ms | full: n=8 attn=7.3ms mlp=13.2ms other=2.2ms tot=22.7ms | ALL: attn=19.4ms mlp=56.5ms model=86.2ms
(Worker_PP1_TP7 pid=1103803) [k3t r?] step=20 tok=1 step=86.16ms | KDA: n=23 attn=18.6ms mlp=44.2ms other=0.5ms tot=63.3ms | full: n=8 attn=9.2ms mlp=13.4ms other=0.2ms tot=22.8ms | ALL: attn=27.8ms mlp=57.6ms model=86.2ms
(Worker_PP1_TP6 pid=1103802) [k3t r?] step=20 tok=1 step=86.16ms | KDA: n=23 attn=18.6ms mlp=44.2ms other=0.5ms tot=63.3ms | full: n=8 attn=9.1ms mlp=13.4ms other=0.2ms tot=22.8ms | ALL: attn=27.7ms mlp=57.6ms model=86.2ms
(Worker_PP1_TP2 pid=1103798) [k3t r?] step=20 tok=1 step=86.17ms | KDA: n=23 attn=18.6ms mlp=44.2ms other=0.5ms tot=63.3ms | full: n=8 attn=9.1ms mlp=13.4ms other=0.2ms tot=22.7ms | ALL: attn=27.8ms mlp=57.6ms model=86.2ms
(Worker_PP1_TP5 pid=1103801) [k3t r?] step=20 tok=1 step=86.17ms | KDA: n=23 attn=18.3ms mlp=44.2ms other=0.9ms tot=63.3ms | full: n=8 attn=9.1ms mlp=13.4ms other=0.2ms tot=22.8ms | ALL: attn=27.4ms mlp=57.6ms model=86.2ms
(Worker_PP1_TP4 pid=1103800) [k3t r?] step=20 tok=1 step=86.16ms | KDA: n=23 attn=18.6ms mlp=44.2ms other=0.6ms tot=63.3ms | full: n=8 attn=9.1ms mlp=13.4ms other=0.2ms tot=22.7ms | ALL: attn=27.7ms mlp=57.6ms model=86.2ms
(Worker_PP1_TP0 pid=1103796) [k3t r?] step=20 tok=1 step=86.48ms | KDA: n=23 attn=15.2ms mlp=44.0ms other=3.8ms tot=62.9ms | full: n=8 attn=8.1ms mlp=13.3ms other=1.1ms tot=22.6ms | ALL: attn=23.3ms mlp=57.3ms model=86.5ms
(Worker_PP1_TP0 pid=1103796) WARNING 08-22 18:18:41 [flashinfer_all_reduce.py:78] Failed to initialize FlashInfer All Reduce workspace: [SymmDeviceMemory] Device does not support multicasting.. This is expected on GPUs without NVSwitch (e.g., NVLink bridge-only or PCIe topologies).
(Worker_PP1_TP0 pid=1103796) WARNING 08-22 18:18:41 [flashinfer_all_reduce.py:78] Failed to initialize FlashInfer All Reduce workspace: [SymmDeviceMemory] Device does not support multicasting.. This is expected on GPUs without NVSwitch (e.g., NVLink bridge-only or PCIe topologies).
(Worker_PP1_TP0 pid=1103796) WARNING 08-22 18:18:41 [flashinfer_all_reduce.py:78] Failed to initialize FlashInfer All Reduce workspace: [SymmDeviceMemory] Device does not support multicasting.. This is expected on GPUs without NVSwitch (e.g., NVLink bridge-only or PCIe topologies).
(Worker_PP1_TP0 pid=1103796) WARNING 08-22 18:18:41 [flashinfer_all_reduce.py:78] Failed to initialize FlashInfer All Reduce workspace: [SymmDeviceMemory] Device does not support multicasting.. This is expected on GPUs without NVSwitch (e.g., NVLink bridge-only or PCIe topologies).
(Worker_PP1_TP0 pid=1103796) WARNING 08-22 18:18:41 [flashinfer_all_reduce.py:78] Failed to initialize FlashInfer All Reduce workspace: [SymmDeviceMemory] Device does not support multicasting.. This is expected on GPUs without NVSwitch (e.g., NVLink bridge-only or PCIe topologies).
(Worker_PP1_TP0 pid=1103796) WARNING 08-22 18:18:41 [flashinfer_all_reduce.py:78] Failed to initialize FlashInfer All Reduce workspace: [SymmDeviceMemory] Device does not support multicasting.. This is expected on GPUs without NVSwitch (e.g., NVLink bridge-only or PCIe topologies).
(Worker_PP1_TP0 pid=1103796) WARNING 08-22 18:18:41 [flashinfer_all_reduce.py:78] Failed to initialize FlashInfer All Reduce workspace: [SymmDeviceMemory] Device does not support multicasting.. This is expected on GPUs without NVSwitch (e.g., NVLink bridge-only or PCIe topologies).
(Worker_PP1_TP0 pid=1103796) WARNING 08-22 18:18:41 [flashinfer_all_reduce.py:78] Failed to initialize FlashInfer All Reduce workspace: [SymmDeviceMemory] Device does not support multicasting.. This is expected on GPUs without NVSwitch (e.g., NVLink bridge-only or PCIe topologies).
(Worker_PP1_TP0 pid=1103796) WARNING 08-22 18:18:41 [flashinfer_all_reduce.py:78] Failed to initialize FlashInfer All Reduce workspace: [SymmDeviceMemory] Device does not support multicasting.. This is expected on GPUs without NVSwitch (e.g., NVLink bridge-only or PCIe topologies).
(Worker_PP1_TP0 pid=1103796) WARNING 08-22 18:18:41 [flashinfer_all_reduce.py:78] Failed to initialize FlashInfer All Reduce workspace: [SymmDeviceMemory] Device does not support multicasting.. This is expected on GPUs without NVSwitch (e.g., NVLink bridge-only or PCIe topologies).
(Worker_PP1_TP0 pid=1103796) WARNING 08-22 18:18:41 [flashinfer_all_reduce.py:78] Failed to initialize FlashInfer All Reduce workspace: [SymmDeviceMemory] Device does not support multicasting.. This is expected on GPUs without NVSwitch (e.g., NVLink bridge-only or PCIe topologies).
(Worker_PP1_TP0 pid=1103796) WARNING 08-22 18:18:41 [flashinfer_all_reduce.py:78] Failed to initialize FlashInfer All Reduce workspace: [SymmDeviceMemory] Device does not support multicasting.. This is expected on GPUs without NVSwitch (e.g., NVLink bridge-only or PCIe topologies).
(Worker_PP1_TP0 pid=1103796) WARNING 08-22 18:18:41 [flashinfer_all_reduce.py:78] Failed to initialize FlashInfer All Reduce workspace: [SymmDeviceMemory] Device does not support multicasting.. This is expected on GPUs without NVSwitch (e.g., NVLink bridge-only or PCIe topologies).
(Worker_PP1_TP0 pid=1103796) WARNING 08-22 18:18:41 [flashinfer_all_reduce.py:78] Failed to initialize FlashInfer All Reduce workspace: [SymmDeviceMemory] Device does not support multicasting.. This is expected on GPUs without NVSwitch (e.g., NVLink bridge-only or PCIe topologies).
(Worker_PP1_TP0 pid=1103796) WARNING 08-22 18:18:41 [flashinfer_all_reduce.py:78] Failed to initialize FlashInfer All Reduce workspace: [SymmDeviceMemory] Device does not support multicasting.. This is expected on GPUs without NVSwitch (e.g., NVLink bridge-only or PCIe topologies).
(Worker_PP1_TP0 pid=1103796) WARNING 08-22 18:18:41 [flashinfer_all_reduce.py:78] Failed to initialize FlashInfer All Reduce workspace: [SymmDeviceMemory] Device does not support multicasting.. This is expected on GPUs without NVSwitch (e.g., NVLink bridge-only or PCIe topologies).
(Worker_PP1_TP0 pid=1103796) WARNING 08-22 18:18:41 [flashinfer_all_reduce.py:78] Failed to initialize FlashInfer All Reduce workspace: [SymmDeviceMemory] Device does not support multicasting.. This is expected on GPUs without NVSwitch (e.g., NVLink bridge-only or PCIe topologies).
(Worker_PP1_TP0 pid=1103796) WARNING 08-22 18:18:41 [flashinfer_all_reduce.py:78] Failed to initialize FlashInfer All Reduce workspace: [SymmDeviceMemory] Device does not support multicasting.. This is expected on GPUs without NVSwitch (e.g., NVLink bridge-only or PCIe topologies).
(Worker_PP1_TP0 pid=1103796) WARNING 08-22 18:18:41 [flashinfer_all_reduce.py:78] Failed to initialize FlashInfer All Reduce workspace: [SymmDeviceMemory] Device does not support multicasting.. This is expected on GPUs without NVSwitch (e.g., NVLink bridge-only or PCIe topologies).
(Worker_PP1_TP0 pid=1103796) WARNING 08-22 18:18:41 [flashinfer_all_reduce.py:78] Failed to initialize FlashInfer All Reduce workspace: [SymmDeviceMemory] Device does not support multicasting.. This is expected on GPUs without NVSwitch (e.g., NVLink bridge-only or PCIe topologies).
(Worker_PP1_TP0 pid=1103796) WARNING 08-22 18:18:41 [flashinfer_all_reduce.py:78] Failed to initialize FlashInfer All Reduce workspace: [SymmDeviceMemory] Device does not support multicasting.. This is expected on GPUs without NVSwitch (e.g., NVLink bridge-only or PCIe topologies).
(Worker_PP1_TP0 pid=1103796) WARNING 08-22 18:18:41 [flashinfer_all_reduce.py:78] Failed to initialize FlashInfer All Reduce workspace: [SymmDeviceMemory] Device does not support multicasting.. This is expected on GPUs without NVSwitch (e.g., NVLink bridge-only or PCIe topologies).
(Worker_PP1_TP0 pid=1103796) WARNING 08-22 18:18:41 [flashinfer_all_reduce.py:78] Failed to initialize FlashInfer All Reduce workspace: [SymmDeviceMemory] Device does not support multicasting.. This is expected on GPUs without NVSwitch (e.g., NVLink bridge-only or PCIe topologies).
(Worker_PP1_TP0 pid=1103796) WARNING 08-22 18:18:41 [flashinfer_all_reduce.py:78] Failed to initialize FlashInfer All Reduce workspace: [SymmDeviceMemory] Device does not support multicasting.. This is expected on GPUs without NVSwitch (e.g., NVLink bridge-only or PCIe topologies).
(Worker_PP1_TP0 pid=1103796) WARNING 08-22 18:18:41 [flashinfer_all_reduce.py:78] Failed to initialize FlashInfer All Reduce workspace: [SymmDeviceMemory] Device does not support multicasting.. This is expected on GPUs without NVSwitch (e.g., NVLink bridge-only or PCIe topologies).
(Worker_PP1_TP0 pid=1103796) WARNING 08-22 18:18:41 [flashinfer_all_reduce.py:78] Failed to initialize FlashInfer All Reduce workspace: [SymmDeviceMemory] Device does not support multicasting.. This is expected on GPUs without NVSwitch (e.g., NVLink bridge-only or PCIe topologies).
(Worker_PP1_TP0 pid=1103796) WARNING 08-22 18:18:41 [flashinfer_all_reduce.py:78] Failed to initialize FlashInfer All Reduce workspace: [SymmDeviceMemory] Device does not support multicasting.. This is expected on GPUs without NVSwitch (e.g., NVLink bridge-only or PCIe topologies).
(Worker_PP1_TP0 pid=1103796) WARNING 08-22 18:18:41 [flashinfer_all_reduce.py:78] Failed to initialize FlashInfer All Reduce workspace: [SymmDeviceMemory] Device does not support multicasting.. This is expected on GPUs without NVSwitch (e.g., NVLink bridge-only or PCIe topologies).
(Worker_PP1_TP0 pid=1103796) WARNING 08-22 18:18:41 [flashinfer_all_reduce.py:78] Failed to initialize FlashInfer All Reduce workspace: [SymmDeviceMemory] Device does not support multicasting.. This is expected on GPUs without NVSwitch (e.g., NVLink bridge-only or PCIe topologies).
(Worker_PP1_TP0 pid=1103796) WARNING 08-22 18:18:41 [flashinfer_all_reduce.py:78] Failed to initialize FlashInfer All Reduce workspace: [SymmDeviceMemory] Device does not support multicasting.. This is expected on GPUs without NVSwitch (e.g., NVLink bridge-only or PCIe topologies).
(Worker_PP1_TP0 pid=1103796) WARNING 08-22 18:18:41 [flashinfer_all_reduce.py:78] Failed to initialize FlashInfer All Reduce workspace: [SymmDeviceMemory] Device does not support multicasting.. This is expected on GPUs without NVSwitch (e.g., NVLink bridge-only or PCIe topologies).
(Worker_PP1_TP7 pid=1103803) [k3t r?] step=21 tok=1 step=90.81ms | KDA: n=23 attn=18.7ms mlp=45.1ms other=0.5ms tot=64.3ms | full: n=8 attn=10.6ms mlp=15.6ms other=0.2ms tot=26.4ms | ALL: attn=29.3ms mlp=60.7ms model=90.8ms
(Worker_PP1_TP3 pid=1103799) [k3t r?] step=21 tok=1 step=90.80ms | KDA: n=23 attn=18.7ms mlp=45.1ms other=0.5ms tot=64.3ms | full: n=8 attn=10.6ms mlp=15.6ms other=0.2ms tot=26.4ms | ALL: attn=29.3ms mlp=60.7ms model=90.8ms
(Worker_PP1_TP4 pid=1103800) [k3t r?] step=21 tok=1 step=90.80ms | KDA: n=23 attn=18.7ms mlp=45.1ms other=0.5ms tot=64.3ms | full: n=8 attn=10.6ms mlp=15.6ms other=0.2ms tot=26.4ms | ALL: attn=29.3ms mlp=60.7ms model=90.8ms
(Worker_PP1_TP5 pid=1103801) [k3t r?] step=21 tok=1 step=90.80ms | KDA: n=23 attn=18.7ms mlp=45.1ms other=0.5ms tot=64.3ms | full: n=8 attn=10.6ms mlp=15.6ms other=0.2ms tot=26.4ms | ALL: attn=29.3ms mlp=60.7ms model=90.8ms
(Worker_PP1_TP1 pid=1103797) [k3t r?] step=21 tok=1 step=90.80ms | KDA: n=23 attn=13.1ms mlp=44.6ms other=5.8ms tot=63.5ms | full: n=8 attn=8.5ms mlp=15.0ms other=2.3ms tot=25.8ms | ALL: attn=21.5ms mlp=59.6ms model=90.8ms
(Worker_PP1_TP2 pid=1103798) [k3t r?] step=21 tok=1 step=90.81ms | KDA: n=23 attn=18.7ms mlp=45.1ms other=0.5ms tot=64.4ms | full: n=8 attn=10.6ms mlp=15.6ms other=0.2ms tot=26.4ms | ALL: attn=29.3ms mlp=60.7ms model=90.8ms
(Worker_PP1_TP6 pid=1103802) [k3t r?] step=21 tok=1 step=90.80ms | KDA: n=23 attn=18.7ms mlp=45.1ms other=0.5ms tot=64.3ms | full: n=8 attn=10.6ms mlp=15.6ms other=0.2ms tot=26.4ms | ALL: attn=29.3ms mlp=60.7ms model=90.8ms
(Worker_PP1_TP0 pid=1103796) [k3t r?] step=21 tok=1 step=91.21ms | KDA: n=23 attn=14.8ms mlp=44.9ms other=4.2ms tot=63.9ms | full: n=8 attn=9.3ms mlp=15.4ms other=1.5ms tot=26.2ms | ALL: attn=24.1ms mlp=60.3ms model=91.2ms
(Worker_PP1_TP0 pid=1103796) WARNING 08-22 18:18:42 [flashinfer_all_reduce.py:78] Failed to initialize FlashInfer All Reduce workspace: [SymmDeviceMemory] Device does not support multicasting.. This is expected on GPUs without NVSwitch (e.g., NVLink bridge-only or PCIe topologies).
(Worker_PP1_TP0 pid=1103796) WARNING 08-22 18:18:42 [flashinfer_all_reduce.py:78] Failed to initialize FlashInfer All Reduce workspace: [SymmDeviceMemory] Device does not support multicasting.. This is expected on GPUs without NVSwitch (e.g., NVLink bridge-only or PCIe topologies).
(Worker_PP1_TP0 pid=1103796) WARNING 08-22 18:18:42 [flashinfer_all_reduce.py:78] Failed to initialize FlashInfer All Reduce workspace: [SymmDeviceMemory] Device does not support multicasting.. This is expected on GPUs without NVSwitch (e.g., NVLink bridge-only or PCIe topologies).
(Worker_PP1_TP0 pid=1103796) WARNING 08-22 18:18:42 [flashinfer_all_reduce.py:78] Failed to initialize FlashInfer All Reduce workspace: [SymmDeviceMemory] Device does not support multicasting.. This is expected on GPUs without NVSwitch (e.g., NVLink bridge-only or PCIe topologies).
(Worker_PP1_TP0 pid=1103796) WARNING 08-22 18:18:42 [flashinfer_all_reduce.py:78] Failed to initialize FlashInfer All Reduce workspace: [SymmDeviceMemory] Device does not support multicasting.. This is expected on GPUs without NVSwitch (e.g., NVLink bridge-only or PCIe topologies).
(Worker_PP1_TP0 pid=1103796) WARNING 08-22 18:18:42 [flashinfer_all_reduce.py:78] Failed to initialize FlashInfer All Reduce workspace: [SymmDeviceMemory] Device does not support multicasting.. This is expected on GPUs without NVSwitch (e.g., NVLink bridge-only or PCIe topologies).
(Worker_PP1_TP0 pid=1103796) WARNING 08-22 18:18:42 [flashinfer_all_reduce.py:78] Failed to initialize FlashInfer All Reduce workspace: [SymmDeviceMemory] Device does not support multicasting.. This is expected on GPUs without NVSwitch (e.g., NVLink bridge-only or PCIe topologies).
(Worker_PP1_TP0 pid=1103796) WARNING 08-22 18:18:42 [flashinfer_all_reduce.py:78] Failed to initialize FlashInfer All Reduce workspace: [SymmDeviceMemory] Device does not support multicasting.. This is expected on GPUs without NVSwitch (e.g., NVLink bridge-only or PCIe topologies).
(Worker_PP1_TP0 pid=1103796) WARNING 08-22 18:18:42 [flashinfer_all_reduce.py:78] Failed to initialize FlashInfer All Reduce workspace: [SymmDeviceMemory] Device does not support multicasting.. This is expected on GPUs without NVSwitch (e.g., NVLink bridge-only or PCIe topologies).
(Worker_PP1_TP0 pid=1103796) WARNING 08-22 18:18:42 [flashinfer_all_reduce.py:78] Failed to initialize FlashInfer All Reduce workspace: [SymmDeviceMemory] Device does not support multicasting.. This is expected on GPUs without NVSwitch (e.g., NVLink bridge-only or PCIe topologies).
(Worker_PP1_TP0 pid=1103796) WARNING 08-22 18:18:42 [flashinfer_all_reduce.py:78] Failed to initialize FlashInfer All Reduce workspace: [SymmDeviceMemory] Device does not support multicasting.. This is expected on GPUs without NVSwitch (e.g., NVLink bridge-only or PCIe topologies).
(Worker_PP1_TP0 pid=1103796) WARNING 08-22 18:18:42 [flashinfer_all_reduce.py:78] Failed to initialize FlashInfer All Reduce workspace: [SymmDeviceMemory] Device does not support multicasting.. This is expected on GPUs without NVSwitch (e.g., NVLink bridge-only or PCIe topologies).
(Worker_PP1_TP0 pid=1103796) WARNING 08-22 18:18:42 [flashinfer_all_reduce.py:78] Failed to initialize FlashInfer All Reduce workspace: [SymmDeviceMemory] Device does not support multicasting.. This is expected on GPUs without NVSwitch (e.g., NVLink bridge-only or PCIe topologies).
(Worker_PP1_TP0 pid=1103796) WARNING 08-22 18:18:42 [flashinfer_all_reduce.py:78] Failed to initialize FlashInfer All Reduce workspace: [SymmDeviceMemory] Device does not support multicasting.. This is expected on GPUs without NVSwitch (e.g., NVLink bridge-only or PCIe topologies).
(Worker_PP1_TP0 pid=1103796) WARNING 08-22 18:18:42 [flashinfer_all_reduce.py:78] Failed to initialize FlashInfer All Reduce workspace: [SymmDeviceMemory] Device does not support multicasting.. This is expected on GPUs without NVSwitch (e.g., NVLink bridge-only or PCIe topologies).
(Worker_PP1_TP0 pid=1103796) WARNING 08-22 18:18:42 [flashinfer_all_reduce.py:78] Failed to initialize FlashInfer All Reduce workspace: [SymmDeviceMemory] Device does not support multicasting.. This is expected on GPUs without NVSwitch (e.g., NVLink bridge-only or PCIe topologies).
(Worker_PP1_TP0 pid=1103796) WARNING 08-22 18:18:42 [flashinfer_all_reduce.py:78] Failed to initialize FlashInfer All Reduce workspace: [SymmDeviceMemory] Device does not support multicasting.. This is expected on GPUs without NVSwitch (e.g., NVLink bridge-only or PCIe topologies).
(Worker_PP1_TP0 pid=1103796) WARNING 08-22 18:18:42 [flashinfer_all_reduce.py:78] Failed to initialize FlashInfer All Reduce workspace: [SymmDeviceMemory] Device does not support multicasting.. This is expected on GPUs without NVSwitch (e.g., NVLink bridge-only or PCIe topologies).
(Worker_PP1_TP0 pid=1103796) WARNING 08-22 18:18:42 [flashinfer_all_reduce.py:78] Failed to initialize FlashInfer All Reduce workspace: [SymmDeviceMemory] Device does not support multicasting.. This is expected on GPUs without NVSwitch (e.g., NVLink bridge-only or PCIe topologies).
(Worker_PP1_TP0 pid=1103796) WARNING 08-22 18:18:42 [flashinfer_all_reduce.py:78] Failed to initialize FlashInfer All Reduce workspace: [SymmDeviceMemory] Device does not support multicasting.. This is expected on GPUs without NVSwitch (e.g., NVLink bridge-only or PCIe topologies).
(Worker_PP1_TP0 pid=1103796) WARNING 08-22 18:18:42 [flashinfer_all_reduce.py:78] Failed to initialize FlashInfer All Reduce workspace: [SymmDeviceMemory] Device does not support multicasting.. This is expected on GPUs without NVSwitch (e.g., NVLink bridge-only or PCIe topologies).
(Worker_PP1_TP0 pid=1103796) WARNING 08-22 18:18:42 [flashinfer_all_reduce.py:78] Failed to initialize FlashInfer All Reduce workspace: [SymmDeviceMemory] Device does not support multicasting.. This is expected on GPUs without NVSwitch (e.g., NVLink bridge-only or PCIe topologies).
(Worker_PP1_TP0 pid=1103796) WARNING 08-22 18:18:42 [flashinfer_all_reduce.py:78] Failed to initialize FlashInfer All Reduce workspace: [SymmDeviceMemory] Device does not support multicasting.. This is expected on GPUs without NVSwitch (e.g., NVLink bridge-only or PCIe topologies).
(Worker_PP1_TP0 pid=1103796) WARNING 08-22 18:18:42 [flashinfer_all_reduce.py:78] Failed to initialize FlashInfer All Reduce workspace: [SymmDeviceMemory] Device does not support multicasting.. This is expected on GPUs without NVSwitch (e.g., NVLink bridge-only or PCIe topologies).
(Worker_PP1_TP0 pid=1103796) WARNING 08-22 18:18:42 [flashinfer_all_reduce.py:78] Failed to initialize FlashInfer All Reduce workspace: [SymmDeviceMemory] Device does not support multicasting.. This is expected on GPUs without NVSwitch (e.g., NVLink bridge-only or PCIe topologies).
(Worker_PP1_TP0 pid=1103796) WARNING 08-22 18:18:42 [flashinfer_all_reduce.py:78] Failed to initialize FlashInfer All Reduce workspace: [SymmDeviceMemory] Device does not support multicasting.. This is expected on GPUs without NVSwitch (e.g., NVLink bridge-only or PCIe topologies).
(Worker_PP1_TP0 pid=1103796) WARNING 08-22 18:18:42 [flashinfer_all_reduce.py:78] Failed to initialize FlashInfer All Reduce workspace: [SymmDeviceMemory] Device does not support multicasting.. This is expected on GPUs without NVSwitch (e.g., NVLink bridge-only or PCIe topologies).
(Worker_PP1_TP0 pid=1103796) WARNING 08-22 18:18:42 [flashinfer_all_reduce.py:78] Failed to initialize FlashInfer All Reduce workspace: [SymmDeviceMemory] Device does not support multicasting.. This is expected on GPUs without NVSwitch (e.g., NVLink bridge-only or PCIe topologies).
(Worker_PP1_TP0 pid=1103796) WARNING 08-22 18:18:42 [flashinfer_all_reduce.py:78] Failed to initialize FlashInfer All Reduce workspace: [SymmDeviceMemory] Device does not support multicasting.. This is expected on GPUs without NVSwitch (e.g., NVLink bridge-only or PCIe topologies).
(Worker_PP1_TP0 pid=1103796) WARNING 08-22 18:18:42 [flashinfer_all_reduce.py:78] Failed to initialize FlashInfer All Reduce workspace: [SymmDeviceMemory] Device does not support multicasting.. This is expected on GPUs without NVSwitch (e.g., NVLink bridge-only or PCIe topologies).
(Worker_PP1_TP0 pid=1103796) WARNING 08-22 18:18:42 [flashinfer_all_reduce.py:78] Failed to initialize FlashInfer All Reduce workspace: [SymmDeviceMemory] Device does not support multicasting.. This is expected on GPUs without NVSwitch (e.g., NVLink bridge-only or PCIe topologies).
(Worker_PP1_TP7 pid=1103803) [k3t r?] step=22 tok=1 step=90.85ms | KDA: n=23 attn=18.8ms mlp=45.1ms other=0.5ms tot=64.5ms | full: n=8 attn=10.7ms mlp=15.4ms other=0.2ms tot=26.3ms | ALL: attn=29.6ms mlp=60.5ms model=90.9ms
(Worker_PP1_TP3 pid=1103799) [k3t r?] step=22 tok=1 step=90.84ms | KDA: n=23 attn=18.8ms mlp=45.1ms other=0.5ms tot=64.5ms | full: n=8 attn=10.7ms mlp=15.4ms other=0.2ms tot=26.3ms | ALL: attn=29.6ms mlp=60.4ms model=90.8ms
(Worker_PP1_TP1 pid=1103797) [k3t r?] step=22 tok=1 step=90.85ms | KDA: n=23 attn=11.7ms mlp=44.4ms other=7.0ms tot=63.1ms | full: n=8 attn=8.3ms mlp=15.2ms other=2.4ms tot=26.0ms | ALL: attn=20.1ms mlp=59.6ms model=90.8ms
(Worker_PP1_TP5 pid=1103801) [k3t r?] step=22 tok=1 step=90.84ms | KDA: n=23 attn=18.1ms mlp=45.1ms other=1.3ms tot=64.5ms | full: n=8 attn=10.6ms mlp=15.4ms other=0.4ms tot=26.3ms | ALL: attn=28.6ms mlp=60.5ms model=90.8ms
(Worker_PP1_TP4 pid=1103800) [k3t r?] step=22 tok=1 step=90.85ms | KDA: n=23 attn=18.8ms mlp=45.1ms other=0.5ms tot=64.5ms | full: n=8 attn=10.7ms mlp=15.4ms other=0.2ms tot=26.3ms | ALL: attn=29.6ms mlp=60.5ms model=90.8ms
(Worker_PP1_TP6 pid=1103802) [k3t r?] step=22 tok=1 step=90.84ms | KDA: n=23 attn=18.9ms mlp=45.1ms other=0.5ms tot=64.5ms | full: n=8 attn=10.7ms mlp=15.4ms other=0.2ms tot=26.3ms | ALL: attn=29.6ms mlp=60.4ms model=90.8ms
(Worker_PP1_TP2 pid=1103798) [k3t r?] step=22 tok=1 step=90.84ms | KDA: n=23 attn=18.8ms mlp=45.1ms other=0.5ms tot=64.5ms | full: n=8 attn=10.7ms mlp=15.4ms other=0.2ms tot=26.3ms | ALL: attn=29.6ms mlp=60.4ms model=90.8ms
(Worker_PP1_TP0 pid=1103796) [k3t r?] step=22 tok=1 step=91.15ms | KDA: n=23 attn=15.3ms mlp=44.8ms other=3.9ms tot=64.0ms | full: n=8 attn=9.5ms mlp=15.3ms other=1.3ms tot=26.1ms | ALL: attn=24.9ms mlp=60.1ms model=91.2ms
(Worker_PP1_TP0 pid=1103796) WARNING 08-22 18:18:42 [flashinfer_all_reduce.py:78] Failed to initialize FlashInfer All Reduce workspace: [SymmDeviceMemory] Device does not support multicasting.. This is expected on GPUs without NVSwitch (e.g., NVLink bridge-only or PCIe topologies).
(Worker_PP1_TP0 pid=1103796) WARNING 08-22 18:18:42 [flashinfer_all_reduce.py:78] Failed to initialize FlashInfer All Reduce workspace: [SymmDeviceMemory] Device does not support multicasting.. This is expected on GPUs without NVSwitch (e.g., NVLink bridge-only or PCIe topologies).
(Worker_PP1_TP0 pid=1103796) WARNING 08-22 18:18:42 [flashinfer_all_reduce.py:78] Failed to initialize FlashInfer All Reduce workspace: [SymmDeviceMemory] Device does not support multicasting.. This is expected on GPUs without NVSwitch (e.g., NVLink bridge-only or PCIe topologies).
(Worker_PP1_TP0 pid=1103796) WARNING 08-22 18:18:42 [flashinfer_all_reduce.py:78] Failed to initialize FlashInfer All Reduce workspace: [SymmDeviceMemory] Device does not support multicasting.. This is expected on GPUs without NVSwitch (e.g., NVLink bridge-only or PCIe topologies).
(Worker_PP1_TP0 pid=1103796) WARNING 08-22 18:18:42 [flashinfer_all_reduce.py:78] Failed to initialize FlashInfer All Reduce workspace: [SymmDeviceMemory] Device does not support multicasting.. This is expected on GPUs without NVSwitch (e.g., NVLink bridge-only or PCIe topologies).
(Worker_PP1_TP0 pid=1103796) WARNING 08-22 18:18:42 [flashinfer_all_reduce.py:78] Failed to initialize FlashInfer All Reduce workspace: [SymmDeviceMemory] Device does not support multicasting.. This is expected on GPUs without NVSwitch (e.g., NVLink bridge-only or PCIe topologies).
(Worker_PP1_TP0 pid=1103796) WARNING 08-22 18:18:42 [flashinfer_all_reduce.py:78] Failed to initialize FlashInfer All Reduce workspace: [SymmDeviceMemory] Device does not support multicasting.. This is expected on GPUs without NVSwitch (e.g., NVLink bridge-only or PCIe topologies).
(Worker_PP1_TP0 pid=1103796) WARNING 08-22 18:18:42 [flashinfer_all_reduce.py:78] Failed to initialize FlashInfer All Reduce workspace: [SymmDeviceMemory] Device does not support multicasting.. This is expected on GPUs without NVSwitch (e.g., NVLink bridge-only or PCIe topologies).
(Worker_PP1_TP0 pid=1103796) WARNING 08-22 18:18:42 [flashinfer_all_reduce.py:78] Failed to initialize FlashInfer All Reduce workspace: [SymmDeviceMemory] Device does not support multicasting.. This is expected on GPUs without NVSwitch (e.g., NVLink bridge-only or PCIe topologies).
(Worker_PP1_TP0 pid=1103796) WARNING 08-22 18:18:42 [flashinfer_all_reduce.py:78] Failed to initialize FlashInfer All Reduce workspace: [SymmDeviceMemory] Device does not support multicasting.. This is expected on GPUs without NVSwitch (e.g., NVLink bridge-only or PCIe topologies).
(Worker_PP1_TP0 pid=1103796) WARNING 08-22 18:18:42 [flashinfer_all_reduce.py:78] Failed to initialize FlashInfer All Reduce workspace: [SymmDeviceMemory] Device does not support multicasting.. This is expected on GPUs without NVSwitch (e.g., NVLink bridge-only or PCIe topologies).
(Worker_PP1_TP0 pid=1103796) WARNING 08-22 18:18:42 [flashinfer_all_reduce.py:78] Failed to initialize FlashInfer All Reduce workspace: [SymmDeviceMemory] Device does not support multicasting.. This is expected on GPUs without NVSwitch (e.g., NVLink bridge-only or PCIe topologies).
(Worker_PP1_TP0 pid=1103796) WARNING 08-22 18:18:42 [flashinfer_all_reduce.py:78] Failed to initialize FlashInfer All Reduce workspace: [SymmDeviceMemory] Device does not support multicasting.. This is expected on GPUs without NVSwitch (e.g., NVLink bridge-only or PCIe topologies).
(Worker_PP1_TP0 pid=1103796) WARNING 08-22 18:18:42 [flashinfer_all_reduce.py:78] Failed to initialize FlashInfer All Reduce workspace: [SymmDeviceMemory] Device does not support multicasting.. This is expected on GPUs without NVSwitch (e.g., NVLink bridge-only or PCIe topologies).
(Worker_PP1_TP0 pid=1103796) WARNING 08-22 18:18:42 [flashinfer_all_reduce.py:78] Failed to initialize FlashInfer All Reduce workspace: [SymmDeviceMemory] Device does not support multicasting.. This is expected on GPUs without NVSwitch (e.g., NVLink bridge-only or PCIe topologies).
(Worker_PP1_TP0 pid=1103796) WARNING 08-22 18:18:42 [flashinfer_all_reduce.py:78] Failed to initialize FlashInfer All Reduce workspace: [SymmDeviceMemory] Device does not support multicasting.. This is expected on GPUs without NVSwitch (e.g., NVLink bridge-only or PCIe topologies).
(Worker_PP1_TP0 pid=1103796) WARNING 08-22 18:18:42 [flashinfer_all_reduce.py:78] Failed to initialize FlashInfer All Reduce workspace: [SymmDeviceMemory] Device does not support multicasting.. This is expected on GPUs without NVSwitch (e.g., NVLink bridge-only or PCIe topologies).
(Worker_PP1_TP0 pid=1103796) WARNING 08-22 18:18:42 [flashinfer_all_reduce.py:78] Failed to initialize FlashInfer All Reduce workspace: [SymmDeviceMemory] Device does not support multicasting.. This is expected on GPUs without NVSwitch (e.g., NVLink bridge-only or PCIe topologies).
(Worker_PP1_TP0 pid=1103796) WARNING 08-22 18:18:42 [flashinfer_all_reduce.py:78] Failed to initialize FlashInfer All Reduce workspace: [SymmDeviceMemory] Device does not support multicasting.. This is expected on GPUs without NVSwitch (e.g., NVLink bridge-only or PCIe topologies).
(Worker_PP1_TP0 pid=1103796) WARNING 08-22 18:18:42 [flashinfer_all_reduce.py:78] Failed to initialize FlashInfer All Reduce workspace: [SymmDeviceMemory] Device does not support multicasting.. This is expected on GPUs without NVSwitch (e.g., NVLink bridge-only or PCIe topologies).
(Worker_PP1_TP0 pid=1103796) WARNING 08-22 18:18:42 [flashinfer_all_reduce.py:78] Failed to initialize FlashInfer All Reduce workspace: [SymmDeviceMemory] Device does not support multicasting.. This is expected on GPUs without NVSwitch (e.g., NVLink bridge-only or PCIe topologies).
(Worker_PP1_TP0 pid=1103796) WARNING 08-22 18:18:42 [flashinfer_all_reduce.py:78] Failed to initialize FlashInfer All Reduce workspace: [SymmDeviceMemory] Device does not support multicasting.. This is expected on GPUs without NVSwitch (e.g., NVLink bridge-only or PCIe topologies).
(Worker_PP1_TP0 pid=1103796) WARNING 08-22 18:18:42 [flashinfer_all_reduce.py:78] Failed to initialize FlashInfer All Reduce workspace: [SymmDeviceMemory] Device does not support multicasting.. This is expected on GPUs without NVSwitch (e.g., NVLink bridge-only or PCIe topologies).
(Worker_PP1_TP0 pid=1103796) WARNING 08-22 18:18:42 [flashinfer_all_reduce.py:78] Failed to initialize FlashInfer All Reduce workspace: [SymmDeviceMemory] Device does not support multicasting.. This is expected on GPUs without NVSwitch (e.g., NVLink bridge-only or PCIe topologies).
(Worker_PP1_TP0 pid=1103796) WARNING 08-22 18:18:42 [flashinfer_all_reduce.py:78] Failed to initialize FlashInfer All Reduce workspace: [SymmDeviceMemory] Device does not support multicasting.. This is expected on GPUs without NVSwitch (e.g., NVLink bridge-only or PCIe topologies).
(Worker_PP1_TP0 pid=1103796) WARNING 08-22 18:18:42 [flashinfer_all_reduce.py:78] Failed to initialize FlashInfer All Reduce workspace: [SymmDeviceMemory] Device does not support multicasting.. This is expected on GPUs without NVSwitch (e.g., NVLink bridge-only or PCIe topologies).
(Worker_PP1_TP0 pid=1103796) WARNING 08-22 18:18:42 [flashinfer_all_reduce.py:78] Failed to initialize FlashInfer All Reduce workspace: [SymmDeviceMemory] Device does not support multicasting.. This is expected on GPUs without NVSwitch (e.g., NVLink bridge-only or PCIe topologies).
(Worker_PP1_TP0 pid=1103796) WARNING 08-22 18:18:42 [flashinfer_all_reduce.py:78] Failed to initialize FlashInfer All Reduce workspace: [SymmDeviceMemory] Device does not support multicasting.. This is expected on GPUs without NVSwitch (e.g., NVLink bridge-only or PCIe topologies).
(Worker_PP1_TP0 pid=1103796) WARNING 08-22 18:18:42 [flashinfer_all_reduce.py:78] Failed to initialize FlashInfer All Reduce workspace: [SymmDeviceMemory] Device does not support multicasting.. This is expected on GPUs without NVSwitch (e.g., NVLink bridge-only or PCIe topologies).
(Worker_PP1_TP0 pid=1103796) WARNING 08-22 18:18:42 [flashinfer_all_reduce.py:78] Failed to initialize FlashInfer All Reduce workspace: [SymmDeviceMemory] Device does not support multicasting.. This is expected on GPUs without NVSwitch (e.g., NVLink bridge-only or PCIe topologies).
(Worker_PP1_TP0 pid=1103796) WARNING 08-22 18:18:42 [flashinfer_all_reduce.py:78] Failed to initialize FlashInfer All Reduce workspace: [SymmDeviceMemory] Device does not support multicasting.. This is expected on GPUs without NVSwitch (e.g., NVLink bridge-only or PCIe topologies).
(Worker_PP1_TP3 pid=1103799) [k3t r?] step=23 tok=1 step=97.41ms | KDA: n=23 attn=19.8ms mlp=49.5ms other=0.5ms tot=69.8ms | full: n=8 attn=11.0ms mlp=16.4ms other=0.2ms tot=27.5ms | ALL: attn=30.7ms mlp=65.9ms model=97.4ms
(Worker_PP1_TP1 pid=1103797) [k3t r?] step=23 tok=1 step=97.40ms | KDA: n=23 attn=19.7ms mlp=49.5ms other=0.5ms tot=69.8ms | full: n=8 attn=11.0ms mlp=16.4ms other=0.2ms tot=27.5ms | ALL: attn=30.7ms mlp=65.9ms model=97.4ms
(Worker_PP1_TP4 pid=1103800) [k3t r?] step=23 tok=1 step=97.41ms | KDA: n=23 attn=19.8ms mlp=49.5ms other=0.5ms tot=69.8ms | full: n=8 attn=11.0ms mlp=16.4ms other=0.2ms tot=27.5ms | ALL: attn=30.7ms mlp=65.9ms model=97.4ms
(Worker_PP1_TP6 pid=1103802) [k3t r?] step=23 tok=1 step=97.41ms | KDA: n=23 attn=19.8ms mlp=49.5ms other=0.5ms tot=69.8ms | full: n=8 attn=11.0ms mlp=16.4ms other=0.2ms tot=27.5ms | ALL: attn=30.7ms mlp=65.9ms model=97.4ms
(Worker_PP1_TP2 pid=1103798) [k3t r?] step=23 tok=1 step=97.41ms | KDA: n=23 attn=19.7ms mlp=49.5ms other=0.6ms tot=69.8ms | full: n=8 attn=11.0ms mlp=16.4ms other=0.2ms tot=27.5ms | ALL: attn=30.7ms mlp=65.9ms model=97.4ms
(Worker_PP1_TP5 pid=1103801) [k3t r?] step=23 tok=1 step=97.41ms | KDA: n=23 attn=19.8ms mlp=49.5ms other=0.5ms tot=69.8ms | full: n=8 attn=11.0ms mlp=16.4ms other=0.2ms tot=27.5ms | ALL: attn=30.7ms mlp=65.9ms model=97.4ms
(Worker_PP1_TP7 pid=1103803) [k3t r?] step=23 tok=1 step=97.41ms | KDA: n=23 attn=19.7ms mlp=49.5ms other=0.5ms tot=69.8ms | full: n=8 attn=11.0ms mlp=16.4ms other=0.2ms tot=27.5ms | ALL: attn=30.7ms mlp=65.9ms model=97.4ms
(Worker_PP1_TP0 pid=1103796) [k3t r?] step=23 tok=1 step=97.71ms | KDA: n=23 attn=10.6ms mlp=48.6ms other=9.3ms tot=68.4ms | full: n=8 attn=7.8ms mlp=15.9ms other=3.3ms tot=27.0ms | ALL: attn=18.3ms mlp=64.5ms model=97.7ms
(Worker_PP1_TP0 pid=1103796) WARNING 08-22 18:18:43 [flashinfer_all_reduce.py:78] Failed to initialize FlashInfer All Reduce workspace: [SymmDeviceMemory] Device does not support multicasting.. This is expected on GPUs without NVSwitch (e.g., NVLink bridge-only or PCIe topologies).
(Worker_PP1_TP0 pid=1103796) WARNING 08-22 18:18:43 [flashinfer_all_reduce.py:78] Failed to initialize FlashInfer All Reduce workspace: [SymmDeviceMemory] Device does not support multicasting.. This is expected on GPUs without NVSwitch (e.g., NVLink bridge-only or PCIe topologies).
(Worker_PP1_TP0 pid=1103796) WARNING 08-22 18:18:43 [flashinfer_all_reduce.py:78] Failed to initialize FlashInfer All Reduce workspace: [SymmDeviceMemory] Device does not support multicasting.. This is expected on GPUs without NVSwitch (e.g., NVLink bridge-only or PCIe topologies).
(Worker_PP1_TP0 pid=1103796) WARNING 08-22 18:18:43 [flashinfer_all_reduce.py:78] Failed to initialize FlashInfer All Reduce workspace: [SymmDeviceMemory] Device does not support multicasting.. This is expected on GPUs without NVSwitch (e.g., NVLink bridge-only or PCIe topologies).
(Worker_PP1_TP0 pid=1103796) WARNING 08-22 18:18:43 [flashinfer_all_reduce.py:78] Failed to initialize FlashInfer All Reduce workspace: [SymmDeviceMemory] Device does not support multicasting.. This is expected on GPUs without NVSwitch (e.g., NVLink bridge-only or PCIe topologies).
(Worker_PP1_TP0 pid=1103796) WARNING 08-22 18:18:43 [flashinfer_all_reduce.py:78] Failed to initialize FlashInfer All Reduce workspace: [SymmDeviceMemory] Device does not support multicasting.. This is expected on GPUs without NVSwitch (e.g., NVLink bridge-only or PCIe topologies).
(Worker_PP1_TP0 pid=1103796) WARNING 08-22 18:18:43 [flashinfer_all_reduce.py:78] Failed to initialize FlashInfer All Reduce workspace: [SymmDeviceMemory] Device does not support multicasting.. This is expected on GPUs without NVSwitch (e.g., NVLink bridge-only or PCIe topologies).
(Worker_PP1_TP0 pid=1103796) WARNING 08-22 18:18:43 [flashinfer_all_reduce.py:78] Failed to initialize FlashInfer All Reduce workspace: [SymmDeviceMemory] Device does not support multicasting.. This is expected on GPUs without NVSwitch (e.g., NVLink bridge-only or PCIe topologies).
(Worker_PP1_TP0 pid=1103796) WARNING 08-22 18:18:43 [flashinfer_all_reduce.py:78] Failed to initialize FlashInfer All Reduce workspace: [SymmDeviceMemory] Device does not support multicasting.. This is expected on GPUs without NVSwitch (e.g., NVLink bridge-only or PCIe topologies).
(Worker_PP1_TP0 pid=1103796) WARNING 08-22 18:18:43 [flashinfer_all_reduce.py:78] Failed to initialize FlashInfer All Reduce workspace: [SymmDeviceMemory] Device does not support multicasting.. This is expected on GPUs without NVSwitch (e.g., NVLink bridge-only or PCIe topologies).
(Worker_PP1_TP0 pid=1103796) WARNING 08-22 18:18:43 [flashinfer_all_reduce.py:78] Failed to initialize FlashInfer All Reduce workspace: [SymmDeviceMemory] Device does not support multicasting.. This is expected on GPUs without NVSwitch (e.g., NVLink bridge-only or PCIe topologies).
(Worker_PP1_TP0 pid=1103796) WARNING 08-22 18:18:43 [flashinfer_all_reduce.py:78] Failed to initialize FlashInfer All Reduce workspace: [SymmDeviceMemory] Device does not support multicasting.. This is expected on GPUs without NVSwitch (e.g., NVLink bridge-only or PCIe topologies).
(Worker_PP1_TP0 pid=1103796) WARNING 08-22 18:18:43 [flashinfer_all_reduce.py:78] Failed to initialize FlashInfer All Reduce workspace: [SymmDeviceMemory] Device does not support multicasting.. This is expected on GPUs without NVSwitch (e.g., NVLink bridge-only or PCIe topologies).
(Worker_PP1_TP0 pid=1103796) WARNING 08-22 18:18:43 [flashinfer_all_reduce.py:78] Failed to initialize FlashInfer All Reduce workspace: [SymmDeviceMemory] Device does not support multicasting.. This is expected on GPUs without NVSwitch (e.g., NVLink bridge-only or PCIe topologies).
(Worker_PP1_TP0 pid=1103796) WARNING 08-22 18:18:43 [flashinfer_all_reduce.py:78] Failed to initialize FlashInfer All Reduce workspace: [SymmDeviceMemory] Device does not support multicasting.. This is expected on GPUs without NVSwitch (e.g., NVLink bridge-only or PCIe topologies).
(Worker_PP1_TP0 pid=1103796) WARNING 08-22 18:18:43 [flashinfer_all_reduce.py:78] Failed to initialize FlashInfer All Reduce workspace: [SymmDeviceMemory] Device does not support multicasting.. This is expected on GPUs without NVSwitch (e.g., NVLink bridge-only or PCIe topologies).
(Worker_PP1_TP0 pid=1103796) WARNING 08-22 18:18:43 [flashinfer_all_reduce.py:78] Failed to initialize FlashInfer All Reduce workspace: [SymmDeviceMemory] Device does not support multicasting.. This is expected on GPUs without NVSwitch (e.g., NVLink bridge-only or PCIe topologies).
(Worker_PP1_TP0 pid=1103796) WARNING 08-22 18:18:43 [flashinfer_all_reduce.py:78] Failed to initialize FlashInfer All Reduce workspace: [SymmDeviceMemory] Device does not support multicasting.. This is expected on GPUs without NVSwitch (e.g., NVLink bridge-only or PCIe topologies).
(Worker_PP1_TP0 pid=1103796) WARNING 08-22 18:18:43 [flashinfer_all_reduce.py:78] Failed to initialize FlashInfer All Reduce workspace: [SymmDeviceMemory] Device does not support multicasting.. This is expected on GPUs without NVSwitch (e.g., NVLink bridge-only or PCIe topologies).
(Worker_PP1_TP0 pid=1103796) WARNING 08-22 18:18:43 [flashinfer_all_reduce.py:78] Failed to initialize FlashInfer All Reduce workspace: [SymmDeviceMemory] Device does not support multicasting.. This is expected on GPUs without NVSwitch (e.g., NVLink bridge-only or PCIe topologies).
(Worker_PP1_TP0 pid=1103796) WARNING 08-22 18:18:43 [flashinfer_all_reduce.py:78] Failed to initialize FlashInfer All Reduce workspace: [SymmDeviceMemory] Device does not support multicasting.. This is expected on GPUs without NVSwitch (e.g., NVLink bridge-only or PCIe topologies).
(Worker_PP1_TP0 pid=1103796) WARNING 08-22 18:18:43 [flashinfer_all_reduce.py:78] Failed to initialize FlashInfer All Reduce workspace: [SymmDeviceMemory] Device does not support multicasting.. This is expected on GPUs without NVSwitch (e.g., NVLink bridge-only or PCIe topologies).
(Worker_PP1_TP0 pid=1103796) WARNING 08-22 18:18:43 [flashinfer_all_reduce.py:78] Failed to initialize FlashInfer All Reduce workspace: [SymmDeviceMemory] Device does not support multicasting.. This is expected on GPUs without NVSwitch (e.g., NVLink bridge-only or PCIe topologies).
(Worker_PP1_TP0 pid=1103796) WARNING 08-22 18:18:43 [flashinfer_all_reduce.py:78] Failed to initialize FlashInfer All Reduce workspace: [SymmDeviceMemory] Device does not support multicasting.. This is expected on GPUs without NVSwitch (e.g., NVLink bridge-only or PCIe topologies).
(Worker_PP1_TP0 pid=1103796) WARNING 08-22 18:18:43 [flashinfer_all_reduce.py:78] Failed to initialize FlashInfer All Reduce workspace: [SymmDeviceMemory] Device does not support multicasting.. This is expected on GPUs without NVSwitch (e.g., NVLink bridge-only or PCIe topologies).
(Worker_PP1_TP0 pid=1103796) WARNING 08-22 18:18:43 [flashinfer_all_reduce.py:78] Failed to initialize FlashInfer All Reduce workspace: [SymmDeviceMemory] Device does not support multicasting.. This is expected on GPUs without NVSwitch (e.g., NVLink bridge-only or PCIe topologies).
(Worker_PP1_TP0 pid=1103796) WARNING 08-22 18:18:43 [flashinfer_all_reduce.py:78] Failed to initialize FlashInfer All Reduce workspace: [SymmDeviceMemory] Device does not support multicasting.. This is expected on GPUs without NVSwitch (e.g., NVLink bridge-only or PCIe topologies).
(Worker_PP1_TP0 pid=1103796) WARNING 08-22 18:18:43 [flashinfer_all_reduce.py:78] Failed to initialize FlashInfer All Reduce workspace: [SymmDeviceMemory] Device does not support multicasting.. This is expected on GPUs without NVSwitch (e.g., NVLink bridge-only or PCIe topologies).
(Worker_PP1_TP0 pid=1103796) WARNING 08-22 18:18:43 [flashinfer_all_reduce.py:78] Failed to initialize FlashInfer All Reduce workspace: [SymmDeviceMemory] Device does not support multicasting.. This is expected on GPUs without NVSwitch (e.g., NVLink bridge-only or PCIe topologies).
(Worker_PP1_TP0 pid=1103796) WARNING 08-22 18:18:43 [flashinfer_all_reduce.py:78] Failed to initialize FlashInfer All Reduce workspace: [SymmDeviceMemory] Device does not support multicasting.. This is expected on GPUs without NVSwitch (e.g., NVLink bridge-only or PCIe topologies).
(Worker_PP1_TP0 pid=1103796) WARNING 08-22 18:18:43 [flashinfer_all_reduce.py:78] Failed to initialize FlashInfer All Reduce workspace: [SymmDeviceMemory] Device does not support multicasting.. This is expected on GPUs without NVSwitch (e.g., NVLink bridge-only or PCIe topologies).
(Worker_PP1_TP0 pid=1103796) [k3t r?] step=24 tok=1 step=99.88ms | KDA: n=23 attn=22.0ms mlp=49.7ms other=0.6ms tot=72.2ms | full: n=8 attn=11.3ms mlp=16.1ms other=0.2ms tot=27.6ms | ALL: attn=33.3ms mlp=65.7ms model=99.9ms
(Worker_PP1_TP7 pid=1103803) [k3t r?] step=24 tok=1 step=99.88ms | KDA: n=23 attn=22.0ms mlp=49.7ms other=0.5ms tot=72.2ms | full: n=8 attn=11.3ms mlp=16.1ms other=0.2ms tot=27.6ms | ALL: attn=33.3ms mlp=65.7ms model=99.9ms
(Worker_PP1_TP4 pid=1103800) [k3t r?] step=24 tok=1 step=99.88ms | KDA: n=23 attn=22.0ms mlp=49.7ms other=0.5ms tot=72.2ms | full: n=8 attn=11.3ms mlp=16.1ms other=0.2ms tot=27.5ms | ALL: attn=33.3ms mlp=65.7ms model=99.9ms
(Worker_PP1_TP2 pid=1103798) [k3t r?] step=24 tok=1 step=99.88ms | KDA: n=23 attn=22.0ms mlp=49.7ms other=0.5ms tot=72.2ms | full: n=8 attn=11.3ms mlp=16.1ms other=0.2ms tot=27.6ms | ALL: attn=33.4ms mlp=65.7ms model=99.9ms
(Worker_PP1_TP3 pid=1103799) [k3t r?] step=24 tok=1 step=99.88ms | KDA: n=23 attn=22.0ms mlp=49.7ms other=0.5ms tot=72.2ms | full: n=8 attn=11.3ms mlp=16.1ms other=0.2ms tot=27.6ms | ALL: attn=33.3ms mlp=65.7ms model=99.9ms
(Worker_PP1_TP5 pid=1103801) [k3t r?] step=24 tok=1 step=99.88ms | KDA: n=23 attn=22.0ms mlp=49.7ms other=0.5ms tot=72.2ms | full: n=8 attn=11.3ms mlp=16.1ms other=0.2ms tot=27.6ms | ALL: attn=33.3ms mlp=65.7ms model=99.9ms
(Worker_PP1_TP1 pid=1103797) [k3t r?] step=24 tok=1 step=99.88ms | KDA: n=23 attn=21.9ms mlp=49.7ms other=0.6ms tot=72.2ms | full: n=8 attn=11.3ms mlp=16.1ms other=0.2ms tot=27.6ms | ALL: attn=33.2ms mlp=65.7ms model=99.9ms
(Worker_PP1_TP6 pid=1103802) [k3t r?] step=24 tok=1 step=100.32ms | KDA: n=23 attn=11.5ms mlp=48.6ms other=10.5ms tot=70.6ms | full: n=8 attn=8.0ms mlp=15.9ms other=3.2ms tot=27.0ms | ALL: attn=19.4ms mlp=64.5ms model=100.3ms
(Worker_PP1_TP0 pid=1103796) WARNING 08-22 18:18:43 [flashinfer_all_reduce.py:78] Failed to initialize FlashInfer All Reduce workspace: [SymmDeviceMemory] Device does not support multicasting.. This is expected on GPUs without NVSwitch (e.g., NVLink bridge-only or PCIe topologies).
(Worker_PP1_TP0 pid=1103796) WARNING 08-22 18:18:43 [flashinfer_all_reduce.py:78] Failed to initialize FlashInfer All Reduce workspace: [SymmDeviceMemory] Device does not support multicasting.. This is expected on GPUs without NVSwitch (e.g., NVLink bridge-only or PCIe topologies).
(Worker_PP1_TP0 pid=1103796) WARNING 08-22 18:18:43 [flashinfer_all_reduce.py:78] Failed to initialize FlashInfer All Reduce workspace: [SymmDeviceMemory] Device does not support multicasting.. This is expected on GPUs without NVSwitch (e.g., NVLink bridge-only or PCIe topologies).
(Worker_PP1_TP0 pid=1103796) WARNING 08-22 18:18:43 [flashinfer_all_reduce.py:78] Failed to initialize FlashInfer All Reduce workspace: [SymmDeviceMemory] Device does not support multicasting.. This is expected on GPUs without NVSwitch (e.g., NVLink bridge-only or PCIe topologies).
(Worker_PP1_TP0 pid=1103796) WARNING 08-22 18:18:43 [flashinfer_all_reduce.py:78] Failed to initialize FlashInfer All Reduce workspace: [SymmDeviceMemory] Device does not support multicasting.. This is expected on GPUs without NVSwitch (e.g., NVLink bridge-only or PCIe topologies).
(Worker_PP1_TP0 pid=1103796) WARNING 08-22 18:18:43 [flashinfer_all_reduce.py:78] Failed to initialize FlashInfer All Reduce workspace: [SymmDeviceMemory] Device does not support multicasting.. This is expected on GPUs without NVSwitch (e.g., NVLink bridge-only or PCIe topologies).
(Worker_PP1_TP0 pid=1103796) WARNING 08-22 18:18:43 [flashinfer_all_reduce.py:78] Failed to initialize FlashInfer All Reduce workspace: [SymmDeviceMemory] Device does not support multicasting.. This is expected on GPUs without NVSwitch (e.g., NVLink bridge-only or PCIe topologies).
(Worker_PP1_TP0 pid=1103796) WARNING 08-22 18:18:43 [flashinfer_all_reduce.py:78] Failed to initialize FlashInfer All Reduce workspace: [SymmDeviceMemory] Device does not support multicasting.. This is expected on GPUs without NVSwitch (e.g., NVLink bridge-only or PCIe topologies).
(Worker_PP1_TP0 pid=1103796) WARNING 08-22 18:18:43 [flashinfer_all_reduce.py:78] Failed to initialize FlashInfer All Reduce workspace: [SymmDeviceMemory] Device does not support multicasting.. This is expected on GPUs without NVSwitch (e.g., NVLink bridge-only or PCIe topologies).
(Worker_PP1_TP0 pid=1103796) WARNING 08-22 18:18:43 [flashinfer_all_reduce.py:78] Failed to initialize FlashInfer All Reduce workspace: [SymmDeviceMemory] Device does not support multicasting.. This is expected on GPUs without NVSwitch (e.g., NVLink bridge-only or PCIe topologies).
(Worker_PP1_TP0 pid=1103796) WARNING 08-22 18:18:43 [flashinfer_all_reduce.py:78] Failed to initialize FlashInfer All Reduce workspace: [SymmDeviceMemory] Device does not support multicasting.. This is expected on GPUs without NVSwitch (e.g., NVLink bridge-only or PCIe topologies).
(Worker_PP1_TP0 pid=1103796) WARNING 08-22 18:18:43 [flashinfer_all_reduce.py:78] Failed to initialize FlashInfer All Reduce workspace: [SymmDeviceMemory] Device does not support multicasting.. This is expected on GPUs without NVSwitch (e.g., NVLink bridge-only or PCIe topologies).
(Worker_PP1_TP0 pid=1103796) WARNING 08-22 18:18:43 [flashinfer_all_reduce.py:78] Failed to initialize FlashInfer All Reduce workspace: [SymmDeviceMemory] Device does not support multicasting.. This is expected on GPUs without NVSwitch (e.g., NVLink bridge-only or PCIe topologies).
(Worker_PP1_TP0 pid=1103796) WARNING 08-22 18:18:43 [flashinfer_all_reduce.py:78] Failed to initialize FlashInfer All Reduce workspace: [SymmDeviceMemory] Device does not support multicasting.. This is expected on GPUs without NVSwitch (e.g., NVLink bridge-only or PCIe topologies).
(Worker_PP1_TP0 pid=1103796) WARNING 08-22 18:18:43 [flashinfer_all_reduce.py:78] Failed to initialize FlashInfer All Reduce workspace: [SymmDeviceMemory] Device does not support multicasting.. This is expected on GPUs without NVSwitch (e.g., NVLink bridge-only or PCIe topologies).
(Worker_PP1_TP0 pid=1103796) WARNING 08-22 18:18:43 [flashinfer_all_reduce.py:78] Failed to initialize FlashInfer All Reduce workspace: [SymmDeviceMemory] Device does not support multicasting.. This is expected on GPUs without NVSwitch (e.g., NVLink bridge-only or PCIe topologies).
(Worker_PP1_TP0 pid=1103796) WARNING 08-22 18:18:43 [flashinfer_all_reduce.py:78] Failed to initialize FlashInfer All Reduce workspace: [SymmDeviceMemory] Device does not support multicasting.. This is expected on GPUs without NVSwitch (e.g., NVLink bridge-only or PCIe topologies).
(Worker_PP1_TP0 pid=1103796) WARNING 08-22 18:18:43 [flashinfer_all_reduce.py:78] Failed to initialize FlashInfer All Reduce workspace: [SymmDeviceMemory] Device does not support multicasting.. This is expected on GPUs without NVSwitch (e.g., NVLink bridge-only or PCIe topologies).
(Worker_PP1_TP0 pid=1103796) WARNING 08-22 18:18:43 [flashinfer_all_reduce.py:78] Failed to initialize FlashInfer All Reduce workspace: [SymmDeviceMemory] Device does not support multicasting.. This is expected on GPUs without NVSwitch (e.g., NVLink bridge-only or PCIe topologies).
(Worker_PP1_TP0 pid=1103796) WARNING 08-22 18:18:43 [flashinfer_all_reduce.py:78] Failed to initialize FlashInfer All Reduce workspace: [SymmDeviceMemory] Device does not support multicasting.. This is expected on GPUs without NVSwitch (e.g., NVLink bridge-only or PCIe topologies).
(Worker_PP1_TP0 pid=1103796) WARNING 08-22 18:18:43 [flashinfer_all_reduce.py:78] Failed to initialize FlashInfer All Reduce workspace: [SymmDeviceMemory] Device does not support multicasting.. This is expected on GPUs without NVSwitch (e.g., NVLink bridge-only or PCIe topologies).
(Worker_PP1_TP0 pid=1103796) WARNING 08-22 18:18:43 [flashinfer_all_reduce.py:78] Failed to initialize FlashInfer All Reduce workspace: [SymmDeviceMemory] Device does not support multicasting.. This is expected on GPUs without NVSwitch (e.g., NVLink bridge-only or PCIe topologies).
(Worker_PP1_TP0 pid=1103796) WARNING 08-22 18:18:43 [flashinfer_all_reduce.py:78] Failed to initialize FlashInfer All Reduce workspace: [SymmDeviceMemory] Device does not support multicasting.. This is expected on GPUs without NVSwitch (e.g., NVLink bridge-only or PCIe topologies).
(Worker_PP1_TP0 pid=1103796) WARNING 08-22 18:18:43 [flashinfer_all_reduce.py:78] Failed to initialize FlashInfer All Reduce workspace: [SymmDeviceMemory] Device does not support multicasting.. This is expected on GPUs without NVSwitch (e.g., NVLink bridge-only or PCIe topologies).
(Worker_PP1_TP0 pid=1103796) WARNING 08-22 18:18:43 [flashinfer_all_reduce.py:78] Failed to initialize FlashInfer All Reduce workspace: [SymmDeviceMemory] Device does not support multicasting.. This is expected on GPUs without NVSwitch (e.g., NVLink bridge-only or PCIe topologies).
(Worker_PP1_TP0 pid=1103796) WARNING 08-22 18:18:43 [flashinfer_all_reduce.py:78] Failed to initialize FlashInfer All Reduce workspace: [SymmDeviceMemory] Device does not support multicasting.. This is expected on GPUs without NVSwitch (e.g., NVLink bridge-only or PCIe topologies).
(Worker_PP1_TP0 pid=1103796) WARNING 08-22 18:18:43 [flashinfer_all_reduce.py:78] Failed to initialize FlashInfer All Reduce workspace: [SymmDeviceMemory] Device does not support multicasting.. This is expected on GPUs without NVSwitch (e.g., NVLink bridge-only or PCIe topologies).
(Worker_PP1_TP0 pid=1103796) WARNING 08-22 18:18:43 [flashinfer_all_reduce.py:78] Failed to initialize FlashInfer All Reduce workspace: [SymmDeviceMemory] Device does not support multicasting.. This is expected on GPUs without NVSwitch (e.g., NVLink bridge-only or PCIe topologies).
(Worker_PP1_TP0 pid=1103796) WARNING 08-22 18:18:43 [flashinfer_all_reduce.py:78] Failed to initialize FlashInfer All Reduce workspace: [SymmDeviceMemory] Device does not support multicasting.. This is expected on GPUs without NVSwitch (e.g., NVLink bridge-only or PCIe topologies).
(Worker_PP1_TP0 pid=1103796) WARNING 08-22 18:18:43 [flashinfer_all_reduce.py:78] Failed to initialize FlashInfer All Reduce workspace: [SymmDeviceMemory] Device does not support multicasting.. This is expected on GPUs without NVSwitch (e.g., NVLink bridge-only or PCIe topologies).
(Worker_PP1_TP0 pid=1103796) WARNING 08-22 18:18:43 [flashinfer_all_reduce.py:78] Failed to initialize FlashInfer All Reduce workspace: [SymmDeviceMemory] Device does not support multicasting.. This is expected on GPUs without NVSwitch (e.g., NVLink bridge-only or PCIe topologies).
(Worker_PP1_TP4 pid=1103800) [k3t r?] step=25 tok=1 step=95.23ms | KDA: n=23 attn=19.4ms mlp=48.2ms other=0.5ms tot=68.1ms | full: n=8 attn=11.3ms mlp=15.6ms other=0.2ms tot=27.1ms | ALL: attn=30.7ms mlp=63.7ms model=95.2ms
(Worker_PP1_TP3 pid=1103799) [k3t r?] step=25 tok=1 step=95.22ms | KDA: n=23 attn=19.3ms mlp=48.2ms other=0.5ms tot=68.0ms | full: n=8 attn=11.3ms mlp=15.6ms other=0.2ms tot=27.1ms | ALL: attn=30.7ms mlp=63.7ms model=95.2ms
(Worker_PP1_TP2 pid=1103798) [k3t r?] step=25 tok=1 step=95.23ms | KDA: n=23 attn=19.4ms mlp=48.2ms other=0.5ms tot=68.1ms | full: n=8 attn=11.3ms mlp=15.6ms other=0.2ms tot=27.1ms | ALL: attn=30.7ms mlp=63.7ms model=95.2ms
(Worker_PP1_TP6 pid=1103802) [k3t r?] step=25 tok=1 step=95.23ms | KDA: n=23 attn=19.4ms mlp=48.2ms other=0.5ms tot=68.1ms | full: n=8 attn=11.3ms mlp=15.6ms other=0.2ms tot=27.1ms | ALL: attn=30.7ms mlp=63.7ms model=95.2ms
(Worker_PP1_TP1 pid=1103797) [k3t r?] step=25 tok=1 step=95.23ms | KDA: n=23 attn=13.0ms mlp=47.3ms other=6.8ms tot=67.1ms | full: n=8 attn=8.5ms mlp=15.2ms other=2.6ms tot=26.3ms | ALL: attn=21.5ms mlp=62.6ms model=95.2ms
(Worker_PP1_TP5 pid=1103801) [k3t r?] step=25 tok=1 step=95.23ms | KDA: n=23 attn=19.4ms mlp=48.2ms other=0.5ms tot=68.1ms | full: n=8 attn=11.3ms mlp=15.6ms other=0.2ms tot=27.1ms | ALL: attn=30.7ms mlp=63.7ms model=95.2ms
(Worker_PP1_TP7 pid=1103803) [k3t r?] step=25 tok=1 step=95.22ms | KDA: n=23 attn=19.4ms mlp=48.2ms other=0.5ms tot=68.1ms | full: n=8 attn=11.3ms mlp=15.6ms other=0.2ms tot=27.1ms | ALL: attn=30.7ms mlp=63.7ms model=95.2ms
(Worker_PP1_TP0 pid=1103796) [k3t r?] step=25 tok=1 step=95.55ms | KDA: n=23 attn=13.7ms mlp=47.8ms other=5.7ms tot=67.3ms | full: n=8 attn=9.8ms mlp=15.5ms other=1.6ms tot=26.9ms | ALL: attn=23.5ms mlp=63.3ms model=95.6ms
(Worker_PP1_TP0 pid=1103796) WARNING 08-22 18:18:43 [flashinfer_all_reduce.py:78] Failed to initialize FlashInfer All Reduce workspace: [SymmDeviceMemory] Device does not support multicasting.. This is expected on GPUs without NVSwitch (e.g., NVLink bridge-only or PCIe topologies).
(Worker_PP1_TP0 pid=1103796) WARNING 08-22 18:18:43 [flashinfer_all_reduce.py:78] Failed to initialize FlashInfer All Reduce workspace: [SymmDeviceMemory] Device does not support multicasting.. This is expected on GPUs without NVSwitch (e.g., NVLink bridge-only or PCIe topologies).
(Worker_PP1_TP0 pid=1103796) WARNING 08-22 18:18:44 [flashinfer_all_reduce.py:78] Failed to initialize FlashInfer All Reduce workspace: [SymmDeviceMemory] Device does not support multicasting.. This is expected on GPUs without NVSwitch (e.g., NVLink bridge-only or PCIe topologies).
(Worker_PP1_TP0 pid=1103796) WARNING 08-22 18:18:44 [flashinfer_all_reduce.py:78] Failed to initialize FlashInfer All Reduce workspace: [SymmDeviceMemory] Device does not support multicasting.. This is expected on GPUs without NVSwitch (e.g., NVLink bridge-only or PCIe topologies).
(Worker_PP1_TP0 pid=1103796) WARNING 08-22 18:18:44 [flashinfer_all_reduce.py:78] Failed to initialize FlashInfer All Reduce workspace: [SymmDeviceMemory] Device does not support multicasting.. This is expected on GPUs without NVSwitch (e.g., NVLink bridge-only or PCIe topologies).
(Worker_PP1_TP0 pid=1103796) WARNING 08-22 18:18:44 [flashinfer_all_reduce.py:78] Failed to initialize FlashInfer All Reduce workspace: [SymmDeviceMemory] Device does not support multicasting.. This is expected on GPUs without NVSwitch (e.g., NVLink bridge-only or PCIe topologies).
(Worker_PP1_TP0 pid=1103796) WARNING 08-22 18:18:44 [flashinfer_all_reduce.py:78] Failed to initialize FlashInfer All Reduce workspace: [SymmDeviceMemory] Device does not support multicasting.. This is expected on GPUs without NVSwitch (e.g., NVLink bridge-only or PCIe topologies).
(Worker_PP1_TP0 pid=1103796) WARNING 08-22 18:18:44 [flashinfer_all_reduce.py:78] Failed to initialize FlashInfer All Reduce workspace: [SymmDeviceMemory] Device does not support multicasting.. This is expected on GPUs without NVSwitch (e.g., NVLink bridge-only or PCIe topologies).
(Worker_PP1_TP0 pid=1103796) WARNING 08-22 18:18:44 [flashinfer_all_reduce.py:78] Failed to initialize FlashInfer All Reduce workspace: [SymmDeviceMemory] Device does not support multicasting.. This is expected on GPUs without NVSwitch (e.g., NVLink bridge-only or PCIe topologies).
(Worker_PP1_TP0 pid=1103796) WARNING 08-22 18:18:44 [flashinfer_all_reduce.py:78] Failed to initialize FlashInfer All Reduce workspace: [SymmDeviceMemory] Device does not support multicasting.. This is expected on GPUs without NVSwitch (e.g., NVLink bridge-only or PCIe topologies).
(Worker_PP1_TP0 pid=1103796) WARNING 08-22 18:18:44 [flashinfer_all_reduce.py:78] Failed to initialize FlashInfer All Reduce workspace: [SymmDeviceMemory] Device does not support multicasting.. This is expected on GPUs without NVSwitch (e.g., NVLink bridge-only or PCIe topologies).
(Worker_PP1_TP0 pid=1103796) WARNING 08-22 18:18:44 [flashinfer_all_reduce.py:78] Failed to initialize FlashInfer All Reduce workspace: [SymmDeviceMemory] Device does not support multicasting.. This is expected on GPUs without NVSwitch (e.g., NVLink bridge-only or PCIe topologies).
(Worker_PP1_TP0 pid=1103796) WARNING 08-22 18:18:44 [flashinfer_all_reduce.py:78] Failed to initialize FlashInfer All Reduce workspace: [SymmDeviceMemory] Device does not support multicasting.. This is expected on GPUs without NVSwitch (e.g., NVLink bridge-only or PCIe topologies).
(Worker_PP1_TP0 pid=1103796) WARNING 08-22 18:18:44 [flashinfer_all_reduce.py:78] Failed to initialize FlashInfer All Reduce workspace: [SymmDeviceMemory] Device does not support multicasting.. This is expected on GPUs without NVSwitch (e.g., NVLink bridge-only or PCIe topologies).
(Worker_PP1_TP0 pid=1103796) WARNING 08-22 18:18:44 [flashinfer_all_reduce.py:78] Failed to initialize FlashInfer All Reduce workspace: [SymmDeviceMemory] Device does not support multicasting.. This is expected on GPUs without NVSwitch (e.g., NVLink bridge-only or PCIe topologies).
(Worker_PP1_TP0 pid=1103796) WARNING 08-22 18:18:44 [flashinfer_all_reduce.py:78] Failed to initialize FlashInfer All Reduce workspace: [SymmDeviceMemory] Device does not support multicasting.. This is expected on GPUs without NVSwitch (e.g., NVLink bridge-only or PCIe topologies).
(Worker_PP1_TP0 pid=1103796) WARNING 08-22 18:18:44 [flashinfer_all_reduce.py:78] Failed to initialize FlashInfer All Reduce workspace: [SymmDeviceMemory] Device does not support multicasting.. This is expected on GPUs without NVSwitch (e.g., NVLink bridge-only or PCIe topologies).
(Worker_PP1_TP0 pid=1103796) WARNING 08-22 18:18:44 [flashinfer_all_reduce.py:78] Failed to initialize FlashInfer All Reduce workspace: [SymmDeviceMemory] Device does not support multicasting.. This is expected on GPUs without NVSwitch (e.g., NVLink bridge-only or PCIe topologies).
(Worker_PP1_TP0 pid=1103796) WARNING 08-22 18:18:44 [flashinfer_all_reduce.py:78] Failed to initialize FlashInfer All Reduce workspace: [SymmDeviceMemory] Device does not support multicasting.. This is expected on GPUs without NVSwitch (e.g., NVLink bridge-only or PCIe topologies).
(Worker_PP1_TP0 pid=1103796) WARNING 08-22 18:18:44 [flashinfer_all_reduce.py:78] Failed to initialize FlashInfer All Reduce workspace: [SymmDeviceMemory] Device does not support multicasting.. This is expected on GPUs without NVSwitch (e.g., NVLink bridge-only or PCIe topologies).
(Worker_PP1_TP0 pid=1103796) WARNING 08-22 18:18:44 [flashinfer_all_reduce.py:78] Failed to initialize FlashInfer All Reduce workspace: [SymmDeviceMemory] Device does not support multicasting.. This is expected on GPUs without NVSwitch (e.g., NVLink bridge-only or PCIe topologies).
(Worker_PP1_TP0 pid=1103796) WARNING 08-22 18:18:44 [flashinfer_all_reduce.py:78] Failed to initialize FlashInfer All Reduce workspace: [SymmDeviceMemory] Device does not support multicasting.. This is expected on GPUs without NVSwitch (e.g., NVLink bridge-only or PCIe topologies).
(Worker_PP1_TP0 pid=1103796) WARNING 08-22 18:18:44 [flashinfer_all_reduce.py:78] Failed to initialize FlashInfer All Reduce workspace: [SymmDeviceMemory] Device does not support multicasting.. This is expected on GPUs without NVSwitch (e.g., NVLink bridge-only or PCIe topologies).
(Worker_PP1_TP0 pid=1103796) WARNING 08-22 18:18:44 [flashinfer_all_reduce.py:78] Failed to initialize FlashInfer All Reduce workspace: [SymmDeviceMemory] Device does not support multicasting.. This is expected on GPUs without NVSwitch (e.g., NVLink bridge-only or PCIe topologies).
(Worker_PP1_TP0 pid=1103796) WARNING 08-22 18:18:44 [flashinfer_all_reduce.py:78] Failed to initialize FlashInfer All Reduce workspace: [SymmDeviceMemory] Device does not support multicasting.. This is expected on GPUs without NVSwitch (e.g., NVLink bridge-only or PCIe topologies).
(Worker_PP1_TP0 pid=1103796) WARNING 08-22 18:18:44 [flashinfer_all_reduce.py:78] Failed to initialize FlashInfer All Reduce workspace: [SymmDeviceMemory] Device does not support multicasting.. This is expected on GPUs without NVSwitch (e.g., NVLink bridge-only or PCIe topologies).
(Worker_PP1_TP0 pid=1103796) WARNING 08-22 18:18:44 [flashinfer_all_reduce.py:78] Failed to initialize FlashInfer All Reduce workspace: [SymmDeviceMemory] Device does not support multicasting.. This is expected on GPUs without NVSwitch (e.g., NVLink bridge-only or PCIe topologies).
(Worker_PP1_TP0 pid=1103796) WARNING 08-22 18:18:44 [flashinfer_all_reduce.py:78] Failed to initialize FlashInfer All Reduce workspace: [SymmDeviceMemory] Device does not support multicasting.. This is expected on GPUs without NVSwitch (e.g., NVLink bridge-only or PCIe topologies).
(Worker_PP1_TP0 pid=1103796) WARNING 08-22 18:18:44 [flashinfer_all_reduce.py:78] Failed to initialize FlashInfer All Reduce workspace: [SymmDeviceMemory] Device does not support multicasting.. This is expected on GPUs without NVSwitch (e.g., NVLink bridge-only or PCIe topologies).
(Worker_PP1_TP0 pid=1103796) WARNING 08-22 18:18:44 [flashinfer_all_reduce.py:78] Failed to initialize FlashInfer All Reduce workspace: [SymmDeviceMemory] Device does not support multicasting.. This is expected on GPUs without NVSwitch (e.g., NVLink bridge-only or PCIe topologies).
(Worker_PP1_TP0 pid=1103796) WARNING 08-22 18:18:44 [flashinfer_all_reduce.py:78] Failed to initialize FlashInfer All Reduce workspace: [SymmDeviceMemory] Device does not support multicasting.. This is expected on GPUs without NVSwitch (e.g., NVLink bridge-only or PCIe topologies).
(Worker_PP1_TP3 pid=1103799) [k3t r?] step=26 tok=1 step=90.01ms | KDA: n=23 attn=18.5ms mlp=47.1ms other=0.5ms tot=66.1ms | full: n=8 attn=9.5ms mlp=14.2ms other=0.2ms tot=23.9ms | ALL: attn=27.9ms mlp=61.3ms model=90.0ms
(Worker_PP1_TP1 pid=1103797) [k3t r?] step=26 tok=1 step=90.00ms | KDA: n=23 attn=18.4ms mlp=47.1ms other=0.5ms tot=66.0ms | full: n=8 attn=9.5ms mlp=14.2ms other=0.2ms tot=23.9ms | ALL: attn=27.9ms mlp=61.3ms model=90.0ms
(Worker_PP1_TP4 pid=1103800) [k3t r?] step=26 tok=1 step=90.01ms | KDA: n=23 attn=18.4ms mlp=47.1ms other=0.5ms tot=66.0ms | full: n=8 attn=9.5ms mlp=14.2ms other=0.2ms tot=23.9ms | ALL: attn=27.9ms mlp=61.3ms model=90.0ms
(Worker_PP1_TP5 pid=1103801) [k3t r?] step=26 tok=1 step=90.00ms | KDA: n=23 attn=18.4ms mlp=47.1ms other=0.5ms tot=66.1ms | full: n=8 attn=9.5ms mlp=14.2ms other=0.2ms tot=23.9ms | ALL: attn=27.9ms mlp=61.3ms model=90.0ms
(Worker_PP1_TP7 pid=1103803) [k3t r?] step=26 tok=1 step=90.01ms | KDA: n=23 attn=18.4ms mlp=47.1ms other=0.5ms tot=66.0ms | full: n=8 attn=9.5ms mlp=14.2ms other=0.2ms tot=23.9ms | ALL: attn=27.9ms mlp=61.3ms model=90.0ms
(Worker_PP1_TP2 pid=1103798) [k3t r?] step=26 tok=1 step=90.01ms | KDA: n=23 attn=18.4ms mlp=47.1ms other=0.5ms tot=66.1ms | full: n=8 attn=9.5ms mlp=14.2ms other=0.2ms tot=23.9ms | ALL: attn=27.9ms mlp=61.3ms model=90.0ms
(Worker_PP1_TP6 pid=1103802) [k3t r?] step=26 tok=1 step=90.01ms | KDA: n=23 attn=18.5ms mlp=47.1ms other=0.5ms tot=66.1ms | full: n=8 attn=9.5ms mlp=14.2ms other=0.2ms tot=23.9ms | ALL: attn=27.9ms mlp=61.3ms model=90.0ms
(Worker_PP1_TP0 pid=1103796) [k3t r?] step=26 tok=1 step=90.32ms | KDA: n=23 attn=9.9ms mlp=46.0ms other=9.0ms tot=64.9ms | full: n=8 attn=6.8ms mlp=13.9ms other=2.7ms tot=23.4ms | ALL: attn=16.7ms mlp=59.9ms model=90.3ms
(Worker_PP1_TP0 pid=1103796) WARNING 08-22 18:18:44 [flashinfer_all_reduce.py:78] Failed to initialize FlashInfer All Reduce workspace: [SymmDeviceMemory] Device does not support multicasting.. This is expected on GPUs without NVSwitch (e.g., NVLink bridge-only or PCIe topologies).
(Worker_PP1_TP0 pid=1103796) WARNING 08-22 18:18:44 [flashinfer_all_reduce.py:78] Failed to initialize FlashInfer All Reduce workspace: [SymmDeviceMemory] Device does not support multicasting.. This is expected on GPUs without NVSwitch (e.g., NVLink bridge-only or PCIe topologies).
(Worker_PP1_TP0 pid=1103796) WARNING 08-22 18:18:44 [flashinfer_all_reduce.py:78] Failed to initialize FlashInfer All Reduce workspace: [SymmDeviceMemory] Device does not support multicasting.. This is expected on GPUs without NVSwitch (e.g., NVLink bridge-only or PCIe topologies).
(Worker_PP1_TP0 pid=1103796) WARNING 08-22 18:18:44 [flashinfer_all_reduce.py:78] Failed to initialize FlashInfer All Reduce workspace: [SymmDeviceMemory] Device does not support multicasting.. This is expected on GPUs without NVSwitch (e.g., NVLink bridge-only or PCIe topologies).
(Worker_PP1_TP0 pid=1103796) WARNING 08-22 18:18:44 [flashinfer_all_reduce.py:78] Failed to initialize FlashInfer All Reduce workspace: [SymmDeviceMemory] Device does not support multicasting.. This is expected on GPUs without NVSwitch (e.g., NVLink bridge-only or PCIe topologies).
(Worker_PP1_TP0 pid=1103796) WARNING 08-22 18:18:44 [flashinfer_all_reduce.py:78] Failed to initialize FlashInfer All Reduce workspace: [SymmDeviceMemory] Device does not support multicasting.. This is expected on GPUs without NVSwitch (e.g., NVLink bridge-only or PCIe topologies).
(Worker_PP1_TP0 pid=1103796) WARNING 08-22 18:18:44 [flashinfer_all_reduce.py:78] Failed to initialize FlashInfer All Reduce workspace: [SymmDeviceMemory] Device does not support multicasting.. This is expected on GPUs without NVSwitch (e.g., NVLink bridge-only or PCIe topologies).
(Worker_PP1_TP0 pid=1103796) WARNING 08-22 18:18:44 [flashinfer_all_reduce.py:78] Failed to initialize FlashInfer All Reduce workspace: [SymmDeviceMemory] Device does not support multicasting.. This is expected on GPUs without NVSwitch (e.g., NVLink bridge-only or PCIe topologies).
(Worker_PP1_TP0 pid=1103796) WARNING 08-22 18:18:44 [flashinfer_all_reduce.py:78] Failed to initialize FlashInfer All Reduce workspace: [SymmDeviceMemory] Device does not support multicasting.. This is expected on GPUs without NVSwitch (e.g., NVLink bridge-only or PCIe topologies).
(Worker_PP1_TP0 pid=1103796) WARNING 08-22 18:18:44 [flashinfer_all_reduce.py:78] Failed to initialize FlashInfer All Reduce workspace: [SymmDeviceMemory] Device does not support multicasting.. This is expected on GPUs without NVSwitch (e.g., NVLink bridge-only or PCIe topologies).
(Worker_PP1_TP0 pid=1103796) WARNING 08-22 18:18:44 [flashinfer_all_reduce.py:78] Failed to initialize FlashInfer All Reduce workspace: [SymmDeviceMemory] Device does not support multicasting.. This is expected on GPUs without NVSwitch (e.g., NVLink bridge-only or PCIe topologies).
(Worker_PP1_TP0 pid=1103796) WARNING 08-22 18:18:44 [flashinfer_all_reduce.py:78] Failed to initialize FlashInfer All Reduce workspace: [SymmDeviceMemory] Device does not support multicasting.. This is expected on GPUs without NVSwitch (e.g., NVLink bridge-only or PCIe topologies).
(Worker_PP1_TP0 pid=1103796) WARNING 08-22 18:18:44 [flashinfer_all_reduce.py:78] Failed to initialize FlashInfer All Reduce workspace: [SymmDeviceMemory] Device does not support multicasting.. This is expected on GPUs without NVSwitch (e.g., NVLink bridge-only or PCIe topologies).
(Worker_PP1_TP0 pid=1103796) WARNING 08-22 18:18:44 [flashinfer_all_reduce.py:78] Failed to initialize FlashInfer All Reduce workspace: [SymmDeviceMemory] Device does not support multicasting.. This is expected on GPUs without NVSwitch (e.g., NVLink bridge-only or PCIe topologies).
(Worker_PP1_TP0 pid=1103796) WARNING 08-22 18:18:44 [flashinfer_all_reduce.py:78] Failed to initialize FlashInfer All Reduce workspace: [SymmDeviceMemory] Device does not support multicasting.. This is expected on GPUs without NVSwitch (e.g., NVLink bridge-only or PCIe topologies).
(Worker_PP1_TP0 pid=1103796) WARNING 08-22 18:18:44 [flashinfer_all_reduce.py:78] Failed to initialize FlashInfer All Reduce workspace: [SymmDeviceMemory] Device does not support multicasting.. This is expected on GPUs without NVSwitch (e.g., NVLink bridge-only or PCIe topologies).
(Worker_PP1_TP0 pid=1103796) WARNING 08-22 18:18:44 [flashinfer_all_reduce.py:78] Failed to initialize FlashInfer All Reduce workspace: [SymmDeviceMemory] Device does not support multicasting.. This is expected on GPUs without NVSwitch (e.g., NVLink bridge-only or PCIe topologies).
(Worker_PP1_TP0 pid=1103796) WARNING 08-22 18:18:44 [flashinfer_all_reduce.py:78] Failed to initialize FlashInfer All Reduce workspace: [SymmDeviceMemory] Device does not support multicasting.. This is expected on GPUs without NVSwitch (e.g., NVLink bridge-only or PCIe topologies).
(Worker_PP1_TP0 pid=1103796) WARNING 08-22 18:18:44 [flashinfer_all_reduce.py:78] Failed to initialize FlashInfer All Reduce workspace: [SymmDeviceMemory] Device does not support multicasting.. This is expected on GPUs without NVSwitch (e.g., NVLink bridge-only or PCIe topologies).
(Worker_PP1_TP0 pid=1103796) WARNING 08-22 18:18:44 [flashinfer_all_reduce.py:78] Failed to initialize FlashInfer All Reduce workspace: [SymmDeviceMemory] Device does not support multicasting.. This is expected on GPUs without NVSwitch (e.g., NVLink bridge-only or PCIe topologies).
(Worker_PP1_TP0 pid=1103796) WARNING 08-22 18:18:44 [flashinfer_all_reduce.py:78] Failed to initialize FlashInfer All Reduce workspace: [SymmDeviceMemory] Device does not support multicasting.. This is expected on GPUs without NVSwitch (e.g., NVLink bridge-only or PCIe topologies).
(Worker_PP1_TP0 pid=1103796) WARNING 08-22 18:18:44 [flashinfer_all_reduce.py:78] Failed to initialize FlashInfer All Reduce workspace: [SymmDeviceMemory] Device does not support multicasting.. This is expected on GPUs without NVSwitch (e.g., NVLink bridge-only or PCIe topologies).
(Worker_PP1_TP0 pid=1103796) WARNING 08-22 18:18:44 [flashinfer_all_reduce.py:78] Failed to initialize FlashInfer All Reduce workspace: [SymmDeviceMemory] Device does not support multicasting.. This is expected on GPUs without NVSwitch (e.g., NVLink bridge-only or PCIe topologies).
(Worker_PP1_TP0 pid=1103796) WARNING 08-22 18:18:44 [flashinfer_all_reduce.py:78] Failed to initialize FlashInfer All Reduce workspace: [SymmDeviceMemory] Device does not support multicasting.. This is expected on GPUs without NVSwitch (e.g., NVLink bridge-only or PCIe topologies).
(Worker_PP1_TP0 pid=1103796) WARNING 08-22 18:18:44 [flashinfer_all_reduce.py:78] Failed to initialize FlashInfer All Reduce workspace: [SymmDeviceMemory] Device does not support multicasting.. This is expected on GPUs without NVSwitch (e.g., NVLink bridge-only or PCIe topologies).
(Worker_PP1_TP0 pid=1103796) WARNING 08-22 18:18:44 [flashinfer_all_reduce.py:78] Failed to initialize FlashInfer All Reduce workspace: [SymmDeviceMemory] Device does not support multicasting.. This is expected on GPUs without NVSwitch (e.g., NVLink bridge-only or PCIe topologies).
(Worker_PP1_TP0 pid=1103796) WARNING 08-22 18:18:44 [flashinfer_all_reduce.py:78] Failed to initialize FlashInfer All Reduce workspace: [SymmDeviceMemory] Device does not support multicasting.. This is expected on GPUs without NVSwitch (e.g., NVLink bridge-only or PCIe topologies).
(Worker_PP1_TP0 pid=1103796) WARNING 08-22 18:18:44 [flashinfer_all_reduce.py:78] Failed to initialize FlashInfer All Reduce workspace: [SymmDeviceMemory] Device does not support multicasting.. This is expected on GPUs without NVSwitch (e.g., NVLink bridge-only or PCIe topologies).
(Worker_PP1_TP0 pid=1103796) WARNING 08-22 18:18:44 [flashinfer_all_reduce.py:78] Failed to initialize FlashInfer All Reduce workspace: [SymmDeviceMemory] Device does not support multicasting.. This is expected on GPUs without NVSwitch (e.g., NVLink bridge-only or PCIe topologies).
(Worker_PP1_TP0 pid=1103796) WARNING 08-22 18:18:44 [flashinfer_all_reduce.py:78] Failed to initialize FlashInfer All Reduce workspace: [SymmDeviceMemory] Device does not support multicasting.. This is expected on GPUs without NVSwitch (e.g., NVLink bridge-only or PCIe topologies).
(Worker_PP1_TP0 pid=1103796) WARNING 08-22 18:18:44 [flashinfer_all_reduce.py:78] Failed to initialize FlashInfer All Reduce workspace: [SymmDeviceMemory] Device does not support multicasting.. This is expected on GPUs without NVSwitch (e.g., NVLink bridge-only or PCIe topologies).
(Worker_PP1_TP5 pid=1103801) [k3t r?] step=27 tok=1 step=93.50ms | KDA: n=23 attn=19.0ms mlp=46.9ms other=0.5ms tot=66.5ms | full: n=8 attn=10.4ms mlp=16.4ms other=0.2ms tot=26.9ms | ALL: attn=29.4ms mlp=63.3ms model=93.5ms
(Worker_PP1_TP1 pid=1103797) [k3t r?] step=27 tok=1 step=93.50ms | KDA: n=23 attn=19.0ms mlp=46.9ms other=0.5ms tot=66.5ms | full: n=8 attn=10.3ms mlp=16.4ms other=0.2ms tot=26.9ms | ALL: attn=29.4ms mlp=63.3ms model=93.5ms
(Worker_PP1_TP4 pid=1103800) [k3t r?] step=27 tok=1 step=93.50ms | KDA: n=23 attn=19.0ms mlp=46.9ms other=0.5ms tot=66.5ms | full: n=8 attn=10.4ms mlp=16.4ms other=0.2ms tot=26.9ms | ALL: attn=29.4ms mlp=63.3ms model=93.5ms
(Worker_PP1_TP7 pid=1103803) [k3t r?] step=27 tok=1 step=93.50ms | KDA: n=23 attn=19.0ms mlp=46.9ms other=0.5ms tot=66.5ms | full: n=8 attn=10.4ms mlp=16.4ms other=0.2ms tot=26.9ms | ALL: attn=29.4ms mlp=63.3ms model=93.5ms
(Worker_PP1_TP3 pid=1103799) [k3t r?] step=27 tok=1 step=93.50ms | KDA: n=23 attn=19.0ms mlp=46.9ms other=0.5ms tot=66.5ms | full: n=8 attn=10.4ms mlp=16.4ms other=0.2ms tot=26.9ms | ALL: attn=29.4ms mlp=63.3ms model=93.5ms
(Worker_PP1_TP6 pid=1103802) [k3t r?] step=27 tok=1 step=93.50ms | KDA: n=23 attn=19.0ms mlp=46.9ms other=0.5ms tot=66.5ms | full: n=8 attn=10.3ms mlp=16.4ms other=0.2ms tot=26.9ms | ALL: attn=29.4ms mlp=63.3ms model=93.5ms
(Worker_PP1_TP2 pid=1103798) [k3t r?] step=27 tok=1 step=93.50ms | KDA: n=23 attn=19.0ms mlp=46.9ms other=0.6ms tot=66.5ms | full: n=8 attn=10.3ms mlp=16.4ms other=0.2ms tot=26.9ms | ALL: attn=29.3ms mlp=63.3ms model=93.5ms
(Worker_PP1_TP0 pid=1103796) [k3t r?] step=27 tok=1 step=93.80ms | KDA: n=23 attn=10.0ms mlp=45.8ms other=9.1ms tot=64.8ms | full: n=8 attn=7.9ms mlp=16.0ms other=2.9ms tot=26.9ms | ALL: attn=17.9ms mlp=61.8ms model=93.8ms
(Worker_PP1_TP0 pid=1103796) WARNING 08-22 18:18:44 [flashinfer_all_reduce.py:78] Failed to initialize FlashInfer All Reduce workspace: [SymmDeviceMemory] Device does not support multicasting.. This is expected on GPUs without NVSwitch (e.g., NVLink bridge-only or PCIe topologies).
(Worker_PP1_TP0 pid=1103796) WARNING 08-22 18:18:44 [flashinfer_all_reduce.py:78] Failed to initialize FlashInfer All Reduce workspace: [SymmDeviceMemory] Device does not support multicasting.. This is expected on GPUs without NVSwitch (e.g., NVLink bridge-only or PCIe topologies).
(Worker_PP1_TP0 pid=1103796) WARNING 08-22 18:18:44 [flashinfer_all_reduce.py:78] Failed to initialize FlashInfer All Reduce workspace: [SymmDeviceMemory] Device does not support multicasting.. This is expected on GPUs without NVSwitch (e.g., NVLink bridge-only or PCIe topologies).
(Worker_PP1_TP0 pid=1103796) WARNING 08-22 18:18:44 [flashinfer_all_reduce.py:78] Failed to initialize FlashInfer All Reduce workspace: [SymmDeviceMemory] Device does not support multicasting.. This is expected on GPUs without NVSwitch (e.g., NVLink bridge-only or PCIe topologies).
(Worker_PP1_TP0 pid=1103796) WARNING 08-22 18:18:44 [flashinfer_all_reduce.py:78] Failed to initialize FlashInfer All Reduce workspace: [SymmDeviceMemory] Device does not support multicasting.. This is expected on GPUs without NVSwitch (e.g., NVLink bridge-only or PCIe topologies).
(Worker_PP1_TP0 pid=1103796) WARNING 08-22 18:18:44 [flashinfer_all_reduce.py:78] Failed to initialize FlashInfer All Reduce workspace: [SymmDeviceMemory] Device does not support multicasting.. This is expected on GPUs without NVSwitch (e.g., NVLink bridge-only or PCIe topologies).
(Worker_PP1_TP0 pid=1103796) WARNING 08-22 18:18:44 [flashinfer_all_reduce.py:78] Failed to initialize FlashInfer All Reduce workspace: [SymmDeviceMemory] Device does not support multicasting.. This is expected on GPUs without NVSwitch (e.g., NVLink bridge-only or PCIe topologies).
(Worker_PP1_TP0 pid=1103796) WARNING 08-22 18:18:44 [flashinfer_all_reduce.py:78] Failed to initialize FlashInfer All Reduce workspace: [SymmDeviceMemory] Device does not support multicasting.. This is expected on GPUs without NVSwitch (e.g., NVLink bridge-only or PCIe topologies).
(Worker_PP1_TP0 pid=1103796) WARNING 08-22 18:18:44 [flashinfer_all_reduce.py:78] Failed to initialize FlashInfer All Reduce workspace: [SymmDeviceMemory] Device does not support multicasting.. This is expected on GPUs without NVSwitch (e.g., NVLink bridge-only or PCIe topologies).
(Worker_PP1_TP0 pid=1103796) WARNING 08-22 18:18:44 [flashinfer_all_reduce.py:78] Failed to initialize FlashInfer All Reduce workspace: [SymmDeviceMemory] Device does not support multicasting.. This is expected on GPUs without NVSwitch (e.g., NVLink bridge-only or PCIe topologies).
(Worker_PP1_TP0 pid=1103796) WARNING 08-22 18:18:44 [flashinfer_all_reduce.py:78] Failed to initialize FlashInfer All Reduce workspace: [SymmDeviceMemory] Device does not support multicasting.. This is expected on GPUs without NVSwitch (e.g., NVLink bridge-only or PCIe topologies).
(Worker_PP1_TP0 pid=1103796) WARNING 08-22 18:18:44 [flashinfer_all_reduce.py:78] Failed to initialize FlashInfer All Reduce workspace: [SymmDeviceMemory] Device does not support multicasting.. This is expected on GPUs without NVSwitch (e.g., NVLink bridge-only or PCIe topologies).
(Worker_PP1_TP0 pid=1103796) WARNING 08-22 18:18:44 [flashinfer_all_reduce.py:78] Failed to initialize FlashInfer All Reduce workspace: [SymmDeviceMemory] Device does not support multicasting.. This is expected on GPUs without NVSwitch (e.g., NVLink bridge-only or PCIe topologies).
(Worker_PP1_TP0 pid=1103796) WARNING 08-22 18:18:44 [flashinfer_all_reduce.py:78] Failed to initialize FlashInfer All Reduce workspace: [SymmDeviceMemory] Device does not support multicasting.. This is expected on GPUs without NVSwitch (e.g., NVLink bridge-only or PCIe topologies).
(Worker_PP1_TP0 pid=1103796) WARNING 08-22 18:18:44 [flashinfer_all_reduce.py:78] Failed to initialize FlashInfer All Reduce workspace: [SymmDeviceMemory] Device does not support multicasting.. This is expected on GPUs without NVSwitch (e.g., NVLink bridge-only or PCIe topologies).
(Worker_PP1_TP0 pid=1103796) WARNING 08-22 18:18:44 [flashinfer_all_reduce.py:78] Failed to initialize FlashInfer All Reduce workspace: [SymmDeviceMemory] Device does not support multicasting.. This is expected on GPUs without NVSwitch (e.g., NVLink bridge-only or PCIe topologies).
(Worker_PP1_TP0 pid=1103796) WARNING 08-22 18:18:44 [flashinfer_all_reduce.py:78] Failed to initialize FlashInfer All Reduce workspace: [SymmDeviceMemory] Device does not support multicasting.. This is expected on GPUs without NVSwitch (e.g., NVLink bridge-only or PCIe topologies).
(Worker_PP1_TP0 pid=1103796) WARNING 08-22 18:18:44 [flashinfer_all_reduce.py:78] Failed to initialize FlashInfer All Reduce workspace: [SymmDeviceMemory] Device does not support multicasting.. This is expected on GPUs without NVSwitch (e.g., NVLink bridge-only or PCIe topologies).
(Worker_PP1_TP0 pid=1103796) WARNING 08-22 18:18:44 [flashinfer_all_reduce.py:78] Failed to initialize FlashInfer All Reduce workspace: [SymmDeviceMemory] Device does not support multicasting.. This is expected on GPUs without NVSwitch (e.g., NVLink bridge-only or PCIe topologies).
(Worker_PP1_TP0 pid=1103796) WARNING 08-22 18:18:44 [flashinfer_all_reduce.py:78] Failed to initialize FlashInfer All Reduce workspace: [SymmDeviceMemory] Device does not support multicasting.. This is expected on GPUs without NVSwitch (e.g., NVLink bridge-only or PCIe topologies).
(Worker_PP1_TP0 pid=1103796) WARNING 08-22 18:18:44 [flashinfer_all_reduce.py:78] Failed to initialize FlashInfer All Reduce workspace: [SymmDeviceMemory] Device does not support multicasting.. This is expected on GPUs without NVSwitch (e.g., NVLink bridge-only or PCIe topologies).
(Worker_PP1_TP0 pid=1103796) WARNING 08-22 18:18:44 [flashinfer_all_reduce.py:78] Failed to initialize FlashInfer All Reduce workspace: [SymmDeviceMemory] Device does not support multicasting.. This is expected on GPUs without NVSwitch (e.g., NVLink bridge-only or PCIe topologies).
(Worker_PP1_TP0 pid=1103796) WARNING 08-22 18:18:44 [flashinfer_all_reduce.py:78] Failed to initialize FlashInfer All Reduce workspace: [SymmDeviceMemory] Device does not support multicasting.. This is expected on GPUs without NVSwitch (e.g., NVLink bridge-only or PCIe topologies).
(Worker_PP1_TP0 pid=1103796) WARNING 08-22 18:18:44 [flashinfer_all_reduce.py:78] Failed to initialize FlashInfer All Reduce workspace: [SymmDeviceMemory] Device does not support multicasting.. This is expected on GPUs without NVSwitch (e.g., NVLink bridge-only or PCIe topologies).
(Worker_PP1_TP0 pid=1103796) WARNING 08-22 18:18:45 [flashinfer_all_reduce.py:78] Failed to initialize FlashInfer All Reduce workspace: [SymmDeviceMemory] Device does not support multicasting.. This is expected on GPUs without NVSwitch (e.g., NVLink bridge-only or PCIe topologies).
(Worker_PP1_TP0 pid=1103796) WARNING 08-22 18:18:45 [flashinfer_all_reduce.py:78] Failed to initialize FlashInfer All Reduce workspace: [SymmDeviceMemory] Device does not support multicasting.. This is expected on GPUs without NVSwitch (e.g., NVLink bridge-only or PCIe topologies).
(Worker_PP1_TP0 pid=1103796) WARNING 08-22 18:18:45 [flashinfer_all_reduce.py:78] Failed to initialize FlashInfer All Reduce workspace: [SymmDeviceMemory] Device does not support multicasting.. This is expected on GPUs without NVSwitch (e.g., NVLink bridge-only or PCIe topologies).
(Worker_PP1_TP0 pid=1103796) WARNING 08-22 18:18:45 [flashinfer_all_reduce.py:78] Failed to initialize FlashInfer All Reduce workspace: [SymmDeviceMemory] Device does not support multicasting.. This is expected on GPUs without NVSwitch (e.g., NVLink bridge-only or PCIe topologies).
(Worker_PP1_TP0 pid=1103796) WARNING 08-22 18:18:45 [flashinfer_all_reduce.py:78] Failed to initialize FlashInfer All Reduce workspace: [SymmDeviceMemory] Device does not support multicasting.. This is expected on GPUs without NVSwitch (e.g., NVLink bridge-only or PCIe topologies).
(Worker_PP1_TP0 pid=1103796) WARNING 08-22 18:18:45 [flashinfer_all_reduce.py:78] Failed to initialize FlashInfer All Reduce workspace: [SymmDeviceMemory] Device does not support multicasting.. This is expected on GPUs without NVSwitch (e.g., NVLink bridge-only or PCIe topologies).
(Worker_PP1_TP0 pid=1103796) WARNING 08-22 18:18:45 [flashinfer_all_reduce.py:78] Failed to initialize FlashInfer All Reduce workspace: [SymmDeviceMemory] Device does not support multicasting.. This is expected on GPUs without NVSwitch (e.g., NVLink bridge-only or PCIe topologies).
(Worker_PP1_TP7 pid=1103803) [k3t r?] step=28 tok=1 step=96.31ms | KDA: n=23 attn=19.0ms mlp=49.0ms other=0.5ms tot=68.5ms | full: n=8 attn=10.9ms mlp=16.7ms other=0.2ms tot=27.7ms | ALL: attn=29.9ms mlp=65.7ms model=96.3ms
(Worker_PP1_TP5 pid=1103801) [k3t r?] step=28 tok=1 step=96.31ms | KDA: n=23 attn=19.0ms mlp=49.0ms other=0.5ms tot=68.5ms | full: n=8 attn=10.9ms mlp=16.7ms other=0.2ms tot=27.7ms | ALL: attn=29.8ms mlp=65.7ms model=96.3ms
(Worker_PP1_TP1 pid=1103797) [k3t r?] step=28 tok=1 step=96.30ms | KDA: n=23 attn=19.0ms mlp=49.0ms other=0.5ms tot=68.5ms | full: n=8 attn=10.9ms mlp=16.7ms other=0.2ms tot=27.7ms | ALL: attn=29.8ms mlp=65.6ms model=96.3ms
(Worker_PP1_TP3 pid=1103799) [k3t r?] step=28 tok=1 step=96.31ms | KDA: n=23 attn=19.0ms mlp=49.0ms other=0.5ms tot=68.5ms | full: n=8 attn=10.9ms mlp=16.7ms other=0.2ms tot=27.7ms | ALL: attn=29.8ms mlp=65.6ms model=96.3ms
(Worker_PP1_TP4 pid=1103800) [k3t r?] step=28 tok=1 step=96.31ms | KDA: n=23 attn=19.0ms mlp=49.0ms other=0.5ms tot=68.5ms | full: n=8 attn=10.9ms mlp=16.7ms other=0.2ms tot=27.7ms | ALL: attn=29.9ms mlp=65.7ms model=96.3ms
(Worker_PP1_TP6 pid=1103802) [k3t r?] step=28 tok=1 step=96.31ms | KDA: n=23 attn=19.0ms mlp=49.0ms other=0.5ms tot=68.5ms | full: n=8 attn=10.9ms mlp=16.7ms other=0.2ms tot=27.7ms | ALL: attn=29.8ms mlp=65.7ms model=96.3ms
(Worker_PP1_TP2 pid=1103798) [k3t r?] step=28 tok=1 step=96.31ms | KDA: n=23 attn=19.0ms mlp=49.0ms other=0.5ms tot=68.5ms | full: n=8 attn=10.9ms mlp=16.7ms other=0.2ms tot=27.7ms | ALL: attn=29.8ms mlp=65.7ms model=96.3ms
(Worker_PP1_TP0 pid=1103796) [k3t r?] step=28 tok=1 step=96.64ms | KDA: n=23 attn=10.2ms mlp=48.2ms other=8.9ms tot=67.2ms | full: n=8 attn=8.0ms mlp=15.9ms other=3.2ms tot=27.2ms | ALL: attn=18.2ms mlp=64.1ms model=96.6ms
(Worker_PP1_TP0 pid=1103796) WARNING 08-22 18:18:45 [flashinfer_all_reduce.py:78] Failed to initialize FlashInfer All Reduce workspace: [SymmDeviceMemory] Device does not support multicasting.. This is expected on GPUs without NVSwitch (e.g., NVLink bridge-only or PCIe topologies).
(Worker_PP1_TP0 pid=1103796) WARNING 08-22 18:18:45 [flashinfer_all_reduce.py:78] Failed to initialize FlashInfer All Reduce workspace: [SymmDeviceMemory] Device does not support multicasting.. This is expected on GPUs without NVSwitch (e.g., NVLink bridge-only or PCIe topologies).
(Worker_PP1_TP0 pid=1103796) WARNING 08-22 18:18:45 [flashinfer_all_reduce.py:78] Failed to initialize FlashInfer All Reduce workspace: [SymmDeviceMemory] Device does not support multicasting.. This is expected on GPUs without NVSwitch (e.g., NVLink bridge-only or PCIe topologies).
(Worker_PP1_TP0 pid=1103796) WARNING 08-22 18:18:45 [flashinfer_all_reduce.py:78] Failed to initialize FlashInfer All Reduce workspace: [SymmDeviceMemory] Device does not support multicasting.. This is expected on GPUs without NVSwitch (e.g., NVLink bridge-only or PCIe topologies).
(Worker_PP1_TP0 pid=1103796) WARNING 08-22 18:18:45 [flashinfer_all_reduce.py:78] Failed to initialize FlashInfer All Reduce workspace: [SymmDeviceMemory] Device does not support multicasting.. This is expected on GPUs without NVSwitch (e.g., NVLink bridge-only or PCIe topologies).
(Worker_PP1_TP0 pid=1103796) WARNING 08-22 18:18:45 [flashinfer_all_reduce.py:78] Failed to initialize FlashInfer All Reduce workspace: [SymmDeviceMemory] Device does not support multicasting.. This is expected on GPUs without NVSwitch (e.g., NVLink bridge-only or PCIe topologies).
(Worker_PP1_TP0 pid=1103796) WARNING 08-22 18:18:45 [flashinfer_all_reduce.py:78] Failed to initialize FlashInfer All Reduce workspace: [SymmDeviceMemory] Device does not support multicasting.. This is expected on GPUs without NVSwitch (e.g., NVLink bridge-only or PCIe topologies).
(Worker_PP1_TP0 pid=1103796) WARNING 08-22 18:18:45 [flashinfer_all_reduce.py:78] Failed to initialize FlashInfer All Reduce workspace: [SymmDeviceMemory] Device does not support multicasting.. This is expected on GPUs without NVSwitch (e.g., NVLink bridge-only or PCIe topologies).
(Worker_PP1_TP0 pid=1103796) WARNING 08-22 18:18:45 [flashinfer_all_reduce.py:78] Failed to initialize FlashInfer All Reduce workspace: [SymmDeviceMemory] Device does not support multicasting.. This is expected on GPUs without NVSwitch (e.g., NVLink bridge-only or PCIe topologies).
(Worker_PP1_TP0 pid=1103796) WARNING 08-22 18:18:45 [flashinfer_all_reduce.py:78] Failed to initialize FlashInfer All Reduce workspace: [SymmDeviceMemory] Device does not support multicasting.. This is expected on GPUs without NVSwitch (e.g., NVLink bridge-only or PCIe topologies).
(Worker_PP1_TP0 pid=1103796) WARNING 08-22 18:18:45 [flashinfer_all_reduce.py:78] Failed to initialize FlashInfer All Reduce workspace: [SymmDeviceMemory] Device does not support multicasting.. This is expected on GPUs without NVSwitch (e.g., NVLink bridge-only or PCIe topologies).
(Worker_PP1_TP0 pid=1103796) WARNING 08-22 18:18:45 [flashinfer_all_reduce.py:78] Failed to initialize FlashInfer All Reduce workspace: [SymmDeviceMemory] Device does not support multicasting.. This is expected on GPUs without NVSwitch (e.g., NVLink bridge-only or PCIe topologies).
(Worker_PP1_TP0 pid=1103796) WARNING 08-22 18:18:45 [flashinfer_all_reduce.py:78] Failed to initialize FlashInfer All Reduce workspace: [SymmDeviceMemory] Device does not support multicasting.. This is expected on GPUs without NVSwitch (e.g., NVLink bridge-only or PCIe topologies).
(Worker_PP1_TP0 pid=1103796) WARNING 08-22 18:18:45 [flashinfer_all_reduce.py:78] Failed to initialize FlashInfer All Reduce workspace: [SymmDeviceMemory] Device does not support multicasting.. This is expected on GPUs without NVSwitch (e.g., NVLink bridge-only or PCIe topologies).
(Worker_PP1_TP0 pid=1103796) WARNING 08-22 18:18:45 [flashinfer_all_reduce.py:78] Failed to initialize FlashInfer All Reduce workspace: [SymmDeviceMemory] Device does not support multicasting.. This is expected on GPUs without NVSwitch (e.g., NVLink bridge-only or PCIe topologies).
(Worker_PP1_TP0 pid=1103796) WARNING 08-22 18:18:45 [flashinfer_all_reduce.py:78] Failed to initialize FlashInfer All Reduce workspace: [SymmDeviceMemory] Device does not support multicasting.. This is expected on GPUs without NVSwitch (e.g., NVLink bridge-only or PCIe topologies).
(Worker_PP1_TP0 pid=1103796) WARNING 08-22 18:18:45 [flashinfer_all_reduce.py:78] Failed to initialize FlashInfer All Reduce workspace: [SymmDeviceMemory] Device does not support multicasting.. This is expected on GPUs without NVSwitch (e.g., NVLink bridge-only or PCIe topologies).
(Worker_PP1_TP0 pid=1103796) WARNING 08-22 18:18:45 [flashinfer_all_reduce.py:78] Failed to initialize FlashInfer All Reduce workspace: [SymmDeviceMemory] Device does not support multicasting.. This is expected on GPUs without NVSwitch (e.g., NVLink bridge-only or PCIe topologies).
(Worker_PP1_TP0 pid=1103796) WARNING 08-22 18:18:45 [flashinfer_all_reduce.py:78] Failed to initialize FlashInfer All Reduce workspace: [SymmDeviceMemory] Device does not support multicasting.. This is expected on GPUs without NVSwitch (e.g., NVLink bridge-only or PCIe topologies).
(Worker_PP1_TP0 pid=1103796) WARNING 08-22 18:18:45 [flashinfer_all_reduce.py:78] Failed to initialize FlashInfer All Reduce workspace: [SymmDeviceMemory] Device does not support multicasting.. This is expected on GPUs without NVSwitch (e.g., NVLink bridge-only or PCIe topologies).
(Worker_PP1_TP0 pid=1103796) WARNING 08-22 18:18:45 [flashinfer_all_reduce.py:78] Failed to initialize FlashInfer All Reduce workspace: [SymmDeviceMemory] Device does not support multicasting.. This is expected on GPUs without NVSwitch (e.g., NVLink bridge-only or PCIe topologies).
(Worker_PP1_TP0 pid=1103796) WARNING 08-22 18:18:45 [flashinfer_all_reduce.py:78] Failed to initialize FlashInfer All Reduce workspace: [SymmDeviceMemory] Device does not support multicasting.. This is expected on GPUs without NVSwitch (e.g., NVLink bridge-only or PCIe topologies).
(Worker_PP1_TP0 pid=1103796) WARNING 08-22 18:18:45 [flashinfer_all_reduce.py:78] Failed to initialize FlashInfer All Reduce workspace: [SymmDeviceMemory] Device does not support multicasting.. This is expected on GPUs without NVSwitch (e.g., NVLink bridge-only or PCIe topologies).
(Worker_PP1_TP0 pid=1103796) WARNING 08-22 18:18:45 [flashinfer_all_reduce.py:78] Failed to initialize FlashInfer All Reduce workspace: [SymmDeviceMemory] Device does not support multicasting.. This is expected on GPUs without NVSwitch (e.g., NVLink bridge-only or PCIe topologies).
(Worker_PP1_TP0 pid=1103796) WARNING 08-22 18:18:45 [flashinfer_all_reduce.py:78] Failed to initialize FlashInfer All Reduce workspace: [SymmDeviceMemory] Device does not support multicasting.. This is expected on GPUs without NVSwitch (e.g., NVLink bridge-only or PCIe topologies).
(Worker_PP1_TP0 pid=1103796) WARNING 08-22 18:18:45 [flashinfer_all_reduce.py:78] Failed to initialize FlashInfer All Reduce workspace: [SymmDeviceMemory] Device does not support multicasting.. This is expected on GPUs without NVSwitch (e.g., NVLink bridge-only or PCIe topologies).
(Worker_PP1_TP0 pid=1103796) WARNING 08-22 18:18:45 [flashinfer_all_reduce.py:78] Failed to initialize FlashInfer All Reduce workspace: [SymmDeviceMemory] Device does not support multicasting.. This is expected on GPUs without NVSwitch (e.g., NVLink bridge-only or PCIe topologies).
(Worker_PP1_TP0 pid=1103796) WARNING 08-22 18:18:45 [flashinfer_all_reduce.py:78] Failed to initialize FlashInfer All Reduce workspace: [SymmDeviceMemory] Device does not support multicasting.. This is expected on GPUs without NVSwitch (e.g., NVLink bridge-only or PCIe topologies).
(Worker_PP1_TP0 pid=1103796) WARNING 08-22 18:18:45 [flashinfer_all_reduce.py:78] Failed to initialize FlashInfer All Reduce workspace: [SymmDeviceMemory] Device does not support multicasting.. This is expected on GPUs without NVSwitch (e.g., NVLink bridge-only or PCIe topologies).
(Worker_PP1_TP0 pid=1103796) WARNING 08-22 18:18:45 [flashinfer_all_reduce.py:78] Failed to initialize FlashInfer All Reduce workspace: [SymmDeviceMemory] Device does not support multicasting.. This is expected on GPUs without NVSwitch (e.g., NVLink bridge-only or PCIe topologies).
(Worker_PP1_TP0 pid=1103796) WARNING 08-22 18:18:45 [flashinfer_all_reduce.py:78] Failed to initialize FlashInfer All Reduce workspace: [SymmDeviceMemory] Device does not support multicasting.. This is expected on GPUs without NVSwitch (e.g., NVLink bridge-only or PCIe topologies).
(Worker_PP1_TP6 pid=1103802) [k3t r?] step=29 tok=1 step=94.45ms | KDA: n=23 attn=19.0ms mlp=47.3ms other=0.5ms tot=66.9ms | full: n=8 attn=11.0ms mlp=16.3ms other=0.2ms tot=27.5ms | ALL: attn=30.0ms mlp=63.6ms model=94.5ms
(Worker_PP1_TP3 pid=1103799) [k3t r?] step=29 tok=1 step=94.45ms | KDA: n=23 attn=19.1ms mlp=47.3ms other=0.5ms tot=66.9ms | full: n=8 attn=10.9ms mlp=16.3ms other=0.2ms tot=27.5ms | ALL: attn=30.0ms mlp=63.6ms model=94.5ms
(Worker_PP1_TP5 pid=1103801) [k3t r?] step=29 tok=1 step=94.45ms | KDA: n=23 attn=19.1ms mlp=47.3ms other=0.5ms tot=66.9ms | full: n=8 attn=10.9ms mlp=16.3ms other=0.2ms tot=27.5ms | ALL: attn=30.0ms mlp=63.6ms model=94.5ms
(Worker_PP1_TP4 pid=1103800) [k3t r?] step=29 tok=1 step=94.45ms | KDA: n=23 attn=19.1ms mlp=47.3ms other=0.5ms tot=66.9ms | full: n=8 attn=10.9ms mlp=16.3ms other=0.2ms tot=27.5ms | ALL: attn=30.0ms mlp=63.6ms model=94.5ms
(Worker_PP1_TP7 pid=1103803) [k3t r?] step=29 tok=1 step=94.45ms | KDA: n=23 attn=19.1ms mlp=47.3ms other=0.5ms tot=66.9ms | full: n=8 attn=10.9ms mlp=16.3ms other=0.2ms tot=27.5ms | ALL: attn=30.0ms mlp=63.6ms model=94.5ms
(Worker_PP1_TP1 pid=1103797) [k3t r?] step=29 tok=1 step=94.45ms | KDA: n=23 attn=18.5ms mlp=47.4ms other=1.1ms tot=67.0ms | full: n=8 attn=10.5ms mlp=16.2ms other=0.6ms tot=27.2ms | ALL: attn=29.0ms mlp=63.5ms model=94.5ms
(Worker_PP1_TP2 pid=1103798) [k3t r?] step=29 tok=1 step=94.46ms | KDA: n=23 attn=19.1ms mlp=47.3ms other=0.5ms tot=66.9ms | full: n=8 attn=10.9ms mlp=16.3ms other=0.2ms tot=27.5ms | ALL: attn=30.0ms mlp=63.6ms model=94.5ms
(Worker_PP1_TP0 pid=1103796) [k3t r?] step=29 tok=1 step=94.81ms | KDA: n=23 attn=10.1ms mlp=46.3ms other=9.1ms tot=65.6ms | full: n=8 attn=7.8ms mlp=15.9ms other=3.4ms tot=27.1ms | ALL: attn=17.9ms mlp=62.3ms model=94.8ms
(Worker_PP1_TP0 pid=1103796) WARNING 08-22 18:18:45 [flashinfer_all_reduce.py:78] Failed to initialize FlashInfer All Reduce workspace: [SymmDeviceMemory] Device does not support multicasting.. This is expected on GPUs without NVSwitch (e.g., NVLink bridge-only or PCIe topologies).
(Worker_PP1_TP0 pid=1103796) WARNING 08-22 18:18:45 [flashinfer_all_reduce.py:78] Failed to initialize FlashInfer All Reduce workspace: [SymmDeviceMemory] Device does not support multicasting.. This is expected on GPUs without NVSwitch (e.g., NVLink bridge-only or PCIe topologies).
(Worker_PP1_TP0 pid=1103796) WARNING 08-22 18:18:45 [flashinfer_all_reduce.py:78] Failed to initialize FlashInfer All Reduce workspace: [SymmDeviceMemory] Device does not support multicasting.. This is expected on GPUs without NVSwitch (e.g., NVLink bridge-only or PCIe topologies).
(Worker_PP1_TP0 pid=1103796) WARNING 08-22 18:18:45 [flashinfer_all_reduce.py:78] Failed to initialize FlashInfer All Reduce workspace: [SymmDeviceMemory] Device does not support multicasting.. This is expected on GPUs without NVSwitch (e.g., NVLink bridge-only or PCIe topologies).
(Worker_PP1_TP0 pid=1103796) WARNING 08-22 18:18:45 [flashinfer_all_reduce.py:78] Failed to initialize FlashInfer All Reduce workspace: [SymmDeviceMemory] Device does not support multicasting.. This is expected on GPUs without NVSwitch (e.g., NVLink bridge-only or PCIe topologies).
(Worker_PP1_TP0 pid=1103796) WARNING 08-22 18:18:45 [flashinfer_all_reduce.py:78] Failed to initialize FlashInfer All Reduce workspace: [SymmDeviceMemory] Device does not support multicasting.. This is expected on GPUs without NVSwitch (e.g., NVLink bridge-only or PCIe topologies).
(Worker_PP1_TP0 pid=1103796) WARNING 08-22 18:18:45 [flashinfer_all_reduce.py:78] Failed to initialize FlashInfer All Reduce workspace: [SymmDeviceMemory] Device does not support multicasting.. This is expected on GPUs without NVSwitch (e.g., NVLink bridge-only or PCIe topologies).
(Worker_PP1_TP0 pid=1103796) WARNING 08-22 18:18:45 [flashinfer_all_reduce.py:78] Failed to initialize FlashInfer All Reduce workspace: [SymmDeviceMemory] Device does not support multicasting.. This is expected on GPUs without NVSwitch (e.g., NVLink bridge-only or PCIe topologies).
(Worker_PP1_TP0 pid=1103796) WARNING 08-22 18:18:45 [flashinfer_all_reduce.py:78] Failed to initialize FlashInfer All Reduce workspace: [SymmDeviceMemory] Device does not support multicasting.. This is expected on GPUs without NVSwitch (e.g., NVLink bridge-only or PCIe topologies).
(Worker_PP1_TP0 pid=1103796) WARNING 08-22 18:18:45 [flashinfer_all_reduce.py:78] Failed to initialize FlashInfer All Reduce workspace: [SymmDeviceMemory] Device does not support multicasting.. This is expected on GPUs without NVSwitch (e.g., NVLink bridge-only or PCIe topologies).
(Worker_PP1_TP0 pid=1103796) WARNING 08-22 18:18:45 [flashinfer_all_reduce.py:78] Failed to initialize FlashInfer All Reduce workspace: [SymmDeviceMemory] Device does not support multicasting.. This is expected on GPUs without NVSwitch (e.g., NVLink bridge-only or PCIe topologies).
(Worker_PP1_TP0 pid=1103796) WARNING 08-22 18:18:45 [flashinfer_all_reduce.py:78] Failed to initialize FlashInfer All Reduce workspace: [SymmDeviceMemory] Device does not support multicasting.. This is expected on GPUs without NVSwitch (e.g., NVLink bridge-only or PCIe topologies).
(Worker_PP1_TP0 pid=1103796) WARNING 08-22 18:18:45 [flashinfer_all_reduce.py:78] Failed to initialize FlashInfer All Reduce workspace: [SymmDeviceMemory] Device does not support multicasting.. This is expected on GPUs without NVSwitch (e.g., NVLink bridge-only or PCIe topologies).
(Worker_PP1_TP0 pid=1103796) WARNING 08-22 18:18:45 [flashinfer_all_reduce.py:78] Failed to initialize FlashInfer All Reduce workspace: [SymmDeviceMemory] Device does not support multicasting.. This is expected on GPUs without NVSwitch (e.g., NVLink bridge-only or PCIe topologies).
(Worker_PP1_TP0 pid=1103796) WARNING 08-22 18:18:45 [flashinfer_all_reduce.py:78] Failed to initialize FlashInfer All Reduce workspace: [SymmDeviceMemory] Device does not support multicasting.. This is expected on GPUs without NVSwitch (e.g., NVLink bridge-only or PCIe topologies).
(Worker_PP1_TP0 pid=1103796) WARNING 08-22 18:18:45 [flashinfer_all_reduce.py:78] Failed to initialize FlashInfer All Reduce workspace: [SymmDeviceMemory] Device does not support multicasting.. This is expected on GPUs without NVSwitch (e.g., NVLink bridge-only or PCIe topologies).
(Worker_PP1_TP0 pid=1103796) WARNING 08-22 18:18:45 [flashinfer_all_reduce.py:78] Failed to initialize FlashInfer All Reduce workspace: [SymmDeviceMemory] Device does not support multicasting.. This is expected on GPUs without NVSwitch (e.g., NVLink bridge-only or PCIe topologies).
(Worker_PP1_TP0 pid=1103796) WARNING 08-22 18:18:45 [flashinfer_all_reduce.py:78] Failed to initialize FlashInfer All Reduce workspace: [SymmDeviceMemory] Device does not support multicasting.. This is expected on GPUs without NVSwitch (e.g., NVLink bridge-only or PCIe topologies).
(Worker_PP1_TP0 pid=1103796) WARNING 08-22 18:18:45 [flashinfer_all_reduce.py:78] Failed to initialize FlashInfer All Reduce workspace: [SymmDeviceMemory] Device does not support multicasting.. This is expected on GPUs without NVSwitch (e.g., NVLink bridge-only or PCIe topologies).
(Worker_PP1_TP0 pid=1103796) WARNING 08-22 18:18:45 [flashinfer_all_reduce.py:78] Failed to initialize FlashInfer All Reduce workspace: [SymmDeviceMemory] Device does not support multicasting.. This is expected on GPUs without NVSwitch (e.g., NVLink bridge-only or PCIe topologies).
(Worker_PP1_TP0 pid=1103796) WARNING 08-22 18:18:45 [flashinfer_all_reduce.py:78] Failed to initialize FlashInfer All Reduce workspace: [SymmDeviceMemory] Device does not support multicasting.. This is expected on GPUs without NVSwitch (e.g., NVLink bridge-only or PCIe topologies).
(Worker_PP1_TP0 pid=1103796) WARNING 08-22 18:18:45 [flashinfer_all_reduce.py:78] Failed to initialize FlashInfer All Reduce workspace: [SymmDeviceMemory] Device does not support multicasting.. This is expected on GPUs without NVSwitch (e.g., NVLink bridge-only or PCIe topologies).
(Worker_PP1_TP0 pid=1103796) WARNING 08-22 18:18:45 [flashinfer_all_reduce.py:78] Failed to initialize FlashInfer All Reduce workspace: [SymmDeviceMemory] Device does not support multicasting.. This is expected on GPUs without NVSwitch (e.g., NVLink bridge-only or PCIe topologies).
(Worker_PP1_TP0 pid=1103796) WARNING 08-22 18:18:45 [flashinfer_all_reduce.py:78] Failed to initialize FlashInfer All Reduce workspace: [SymmDeviceMemory] Device does not support multicasting.. This is expected on GPUs without NVSwitch (e.g., NVLink bridge-only or PCIe topologies).
(Worker_PP1_TP0 pid=1103796) WARNING 08-22 18:18:45 [flashinfer_all_reduce.py:78] Failed to initialize FlashInfer All Reduce workspace: [SymmDeviceMemory] Device does not support multicasting.. This is expected on GPUs without NVSwitch (e.g., NVLink bridge-only or PCIe topologies).
(Worker_PP1_TP0 pid=1103796) WARNING 08-22 18:18:45 [flashinfer_all_reduce.py:78] Failed to initialize FlashInfer All Reduce workspace: [SymmDeviceMemory] Device does not support multicasting.. This is expected on GPUs without NVSwitch (e.g., NVLink bridge-only or PCIe topologies).
(Worker_PP1_TP0 pid=1103796) WARNING 08-22 18:18:45 [flashinfer_all_reduce.py:78] Failed to initialize FlashInfer All Reduce workspace: [SymmDeviceMemory] Device does not support multicasting.. This is expected on GPUs without NVSwitch (e.g., NVLink bridge-only or PCIe topologies).
(Worker_PP1_TP0 pid=1103796) WARNING 08-22 18:18:45 [flashinfer_all_reduce.py:78] Failed to initialize FlashInfer All Reduce workspace: [SymmDeviceMemory] Device does not support multicasting.. This is expected on GPUs without NVSwitch (e.g., NVLink bridge-only or PCIe topologies).
(Worker_PP1_TP0 pid=1103796) WARNING 08-22 18:18:45 [flashinfer_all_reduce.py:78] Failed to initialize FlashInfer All Reduce workspace: [SymmDeviceMemory] Device does not support multicasting.. This is expected on GPUs without NVSwitch (e.g., NVLink bridge-only or PCIe topologies).
(Worker_PP1_TP0 pid=1103796) WARNING 08-22 18:18:45 [flashinfer_all_reduce.py:78] Failed to initialize FlashInfer All Reduce workspace: [SymmDeviceMemory] Device does not support multicasting.. This is expected on GPUs without NVSwitch (e.g., NVLink bridge-only or PCIe topologies).
(Worker_PP1_TP0 pid=1103796) WARNING 08-22 18:18:45 [flashinfer_all_reduce.py:78] Failed to initialize FlashInfer All Reduce workspace: [SymmDeviceMemory] Device does not support multicasting.. This is expected on GPUs without NVSwitch (e.g., NVLink bridge-only or PCIe topologies).
(Worker_PP1_TP3 pid=1103799) [k3t r?] step=30 tok=1 step=92.30ms | KDA: n=23 attn=19.0ms mlp=46.9ms other=0.5ms tot=66.5ms | full: n=8 attn=9.6ms mlp=15.9ms other=0.2ms tot=25.7ms | ALL: attn=28.6ms mlp=62.9ms model=92.3ms
(Worker_PP1_TP4 pid=1103800) [k3t r?] step=30 tok=1 step=92.31ms | KDA: n=23 attn=19.0ms mlp=47.0ms other=0.5ms tot=66.5ms | full: n=8 attn=9.6ms mlp=15.9ms other=0.2ms tot=25.7ms | ALL: attn=28.6ms mlp=62.9ms model=92.3ms
(Worker_PP1_TP5 pid=1103801) [k3t r?] step=30 tok=1 step=92.31ms | KDA: n=23 attn=19.0ms mlp=46.9ms other=0.5ms tot=66.5ms | full: n=8 attn=9.6ms mlp=15.9ms other=0.2ms tot=25.7ms | ALL: attn=28.6ms mlp=62.9ms model=92.3ms
(Worker_PP1_TP6 pid=1103802) [k3t r?] step=30 tok=1 step=92.31ms | KDA: n=23 attn=19.0ms mlp=46.9ms other=0.5ms tot=66.5ms | full: n=8 attn=9.6ms mlp=15.9ms other=0.2ms tot=25.7ms | ALL: attn=28.6ms mlp=62.9ms model=92.3ms
(Worker_PP1_TP2 pid=1103798) [k3t r?] step=30 tok=1 step=92.30ms | KDA: n=23 attn=19.0ms mlp=46.9ms other=0.5ms tot=66.5ms | full: n=8 attn=9.6ms mlp=15.9ms other=0.2ms tot=25.7ms | ALL: attn=28.6ms mlp=62.9ms model=92.3ms
(Worker_PP1_TP1 pid=1103797) [k3t r?] step=30 tok=1 step=92.31ms | KDA: n=23 attn=19.0ms mlp=47.0ms other=0.5ms tot=66.5ms | full: n=8 attn=9.6ms mlp=15.9ms other=0.2ms tot=25.7ms | ALL: attn=28.6ms mlp=62.9ms model=92.3ms
(Worker_PP1_TP7 pid=1103803) [k3t r?] step=30 tok=1 step=92.30ms | KDA: n=23 attn=19.0ms mlp=46.9ms other=0.5ms tot=66.5ms | full: n=8 attn=9.6ms mlp=15.9ms other=0.2ms tot=25.7ms | ALL: attn=28.6ms mlp=62.9ms model=92.3ms
(Worker_PP1_TP0 pid=1103796) [k3t r?] step=30 tok=1 step=92.67ms | KDA: n=23 attn=10.0ms mlp=46.0ms other=8.9ms tot=64.9ms | full: n=8 attn=6.7ms mlp=15.9ms other=2.8ms tot=25.5ms | ALL: attn=16.7ms mlp=62.0ms model=92.7ms
(Worker_PP1_TP0 pid=1103796) WARNING 08-22 18:18:46 [flashinfer_all_reduce.py:78] Failed to initialize FlashInfer All Reduce workspace: [SymmDeviceMemory] Device does not support multicasting.. This is expected on GPUs without NVSwitch (e.g., NVLink bridge-only or PCIe topologies).
(Worker_PP1_TP0 pid=1103796) WARNING 08-22 18:18:46 [flashinfer_all_reduce.py:78] Failed to initialize FlashInfer All Reduce workspace: [SymmDeviceMemory] Device does not support multicasting.. This is expected on GPUs without NVSwitch (e.g., NVLink bridge-only or PCIe topologies).
(Worker_PP1_TP0 pid=1103796) WARNING 08-22 18:18:46 [flashinfer_all_reduce.py:78] Failed to initialize FlashInfer All Reduce workspace: [SymmDeviceMemory] Device does not support multicasting.. This is expected on GPUs without NVSwitch (e.g., NVLink bridge-only or PCIe topologies).
(Worker_PP1_TP0 pid=1103796) WARNING 08-22 18:18:46 [flashinfer_all_reduce.py:78] Failed to initialize FlashInfer All Reduce workspace: [SymmDeviceMemory] Device does not support multicasting.. This is expected on GPUs without NVSwitch (e.g., NVLink bridge-only or PCIe topologies).
(Worker_PP1_TP0 pid=1103796) WARNING 08-22 18:18:46 [flashinfer_all_reduce.py:78] Failed to initialize FlashInfer All Reduce workspace: [SymmDeviceMemory] Device does not support multicasting.. This is expected on GPUs without NVSwitch (e.g., NVLink bridge-only or PCIe topologies).
(Worker_PP1_TP0 pid=1103796) WARNING 08-22 18:18:46 [flashinfer_all_reduce.py:78] Failed to initialize FlashInfer All Reduce workspace: [SymmDeviceMemory] Device does not support multicasting.. This is expected on GPUs without NVSwitch (e.g., NVLink bridge-only or PCIe topologies).
(Worker_PP1_TP0 pid=1103796) WARNING 08-22 18:18:46 [flashinfer_all_reduce.py:78] Failed to initialize FlashInfer All Reduce workspace: [SymmDeviceMemory] Device does not support multicasting.. This is expected on GPUs without NVSwitch (e.g., NVLink bridge-only or PCIe topologies).
(Worker_PP1_TP0 pid=1103796) WARNING 08-22 18:18:46 [flashinfer_all_reduce.py:78] Failed to initialize FlashInfer All Reduce workspace: [SymmDeviceMemory] Device does not support multicasting.. This is expected on GPUs without NVSwitch (e.g., NVLink bridge-only or PCIe topologies).
(Worker_PP1_TP0 pid=1103796) WARNING 08-22 18:18:46 [flashinfer_all_reduce.py:78] Failed to initialize FlashInfer All Reduce workspace: [SymmDeviceMemory] Device does not support multicasting.. This is expected on GPUs without NVSwitch (e.g., NVLink bridge-only or PCIe topologies).
(Worker_PP1_TP0 pid=1103796) WARNING 08-22 18:18:46 [flashinfer_all_reduce.py:78] Failed to initialize FlashInfer All Reduce workspace: [SymmDeviceMemory] Device does not support multicasting.. This is expected on GPUs without NVSwitch (e.g., NVLink bridge-only or PCIe topologies).
(Worker_PP1_TP0 pid=1103796) WARNING 08-22 18:18:46 [flashinfer_all_reduce.py:78] Failed to initialize FlashInfer All Reduce workspace: [SymmDeviceMemory] Device does not support multicasting.. This is expected on GPUs without NVSwitch (e.g., NVLink bridge-only or PCIe topologies).
(Worker_PP1_TP0 pid=1103796) WARNING 08-22 18:18:46 [flashinfer_all_reduce.py:78] Failed to initialize FlashInfer All Reduce workspace: [SymmDeviceMemory] Device does not support multicasting.. This is expected on GPUs without NVSwitch (e.g., NVLink bridge-only or PCIe topologies).
(Worker_PP1_TP0 pid=1103796) WARNING 08-22 18:18:46 [flashinfer_all_reduce.py:78] Failed to initialize FlashInfer All Reduce workspace: [SymmDeviceMemory] Device does not support multicasting.. This is expected on GPUs without NVSwitch (e.g., NVLink bridge-only or PCIe topologies).
(Worker_PP1_TP0 pid=1103796) WARNING 08-22 18:18:46 [flashinfer_all_reduce.py:78] Failed to initialize FlashInfer All Reduce workspace: [SymmDeviceMemory] Device does not support multicasting.. This is expected on GPUs without NVSwitch (e.g., NVLink bridge-only or PCIe topologies).
(Worker_PP1_TP0 pid=1103796) WARNING 08-22 18:18:46 [flashinfer_all_reduce.py:78] Failed to initialize FlashInfer All Reduce workspace: [SymmDeviceMemory] Device does not support multicasting.. This is expected on GPUs without NVSwitch (e.g., NVLink bridge-only or PCIe topologies).
(Worker_PP1_TP0 pid=1103796) WARNING 08-22 18:18:46 [flashinfer_all_reduce.py:78] Failed to initialize FlashInfer All Reduce workspace: [SymmDeviceMemory] Device does not support multicasting.. This is expected on GPUs without NVSwitch (e.g., NVLink bridge-only or PCIe topologies).
(Worker_PP1_TP0 pid=1103796) WARNING 08-22 18:18:46 [flashinfer_all_reduce.py:78] Failed to initialize FlashInfer All Reduce workspace: [SymmDeviceMemory] Device does not support multicasting.. This is expected on GPUs without NVSwitch (e.g., NVLink bridge-only or PCIe topologies).
(Worker_PP1_TP0 pid=1103796) WARNING 08-22 18:18:46 [flashinfer_all_reduce.py:78] Failed to initialize FlashInfer All Reduce workspace: [SymmDeviceMemory] Device does not support multicasting.. This is expected on GPUs without NVSwitch (e.g., NVLink bridge-only or PCIe topologies).
(Worker_PP1_TP0 pid=1103796) WARNING 08-22 18:18:46 [flashinfer_all_reduce.py:78] Failed to initialize FlashInfer All Reduce workspace: [SymmDeviceMemory] Device does not support multicasting.. This is expected on GPUs without NVSwitch (e.g., NVLink bridge-only or PCIe topologies).
(Worker_PP1_TP0 pid=1103796) WARNING 08-22 18:18:46 [flashinfer_all_reduce.py:78] Failed to initialize FlashInfer All Reduce workspace: [SymmDeviceMemory] Device does not support multicasting.. This is expected on GPUs without NVSwitch (e.g., NVLink bridge-only or PCIe topologies).
(Worker_PP1_TP0 pid=1103796) WARNING 08-22 18:18:46 [flashinfer_all_reduce.py:78] Failed to initialize FlashInfer All Reduce workspace: [SymmDeviceMemory] Device does not support multicasting.. This is expected on GPUs without NVSwitch (e.g., NVLink bridge-only or PCIe topologies).
(Worker_PP1_TP0 pid=1103796) WARNING 08-22 18:18:46 [flashinfer_all_reduce.py:78] Failed to initialize FlashInfer All Reduce workspace: [SymmDeviceMemory] Device does not support multicasting.. This is expected on GPUs without NVSwitch (e.g., NVLink bridge-only or PCIe topologies).
(Worker_PP1_TP0 pid=1103796) WARNING 08-22 18:18:46 [flashinfer_all_reduce.py:78] Failed to initialize FlashInfer All Reduce workspace: [SymmDeviceMemory] Device does not support multicasting.. This is expected on GPUs without NVSwitch (e.g., NVLink bridge-only or PCIe topologies).
(Worker_PP1_TP0 pid=1103796) WARNING 08-22 18:18:46 [flashinfer_all_reduce.py:78] Failed to initialize FlashInfer All Reduce workspace: [SymmDeviceMemory] Device does not support multicasting.. This is expected on GPUs without NVSwitch (e.g., NVLink bridge-only or PCIe topologies).
(Worker_PP1_TP0 pid=1103796) WARNING 08-22 18:18:46 [flashinfer_all_reduce.py:78] Failed to initialize FlashInfer All Reduce workspace: [SymmDeviceMemory] Device does not support multicasting.. This is expected on GPUs without NVSwitch (e.g., NVLink bridge-only or PCIe topologies).
(Worker_PP1_TP0 pid=1103796) WARNING 08-22 18:18:46 [flashinfer_all_reduce.py:78] Failed to initialize FlashInfer All Reduce workspace: [SymmDeviceMemory] Device does not support multicasting.. This is expected on GPUs without NVSwitch (e.g., NVLink bridge-only or PCIe topologies).
(Worker_PP1_TP0 pid=1103796) WARNING 08-22 18:18:46 [flashinfer_all_reduce.py:78] Failed to initialize FlashInfer All Reduce workspace: [SymmDeviceMemory] Device does not support multicasting.. This is expected on GPUs without NVSwitch (e.g., NVLink bridge-only or PCIe topologies).
(Worker_PP1_TP0 pid=1103796) WARNING 08-22 18:18:46 [flashinfer_all_reduce.py:78] Failed to initialize FlashInfer All Reduce workspace: [SymmDeviceMemory] Device does not support multicasting.. This is expected on GPUs without NVSwitch (e.g., NVLink bridge-only or PCIe topologies).
(Worker_PP1_TP0 pid=1103796) WARNING 08-22 18:18:46 [flashinfer_all_reduce.py:78] Failed to initialize FlashInfer All Reduce workspace: [SymmDeviceMemory] Device does not support multicasting.. This is expected on GPUs without NVSwitch (e.g., NVLink bridge-only or PCIe topologies).
(Worker_PP1_TP0 pid=1103796) WARNING 08-22 18:18:46 [flashinfer_all_reduce.py:78] Failed to initialize FlashInfer All Reduce workspace: [SymmDeviceMemory] Device does not support multicasting.. This is expected on GPUs without NVSwitch (e.g., NVLink bridge-only or PCIe topologies).
(Worker_PP1_TP0 pid=1103796) WARNING 08-22 18:18:46 [flashinfer_all_reduce.py:78] Failed to initialize FlashInfer All Reduce workspace: [SymmDeviceMemory] Device does not support multicasting.. This is expected on GPUs without NVSwitch (e.g., NVLink bridge-only or PCIe topologies).
(Worker_PP1_TP4 pid=1103800) [k3t r?] step=31 tok=1 step=94.66ms | KDA: n=23 attn=19.0ms mlp=47.6ms other=0.5ms tot=67.2ms | full: n=8 attn=10.8ms mlp=16.4ms other=0.2ms tot=27.4ms | ALL: attn=29.8ms mlp=64.0ms model=94.7ms
(Worker_PP1_TP7 pid=1103803) [k3t r?] step=31 tok=1 step=94.66ms | KDA: n=23 attn=19.0ms mlp=47.6ms other=0.5ms tot=67.1ms | full: n=8 attn=10.8ms mlp=16.4ms other=0.2ms tot=27.4ms | ALL: attn=29.8ms mlp=64.0ms model=94.7ms
(Worker_PP1_TP1 pid=1103797) [k3t r?] step=31 tok=1 step=94.66ms | KDA: n=23 attn=19.0ms mlp=47.6ms other=0.5ms tot=67.1ms | full: n=8 attn=10.8ms mlp=16.4ms other=0.2ms tot=27.4ms | ALL: attn=29.8ms mlp=64.0ms model=94.7ms
(Worker_PP1_TP5 pid=1103801) [k3t r?] step=31 tok=1 step=94.66ms | KDA: n=23 attn=19.0ms mlp=47.6ms other=0.6ms tot=67.1ms | full: n=8 attn=10.8ms mlp=16.4ms other=0.2ms tot=27.4ms | ALL: attn=29.8ms mlp=64.0ms model=94.7ms
(Worker_PP1_TP3 pid=1103799) [k3t r?] step=31 tok=1 step=94.66ms | KDA: n=23 attn=19.0ms mlp=47.6ms other=0.5ms tot=67.1ms | full: n=8 attn=10.8ms mlp=16.4ms other=0.2ms tot=27.4ms | ALL: attn=29.8ms mlp=64.0ms model=94.7ms
(Worker_PP1_TP2 pid=1103798) [k3t r?] step=31 tok=1 step=94.66ms | KDA: n=23 attn=19.0ms mlp=47.6ms other=0.5ms tot=67.1ms | full: n=8 attn=10.8ms mlp=16.4ms other=0.2ms tot=27.4ms | ALL: attn=29.8ms mlp=64.0ms model=94.7ms
(Worker_PP1_TP6 pid=1103802) [k3t r?] step=31 tok=1 step=94.66ms | KDA: n=23 attn=19.1ms mlp=47.6ms other=0.5ms tot=67.1ms | full: n=8 attn=10.8ms mlp=16.4ms other=0.2ms tot=27.4ms | ALL: attn=29.9ms mlp=64.0ms model=94.7ms
(Worker_PP1_TP0 pid=1103796) [k3t r?] step=31 tok=1 step=94.96ms | KDA: n=23 attn=9.9ms mlp=46.8ms other=9.1ms tot=65.8ms | full: n=8 attn=7.7ms mlp=15.9ms other=3.3ms tot=27.0ms | ALL: attn=17.7ms mlp=62.7ms model=95.0ms
(Worker_PP1_TP0 pid=1103796) WARNING 08-22 18:18:46 [flashinfer_all_reduce.py:78] Failed to initialize FlashInfer All Reduce workspace: [SymmDeviceMemory] Device does not support multicasting.. This is expected on GPUs without NVSwitch (e.g., NVLink bridge-only or PCIe topologies).
(Worker_PP1_TP0 pid=1103796) WARNING 08-22 18:18:46 [flashinfer_all_reduce.py:78] Failed to initialize FlashInfer All Reduce workspace: [SymmDeviceMemory] Device does not support multicasting.. This is expected on GPUs without NVSwitch (e.g., NVLink bridge-only or PCIe topologies).
(Worker_PP1_TP0 pid=1103796) WARNING 08-22 18:18:46 [flashinfer_all_reduce.py:78] Failed to initialize FlashInfer All Reduce workspace: [SymmDeviceMemory] Device does not support multicasting.. This is expected on GPUs without NVSwitch (e.g., NVLink bridge-only or PCIe topologies).
(Worker_PP1_TP0 pid=1103796) WARNING 08-22 18:18:46 [flashinfer_all_reduce.py:78] Failed to initialize FlashInfer All Reduce workspace: [SymmDeviceMemory] Device does not support multicasting.. This is expected on GPUs without NVSwitch (e.g., NVLink bridge-only or PCIe topologies).
(Worker_PP1_TP0 pid=1103796) WARNING 08-22 18:18:46 [flashinfer_all_reduce.py:78] Failed to initialize FlashInfer All Reduce workspace: [SymmDeviceMemory] Device does not support multicasting.. This is expected on GPUs without NVSwitch (e.g., NVLink bridge-only or PCIe topologies).
(Worker_PP1_TP0 pid=1103796) WARNING 08-22 18:18:46 [flashinfer_all_reduce.py:78] Failed to initialize FlashInfer All Reduce workspace: [SymmDeviceMemory] Device does not support multicasting.. This is expected on GPUs without NVSwitch (e.g., NVLink bridge-only or PCIe topologies).
(Worker_PP1_TP0 pid=1103796) WARNING 08-22 18:18:46 [flashinfer_all_reduce.py:78] Failed to initialize FlashInfer All Reduce workspace: [SymmDeviceMemory] Device does not support multicasting.. This is expected on GPUs without NVSwitch (e.g., NVLink bridge-only or PCIe topologies).
(Worker_PP1_TP0 pid=1103796) WARNING 08-22 18:18:46 [flashinfer_all_reduce.py:78] Failed to initialize FlashInfer All Reduce workspace: [SymmDeviceMemory] Device does not support multicasting.. This is expected on GPUs without NVSwitch (e.g., NVLink bridge-only or PCIe topologies).
(Worker_PP1_TP0 pid=1103796) WARNING 08-22 18:18:46 [flashinfer_all_reduce.py:78] Failed to initialize FlashInfer All Reduce workspace: [SymmDeviceMemory] Device does not support multicasting.. This is expected on GPUs without NVSwitch (e.g., NVLink bridge-only or PCIe topologies).
(Worker_PP1_TP0 pid=1103796) WARNING 08-22 18:18:46 [flashinfer_all_reduce.py:78] Failed to initialize FlashInfer All Reduce workspace: [SymmDeviceMemory] Device does not support multicasting.. This is expected on GPUs without NVSwitch (e.g., NVLink bridge-only or PCIe topologies).
(Worker_PP1_TP0 pid=1103796) WARNING 08-22 18:18:46 [flashinfer_all_reduce.py:78] Failed to initialize FlashInfer All Reduce workspace: [SymmDeviceMemory] Device does not support multicasting.. This is expected on GPUs without NVSwitch (e.g., NVLink bridge-only or PCIe topologies).
(Worker_PP1_TP0 pid=1103796) WARNING 08-22 18:18:46 [flashinfer_all_reduce.py:78] Failed to initialize FlashInfer All Reduce workspace: [SymmDeviceMemory] Device does not support multicasting.. This is expected on GPUs without NVSwitch (e.g., NVLink bridge-only or PCIe topologies).
(Worker_PP1_TP0 pid=1103796) WARNING 08-22 18:18:46 [flashinfer_all_reduce.py:78] Failed to initialize FlashInfer All Reduce workspace: [SymmDeviceMemory] Device does not support multicasting.. This is expected on GPUs without NVSwitch (e.g., NVLink bridge-only or PCIe topologies).
(Worker_PP1_TP0 pid=1103796) WARNING 08-22 18:18:46 [flashinfer_all_reduce.py:78] Failed to initialize FlashInfer All Reduce workspace: [SymmDeviceMemory] Device does not support multicasting.. This is expected on GPUs without NVSwitch (e.g., NVLink bridge-only or PCIe topologies).
(Worker_PP1_TP0 pid=1103796) WARNING 08-22 18:18:46 [flashinfer_all_reduce.py:78] Failed to initialize FlashInfer All Reduce workspace: [SymmDeviceMemory] Device does not support multicasting.. This is expected on GPUs without NVSwitch (e.g., NVLink bridge-only or PCIe topologies).
(Worker_PP1_TP0 pid=1103796) WARNING 08-22 18:18:46 [flashinfer_all_reduce.py:78] Failed to initialize FlashInfer All Reduce workspace: [SymmDeviceMemory] Device does not support multicasting.. This is expected on GPUs without NVSwitch (e.g., NVLink bridge-only or PCIe topologies).
(Worker_PP1_TP0 pid=1103796) WARNING 08-22 18:18:46 [flashinfer_all_reduce.py:78] Failed to initialize FlashInfer All Reduce workspace: [SymmDeviceMemory] Device does not support multicasting.. This is expected on GPUs without NVSwitch (e.g., NVLink bridge-only or PCIe topologies).
(Worker_PP1_TP0 pid=1103796) WARNING 08-22 18:18:46 [flashinfer_all_reduce.py:78] Failed to initialize FlashInfer All Reduce workspace: [SymmDeviceMemory] Device does not support multicasting.. This is expected on GPUs without NVSwitch (e.g., NVLink bridge-only or PCIe topologies).
(Worker_PP1_TP0 pid=1103796) WARNING 08-22 18:18:46 [flashinfer_all_reduce.py:78] Failed to initialize FlashInfer All Reduce workspace: [SymmDeviceMemory] Device does not support multicasting.. This is expected on GPUs without NVSwitch (e.g., NVLink bridge-only or PCIe topologies).
(Worker_PP1_TP0 pid=1103796) WARNING 08-22 18:18:46 [flashinfer_all_reduce.py:78] Failed to initialize FlashInfer All Reduce workspace: [SymmDeviceMemory] Device does not support multicasting.. This is expected on GPUs without NVSwitch (e.g., NVLink bridge-only or PCIe topologies).
(Worker_PP1_TP0 pid=1103796) WARNING 08-22 18:18:46 [flashinfer_all_reduce.py:78] Failed to initialize FlashInfer All Reduce workspace: [SymmDeviceMemory] Device does not support multicasting.. This is expected on GPUs without NVSwitch (e.g., NVLink bridge-only or PCIe topologies).
(Worker_PP1_TP0 pid=1103796) WARNING 08-22 18:18:46 [flashinfer_all_reduce.py:78] Failed to initialize FlashInfer All Reduce workspace: [SymmDeviceMemory] Device does not support multicasting.. This is expected on GPUs without NVSwitch (e.g., NVLink bridge-only or PCIe topologies).
(Worker_PP1_TP0 pid=1103796) WARNING 08-22 18:18:46 [flashinfer_all_reduce.py:78] Failed to initialize FlashInfer All Reduce workspace: [SymmDeviceMemory] Device does not support multicasting.. This is expected on GPUs without NVSwitch (e.g., NVLink bridge-only or PCIe topologies).
(Worker_PP1_TP0 pid=1103796) WARNING 08-22 18:18:46 [flashinfer_all_reduce.py:78] Failed to initialize FlashInfer All Reduce workspace: [SymmDeviceMemory] Device does not support multicasting.. This is expected on GPUs without NVSwitch (e.g., NVLink bridge-only or PCIe topologies).
(Worker_PP1_TP0 pid=1103796) WARNING 08-22 18:18:46 [flashinfer_all_reduce.py:78] Failed to initialize FlashInfer All Reduce workspace: [SymmDeviceMemory] Device does not support multicasting.. This is expected on GPUs without NVSwitch (e.g., NVLink bridge-only or PCIe topologies).
(Worker_PP1_TP0 pid=1103796) WARNING 08-22 18:18:46 [flashinfer_all_reduce.py:78] Failed to initialize FlashInfer All Reduce workspace: [SymmDeviceMemory] Device does not support multicasting.. This is expected on GPUs without NVSwitch (e.g., NVLink bridge-only or PCIe topologies).
(Worker_PP1_TP0 pid=1103796) WARNING 08-22 18:18:46 [flashinfer_all_reduce.py:78] Failed to initialize FlashInfer All Reduce workspace: [SymmDeviceMemory] Device does not support multicasting.. This is expected on GPUs without NVSwitch (e.g., NVLink bridge-only or PCIe topologies).
(Worker_PP1_TP0 pid=1103796) WARNING 08-22 18:18:46 [flashinfer_all_reduce.py:78] Failed to initialize FlashInfer All Reduce workspace: [SymmDeviceMemory] Device does not support multicasting.. This is expected on GPUs without NVSwitch (e.g., NVLink bridge-only or PCIe topologies).
(Worker_PP1_TP0 pid=1103796) WARNING 08-22 18:18:46 [flashinfer_all_reduce.py:78] Failed to initialize FlashInfer All Reduce workspace: [SymmDeviceMemory] Device does not support multicasting.. This is expected on GPUs without NVSwitch (e.g., NVLink bridge-only or PCIe topologies).
(Worker_PP1_TP0 pid=1103796) WARNING 08-22 18:18:46 [flashinfer_all_reduce.py:78] Failed to initialize FlashInfer All Reduce workspace: [SymmDeviceMemory] Device does not support multicasting.. This is expected on GPUs without NVSwitch (e.g., NVLink bridge-only or PCIe topologies).
(Worker_PP1_TP0 pid=1103796) WARNING 08-22 18:18:46 [flashinfer_all_reduce.py:78] Failed to initialize FlashInfer All Reduce workspace: [SymmDeviceMemory] Device does not support multicasting.. This is expected on GPUs without NVSwitch (e.g., NVLink bridge-only or PCIe topologies).
(Worker_PP1_TP2 pid=1103798) [k3t r?] step=32 tok=1 step=94.33ms | KDA: n=23 attn=19.0ms mlp=47.4ms other=0.5ms tot=67.0ms | full: n=8 attn=10.9ms mlp=16.2ms other=0.2ms tot=27.3ms | ALL: attn=29.9ms mlp=63.6ms model=94.3ms
(Worker_PP1_TP3 pid=1103799) [k3t r?] step=32 tok=1 step=94.34ms | KDA: n=23 attn=19.0ms mlp=47.4ms other=0.5ms tot=67.0ms | full: n=8 attn=10.9ms mlp=16.2ms other=0.2ms tot=27.3ms | ALL: attn=29.9ms mlp=63.6ms model=94.3ms
(Worker_PP1_TP4 pid=1103800) [k3t r?] step=32 tok=1 step=94.34ms | KDA: n=23 attn=19.0ms mlp=47.4ms other=0.5ms tot=66.9ms | full: n=8 attn=10.9ms mlp=16.2ms other=0.2ms tot=27.3ms | ALL: attn=29.9ms mlp=63.6ms model=94.3ms
(Worker_PP1_TP6 pid=1103802) [k3t r?] step=32 tok=1 step=94.33ms | KDA: n=23 attn=19.0ms mlp=47.4ms other=0.5ms tot=66.9ms | full: n=8 attn=10.9ms mlp=16.2ms other=0.2ms tot=27.3ms | ALL: attn=29.9ms mlp=63.6ms model=94.3ms
(Worker_PP1_TP5 pid=1103801) [k3t r?] step=32 tok=1 step=94.33ms | KDA: n=23 attn=19.0ms mlp=47.4ms other=0.5ms tot=66.9ms | full: n=8 attn=10.9ms mlp=16.2ms other=0.2ms tot=27.3ms | ALL: attn=29.9ms mlp=63.6ms model=94.3ms
(Worker_PP1_TP7 pid=1103803) [k3t r?] step=32 tok=1 step=94.33ms | KDA: n=23 attn=19.0ms mlp=47.4ms other=0.5ms tot=67.0ms | full: n=8 attn=10.9ms mlp=16.2ms other=0.2ms tot=27.3ms | ALL: attn=29.9ms mlp=63.6ms model=94.3ms
(Worker_PP1_TP1 pid=1103797) [k3t r?] step=32 tok=1 step=94.33ms | KDA: n=23 attn=19.0ms mlp=47.4ms other=0.5ms tot=67.0ms | full: n=8 attn=10.8ms mlp=16.2ms other=0.3ms tot=27.3ms | ALL: attn=29.8ms mlp=63.6ms model=94.3ms
(Worker_PP1_TP0 pid=1103796) [k3t r?] step=32 tok=1 step=94.64ms | KDA: n=23 attn=9.9ms mlp=46.6ms other=9.2ms tot=65.6ms | full: n=8 attn=7.9ms mlp=15.9ms other=3.1ms tot=26.8ms | ALL: attn=17.7ms mlp=62.4ms model=94.6ms
(Worker_PP1_TP0 pid=1103796) WARNING 08-22 18:18:46 [flashinfer_all_reduce.py:78] Failed to initialize FlashInfer All Reduce workspace: [SymmDeviceMemory] Device does not support multicasting.. This is expected on GPUs without NVSwitch (e.g., NVLink bridge-only or PCIe topologies).
(Worker_PP1_TP0 pid=1103796) WARNING 08-22 18:18:46 [flashinfer_all_reduce.py:78] Failed to initialize FlashInfer All Reduce workspace: [SymmDeviceMemory] Device does not support multicasting.. This is expected on GPUs without NVSwitch (e.g., NVLink bridge-only or PCIe topologies).
(Worker_PP1_TP0 pid=1103796) WARNING 08-22 18:18:46 [flashinfer_all_reduce.py:78] Failed to initialize FlashInfer All Reduce workspace: [SymmDeviceMemory] Device does not support multicasting.. This is expected on GPUs without NVSwitch (e.g., NVLink bridge-only or PCIe topologies).
(Worker_PP1_TP0 pid=1103796) WARNING 08-22 18:18:46 [flashinfer_all_reduce.py:78] Failed to initialize FlashInfer All Reduce workspace: [SymmDeviceMemory] Device does not support multicasting.. This is expected on GPUs without NVSwitch (e.g., NVLink bridge-only or PCIe topologies).
(Worker_PP1_TP0 pid=1103796) WARNING 08-22 18:18:46 [flashinfer_all_reduce.py:78] Failed to initialize FlashInfer All Reduce workspace: [SymmDeviceMemory] Device does not support multicasting.. This is expected on GPUs without NVSwitch (e.g., NVLink bridge-only or PCIe topologies).
(Worker_PP1_TP0 pid=1103796) WARNING 08-22 18:18:46 [flashinfer_all_reduce.py:78] Failed to initialize FlashInfer All Reduce workspace: [SymmDeviceMemory] Device does not support multicasting.. This is expected on GPUs without NVSwitch (e.g., NVLink bridge-only or PCIe topologies).
(Worker_PP1_TP0 pid=1103796) WARNING 08-22 18:18:47 [flashinfer_all_reduce.py:78] Failed to initialize FlashInfer All Reduce workspace: [SymmDeviceMemory] Device does not support multicasting.. This is expected on GPUs without NVSwitch (e.g., NVLink bridge-only or PCIe topologies).
(Worker_PP1_TP0 pid=1103796) WARNING 08-22 18:18:47 [flashinfer_all_reduce.py:78] Failed to initialize FlashInfer All Reduce workspace: [SymmDeviceMemory] Device does not support multicasting.. This is expected on GPUs without NVSwitch (e.g., NVLink bridge-only or PCIe topologies).
(Worker_PP1_TP0 pid=1103796) WARNING 08-22 18:18:47 [flashinfer_all_reduce.py:78] Failed to initialize FlashInfer All Reduce workspace: [SymmDeviceMemory] Device does not support multicasting.. This is expected on GPUs without NVSwitch (e.g., NVLink bridge-only or PCIe topologies).
(Worker_PP1_TP0 pid=1103796) WARNING 08-22 18:18:47 [flashinfer_all_reduce.py:78] Failed to initialize FlashInfer All Reduce workspace: [SymmDeviceMemory] Device does not support multicasting.. This is expected on GPUs without NVSwitch (e.g., NVLink bridge-only or PCIe topologies).
(Worker_PP1_TP0 pid=1103796) WARNING 08-22 18:18:47 [flashinfer_all_reduce.py:78] Failed to initialize FlashInfer All Reduce workspace: [SymmDeviceMemory] Device does not support multicasting.. This is expected on GPUs without NVSwitch (e.g., NVLink bridge-only or PCIe topologies).
(Worker_PP1_TP0 pid=1103796) WARNING 08-22 18:18:47 [flashinfer_all_reduce.py:78] Failed to initialize FlashInfer All Reduce workspace: [SymmDeviceMemory] Device does not support multicasting.. This is expected on GPUs without NVSwitch (e.g., NVLink bridge-only or PCIe topologies).
(Worker_PP1_TP0 pid=1103796) WARNING 08-22 18:18:47 [flashinfer_all_reduce.py:78] Failed to initialize FlashInfer All Reduce workspace: [SymmDeviceMemory] Device does not support multicasting.. This is expected on GPUs without NVSwitch (e.g., NVLink bridge-only or PCIe topologies).
(Worker_PP1_TP0 pid=1103796) WARNING 08-22 18:18:47 [flashinfer_all_reduce.py:78] Failed to initialize FlashInfer All Reduce workspace: [SymmDeviceMemory] Device does not support multicasting.. This is expected on GPUs without NVSwitch (e.g., NVLink bridge-only or PCIe topologies).
(Worker_PP1_TP0 pid=1103796) WARNING 08-22 18:18:47 [flashinfer_all_reduce.py:78] Failed to initialize FlashInfer All Reduce workspace: [SymmDeviceMemory] Device does not support multicasting.. This is expected on GPUs without NVSwitch (e.g., NVLink bridge-only or PCIe topologies).
(Worker_PP1_TP0 pid=1103796) WARNING 08-22 18:18:47 [flashinfer_all_reduce.py:78] Failed to initialize FlashInfer All Reduce workspace: [SymmDeviceMemory] Device does not support multicasting.. This is expected on GPUs without NVSwitch (e.g., NVLink bridge-only or PCIe topologies).
(Worker_PP1_TP0 pid=1103796) WARNING 08-22 18:18:47 [flashinfer_all_reduce.py:78] Failed to initialize FlashInfer All Reduce workspace: [SymmDeviceMemory] Device does not support multicasting.. This is expected on GPUs without NVSwitch (e.g., NVLink bridge-only or PCIe topologies).
(Worker_PP1_TP0 pid=1103796) WARNING 08-22 18:18:47 [flashinfer_all_reduce.py:78] Failed to initialize FlashInfer All Reduce workspace: [SymmDeviceMemory] Device does not support multicasting.. This is expected on GPUs without NVSwitch (e.g., NVLink bridge-only or PCIe topologies).
(Worker_PP1_TP0 pid=1103796) WARNING 08-22 18:18:47 [flashinfer_all_reduce.py:78] Failed to initialize FlashInfer All Reduce workspace: [SymmDeviceMemory] Device does not support multicasting.. This is expected on GPUs without NVSwitch (e.g., NVLink bridge-only or PCIe topologies).
(Worker_PP1_TP0 pid=1103796) WARNING 08-22 18:18:47 [flashinfer_all_reduce.py:78] Failed to initialize FlashInfer All Reduce workspace: [SymmDeviceMemory] Device does not support multicasting.. This is expected on GPUs without NVSwitch (e.g., NVLink bridge-only or PCIe topologies).
(Worker_PP1_TP0 pid=1103796) WARNING 08-22 18:18:47 [flashinfer_all_reduce.py:78] Failed to initialize FlashInfer All Reduce workspace: [SymmDeviceMemory] Device does not support multicasting.. This is expected on GPUs without NVSwitch (e.g., NVLink bridge-only or PCIe topologies).
(Worker_PP1_TP0 pid=1103796) WARNING 08-22 18:18:47 [flashinfer_all_reduce.py:78] Failed to initialize FlashInfer All Reduce workspace: [SymmDeviceMemory] Device does not support multicasting.. This is expected on GPUs without NVSwitch (e.g., NVLink bridge-only or PCIe topologies).
(Worker_PP1_TP0 pid=1103796) WARNING 08-22 18:18:47 [flashinfer_all_reduce.py:78] Failed to initialize FlashInfer All Reduce workspace: [SymmDeviceMemory] Device does not support multicasting.. This is expected on GPUs without NVSwitch (e.g., NVLink bridge-only or PCIe topologies).
(Worker_PP1_TP0 pid=1103796) WARNING 08-22 18:18:47 [flashinfer_all_reduce.py:78] Failed to initialize FlashInfer All Reduce workspace: [SymmDeviceMemory] Device does not support multicasting.. This is expected on GPUs without NVSwitch (e.g., NVLink bridge-only or PCIe topologies).
(Worker_PP1_TP0 pid=1103796) WARNING 08-22 18:18:47 [flashinfer_all_reduce.py:78] Failed to initialize FlashInfer All Reduce workspace: [SymmDeviceMemory] Device does not support multicasting.. This is expected on GPUs without NVSwitch (e.g., NVLink bridge-only or PCIe topologies).
(Worker_PP1_TP0 pid=1103796) WARNING 08-22 18:18:47 [flashinfer_all_reduce.py:78] Failed to initialize FlashInfer All Reduce workspace: [SymmDeviceMemory] Device does not support multicasting.. This is expected on GPUs without NVSwitch (e.g., NVLink bridge-only or PCIe topologies).
(Worker_PP1_TP0 pid=1103796) WARNING 08-22 18:18:47 [flashinfer_all_reduce.py:78] Failed to initialize FlashInfer All Reduce workspace: [SymmDeviceMemory] Device does not support multicasting.. This is expected on GPUs without NVSwitch (e.g., NVLink bridge-only or PCIe topologies).
(Worker_PP1_TP0 pid=1103796) WARNING 08-22 18:18:47 [flashinfer_all_reduce.py:78] Failed to initialize FlashInfer All Reduce workspace: [SymmDeviceMemory] Device does not support multicasting.. This is expected on GPUs without NVSwitch (e.g., NVLink bridge-only or PCIe topologies).
(Worker_PP1_TP0 pid=1103796) WARNING 08-22 18:18:47 [flashinfer_all_reduce.py:78] Failed to initialize FlashInfer All Reduce workspace: [SymmDeviceMemory] Device does not support multicasting.. This is expected on GPUs without NVSwitch (e.g., NVLink bridge-only or PCIe topologies).
(Worker_PP1_TP0 pid=1103796) WARNING 08-22 18:18:47 [flashinfer_all_reduce.py:78] Failed to initialize FlashInfer All Reduce workspace: [SymmDeviceMemory] Device does not support multicasting.. This is expected on GPUs without NVSwitch (e.g., NVLink bridge-only or PCIe topologies).
(Worker_PP1_TP0 pid=1103796) WARNING 08-22 18:18:47 [flashinfer_all_reduce.py:78] Failed to initialize FlashInfer All Reduce workspace: [SymmDeviceMemory] Device does not support multicasting.. This is expected on GPUs without NVSwitch (e.g., NVLink bridge-only or PCIe topologies).
(Worker_PP1_TP3 pid=1103799) [k3t r?] step=33 tok=1 step=93.80ms | KDA: n=23 attn=18.8ms mlp=46.9ms other=0.5ms tot=66.3ms | full: n=8 attn=11.0ms mlp=16.3ms other=0.2ms tot=27.5ms | ALL: attn=29.9ms mlp=63.1ms model=93.8ms
(Worker_PP1_TP4 pid=1103800) [k3t r?] step=33 tok=1 step=93.79ms | KDA: n=23 attn=18.8ms mlp=46.9ms other=0.5ms tot=66.2ms | full: n=8 attn=11.0ms mlp=16.3ms other=0.2ms tot=27.5ms | ALL: attn=29.8ms mlp=63.2ms model=93.8ms
(Worker_PP1_TP5 pid=1103801) [k3t r?] step=33 tok=1 step=93.79ms | KDA: n=23 attn=18.8ms mlp=46.9ms other=0.6ms tot=66.3ms | full: n=8 attn=11.0ms mlp=16.3ms other=0.2ms tot=27.5ms | ALL: attn=29.8ms mlp=63.1ms model=93.8ms
(Worker_PP1_TP1 pid=1103797) [k3t r?] step=33 tok=1 step=93.79ms | KDA: n=23 attn=18.5ms mlp=47.0ms other=0.9ms tot=66.4ms | full: n=8 attn=10.5ms mlp=16.1ms other=0.5ms tot=27.1ms | ALL: attn=29.0ms mlp=63.1ms model=93.8ms
(Worker_PP1_TP6 pid=1103802) [k3t r?] step=33 tok=1 step=93.79ms | KDA: n=23 attn=18.8ms mlp=46.9ms other=0.5ms tot=66.3ms | full: n=8 attn=11.0ms mlp=16.3ms other=0.2ms tot=27.4ms | ALL: attn=29.8ms mlp=63.1ms model=93.8ms
(Worker_PP1_TP2 pid=1103798) [k3t r?] step=33 tok=1 step=93.79ms | KDA: n=23 attn=18.8ms mlp=46.9ms other=0.5ms tot=66.3ms | full: n=8 attn=11.0ms mlp=16.3ms other=0.2ms tot=27.4ms | ALL: attn=29.9ms mlp=63.1ms model=93.8ms
(Worker_PP1_TP7 pid=1103803) [k3t r?] step=33 tok=1 step=93.79ms | KDA: n=23 attn=18.8ms mlp=46.9ms other=0.5ms tot=66.3ms | full: n=8 attn=11.0ms mlp=16.3ms other=0.2ms tot=27.4ms | ALL: attn=29.8ms mlp=63.1ms model=93.8ms
(Worker_PP1_TP0 pid=1103796) [k3t r?] step=33 tok=1 step=94.09ms | KDA: n=23 attn=10.0ms mlp=46.2ms other=8.8ms tot=65.0ms | full: n=8 attn=7.7ms mlp=15.8ms other=3.3ms tot=26.8ms | ALL: attn=17.7ms mlp=61.9ms model=94.1ms
(Worker_PP1_TP0 pid=1103796) WARNING 08-22 18:18:47 [flashinfer_all_reduce.py:78] Failed to initialize FlashInfer All Reduce workspace: [SymmDeviceMemory] Device does not support multicasting.. This is expected on GPUs without NVSwitch (e.g., NVLink bridge-only or PCIe topologies).
(Worker_PP1_TP0 pid=1103796) WARNING 08-22 18:18:47 [flashinfer_all_reduce.py:78] Failed to initialize FlashInfer All Reduce workspace: [SymmDeviceMemory] Device does not support multicasting.. This is expected on GPUs without NVSwitch (e.g., NVLink bridge-only or PCIe topologies).
(Worker_PP1_TP0 pid=1103796) WARNING 08-22 18:18:47 [flashinfer_all_reduce.py:78] Failed to initialize FlashInfer All Reduce workspace: [SymmDeviceMemory] Device does not support multicasting.. This is expected on GPUs without NVSwitch (e.g., NVLink bridge-only or PCIe topologies).
(Worker_PP1_TP0 pid=1103796) WARNING 08-22 18:18:47 [flashinfer_all_reduce.py:78] Failed to initialize FlashInfer All Reduce workspace: [SymmDeviceMemory] Device does not support multicasting.. This is expected on GPUs without NVSwitch (e.g., NVLink bridge-only or PCIe topologies).
(Worker_PP1_TP0 pid=1103796) WARNING 08-22 18:18:47 [flashinfer_all_reduce.py:78] Failed to initialize FlashInfer All Reduce workspace: [SymmDeviceMemory] Device does not support multicasting.. This is expected on GPUs without NVSwitch (e.g., NVLink bridge-only or PCIe topologies).
(Worker_PP1_TP0 pid=1103796) WARNING 08-22 18:18:47 [flashinfer_all_reduce.py:78] Failed to initialize FlashInfer All Reduce workspace: [SymmDeviceMemory] Device does not support multicasting.. This is expected on GPUs without NVSwitch (e.g., NVLink bridge-only or PCIe topologies).
(Worker_PP1_TP0 pid=1103796) WARNING 08-22 18:18:47 [flashinfer_all_reduce.py:78] Failed to initialize FlashInfer All Reduce workspace: [SymmDeviceMemory] Device does not support multicasting.. This is expected on GPUs without NVSwitch (e.g., NVLink bridge-only or PCIe topologies).
(Worker_PP1_TP0 pid=1103796) WARNING 08-22 18:18:47 [flashinfer_all_reduce.py:78] Failed to initialize FlashInfer All Reduce workspace: [SymmDeviceMemory] Device does not support multicasting.. This is expected on GPUs without NVSwitch (e.g., NVLink bridge-only or PCIe topologies).
(Worker_PP1_TP0 pid=1103796) WARNING 08-22 18:18:47 [flashinfer_all_reduce.py:78] Failed to initialize FlashInfer All Reduce workspace: [SymmDeviceMemory] Device does not support multicasting.. This is expected on GPUs without NVSwitch (e.g., NVLink bridge-only or PCIe topologies).
(Worker_PP1_TP0 pid=1103796) WARNING 08-22 18:18:47 [flashinfer_all_reduce.py:78] Failed to initialize FlashInfer All Reduce workspace: [SymmDeviceMemory] Device does not support multicasting.. This is expected on GPUs without NVSwitch (e.g., NVLink bridge-only or PCIe topologies).
(Worker_PP1_TP0 pid=1103796) WARNING 08-22 18:18:47 [flashinfer_all_reduce.py:78] Failed to initialize FlashInfer All Reduce workspace: [SymmDeviceMemory] Device does not support multicasting.. This is expected on GPUs without NVSwitch (e.g., NVLink bridge-only or PCIe topologies).
(Worker_PP1_TP0 pid=1103796) WARNING 08-22 18:18:47 [flashinfer_all_reduce.py:78] Failed to initialize FlashInfer All Reduce workspace: [SymmDeviceMemory] Device does not support multicasting.. This is expected on GPUs without NVSwitch (e.g., NVLink bridge-only or PCIe topologies).
(Worker_PP1_TP0 pid=1103796) WARNING 08-22 18:18:47 [flashinfer_all_reduce.py:78] Failed to initialize FlashInfer All Reduce workspace: [SymmDeviceMemory] Device does not support multicasting.. This is expected on GPUs without NVSwitch (e.g., NVLink bridge-only or PCIe topologies).
(Worker_PP1_TP0 pid=1103796) WARNING 08-22 18:18:47 [flashinfer_all_reduce.py:78] Failed to initialize FlashInfer All Reduce workspace: [SymmDeviceMemory] Device does not support multicasting.. This is expected on GPUs without NVSwitch (e.g., NVLink bridge-only or PCIe topologies).
(Worker_PP1_TP0 pid=1103796) WARNING 08-22 18:18:47 [flashinfer_all_reduce.py:78] Failed to initialize FlashInfer All Reduce workspace: [SymmDeviceMemory] Device does not support multicasting.. This is expected on GPUs without NVSwitch (e.g., NVLink bridge-only or PCIe topologies).
(Worker_PP1_TP0 pid=1103796) WARNING 08-22 18:18:47 [flashinfer_all_reduce.py:78] Failed to initialize FlashInfer All Reduce workspace: [SymmDeviceMemory] Device does not support multicasting.. This is expected on GPUs without NVSwitch (e.g., NVLink bridge-only or PCIe topologies).
(Worker_PP1_TP0 pid=1103796) WARNING 08-22 18:18:47 [flashinfer_all_reduce.py:78] Failed to initialize FlashInfer All Reduce workspace: [SymmDeviceMemory] Device does not support multicasting.. This is expected on GPUs without NVSwitch (e.g., NVLink bridge-only or PCIe topologies).
(Worker_PP1_TP0 pid=1103796) WARNING 08-22 18:18:47 [flashinfer_all_reduce.py:78] Failed to initialize FlashInfer All Reduce workspace: [SymmDeviceMemory] Device does not support multicasting.. This is expected on GPUs without NVSwitch (e.g., NVLink bridge-only or PCIe topologies).
(Worker_PP1_TP0 pid=1103796) WARNING 08-22 18:18:47 [flashinfer_all_reduce.py:78] Failed to initialize FlashInfer All Reduce workspace: [SymmDeviceMemory] Device does not support multicasting.. This is expected on GPUs without NVSwitch (e.g., NVLink bridge-only or PCIe topologies).
(Worker_PP1_TP0 pid=1103796) WARNING 08-22 18:18:47 [flashinfer_all_reduce.py:78] Failed to initialize FlashInfer All Reduce workspace: [SymmDeviceMemory] Device does not support multicasting.. This is expected on GPUs without NVSwitch (e.g., NVLink bridge-only or PCIe topologies).
(Worker_PP1_TP0 pid=1103796) WARNING 08-22 18:18:47 [flashinfer_all_reduce.py:78] Failed to initialize FlashInfer All Reduce workspace: [SymmDeviceMemory] Device does not support multicasting.. This is expected on GPUs without NVSwitch (e.g., NVLink bridge-only or PCIe topologies).
(Worker_PP1_TP0 pid=1103796) WARNING 08-22 18:18:47 [flashinfer_all_reduce.py:78] Failed to initialize FlashInfer All Reduce workspace: [SymmDeviceMemory] Device does not support multicasting.. This is expected on GPUs without NVSwitch (e.g., NVLink bridge-only or PCIe topologies).
(Worker_PP1_TP0 pid=1103796) WARNING 08-22 18:18:47 [flashinfer_all_reduce.py:78] Failed to initialize FlashInfer All Reduce workspace: [SymmDeviceMemory] Device does not support multicasting.. This is expected on GPUs without NVSwitch (e.g., NVLink bridge-only or PCIe topologies).
(Worker_PP1_TP0 pid=1103796) WARNING 08-22 18:18:47 [flashinfer_all_reduce.py:78] Failed to initialize FlashInfer All Reduce workspace: [SymmDeviceMemory] Device does not support multicasting.. This is expected on GPUs without NVSwitch (e.g., NVLink bridge-only or PCIe topologies).
(Worker_PP1_TP0 pid=1103796) WARNING 08-22 18:18:47 [flashinfer_all_reduce.py:78] Failed to initialize FlashInfer All Reduce workspace: [SymmDeviceMemory] Device does not support multicasting.. This is expected on GPUs without NVSwitch (e.g., NVLink bridge-only or PCIe topologies).
(Worker_PP1_TP0 pid=1103796) WARNING 08-22 18:18:47 [flashinfer_all_reduce.py:78] Failed to initialize FlashInfer All Reduce workspace: [SymmDeviceMemory] Device does not support multicasting.. This is expected on GPUs without NVSwitch (e.g., NVLink bridge-only or PCIe topologies).
(Worker_PP1_TP0 pid=1103796) WARNING 08-22 18:18:47 [flashinfer_all_reduce.py:78] Failed to initialize FlashInfer All Reduce workspace: [SymmDeviceMemory] Device does not support multicasting.. This is expected on GPUs without NVSwitch (e.g., NVLink bridge-only or PCIe topologies).
(Worker_PP1_TP0 pid=1103796) WARNING 08-22 18:18:47 [flashinfer_all_reduce.py:78] Failed to initialize FlashInfer All Reduce workspace: [SymmDeviceMemory] Device does not support multicasting.. This is expected on GPUs without NVSwitch (e.g., NVLink bridge-only or PCIe topologies).
(Worker_PP1_TP0 pid=1103796) WARNING 08-22 18:18:47 [flashinfer_all_reduce.py:78] Failed to initialize FlashInfer All Reduce workspace: [SymmDeviceMemory] Device does not support multicasting.. This is expected on GPUs without NVSwitch (e.g., NVLink bridge-only or PCIe topologies).
(Worker_PP1_TP0 pid=1103796) WARNING 08-22 18:18:47 [flashinfer_all_reduce.py:78] Failed to initialize FlashInfer All Reduce workspace: [SymmDeviceMemory] Device does not support multicasting.. This is expected on GPUs without NVSwitch (e.g., NVLink bridge-only or PCIe topologies).
(Worker_PP1_TP0 pid=1103796) WARNING 08-22 18:18:47 [flashinfer_all_reduce.py:78] Failed to initialize FlashInfer All Reduce workspace: [SymmDeviceMemory] Device does not support multicasting.. This is expected on GPUs without NVSwitch (e.g., NVLink bridge-only or PCIe topologies).
(Worker_PP1_TP0 pid=1103796) [k3t r?] step=34 tok=1 step=107.63ms | KDA: n=23 attn=22.8ms mlp=52.2ms other=0.6ms tot=75.5ms | full: n=8 attn=13.2ms mlp=18.6ms other=0.2ms tot=32.0ms | ALL: attn=36.0ms mlp=70.8ms model=107.6ms
(Worker_PP1_TP3 pid=1103799) [k3t r?] step=34 tok=1 step=107.62ms | KDA: n=23 attn=22.8ms mlp=52.2ms other=0.5ms tot=75.5ms | full: n=8 attn=13.2ms mlp=18.6ms other=0.2ms tot=32.0ms | ALL: attn=36.0ms mlp=70.8ms model=107.6ms
(Worker_PP1_TP1 pid=1103797) [k3t r?] step=34 tok=1 step=107.62ms | KDA: n=23 attn=22.8ms mlp=52.2ms other=0.5ms tot=75.5ms | full: n=8 attn=13.2ms mlp=18.6ms other=0.2ms tot=32.0ms | ALL: attn=36.0ms mlp=70.8ms model=107.6ms
(Worker_PP1_TP4 pid=1103800) [k3t r?] step=34 tok=1 step=107.62ms | KDA: n=23 attn=22.7ms mlp=52.2ms other=0.5ms tot=75.5ms | full: n=8 attn=13.2ms mlp=18.6ms other=0.2ms tot=32.0ms | ALL: attn=36.0ms mlp=70.8ms model=107.6ms
(Worker_PP1_TP7 pid=1103803) [k3t r?] step=34 tok=1 step=107.62ms | KDA: n=23 attn=22.8ms mlp=52.2ms other=0.5ms tot=75.5ms | full: n=8 attn=13.2ms mlp=18.6ms other=0.2ms tot=32.0ms | ALL: attn=36.0ms mlp=70.8ms model=107.6ms
(Worker_PP1_TP5 pid=1103801) [k3t r?] step=34 tok=1 step=107.62ms | KDA: n=23 attn=22.8ms mlp=52.2ms other=0.5ms tot=75.5ms | full: n=8 attn=13.2ms mlp=18.6ms other=0.2ms tot=32.0ms | ALL: attn=36.0ms mlp=70.8ms model=107.6ms
(Worker_PP1_TP2 pid=1103798) [k3t r?] step=34 tok=1 step=107.62ms | KDA: n=23 attn=22.8ms mlp=52.2ms other=0.5ms tot=75.5ms | full: n=8 attn=13.2ms mlp=18.6ms other=0.2ms tot=32.0ms | ALL: attn=36.0ms mlp=70.8ms model=107.6ms
(Worker_PP1_TP6 pid=1103802) [k3t r?] step=34 tok=1 step=108.06ms | KDA: n=23 attn=12.2ms mlp=51.1ms other=10.7ms tot=74.0ms | full: n=8 attn=9.5ms mlp=18.1ms other=3.9ms tot=31.4ms | ALL: attn=21.7ms mlp=69.1ms model=108.1ms
(Worker_PP1_TP0 pid=1103796) WARNING 08-22 18:18:47 [flashinfer_all_reduce.py:78] Failed to initialize FlashInfer All Reduce workspace: [SymmDeviceMemory] Device does not support multicasting.. This is expected on GPUs without NVSwitch (e.g., NVLink bridge-only or PCIe topologies).
(Worker_PP1_TP0 pid=1103796) WARNING 08-22 18:18:47 [flashinfer_all_reduce.py:78] Failed to initialize FlashInfer All Reduce workspace: [SymmDeviceMemory] Device does not support multicasting.. This is expected on GPUs without NVSwitch (e.g., NVLink bridge-only or PCIe topologies).
(Worker_PP1_TP0 pid=1103796) WARNING 08-22 18:18:47 [flashinfer_all_reduce.py:78] Failed to initialize FlashInfer All Reduce workspace: [SymmDeviceMemory] Device does not support multicasting.. This is expected on GPUs without NVSwitch (e.g., NVLink bridge-only or PCIe topologies).
(Worker_PP1_TP0 pid=1103796) WARNING 08-22 18:18:47 [flashinfer_all_reduce.py:78] Failed to initialize FlashInfer All Reduce workspace: [SymmDeviceMemory] Device does not support multicasting.. This is expected on GPUs without NVSwitch (e.g., NVLink bridge-only or PCIe topologies).
(Worker_PP1_TP0 pid=1103796) WARNING 08-22 18:18:47 [flashinfer_all_reduce.py:78] Failed to initialize FlashInfer All Reduce workspace: [SymmDeviceMemory] Device does not support multicasting.. This is expected on GPUs without NVSwitch (e.g., NVLink bridge-only or PCIe topologies).
(Worker_PP1_TP0 pid=1103796) WARNING 08-22 18:18:47 [flashinfer_all_reduce.py:78] Failed to initialize FlashInfer All Reduce workspace: [SymmDeviceMemory] Device does not support multicasting.. This is expected on GPUs without NVSwitch (e.g., NVLink bridge-only or PCIe topologies).
(Worker_PP1_TP0 pid=1103796) WARNING 08-22 18:18:47 [flashinfer_all_reduce.py:78] Failed to initialize FlashInfer All Reduce workspace: [SymmDeviceMemory] Device does not support multicasting.. This is expected on GPUs without NVSwitch (e.g., NVLink bridge-only or PCIe topologies).
(Worker_PP1_TP0 pid=1103796) WARNING 08-22 18:18:47 [flashinfer_all_reduce.py:78] Failed to initialize FlashInfer All Reduce workspace: [SymmDeviceMemory] Device does not support multicasting.. This is expected on GPUs without NVSwitch (e.g., NVLink bridge-only or PCIe topologies).
(Worker_PP1_TP0 pid=1103796) WARNING 08-22 18:18:47 [flashinfer_all_reduce.py:78] Failed to initialize FlashInfer All Reduce workspace: [SymmDeviceMemory] Device does not support multicasting.. This is expected on GPUs without NVSwitch (e.g., NVLink bridge-only or PCIe topologies).
(Worker_PP1_TP0 pid=1103796) WARNING 08-22 18:18:47 [flashinfer_all_reduce.py:78] Failed to initialize FlashInfer All Reduce workspace: [SymmDeviceMemory] Device does not support multicasting.. This is expected on GPUs without NVSwitch (e.g., NVLink bridge-only or PCIe topologies).
(Worker_PP1_TP0 pid=1103796) WARNING 08-22 18:18:47 [flashinfer_all_reduce.py:78] Failed to initialize FlashInfer All Reduce workspace: [SymmDeviceMemory] Device does not support multicasting.. This is expected on GPUs without NVSwitch (e.g., NVLink bridge-only or PCIe topologies).
(Worker_PP1_TP0 pid=1103796) WARNING 08-22 18:18:47 [flashinfer_all_reduce.py:78] Failed to initialize FlashInfer All Reduce workspace: [SymmDeviceMemory] Device does not support multicasting.. This is expected on GPUs without NVSwitch (e.g., NVLink bridge-only or PCIe topologies).
(Worker_PP1_TP0 pid=1103796) WARNING 08-22 18:18:47 [flashinfer_all_reduce.py:78] Failed to initialize FlashInfer All Reduce workspace: [SymmDeviceMemory] Device does not support multicasting.. This is expected on GPUs without NVSwitch (e.g., NVLink bridge-only or PCIe topologies).
(Worker_PP1_TP0 pid=1103796) WARNING 08-22 18:18:47 [flashinfer_all_reduce.py:78] Failed to initialize FlashInfer All Reduce workspace: [SymmDeviceMemory] Device does not support multicasting.. This is expected on GPUs without NVSwitch (e.g., NVLink bridge-only or PCIe topologies).
(Worker_PP1_TP0 pid=1103796) WARNING 08-22 18:18:47 [flashinfer_all_reduce.py:78] Failed to initialize FlashInfer All Reduce workspace: [SymmDeviceMemory] Device does not support multicasting.. This is expected on GPUs without NVSwitch (e.g., NVLink bridge-only or PCIe topologies).
(Worker_PP1_TP0 pid=1103796) WARNING 08-22 18:18:47 [flashinfer_all_reduce.py:78] Failed to initialize FlashInfer All Reduce workspace: [SymmDeviceMemory] Device does not support multicasting.. This is expected on GPUs without NVSwitch (e.g., NVLink bridge-only or PCIe topologies).
(Worker_PP1_TP0 pid=1103796) WARNING 08-22 18:18:47 [flashinfer_all_reduce.py:78] Failed to initialize FlashInfer All Reduce workspace: [SymmDeviceMemory] Device does not support multicasting.. This is expected on GPUs without NVSwitch (e.g., NVLink bridge-only or PCIe topologies).
(Worker_PP1_TP0 pid=1103796) WARNING 08-22 18:18:47 [flashinfer_all_reduce.py:78] Failed to initialize FlashInfer All Reduce workspace: [SymmDeviceMemory] Device does not support multicasting.. This is expected on GPUs without NVSwitch (e.g., NVLink bridge-only or PCIe topologies).
(Worker_PP1_TP0 pid=1103796) WARNING 08-22 18:18:47 [flashinfer_all_reduce.py:78] Failed to initialize FlashInfer All Reduce workspace: [SymmDeviceMemory] Device does not support multicasting.. This is expected on GPUs without NVSwitch (e.g., NVLink bridge-only or PCIe topologies).
(Worker_PP1_TP0 pid=1103796) WARNING 08-22 18:18:47 [flashinfer_all_reduce.py:78] Failed to initialize FlashInfer All Reduce workspace: [SymmDeviceMemory] Device does not support multicasting.. This is expected on GPUs without NVSwitch (e.g., NVLink bridge-only or PCIe topologies).
(Worker_PP1_TP0 pid=1103796) WARNING 08-22 18:18:47 [flashinfer_all_reduce.py:78] Failed to initialize FlashInfer All Reduce workspace: [SymmDeviceMemory] Device does not support multicasting.. This is expected on GPUs without NVSwitch (e.g., NVLink bridge-only or PCIe topologies).
(Worker_PP1_TP0 pid=1103796) WARNING 08-22 18:18:47 [flashinfer_all_reduce.py:78] Failed to initialize FlashInfer All Reduce workspace: [SymmDeviceMemory] Device does not support multicasting.. This is expected on GPUs without NVSwitch (e.g., NVLink bridge-only or PCIe topologies).
(Worker_PP1_TP0 pid=1103796) WARNING 08-22 18:18:47 [flashinfer_all_reduce.py:78] Failed to initialize FlashInfer All Reduce workspace: [SymmDeviceMemory] Device does not support multicasting.. This is expected on GPUs without NVSwitch (e.g., NVLink bridge-only or PCIe topologies).
(Worker_PP1_TP0 pid=1103796) WARNING 08-22 18:18:47 [flashinfer_all_reduce.py:78] Failed to initialize FlashInfer All Reduce workspace: [SymmDeviceMemory] Device does not support multicasting.. This is expected on GPUs without NVSwitch (e.g., NVLink bridge-only or PCIe topologies).
(Worker_PP1_TP0 pid=1103796) WARNING 08-22 18:18:47 [flashinfer_all_reduce.py:78] Failed to initialize FlashInfer All Reduce workspace: [SymmDeviceMemory] Device does not support multicasting.. This is expected on GPUs without NVSwitch (e.g., NVLink bridge-only or PCIe topologies).
(Worker_PP1_TP0 pid=1103796) WARNING 08-22 18:18:47 [flashinfer_all_reduce.py:78] Failed to initialize FlashInfer All Reduce workspace: [SymmDeviceMemory] Device does not support multicasting.. This is expected on GPUs without NVSwitch (e.g., NVLink bridge-only or PCIe topologies).
(Worker_PP1_TP0 pid=1103796) WARNING 08-22 18:18:47 [flashinfer_all_reduce.py:78] Failed to initialize FlashInfer All Reduce workspace: [SymmDeviceMemory] Device does not support multicasting.. This is expected on GPUs without NVSwitch (e.g., NVLink bridge-only or PCIe topologies).
(Worker_PP1_TP0 pid=1103796) WARNING 08-22 18:18:47 [flashinfer_all_reduce.py:78] Failed to initialize FlashInfer All Reduce workspace: [SymmDeviceMemory] Device does not support multicasting.. This is expected on GPUs without NVSwitch (e.g., NVLink bridge-only or PCIe topologies).
(Worker_PP1_TP0 pid=1103796) WARNING 08-22 18:18:47 [flashinfer_all_reduce.py:78] Failed to initialize FlashInfer All Reduce workspace: [SymmDeviceMemory] Device does not support multicasting.. This is expected on GPUs without NVSwitch (e.g., NVLink bridge-only or PCIe topologies).
(Worker_PP1_TP0 pid=1103796) WARNING 08-22 18:18:47 [flashinfer_all_reduce.py:78] Failed to initialize FlashInfer All Reduce workspace: [SymmDeviceMemory] Device does not support multicasting.. This is expected on GPUs without NVSwitch (e.g., NVLink bridge-only or PCIe topologies).
(Worker_PP1_TP0 pid=1103796) WARNING 08-22 18:18:47 [flashinfer_all_reduce.py:78] Failed to initialize FlashInfer All Reduce workspace: [SymmDeviceMemory] Device does not support multicasting.. This is expected on GPUs without NVSwitch (e.g., NVLink bridge-only or PCIe topologies).
(Worker_PP1_TP4 pid=1103800) [k3t r?] step=35 tok=1 step=92.57ms | KDA: n=23 attn=19.2ms mlp=46.7ms other=0.5ms tot=66.5ms | full: n=8 attn=9.5ms mlp=16.4ms other=0.2ms tot=26.0ms | ALL: attn=28.7ms mlp=63.1ms model=92.6ms
(Worker_PP1_TP3 pid=1103799) [k3t r?] step=35 tok=1 step=92.57ms | KDA: n=23 attn=19.2ms mlp=46.7ms other=0.5ms tot=66.5ms | full: n=8 attn=9.5ms mlp=16.4ms other=0.2ms tot=26.0ms | ALL: attn=28.7ms mlp=63.1ms model=92.6ms
(Worker_PP1_TP5 pid=1103801) [k3t r?] step=35 tok=1 step=92.58ms | KDA: n=23 attn=19.2ms mlp=46.7ms other=0.5ms tot=66.5ms | full: n=8 attn=9.5ms mlp=16.4ms other=0.2ms tot=26.0ms | ALL: attn=28.7ms mlp=63.1ms model=92.6ms
(Worker_PP1_TP2 pid=1103798) [k3t r?] step=35 tok=1 step=92.58ms | KDA: n=23 attn=19.2ms mlp=46.7ms other=0.5ms tot=66.5ms | full: n=8 attn=9.5ms mlp=16.4ms other=0.2ms tot=26.0ms | ALL: attn=28.7ms mlp=63.1ms model=92.6ms
(Worker_PP1_TP1 pid=1103797) [k3t r?] step=35 tok=1 step=92.58ms | KDA: n=23 attn=19.2ms mlp=46.7ms other=0.5ms tot=66.5ms | full: n=8 attn=9.5ms mlp=16.4ms other=0.2ms tot=26.0ms | ALL: attn=28.7ms mlp=63.1ms model=92.6ms
(Worker_PP1_TP7 pid=1103803) [k3t r?] step=35 tok=1 step=92.58ms | KDA: n=23 attn=19.2ms mlp=46.7ms other=0.5ms tot=66.5ms | full: n=8 attn=9.5ms mlp=16.4ms other=0.2ms tot=26.0ms | ALL: attn=28.7ms mlp=63.1ms model=92.6ms
(Worker_PP1_TP6 pid=1103802) [k3t r?] step=35 tok=1 step=92.58ms | KDA: n=23 attn=19.2ms mlp=46.7ms other=0.5ms tot=66.5ms | full: n=8 attn=9.5ms mlp=16.4ms other=0.2ms tot=26.0ms | ALL: attn=28.7ms mlp=63.1ms model=92.6ms
(Worker_PP1_TP0 pid=1103796) [k3t r?] step=35 tok=1 step=92.94ms | KDA: n=23 attn=10.2ms mlp=45.8ms other=9.0ms tot=65.0ms | full: n=8 attn=6.7ms mlp=16.0ms other=3.1ms tot=25.9ms | ALL: attn=17.0ms mlp=61.8ms model=92.9ms
(Worker_PP1_TP0 pid=1103796) WARNING 08-22 18:18:48 [flashinfer_all_reduce.py:78] Failed to initialize FlashInfer All Reduce workspace: [SymmDeviceMemory] Device does not support multicasting.. This is expected on GPUs without NVSwitch (e.g., NVLink bridge-only or PCIe topologies).
(Worker_PP1_TP0 pid=1103796) WARNING 08-22 18:18:48 [flashinfer_all_reduce.py:78] Failed to initialize FlashInfer All Reduce workspace: [SymmDeviceMemory] Device does not support multicasting.. This is expected on GPUs without NVSwitch (e.g., NVLink bridge-only or PCIe topologies).
(Worker_PP1_TP0 pid=1103796) WARNING 08-22 18:18:48 [flashinfer_all_reduce.py:78] Failed to initialize FlashInfer All Reduce workspace: [SymmDeviceMemory] Device does not support multicasting.. This is expected on GPUs without NVSwitch (e.g., NVLink bridge-only or PCIe topologies).
(Worker_PP1_TP0 pid=1103796) WARNING 08-22 18:18:48 [flashinfer_all_reduce.py:78] Failed to initialize FlashInfer All Reduce workspace: [SymmDeviceMemory] Device does not support multicasting.. This is expected on GPUs without NVSwitch (e.g., NVLink bridge-only or PCIe topologies).
(Worker_PP1_TP0 pid=1103796) WARNING 08-22 18:18:48 [flashinfer_all_reduce.py:78] Failed to initialize FlashInfer All Reduce workspace: [SymmDeviceMemory] Device does not support multicasting.. This is expected on GPUs without NVSwitch (e.g., NVLink bridge-only or PCIe topologies).
(Worker_PP1_TP0 pid=1103796) WARNING 08-22 18:18:48 [flashinfer_all_reduce.py:78] Failed to initialize FlashInfer All Reduce workspace: [SymmDeviceMemory] Device does not support multicasting.. This is expected on GPUs without NVSwitch (e.g., NVLink bridge-only or PCIe topologies).
(Worker_PP1_TP0 pid=1103796) WARNING 08-22 18:18:48 [flashinfer_all_reduce.py:78] Failed to initialize FlashInfer All Reduce workspace: [SymmDeviceMemory] Device does not support multicasting.. This is expected on GPUs without NVSwitch (e.g., NVLink bridge-only or PCIe topologies).
(Worker_PP1_TP0 pid=1103796) WARNING 08-22 18:18:48 [flashinfer_all_reduce.py:78] Failed to initialize FlashInfer All Reduce workspace: [SymmDeviceMemory] Device does not support multicasting.. This is expected on GPUs without NVSwitch (e.g., NVLink bridge-only or PCIe topologies).
(Worker_PP1_TP0 pid=1103796) WARNING 08-22 18:18:48 [flashinfer_all_reduce.py:78] Failed to initialize FlashInfer All Reduce workspace: [SymmDeviceMemory] Device does not support multicasting.. This is expected on GPUs without NVSwitch (e.g., NVLink bridge-only or PCIe topologies).
(Worker_PP1_TP0 pid=1103796) WARNING 08-22 18:18:48 [flashinfer_all_reduce.py:78] Failed to initialize FlashInfer All Reduce workspace: [SymmDeviceMemory] Device does not support multicasting.. This is expected on GPUs without NVSwitch (e.g., NVLink bridge-only or PCIe topologies).
(Worker_PP1_TP0 pid=1103796) WARNING 08-22 18:18:48 [flashinfer_all_reduce.py:78] Failed to initialize FlashInfer All Reduce workspace: [SymmDeviceMemory] Device does not support multicasting.. This is expected on GPUs without NVSwitch (e.g., NVLink bridge-only or PCIe topologies).
(Worker_PP1_TP0 pid=1103796) WARNING 08-22 18:18:48 [flashinfer_all_reduce.py:78] Failed to initialize FlashInfer All Reduce workspace: [SymmDeviceMemory] Device does not support multicasting.. This is expected on GPUs without NVSwitch (e.g., NVLink bridge-only or PCIe topologies).
(Worker_PP1_TP0 pid=1103796) WARNING 08-22 18:18:48 [flashinfer_all_reduce.py:78] Failed to initialize FlashInfer All Reduce workspace: [SymmDeviceMemory] Device does not support multicasting.. This is expected on GPUs without NVSwitch (e.g., NVLink bridge-only or PCIe topologies).
(Worker_PP1_TP0 pid=1103796) WARNING 08-22 18:18:48 [flashinfer_all_reduce.py:78] Failed to initialize FlashInfer All Reduce workspace: [SymmDeviceMemory] Device does not support multicasting.. This is expected on GPUs without NVSwitch (e.g., NVLink bridge-only or PCIe topologies).
(Worker_PP1_TP0 pid=1103796) WARNING 08-22 18:18:48 [flashinfer_all_reduce.py:78] Failed to initialize FlashInfer All Reduce workspace: [SymmDeviceMemory] Device does not support multicasting.. This is expected on GPUs without NVSwitch (e.g., NVLink bridge-only or PCIe topologies).
(Worker_PP1_TP0 pid=1103796) WARNING 08-22 18:18:48 [flashinfer_all_reduce.py:78] Failed to initialize FlashInfer All Reduce workspace: [SymmDeviceMemory] Device does not support multicasting.. This is expected on GPUs without NVSwitch (e.g., NVLink bridge-only or PCIe topologies).
(Worker_PP1_TP0 pid=1103796) WARNING 08-22 18:18:48 [flashinfer_all_reduce.py:78] Failed to initialize FlashInfer All Reduce workspace: [SymmDeviceMemory] Device does not support multicasting.. This is expected on GPUs without NVSwitch (e.g., NVLink bridge-only or PCIe topologies).
(Worker_PP1_TP0 pid=1103796) WARNING 08-22 18:18:48 [flashinfer_all_reduce.py:78] Failed to initialize FlashInfer All Reduce workspace: [SymmDeviceMemory] Device does not support multicasting.. This is expected on GPUs without NVSwitch (e.g., NVLink bridge-only or PCIe topologies).
(Worker_PP1_TP0 pid=1103796) WARNING 08-22 18:18:48 [flashinfer_all_reduce.py:78] Failed to initialize FlashInfer All Reduce workspace: [SymmDeviceMemory] Device does not support multicasting.. This is expected on GPUs without NVSwitch (e.g., NVLink bridge-only or PCIe topologies).
(Worker_PP1_TP0 pid=1103796) WARNING 08-22 18:18:48 [flashinfer_all_reduce.py:78] Failed to initialize FlashInfer All Reduce workspace: [SymmDeviceMemory] Device does not support multicasting.. This is expected on GPUs without NVSwitch (e.g., NVLink bridge-only or PCIe topologies).
(Worker_PP1_TP0 pid=1103796) WARNING 08-22 18:18:48 [flashinfer_all_reduce.py:78] Failed to initialize FlashInfer All Reduce workspace: [SymmDeviceMemory] Device does not support multicasting.. This is expected on GPUs without NVSwitch (e.g., NVLink bridge-only or PCIe topologies).
(Worker_PP1_TP0 pid=1103796) WARNING 08-22 18:18:48 [flashinfer_all_reduce.py:78] Failed to initialize FlashInfer All Reduce workspace: [SymmDeviceMemory] Device does not support multicasting.. This is expected on GPUs without NVSwitch (e.g., NVLink bridge-only or PCIe topologies).
(Worker_PP1_TP0 pid=1103796) WARNING 08-22 18:18:48 [flashinfer_all_reduce.py:78] Failed to initialize FlashInfer All Reduce workspace: [SymmDeviceMemory] Device does not support multicasting.. This is expected on GPUs without NVSwitch (e.g., NVLink bridge-only or PCIe topologies).
(Worker_PP1_TP0 pid=1103796) WARNING 08-22 18:18:48 [flashinfer_all_reduce.py:78] Failed to initialize FlashInfer All Reduce workspace: [SymmDeviceMemory] Device does not support multicasting.. This is expected on GPUs without NVSwitch (e.g., NVLink bridge-only or PCIe topologies).
(Worker_PP1_TP0 pid=1103796) WARNING 08-22 18:18:48 [flashinfer_all_reduce.py:78] Failed to initialize FlashInfer All Reduce workspace: [SymmDeviceMemory] Device does not support multicasting.. This is expected on GPUs without NVSwitch (e.g., NVLink bridge-only or PCIe topologies).
(Worker_PP1_TP0 pid=1103796) WARNING 08-22 18:18:48 [flashinfer_all_reduce.py:78] Failed to initialize FlashInfer All Reduce workspace: [SymmDeviceMemory] Device does not support multicasting.. This is expected on GPUs without NVSwitch (e.g., NVLink bridge-only or PCIe topologies).
(Worker_PP1_TP0 pid=1103796) WARNING 08-22 18:18:48 [flashinfer_all_reduce.py:78] Failed to initialize FlashInfer All Reduce workspace: [SymmDeviceMemory] Device does not support multicasting.. This is expected on GPUs without NVSwitch (e.g., NVLink bridge-only or PCIe topologies).
(Worker_PP1_TP0 pid=1103796) WARNING 08-22 18:18:48 [flashinfer_all_reduce.py:78] Failed to initialize FlashInfer All Reduce workspace: [SymmDeviceMemory] Device does not support multicasting.. This is expected on GPUs without NVSwitch (e.g., NVLink bridge-only or PCIe topologies).
(Worker_PP1_TP0 pid=1103796) WARNING 08-22 18:18:48 [flashinfer_all_reduce.py:78] Failed to initialize FlashInfer All Reduce workspace: [SymmDeviceMemory] Device does not support multicasting.. This is expected on GPUs without NVSwitch (e.g., NVLink bridge-only or PCIe topologies).
(Worker_PP1_TP0 pid=1103796) WARNING 08-22 18:18:48 [flashinfer_all_reduce.py:78] Failed to initialize FlashInfer All Reduce workspace: [SymmDeviceMemory] Device does not support multicasting.. This is expected on GPUs without NVSwitch (e.g., NVLink bridge-only or PCIe topologies).
(Worker_PP1_TP0 pid=1103796) WARNING 08-22 18:18:48 [flashinfer_all_reduce.py:78] Failed to initialize FlashInfer All Reduce workspace: [SymmDeviceMemory] Device does not support multicasting.. This is expected on GPUs without NVSwitch (e.g., NVLink bridge-only or PCIe topologies).
(Worker_PP1_TP4 pid=1103800) [k3t r?] step=36 tok=1 step=97.24ms | KDA: n=23 attn=19.3ms mlp=49.5ms other=0.5ms tot=69.3ms | full: n=8 attn=11.3ms mlp=16.3ms other=0.2ms tot=27.8ms | ALL: attn=30.6ms mlp=65.9ms model=97.2ms
(Worker_PP1_TP7 pid=1103803) [k3t r?] step=36 tok=1 step=97.24ms | KDA: n=23 attn=19.3ms mlp=49.5ms other=0.5ms tot=69.3ms | full: n=8 attn=11.3ms mlp=16.3ms other=0.2ms tot=27.8ms | ALL: attn=30.5ms mlp=65.9ms model=97.2ms
(Worker_PP1_TP3 pid=1103799) [k3t r?] step=36 tok=1 step=97.25ms | KDA: n=23 attn=19.3ms mlp=49.5ms other=0.5ms tot=69.3ms | full: n=8 attn=11.3ms mlp=16.3ms other=0.2ms tot=27.8ms | ALL: attn=30.6ms mlp=65.9ms model=97.2ms
(Worker_PP1_TP5 pid=1103801) [k3t r?] step=36 tok=1 step=97.24ms | KDA: n=23 attn=19.3ms mlp=49.5ms other=0.5ms tot=69.3ms | full: n=8 attn=11.3ms mlp=16.3ms other=0.2ms tot=27.8ms | ALL: attn=30.6ms mlp=65.9ms model=97.2ms
(Worker_PP1_TP1 pid=1103797) [k3t r?] step=36 tok=1 step=97.24ms | KDA: n=23 attn=19.1ms mlp=49.6ms other=0.7ms tot=69.5ms | full: n=8 attn=10.8ms mlp=16.3ms other=0.5ms tot=27.6ms | ALL: attn=29.9ms mlp=65.9ms model=97.2ms
(Worker_PP1_TP2 pid=1103798) [k3t r?] step=36 tok=1 step=97.24ms | KDA: n=23 attn=19.3ms mlp=49.5ms other=0.5ms tot=69.3ms | full: n=8 attn=11.3ms mlp=16.3ms other=0.2ms tot=27.8ms | ALL: attn=30.6ms mlp=65.9ms model=97.2ms
(Worker_PP1_TP6 pid=1103802) [k3t r?] step=36 tok=1 step=97.25ms | KDA: n=23 attn=19.2ms mlp=49.5ms other=0.6ms tot=69.3ms | full: n=8 attn=11.3ms mlp=16.3ms other=0.2ms tot=27.8ms | ALL: attn=30.5ms mlp=65.9ms model=97.2ms
(Worker_PP1_TP0 pid=1103796) [k3t r?] step=36 tok=1 step=97.61ms | KDA: n=23 attn=10.2ms mlp=48.8ms other=9.2ms tot=68.1ms | full: n=8 attn=7.9ms mlp=15.9ms other=3.3ms tot=27.1ms | ALL: attn=18.1ms mlp=64.7ms model=97.6ms
(Worker_PP1_TP0 pid=1103796) WARNING 08-22 18:18:48 [flashinfer_all_reduce.py:78] Failed to initialize FlashInfer All Reduce workspace: [SymmDeviceMemory] Device does not support multicasting.. This is expected on GPUs without NVSwitch (e.g., NVLink bridge-only or PCIe topologies).
(Worker_PP1_TP0 pid=1103796) WARNING 08-22 18:18:48 [flashinfer_all_reduce.py:78] Failed to initialize FlashInfer All Reduce workspace: [SymmDeviceMemory] Device does not support multicasting.. This is expected on GPUs without NVSwitch (e.g., NVLink bridge-only or PCIe topologies).
(Worker_PP1_TP0 pid=1103796) WARNING 08-22 18:18:48 [flashinfer_all_reduce.py:78] Failed to initialize FlashInfer All Reduce workspace: [SymmDeviceMemory] Device does not support multicasting.. This is expected on GPUs without NVSwitch (e.g., NVLink bridge-only or PCIe topologies).
(Worker_PP1_TP0 pid=1103796) WARNING 08-22 18:18:48 [flashinfer_all_reduce.py:78] Failed to initialize FlashInfer All Reduce workspace: [SymmDeviceMemory] Device does not support multicasting.. This is expected on GPUs without NVSwitch (e.g., NVLink bridge-only or PCIe topologies).
(Worker_PP1_TP0 pid=1103796) WARNING 08-22 18:18:48 [flashinfer_all_reduce.py:78] Failed to initialize FlashInfer All Reduce workspace: [SymmDeviceMemory] Device does not support multicasting.. This is expected on GPUs without NVSwitch (e.g., NVLink bridge-only or PCIe topologies).
(Worker_PP1_TP0 pid=1103796) WARNING 08-22 18:18:48 [flashinfer_all_reduce.py:78] Failed to initialize FlashInfer All Reduce workspace: [SymmDeviceMemory] Device does not support multicasting.. This is expected on GPUs without NVSwitch (e.g., NVLink bridge-only or PCIe topologies).
(Worker_PP1_TP0 pid=1103796) WARNING 08-22 18:18:48 [flashinfer_all_reduce.py:78] Failed to initialize FlashInfer All Reduce workspace: [SymmDeviceMemory] Device does not support multicasting.. This is expected on GPUs without NVSwitch (e.g., NVLink bridge-only or PCIe topologies).
(Worker_PP1_TP0 pid=1103796) WARNING 08-22 18:18:48 [flashinfer_all_reduce.py:78] Failed to initialize FlashInfer All Reduce workspace: [SymmDeviceMemory] Device does not support multicasting.. This is expected on GPUs without NVSwitch (e.g., NVLink bridge-only or PCIe topologies).
(Worker_PP1_TP0 pid=1103796) WARNING 08-22 18:18:48 [flashinfer_all_reduce.py:78] Failed to initialize FlashInfer All Reduce workspace: [SymmDeviceMemory] Device does not support multicasting.. This is expected on GPUs without NVSwitch (e.g., NVLink bridge-only or PCIe topologies).
(Worker_PP1_TP0 pid=1103796) WARNING 08-22 18:18:48 [flashinfer_all_reduce.py:78] Failed to initialize FlashInfer All Reduce workspace: [SymmDeviceMemory] Device does not support multicasting.. This is expected on GPUs without NVSwitch (e.g., NVLink bridge-only or PCIe topologies).
(Worker_PP1_TP0 pid=1103796) WARNING 08-22 18:18:48 [flashinfer_all_reduce.py:78] Failed to initialize FlashInfer All Reduce workspace: [SymmDeviceMemory] Device does not support multicasting.. This is expected on GPUs without NVSwitch (e.g., NVLink bridge-only or PCIe topologies).
(Worker_PP1_TP0 pid=1103796) WARNING 08-22 18:18:48 [flashinfer_all_reduce.py:78] Failed to initialize FlashInfer All Reduce workspace: [SymmDeviceMemory] Device does not support multicasting.. This is expected on GPUs without NVSwitch (e.g., NVLink bridge-only or PCIe topologies).
(Worker_PP1_TP0 pid=1103796) WARNING 08-22 18:18:48 [flashinfer_all_reduce.py:78] Failed to initialize FlashInfer All Reduce workspace: [SymmDeviceMemory] Device does not support multicasting.. This is expected on GPUs without NVSwitch (e.g., NVLink bridge-only or PCIe topologies).
(Worker_PP1_TP0 pid=1103796) WARNING 08-22 18:18:48 [flashinfer_all_reduce.py:78] Failed to initialize FlashInfer All Reduce workspace: [SymmDeviceMemory] Device does not support multicasting.. This is expected on GPUs without NVSwitch (e.g., NVLink bridge-only or PCIe topologies).
(Worker_PP1_TP0 pid=1103796) WARNING 08-22 18:18:48 [flashinfer_all_reduce.py:78] Failed to initialize FlashInfer All Reduce workspace: [SymmDeviceMemory] Device does not support multicasting.. This is expected on GPUs without NVSwitch (e.g., NVLink bridge-only or PCIe topologies).
(Worker_PP1_TP0 pid=1103796) WARNING 08-22 18:18:48 [flashinfer_all_reduce.py:78] Failed to initialize FlashInfer All Reduce workspace: [SymmDeviceMemory] Device does not support multicasting.. This is expected on GPUs without NVSwitch (e.g., NVLink bridge-only or PCIe topologies).
(Worker_PP1_TP0 pid=1103796) WARNING 08-22 18:18:48 [flashinfer_all_reduce.py:78] Failed to initialize FlashInfer All Reduce workspace: [SymmDeviceMemory] Device does not support multicasting.. This is expected on GPUs without NVSwitch (e.g., NVLink bridge-only or PCIe topologies).
(Worker_PP1_TP0 pid=1103796) WARNING 08-22 18:18:48 [flashinfer_all_reduce.py:78] Failed to initialize FlashInfer All Reduce workspace: [SymmDeviceMemory] Device does not support multicasting.. This is expected on GPUs without NVSwitch (e.g., NVLink bridge-only or PCIe topologies).
(Worker_PP1_TP0 pid=1103796) WARNING 08-22 18:18:48 [flashinfer_all_reduce.py:78] Failed to initialize FlashInfer All Reduce workspace: [SymmDeviceMemory] Device does not support multicasting.. This is expected on GPUs without NVSwitch (e.g., NVLink bridge-only or PCIe topologies).
(Worker_PP1_TP0 pid=1103796) WARNING 08-22 18:18:48 [flashinfer_all_reduce.py:78] Failed to initialize FlashInfer All Reduce workspace: [SymmDeviceMemory] Device does not support multicasting.. This is expected on GPUs without NVSwitch (e.g., NVLink bridge-only or PCIe topologies).
(Worker_PP1_TP0 pid=1103796) WARNING 08-22 18:18:48 [flashinfer_all_reduce.py:78] Failed to initialize FlashInfer All Reduce workspace: [SymmDeviceMemory] Device does not support multicasting.. This is expected on GPUs without NVSwitch (e.g., NVLink bridge-only or PCIe topologies).
(Worker_PP1_TP0 pid=1103796) WARNING 08-22 18:18:48 [flashinfer_all_reduce.py:78] Failed to initialize FlashInfer All Reduce workspace: [SymmDeviceMemory] Device does not support multicasting.. This is expected on GPUs without NVSwitch (e.g., NVLink bridge-only or PCIe topologies).
(Worker_PP1_TP0 pid=1103796) WARNING 08-22 18:18:48 [flashinfer_all_reduce.py:78] Failed to initialize FlashInfer All Reduce workspace: [SymmDeviceMemory] Device does not support multicasting.. This is expected on GPUs without NVSwitch (e.g., NVLink bridge-only or PCIe topologies).
(Worker_PP1_TP0 pid=1103796) WARNING 08-22 18:18:48 [flashinfer_all_reduce.py:78] Failed to initialize FlashInfer All Reduce workspace: [SymmDeviceMemory] Device does not support multicasting.. This is expected on GPUs without NVSwitch (e.g., NVLink bridge-only or PCIe topologies).
(Worker_PP1_TP0 pid=1103796) WARNING 08-22 18:18:48 [flashinfer_all_reduce.py:78] Failed to initialize FlashInfer All Reduce workspace: [SymmDeviceMemory] Device does not support multicasting.. This is expected on GPUs without NVSwitch (e.g., NVLink bridge-only or PCIe topologies).
(Worker_PP1_TP0 pid=1103796) WARNING 08-22 18:18:48 [flashinfer_all_reduce.py:78] Failed to initialize FlashInfer All Reduce workspace: [SymmDeviceMemory] Device does not support multicasting.. This is expected on GPUs without NVSwitch (e.g., NVLink bridge-only or PCIe topologies).
(Worker_PP1_TP0 pid=1103796) WARNING 08-22 18:18:48 [flashinfer_all_reduce.py:78] Failed to initialize FlashInfer All Reduce workspace: [SymmDeviceMemory] Device does not support multicasting.. This is expected on GPUs without NVSwitch (e.g., NVLink bridge-only or PCIe topologies).
(Worker_PP1_TP0 pid=1103796) WARNING 08-22 18:18:48 [flashinfer_all_reduce.py:78] Failed to initialize FlashInfer All Reduce workspace: [SymmDeviceMemory] Device does not support multicasting.. This is expected on GPUs without NVSwitch (e.g., NVLink bridge-only or PCIe topologies).
(Worker_PP1_TP0 pid=1103796) WARNING 08-22 18:18:48 [flashinfer_all_reduce.py:78] Failed to initialize FlashInfer All Reduce workspace: [SymmDeviceMemory] Device does not support multicasting.. This is expected on GPUs without NVSwitch (e.g., NVLink bridge-only or PCIe topologies).
(Worker_PP1_TP0 pid=1103796) WARNING 08-22 18:18:48 [flashinfer_all_reduce.py:78] Failed to initialize FlashInfer All Reduce workspace: [SymmDeviceMemory] Device does not support multicasting.. This is expected on GPUs without NVSwitch (e.g., NVLink bridge-only or PCIe topologies).
(Worker_PP1_TP0 pid=1103796) WARNING 08-22 18:18:48 [flashinfer_all_reduce.py:78] Failed to initialize FlashInfer All Reduce workspace: [SymmDeviceMemory] Device does not support multicasting.. This is expected on GPUs without NVSwitch (e.g., NVLink bridge-only or PCIe topologies).
(Worker_PP1_TP3 pid=1103799) [k3t r?] step=37 tok=1 step=92.94ms | KDA: n=23 attn=19.0ms mlp=47.2ms other=0.5ms tot=66.8ms | full: n=8 attn=9.5ms mlp=16.4ms other=0.2ms tot=26.1ms | ALL: attn=28.5ms mlp=63.6ms model=92.9ms
(Worker_PP1_TP7 pid=1103803) [k3t r?] step=37 tok=1 step=92.94ms | KDA: n=23 attn=19.0ms mlp=47.2ms other=0.5ms tot=66.8ms | full: n=8 attn=9.5ms mlp=16.4ms other=0.2ms tot=26.1ms | ALL: attn=28.5ms mlp=63.6ms model=92.9ms
(Worker_PP1_TP4 pid=1103800) [k3t r?] step=37 tok=1 step=92.94ms | KDA: n=23 attn=19.0ms mlp=47.2ms other=0.5ms tot=66.8ms | full: n=8 attn=9.5ms mlp=16.4ms other=0.2ms tot=26.1ms | ALL: attn=28.5ms mlp=63.6ms model=92.9ms
(Worker_PP1_TP5 pid=1103801) [k3t r?] step=37 tok=1 step=92.94ms | KDA: n=23 attn=19.0ms mlp=47.2ms other=0.5ms tot=66.8ms | full: n=8 attn=9.5ms mlp=16.4ms other=0.2ms tot=26.1ms | ALL: attn=28.5ms mlp=63.6ms model=92.9ms
(Worker_PP1_TP6 pid=1103802) [k3t r?] step=37 tok=1 step=92.94ms | KDA: n=23 attn=19.1ms mlp=47.2ms other=0.5ms tot=66.8ms | full: n=8 attn=9.5ms mlp=16.4ms other=0.2ms tot=26.1ms | ALL: attn=28.6ms mlp=63.6ms model=92.9ms
(Worker_PP1_TP2 pid=1103798) [k3t r?] step=37 tok=1 step=92.94ms | KDA: n=23 attn=19.0ms mlp=47.2ms other=0.5ms tot=66.8ms | full: n=8 attn=9.5ms mlp=16.4ms other=0.2ms tot=26.1ms | ALL: attn=28.5ms mlp=63.6ms model=92.9ms
(Worker_PP1_TP1 pid=1103797) [k3t r?] step=37 tok=1 step=92.94ms | KDA: n=23 attn=19.0ms mlp=47.2ms other=0.5ms tot=66.8ms | full: n=8 attn=9.5ms mlp=16.4ms other=0.2ms tot=26.1ms | ALL: attn=28.5ms mlp=63.6ms model=92.9ms
(Worker_PP1_TP0 pid=1103796) [k3t r?] step=37 tok=1 step=93.25ms | KDA: n=23 attn=10.0ms mlp=46.2ms other=9.1ms tot=65.3ms | full: n=8 attn=6.8ms mlp=16.0ms other=3.0ms tot=25.8ms | ALL: attn=16.9ms mlp=62.2ms model=93.2ms
(Worker_PP1_TP0 pid=1103796) WARNING 08-22 18:18:49 [flashinfer_all_reduce.py:78] Failed to initialize FlashInfer All Reduce workspace: [SymmDeviceMemory] Device does not support multicasting.. This is expected on GPUs without NVSwitch (e.g., NVLink bridge-only or PCIe topologies).
(Worker_PP1_TP0 pid=1103796) WARNING 08-22 18:18:49 [flashinfer_all_reduce.py:78] Failed to initialize FlashInfer All Reduce workspace: [SymmDeviceMemory] Device does not support multicasting.. This is expected on GPUs without NVSwitch (e.g., NVLink bridge-only or PCIe topologies).
(Worker_PP1_TP0 pid=1103796) WARNING 08-22 18:18:49 [flashinfer_all_reduce.py:78] Failed to initialize FlashInfer All Reduce workspace: [SymmDeviceMemory] Device does not support multicasting.. This is expected on GPUs without NVSwitch (e.g., NVLink bridge-only or PCIe topologies).
(Worker_PP1_TP0 pid=1103796) WARNING 08-22 18:18:49 [flashinfer_all_reduce.py:78] Failed to initialize FlashInfer All Reduce workspace: [SymmDeviceMemory] Device does not support multicasting.. This is expected on GPUs without NVSwitch (e.g., NVLink bridge-only or PCIe topologies).
(Worker_PP1_TP0 pid=1103796) WARNING 08-22 18:18:49 [flashinfer_all_reduce.py:78] Failed to initialize FlashInfer All Reduce workspace: [SymmDeviceMemory] Device does not support multicasting.. This is expected on GPUs without NVSwitch (e.g., NVLink bridge-only or PCIe topologies).
(Worker_PP1_TP0 pid=1103796) WARNING 08-22 18:18:49 [flashinfer_all_reduce.py:78] Failed to initialize FlashInfer All Reduce workspace: [SymmDeviceMemory] Device does not support multicasting.. This is expected on GPUs without NVSwitch (e.g., NVLink bridge-only or PCIe topologies).
(Worker_PP1_TP0 pid=1103796) WARNING 08-22 18:18:49 [flashinfer_all_reduce.py:78] Failed to initialize FlashInfer All Reduce workspace: [SymmDeviceMemory] Device does not support multicasting.. This is expected on GPUs without NVSwitch (e.g., NVLink bridge-only or PCIe topologies).
(Worker_PP1_TP0 pid=1103796) WARNING 08-22 18:18:49 [flashinfer_all_reduce.py:78] Failed to initialize FlashInfer All Reduce workspace: [SymmDeviceMemory] Device does not support multicasting.. This is expected on GPUs without NVSwitch (e.g., NVLink bridge-only or PCIe topologies).
(Worker_PP1_TP0 pid=1103796) WARNING 08-22 18:18:49 [flashinfer_all_reduce.py:78] Failed to initialize FlashInfer All Reduce workspace: [SymmDeviceMemory] Device does not support multicasting.. This is expected on GPUs without NVSwitch (e.g., NVLink bridge-only or PCIe topologies).
(Worker_PP1_TP0 pid=1103796) WARNING 08-22 18:18:49 [flashinfer_all_reduce.py:78] Failed to initialize FlashInfer All Reduce workspace: [SymmDeviceMemory] Device does not support multicasting.. This is expected on GPUs without NVSwitch (e.g., NVLink bridge-only or PCIe topologies).
(Worker_PP1_TP0 pid=1103796) WARNING 08-22 18:18:49 [flashinfer_all_reduce.py:78] Failed to initialize FlashInfer All Reduce workspace: [SymmDeviceMemory] Device does not support multicasting.. This is expected on GPUs without NVSwitch (e.g., NVLink bridge-only or PCIe topologies).
(Worker_PP1_TP0 pid=1103796) WARNING 08-22 18:18:49 [flashinfer_all_reduce.py:78] Failed to initialize FlashInfer All Reduce workspace: [SymmDeviceMemory] Device does not support multicasting.. This is expected on GPUs without NVSwitch (e.g., NVLink bridge-only or PCIe topologies).
(Worker_PP1_TP0 pid=1103796) WARNING 08-22 18:18:49 [flashinfer_all_reduce.py:78] Failed to initialize FlashInfer All Reduce workspace: [SymmDeviceMemory] Device does not support multicasting.. This is expected on GPUs without NVSwitch (e.g., NVLink bridge-only or PCIe topologies).
(Worker_PP1_TP0 pid=1103796) WARNING 08-22 18:18:49 [flashinfer_all_reduce.py:78] Failed to initialize FlashInfer All Reduce workspace: [SymmDeviceMemory] Device does not support multicasting.. This is expected on GPUs without NVSwitch (e.g., NVLink bridge-only or PCIe topologies).
(Worker_PP1_TP0 pid=1103796) WARNING 08-22 18:18:49 [flashinfer_all_reduce.py:78] Failed to initialize FlashInfer All Reduce workspace: [SymmDeviceMemory] Device does not support multicasting.. This is expected on GPUs without NVSwitch (e.g., NVLink bridge-only or PCIe topologies).
(Worker_PP1_TP0 pid=1103796) WARNING 08-22 18:18:49 [flashinfer_all_reduce.py:78] Failed to initialize FlashInfer All Reduce workspace: [SymmDeviceMemory] Device does not support multicasting.. This is expected on GPUs without NVSwitch (e.g., NVLink bridge-only or PCIe topologies).
(Worker_PP1_TP0 pid=1103796) WARNING 08-22 18:18:49 [flashinfer_all_reduce.py:78] Failed to initialize FlashInfer All Reduce workspace: [SymmDeviceMemory] Device does not support multicasting.. This is expected on GPUs without NVSwitch (e.g., NVLink bridge-only or PCIe topologies).
(Worker_PP1_TP0 pid=1103796) WARNING 08-22 18:18:49 [flashinfer_all_reduce.py:78] Failed to initialize FlashInfer All Reduce workspace: [SymmDeviceMemory] Device does not support multicasting.. This is expected on GPUs without NVSwitch (e.g., NVLink bridge-only or PCIe topologies).
(Worker_PP1_TP0 pid=1103796) WARNING 08-22 18:18:49 [flashinfer_all_reduce.py:78] Failed to initialize FlashInfer All Reduce workspace: [SymmDeviceMemory] Device does not support multicasting.. This is expected on GPUs without NVSwitch (e.g., NVLink bridge-only or PCIe topologies).
(Worker_PP1_TP0 pid=1103796) WARNING 08-22 18:18:49 [flashinfer_all_reduce.py:78] Failed to initialize FlashInfer All Reduce workspace: [SymmDeviceMemory] Device does not support multicasting.. This is expected on GPUs without NVSwitch (e.g., NVLink bridge-only or PCIe topologies).
(Worker_PP1_TP0 pid=1103796) WARNING 08-22 18:18:49 [flashinfer_all_reduce.py:78] Failed to initialize FlashInfer All Reduce workspace: [SymmDeviceMemory] Device does not support multicasting.. This is expected on GPUs without NVSwitch (e.g., NVLink bridge-only or PCIe topologies).
(Worker_PP1_TP0 pid=1103796) WARNING 08-22 18:18:49 [flashinfer_all_reduce.py:78] Failed to initialize FlashInfer All Reduce workspace: [SymmDeviceMemory] Device does not support multicasting.. This is expected on GPUs without NVSwitch (e.g., NVLink bridge-only or PCIe topologies).
(Worker_PP1_TP0 pid=1103796) WARNING 08-22 18:18:49 [flashinfer_all_reduce.py:78] Failed to initialize FlashInfer All Reduce workspace: [SymmDeviceMemory] Device does not support multicasting.. This is expected on GPUs without NVSwitch (e.g., NVLink bridge-only or PCIe topologies).
(Worker_PP1_TP0 pid=1103796) WARNING 08-22 18:18:49 [flashinfer_all_reduce.py:78] Failed to initialize FlashInfer All Reduce workspace: [SymmDeviceMemory] Device does not support multicasting.. This is expected on GPUs without NVSwitch (e.g., NVLink bridge-only or PCIe topologies).
(Worker_PP1_TP0 pid=1103796) WARNING 08-22 18:18:49 [flashinfer_all_reduce.py:78] Failed to initialize FlashInfer All Reduce workspace: [SymmDeviceMemory] Device does not support multicasting.. This is expected on GPUs without NVSwitch (e.g., NVLink bridge-only or PCIe topologies).
(Worker_PP1_TP0 pid=1103796) WARNING 08-22 18:18:49 [flashinfer_all_reduce.py:78] Failed to initialize FlashInfer All Reduce workspace: [SymmDeviceMemory] Device does not support multicasting.. This is expected on GPUs without NVSwitch (e.g., NVLink bridge-only or PCIe topologies).
(Worker_PP1_TP0 pid=1103796) WARNING 08-22 18:18:49 [flashinfer_all_reduce.py:78] Failed to initialize FlashInfer All Reduce workspace: [SymmDeviceMemory] Device does not support multicasting.. This is expected on GPUs without NVSwitch (e.g., NVLink bridge-only or PCIe topologies).
(Worker_PP1_TP0 pid=1103796) WARNING 08-22 18:18:49 [flashinfer_all_reduce.py:78] Failed to initialize FlashInfer All Reduce workspace: [SymmDeviceMemory] Device does not support multicasting.. This is expected on GPUs without NVSwitch (e.g., NVLink bridge-only or PCIe topologies).
(Worker_PP1_TP0 pid=1103796) WARNING 08-22 18:18:49 [flashinfer_all_reduce.py:78] Failed to initialize FlashInfer All Reduce workspace: [SymmDeviceMemory] Device does not support multicasting.. This is expected on GPUs without NVSwitch (e.g., NVLink bridge-only or PCIe topologies).
(Worker_PP1_TP0 pid=1103796) WARNING 08-22 18:18:49 [flashinfer_all_reduce.py:78] Failed to initialize FlashInfer All Reduce workspace: [SymmDeviceMemory] Device does not support multicasting.. This is expected on GPUs without NVSwitch (e.g., NVLink bridge-only or PCIe topologies).
(Worker_PP1_TP0 pid=1103796) WARNING 08-22 18:18:49 [flashinfer_all_reduce.py:78] Failed to initialize FlashInfer All Reduce workspace: [SymmDeviceMemory] Device does not support multicasting.. This is expected on GPUs without NVSwitch (e.g., NVLink bridge-only or PCIe topologies).
(Worker_PP1_TP3 pid=1103799) [k3t r?] step=38 tok=1 step=96.36ms | KDA: n=23 attn=19.2ms mlp=49.0ms other=0.5ms tot=68.7ms | full: n=8 attn=10.9ms mlp=16.5ms other=0.2ms tot=27.6ms | ALL: attn=30.1ms mlp=65.5ms model=96.4ms
(Worker_PP1_TP5 pid=1103801) [k3t r?] step=38 tok=1 step=96.37ms | KDA: n=23 attn=19.2ms mlp=48.9ms other=0.5ms tot=68.7ms | full: n=8 attn=10.9ms mlp=16.5ms other=0.2ms tot=27.6ms | ALL: attn=30.1ms mlp=65.5ms model=96.4ms
(Worker_PP1_TP4 pid=1103800) [k3t r?] step=38 tok=1 step=96.37ms | KDA: n=23 attn=19.2ms mlp=49.0ms other=0.5ms tot=68.7ms | full: n=8 attn=10.9ms mlp=16.5ms other=0.2ms tot=27.6ms | ALL: attn=30.1ms mlp=65.5ms model=96.4ms
(Worker_PP1_TP6 pid=1103802) [k3t r?] step=38 tok=1 step=96.37ms | KDA: n=23 attn=19.2ms mlp=48.9ms other=0.5ms tot=68.7ms | full: n=8 attn=10.9ms mlp=16.5ms other=0.2ms tot=27.6ms | ALL: attn=30.1ms mlp=65.5ms model=96.4ms
(Worker_PP1_TP1 pid=1103797) [k3t r?] step=38 tok=1 step=96.36ms | KDA: n=23 attn=19.2ms mlp=48.9ms other=0.5ms tot=68.7ms | full: n=8 attn=10.9ms mlp=16.5ms other=0.2ms tot=27.6ms | ALL: attn=30.1ms mlp=65.5ms model=96.4ms
(Worker_PP1_TP7 pid=1103803) [k3t r?] step=38 tok=1 step=96.36ms | KDA: n=23 attn=19.2ms mlp=49.0ms other=0.5ms tot=68.7ms | full: n=8 attn=10.9ms mlp=16.5ms other=0.2ms tot=27.6ms | ALL: attn=30.1ms mlp=65.5ms model=96.4ms
(Worker_PP1_TP2 pid=1103798) [k3t r?] step=38 tok=1 step=96.37ms | KDA: n=23 attn=19.2ms mlp=48.9ms other=0.5ms tot=68.7ms | full: n=8 attn=10.9ms mlp=16.5ms other=0.2ms tot=27.6ms | ALL: attn=30.1ms mlp=65.5ms model=96.4ms
(Worker_PP1_TP0 pid=1103796) [k3t r?] step=38 tok=1 step=96.76ms | KDA: n=23 attn=10.5ms mlp=48.0ms other=9.1ms tot=67.6ms | full: n=8 attn=7.7ms mlp=15.9ms other=3.4ms tot=27.0ms | ALL: attn=18.2ms mlp=63.9ms model=96.8ms
(Worker_PP1_TP0 pid=1103796) WARNING 08-22 18:18:49 [flashinfer_all_reduce.py:78] Failed to initialize FlashInfer All Reduce workspace: [SymmDeviceMemory] Device does not support multicasting.. This is expected on GPUs without NVSwitch (e.g., NVLink bridge-only or PCIe topologies).
(Worker_PP1_TP0 pid=1103796) WARNING 08-22 18:18:49 [flashinfer_all_reduce.py:78] Failed to initialize FlashInfer All Reduce workspace: [SymmDeviceMemory] Device does not support multicasting.. This is expected on GPUs without NVSwitch (e.g., NVLink bridge-only or PCIe topologies).
(Worker_PP1_TP0 pid=1103796) WARNING 08-22 18:18:49 [flashinfer_all_reduce.py:78] Failed to initialize FlashInfer All Reduce workspace: [SymmDeviceMemory] Device does not support multicasting.. This is expected on GPUs without NVSwitch (e.g., NVLink bridge-only or PCIe topologies).
(Worker_PP1_TP0 pid=1103796) WARNING 08-22 18:18:49 [flashinfer_all_reduce.py:78] Failed to initialize FlashInfer All Reduce workspace: [SymmDeviceMemory] Device does not support multicasting.. This is expected on GPUs without NVSwitch (e.g., NVLink bridge-only or PCIe topologies).
(Worker_PP1_TP0 pid=1103796) WARNING 08-22 18:18:49 [flashinfer_all_reduce.py:78] Failed to initialize FlashInfer All Reduce workspace: [SymmDeviceMemory] Device does not support multicasting.. This is expected on GPUs without NVSwitch (e.g., NVLink bridge-only or PCIe topologies).
(Worker_PP1_TP0 pid=1103796) WARNING 08-22 18:18:49 [flashinfer_all_reduce.py:78] Failed to initialize FlashInfer All Reduce workspace: [SymmDeviceMemory] Device does not support multicasting.. This is expected on GPUs without NVSwitch (e.g., NVLink bridge-only or PCIe topologies).
(Worker_PP1_TP0 pid=1103796) WARNING 08-22 18:18:49 [flashinfer_all_reduce.py:78] Failed to initialize FlashInfer All Reduce workspace: [SymmDeviceMemory] Device does not support multicasting.. This is expected on GPUs without NVSwitch (e.g., NVLink bridge-only or PCIe topologies).
(Worker_PP1_TP0 pid=1103796) WARNING 08-22 18:18:49 [flashinfer_all_reduce.py:78] Failed to initialize FlashInfer All Reduce workspace: [SymmDeviceMemory] Device does not support multicasting.. This is expected on GPUs without NVSwitch (e.g., NVLink bridge-only or PCIe topologies).
(Worker_PP1_TP0 pid=1103796) WARNING 08-22 18:18:49 [flashinfer_all_reduce.py:78] Failed to initialize FlashInfer All Reduce workspace: [SymmDeviceMemory] Device does not support multicasting.. This is expected on GPUs without NVSwitch (e.g., NVLink bridge-only or PCIe topologies).
(Worker_PP1_TP0 pid=1103796) WARNING 08-22 18:18:49 [flashinfer_all_reduce.py:78] Failed to initialize FlashInfer All Reduce workspace: [SymmDeviceMemory] Device does not support multicasting.. This is expected on GPUs without NVSwitch (e.g., NVLink bridge-only or PCIe topologies).
(Worker_PP1_TP0 pid=1103796) WARNING 08-22 18:18:49 [flashinfer_all_reduce.py:78] Failed to initialize FlashInfer All Reduce workspace: [SymmDeviceMemory] Device does not support multicasting.. This is expected on GPUs without NVSwitch (e.g., NVLink bridge-only or PCIe topologies).
(Worker_PP1_TP0 pid=1103796) WARNING 08-22 18:18:49 [flashinfer_all_reduce.py:78] Failed to initialize FlashInfer All Reduce workspace: [SymmDeviceMemory] Device does not support multicasting.. This is expected on GPUs without NVSwitch (e.g., NVLink bridge-only or PCIe topologies).
(Worker_PP1_TP0 pid=1103796) WARNING 08-22 18:18:49 [flashinfer_all_reduce.py:78] Failed to initialize FlashInfer All Reduce workspace: [SymmDeviceMemory] Device does not support multicasting.. This is expected on GPUs without NVSwitch (e.g., NVLink bridge-only or PCIe topologies).
(Worker_PP1_TP0 pid=1103796) WARNING 08-22 18:18:49 [flashinfer_all_reduce.py:78] Failed to initialize FlashInfer All Reduce workspace: [SymmDeviceMemory] Device does not support multicasting.. This is expected on GPUs without NVSwitch (e.g., NVLink bridge-only or PCIe topologies).
(Worker_PP1_TP0 pid=1103796) WARNING 08-22 18:18:49 [flashinfer_all_reduce.py:78] Failed to initialize FlashInfer All Reduce workspace: [SymmDeviceMemory] Device does not support multicasting.. This is expected on GPUs without NVSwitch (e.g., NVLink bridge-only or PCIe topologies).
(Worker_PP1_TP0 pid=1103796) WARNING 08-22 18:18:49 [flashinfer_all_reduce.py:78] Failed to initialize FlashInfer All Reduce workspace: [SymmDeviceMemory] Device does not support multicasting.. This is expected on GPUs without NVSwitch (e.g., NVLink bridge-only or PCIe topologies).
(Worker_PP1_TP0 pid=1103796) WARNING 08-22 18:18:49 [flashinfer_all_reduce.py:78] Failed to initialize FlashInfer All Reduce workspace: [SymmDeviceMemory] Device does not support multicasting.. This is expected on GPUs without NVSwitch (e.g., NVLink bridge-only or PCIe topologies).
(Worker_PP1_TP0 pid=1103796) WARNING 08-22 18:18:49 [flashinfer_all_reduce.py:78] Failed to initialize FlashInfer All Reduce workspace: [SymmDeviceMemory] Device does not support multicasting.. This is expected on GPUs without NVSwitch (e.g., NVLink bridge-only or PCIe topologies).
(Worker_PP1_TP0 pid=1103796) WARNING 08-22 18:18:49 [flashinfer_all_reduce.py:78] Failed to initialize FlashInfer All Reduce workspace: [SymmDeviceMemory] Device does not support multicasting.. This is expected on GPUs without NVSwitch (e.g., NVLink bridge-only or PCIe topologies).
(Worker_PP1_TP0 pid=1103796) WARNING 08-22 18:18:49 [flashinfer_all_reduce.py:78] Failed to initialize FlashInfer All Reduce workspace: [SymmDeviceMemory] Device does not support multicasting.. This is expected on GPUs without NVSwitch (e.g., NVLink bridge-only or PCIe topologies).
(Worker_PP1_TP0 pid=1103796) WARNING 08-22 18:18:49 [flashinfer_all_reduce.py:78] Failed to initialize FlashInfer All Reduce workspace: [SymmDeviceMemory] Device does not support multicasting.. This is expected on GPUs without NVSwitch (e.g., NVLink bridge-only or PCIe topologies).
(Worker_PP1_TP0 pid=1103796) WARNING 08-22 18:18:49 [flashinfer_all_reduce.py:78] Failed to initialize FlashInfer All Reduce workspace: [SymmDeviceMemory] Device does not support multicasting.. This is expected on GPUs without NVSwitch (e.g., NVLink bridge-only or PCIe topologies).
(Worker_PP1_TP0 pid=1103796) WARNING 08-22 18:18:49 [flashinfer_all_reduce.py:78] Failed to initialize FlashInfer All Reduce workspace: [SymmDeviceMemory] Device does not support multicasting.. This is expected on GPUs without NVSwitch (e.g., NVLink bridge-only or PCIe topologies).
(Worker_PP1_TP0 pid=1103796) WARNING 08-22 18:18:49 [flashinfer_all_reduce.py:78] Failed to initialize FlashInfer All Reduce workspace: [SymmDeviceMemory] Device does not support multicasting.. This is expected on GPUs without NVSwitch (e.g., NVLink bridge-only or PCIe topologies).
(Worker_PP1_TP0 pid=1103796) WARNING 08-22 18:18:49 [flashinfer_all_reduce.py:78] Failed to initialize FlashInfer All Reduce workspace: [SymmDeviceMemory] Device does not support multicasting.. This is expected on GPUs without NVSwitch (e.g., NVLink bridge-only or PCIe topologies).
(Worker_PP1_TP0 pid=1103796) WARNING 08-22 18:18:49 [flashinfer_all_reduce.py:78] Failed to initialize FlashInfer All Reduce workspace: [SymmDeviceMemory] Device does not support multicasting.. This is expected on GPUs without NVSwitch (e.g., NVLink bridge-only or PCIe topologies).
(Worker_PP1_TP0 pid=1103796) WARNING 08-22 18:18:49 [flashinfer_all_reduce.py:78] Failed to initialize FlashInfer All Reduce workspace: [SymmDeviceMemory] Device does not support multicasting.. This is expected on GPUs without NVSwitch (e.g., NVLink bridge-only or PCIe topologies).
(Worker_PP1_TP0 pid=1103796) WARNING 08-22 18:18:49 [flashinfer_all_reduce.py:78] Failed to initialize FlashInfer All Reduce workspace: [SymmDeviceMemory] Device does not support multicasting.. This is expected on GPUs without NVSwitch (e.g., NVLink bridge-only or PCIe topologies).
(Worker_PP1_TP0 pid=1103796) WARNING 08-22 18:18:49 [flashinfer_all_reduce.py:78] Failed to initialize FlashInfer All Reduce workspace: [SymmDeviceMemory] Device does not support multicasting.. This is expected on GPUs without NVSwitch (e.g., NVLink bridge-only or PCIe topologies).
(Worker_PP1_TP0 pid=1103796) WARNING 08-22 18:18:49 [flashinfer_all_reduce.py:78] Failed to initialize FlashInfer All Reduce workspace: [SymmDeviceMemory] Device does not support multicasting.. This is expected on GPUs without NVSwitch (e.g., NVLink bridge-only or PCIe topologies).
(Worker_PP1_TP0 pid=1103796) WARNING 08-22 18:18:49 [flashinfer_all_reduce.py:78] Failed to initialize FlashInfer All Reduce workspace: [SymmDeviceMemory] Device does not support multicasting.. This is expected on GPUs without NVSwitch (e.g., NVLink bridge-only or PCIe topologies).
(Worker_PP1_TP3 pid=1103799) [k3t r?] step=39 tok=1 step=91.13ms | KDA: n=23 attn=19.0ms mlp=46.5ms other=0.5ms tot=66.1ms | full: n=8 attn=9.4ms mlp=15.3ms other=0.2ms tot=25.0ms | ALL: attn=28.5ms mlp=61.9ms model=91.1ms
(Worker_PP1_TP1 pid=1103797) [k3t r?] step=39 tok=1 step=91.14ms | KDA: n=23 attn=19.0ms mlp=46.5ms other=0.5ms tot=66.1ms | full: n=8 attn=9.4ms mlp=15.3ms other=0.2ms tot=25.0ms | ALL: attn=28.5ms mlp=61.9ms model=91.1ms
(Worker_PP1_TP5 pid=1103801) [k3t r?] step=39 tok=1 step=91.14ms | KDA: n=23 attn=19.0ms mlp=46.5ms other=0.5ms tot=66.1ms | full: n=8 attn=9.4ms mlp=15.3ms other=0.2ms tot=24.9ms | ALL: attn=28.5ms mlp=61.9ms model=91.1ms
(Worker_PP1_TP7 pid=1103803) [k3t r?] step=39 tok=1 step=91.14ms | KDA: n=23 attn=19.0ms mlp=46.5ms other=0.5ms tot=66.1ms | full: n=8 attn=9.4ms mlp=15.3ms other=0.2ms tot=25.0ms | ALL: attn=28.4ms mlp=61.9ms model=91.1ms
(Worker_PP1_TP4 pid=1103800) [k3t r?] step=39 tok=1 step=91.14ms | KDA: n=23 attn=19.0ms mlp=46.5ms other=0.5ms tot=66.1ms | full: n=8 attn=9.4ms mlp=15.3ms other=0.2ms tot=24.9ms | ALL: attn=28.5ms mlp=61.9ms model=91.1ms
(Worker_PP1_TP6 pid=1103802) [k3t r?] step=39 tok=1 step=91.13ms | KDA: n=23 attn=19.0ms mlp=46.5ms other=0.5ms tot=66.1ms | full: n=8 attn=9.4ms mlp=15.3ms other=0.2ms tot=24.9ms | ALL: attn=28.5ms mlp=61.8ms model=91.1ms
(Worker_PP1_TP2 pid=1103798) [k3t r?] step=39 tok=1 step=91.13ms | KDA: n=23 attn=19.0ms mlp=46.5ms other=0.5ms tot=66.1ms | full: n=8 attn=9.4ms mlp=15.3ms other=0.2ms tot=25.0ms | ALL: attn=28.4ms mlp=61.9ms model=91.1ms
(Worker_PP1_TP0 pid=1103796) [k3t r?] step=39 tok=1 step=91.43ms | KDA: n=23 attn=10.1ms mlp=45.4ms other=9.0ms tot=64.6ms | full: n=8 attn=6.7ms mlp=15.3ms other=2.8ms tot=24.8ms | ALL: attn=16.8ms mlp=60.7ms model=91.4ms
(Worker_PP1_TP0 pid=1103796) WARNING 08-22 18:18:49 [flashinfer_all_reduce.py:78] Failed to initialize FlashInfer All Reduce workspace: [SymmDeviceMemory] Device does not support multicasting.. This is expected on GPUs without NVSwitch (e.g., NVLink bridge-only or PCIe topologies).
(Worker_PP1_TP0 pid=1103796) WARNING 08-22 18:18:49 [flashinfer_all_reduce.py:78] Failed to initialize FlashInfer All Reduce workspace: [SymmDeviceMemory] Device does not support multicasting.. This is expected on GPUs without NVSwitch (e.g., NVLink bridge-only or PCIe topologies).
(Worker_PP1_TP0 pid=1103796) WARNING 08-22 18:18:49 [flashinfer_all_reduce.py:78] Failed to initialize FlashInfer All Reduce workspace: [SymmDeviceMemory] Device does not support multicasting.. This is expected on GPUs without NVSwitch (e.g., NVLink bridge-only or PCIe topologies).
(Worker_PP1_TP0 pid=1103796) WARNING 08-22 18:18:49 [flashinfer_all_reduce.py:78] Failed to initialize FlashInfer All Reduce workspace: [SymmDeviceMemory] Device does not support multicasting.. This is expected on GPUs without NVSwitch (e.g., NVLink bridge-only or PCIe topologies).
(Worker_PP1_TP0 pid=1103796) WARNING 08-22 18:18:49 [flashinfer_all_reduce.py:78] Failed to initialize FlashInfer All Reduce workspace: [SymmDeviceMemory] Device does not support multicasting.. This is expected on GPUs without NVSwitch (e.g., NVLink bridge-only or PCIe topologies).
(Worker_PP1_TP0 pid=1103796) WARNING 08-22 18:18:49 [flashinfer_all_reduce.py:78] Failed to initialize FlashInfer All Reduce workspace: [SymmDeviceMemory] Device does not support multicasting.. This is expected on GPUs without NVSwitch (e.g., NVLink bridge-only or PCIe topologies).
(Worker_PP1_TP0 pid=1103796) WARNING 08-22 18:18:49 [flashinfer_all_reduce.py:78] Failed to initialize FlashInfer All Reduce workspace: [SymmDeviceMemory] Device does not support multicasting.. This is expected on GPUs without NVSwitch (e.g., NVLink bridge-only or PCIe topologies).
(Worker_PP1_TP0 pid=1103796) WARNING 08-22 18:18:49 [flashinfer_all_reduce.py:78] Failed to initialize FlashInfer All Reduce workspace: [SymmDeviceMemory] Device does not support multicasting.. This is expected on GPUs without NVSwitch (e.g., NVLink bridge-only or PCIe topologies).
(Worker_PP1_TP0 pid=1103796) WARNING 08-22 18:18:49 [flashinfer_all_reduce.py:78] Failed to initialize FlashInfer All Reduce workspace: [SymmDeviceMemory] Device does not support multicasting.. This is expected on GPUs without NVSwitch (e.g., NVLink bridge-only or PCIe topologies).
(Worker_PP1_TP0 pid=1103796) WARNING 08-22 18:18:49 [flashinfer_all_reduce.py:78] Failed to initialize FlashInfer All Reduce workspace: [SymmDeviceMemory] Device does not support multicasting.. This is expected on GPUs without NVSwitch (e.g., NVLink bridge-only or PCIe topologies).
(Worker_PP1_TP0 pid=1103796) WARNING 08-22 18:18:49 [flashinfer_all_reduce.py:78] Failed to initialize FlashInfer All Reduce workspace: [SymmDeviceMemory] Device does not support multicasting.. This is expected on GPUs without NVSwitch (e.g., NVLink bridge-only or PCIe topologies).
(Worker_PP1_TP0 pid=1103796) WARNING 08-22 18:18:49 [flashinfer_all_reduce.py:78] Failed to initialize FlashInfer All Reduce workspace: [SymmDeviceMemory] Device does not support multicasting.. This is expected on GPUs without NVSwitch (e.g., NVLink bridge-only or PCIe topologies).
(Worker_PP1_TP0 pid=1103796) WARNING 08-22 18:18:49 [flashinfer_all_reduce.py:78] Failed to initialize FlashInfer All Reduce workspace: [SymmDeviceMemory] Device does not support multicasting.. This is expected on GPUs without NVSwitch (e.g., NVLink bridge-only or PCIe topologies).
(Worker_PP1_TP0 pid=1103796) WARNING 08-22 18:18:49 [flashinfer_all_reduce.py:78] Failed to initialize FlashInfer All Reduce workspace: [SymmDeviceMemory] Device does not support multicasting.. This is expected on GPUs without NVSwitch (e.g., NVLink bridge-only or PCIe topologies).
(Worker_PP1_TP0 pid=1103796) WARNING 08-22 18:18:49 [flashinfer_all_reduce.py:78] Failed to initialize FlashInfer All Reduce workspace: [SymmDeviceMemory] Device does not support multicasting.. This is expected on GPUs without NVSwitch (e.g., NVLink bridge-only or PCIe topologies).
(Worker_PP1_TP0 pid=1103796) WARNING 08-22 18:18:49 [flashinfer_all_reduce.py:78] Failed to initialize FlashInfer All Reduce workspace: [SymmDeviceMemory] Device does not support multicasting.. This is expected on GPUs without NVSwitch (e.g., NVLink bridge-only or PCIe topologies).
(Worker_PP1_TP0 pid=1103796) WARNING 08-22 18:18:49 [flashinfer_all_reduce.py:78] Failed to initialize FlashInfer All Reduce workspace: [SymmDeviceMemory] Device does not support multicasting.. This is expected on GPUs without NVSwitch (e.g., NVLink bridge-only or PCIe topologies).
(Worker_PP1_TP0 pid=1103796) WARNING 08-22 18:18:49 [flashinfer_all_reduce.py:78] Failed to initialize FlashInfer All Reduce workspace: [SymmDeviceMemory] Device does not support multicasting.. This is expected on GPUs without NVSwitch (e.g., NVLink bridge-only or PCIe topologies).
(Worker_PP1_TP0 pid=1103796) WARNING 08-22 18:18:49 [flashinfer_all_reduce.py:78] Failed to initialize FlashInfer All Reduce workspace: [SymmDeviceMemory] Device does not support multicasting.. This is expected on GPUs without NVSwitch (e.g., NVLink bridge-only or PCIe topologies).
(Worker_PP1_TP0 pid=1103796) WARNING 08-22 18:18:49 [flashinfer_all_reduce.py:78] Failed to initialize FlashInfer All Reduce workspace: [SymmDeviceMemory] Device does not support multicasting.. This is expected on GPUs without NVSwitch (e.g., NVLink bridge-only or PCIe topologies).
(Worker_PP1_TP0 pid=1103796) WARNING 08-22 18:18:49 [flashinfer_all_reduce.py:78] Failed to initialize FlashInfer All Reduce workspace: [SymmDeviceMemory] Device does not support multicasting.. This is expected on GPUs without NVSwitch (e.g., NVLink bridge-only or PCIe topologies).
(Worker_PP1_TP0 pid=1103796) WARNING 08-22 18:18:49 [flashinfer_all_reduce.py:78] Failed to initialize FlashInfer All Reduce workspace: [SymmDeviceMemory] Device does not support multicasting.. This is expected on GPUs without NVSwitch (e.g., NVLink bridge-only or PCIe topologies).
(Worker_PP1_TP0 pid=1103796) WARNING 08-22 18:18:49 [flashinfer_all_reduce.py:78] Failed to initialize FlashInfer All Reduce workspace: [SymmDeviceMemory] Device does not support multicasting.. This is expected on GPUs without NVSwitch (e.g., NVLink bridge-only or PCIe topologies).
(Worker_PP1_TP0 pid=1103796) WARNING 08-22 18:18:49 [flashinfer_all_reduce.py:78] Failed to initialize FlashInfer All Reduce workspace: [SymmDeviceMemory] Device does not support multicasting.. This is expected on GPUs without NVSwitch (e.g., NVLink bridge-only or PCIe topologies).
(Worker_PP1_TP0 pid=1103796) WARNING 08-22 18:18:49 [flashinfer_all_reduce.py:78] Failed to initialize FlashInfer All Reduce workspace: [SymmDeviceMemory] Device does not support multicasting.. This is expected on GPUs without NVSwitch (e.g., NVLink bridge-only or PCIe topologies).
(Worker_PP1_TP0 pid=1103796) WARNING 08-22 18:18:49 [flashinfer_all_reduce.py:78] Failed to initialize FlashInfer All Reduce workspace: [SymmDeviceMemory] Device does not support multicasting.. This is expected on GPUs without NVSwitch (e.g., NVLink bridge-only or PCIe topologies).
(Worker_PP1_TP0 pid=1103796) WARNING 08-22 18:18:49 [flashinfer_all_reduce.py:78] Failed to initialize FlashInfer All Reduce workspace: [SymmDeviceMemory] Device does not support multicasting.. This is expected on GPUs without NVSwitch (e.g., NVLink bridge-only or PCIe topologies).
(Worker_PP1_TP0 pid=1103796) WARNING 08-22 18:18:49 [flashinfer_all_reduce.py:78] Failed to initialize FlashInfer All Reduce workspace: [SymmDeviceMemory] Device does not support multicasting.. This is expected on GPUs without NVSwitch (e.g., NVLink bridge-only or PCIe topologies).
(Worker_PP1_TP0 pid=1103796) WARNING 08-22 18:18:49 [flashinfer_all_reduce.py:78] Failed to initialize FlashInfer All Reduce workspace: [SymmDeviceMemory] Device does not support multicasting.. This is expected on GPUs without NVSwitch (e.g., NVLink bridge-only or PCIe topologies).
(Worker_PP1_TP0 pid=1103796) WARNING 08-22 18:18:49 [flashinfer_all_reduce.py:78] Failed to initialize FlashInfer All Reduce workspace: [SymmDeviceMemory] Device does not support multicasting.. This is expected on GPUs without NVSwitch (e.g., NVLink bridge-only or PCIe topologies).
(Worker_PP1_TP0 pid=1103796) WARNING 08-22 18:18:49 [flashinfer_all_reduce.py:78] Failed to initialize FlashInfer All Reduce workspace: [SymmDeviceMemory] Device does not support multicasting.. This is expected on GPUs without NVSwitch (e.g., NVLink bridge-only or PCIe topologies).
(Worker_PP1_TP3 pid=1103799) [k3t r?] step=40 tok=1 step=92.19ms | KDA: n=23 attn=19.0ms mlp=46.3ms other=0.5ms tot=65.8ms | full: n=8 attn=9.9ms mlp=16.3ms other=0.2ms tot=26.3ms | ALL: attn=28.8ms mlp=62.6ms model=92.2ms
(Worker_PP1_TP4 pid=1103800) [k3t r?] step=40 tok=1 step=92.20ms | KDA: n=23 attn=18.9ms mlp=46.3ms other=0.5ms tot=65.8ms | full: n=8 attn=9.9ms mlp=16.3ms other=0.2ms tot=26.3ms | ALL: attn=28.8ms mlp=62.6ms model=92.2ms
(Worker_PP1_TP6 pid=1103802) [k3t r?] step=40 tok=1 step=92.19ms | KDA: n=23 attn=18.9ms mlp=46.3ms other=0.6ms tot=65.8ms | full: n=8 attn=9.9ms mlp=16.3ms other=0.2ms tot=26.3ms | ALL: attn=28.8ms mlp=62.6ms model=92.2ms
(Worker_PP1_TP5 pid=1103801) [k3t r?] step=40 tok=1 step=92.20ms | KDA: n=23 attn=18.9ms mlp=46.3ms other=0.5ms tot=65.8ms | full: n=8 attn=9.9ms mlp=16.3ms other=0.2ms tot=26.3ms | ALL: attn=28.8ms mlp=62.6ms model=92.2ms
(Worker_PP1_TP1 pid=1103797) [k3t r?] step=40 tok=1 step=92.20ms | KDA: n=23 attn=19.0ms mlp=46.3ms other=0.5ms tot=65.8ms | full: n=8 attn=9.9ms mlp=16.3ms other=0.2ms tot=26.3ms | ALL: attn=28.8ms mlp=62.6ms model=92.2ms
(Worker_PP1_TP2 pid=1103798) [k3t r?] step=40 tok=1 step=92.19ms | KDA: n=23 attn=19.0ms mlp=46.3ms other=0.5ms tot=65.8ms | full: n=8 attn=9.9ms mlp=16.3ms other=0.2ms tot=26.3ms | ALL: attn=28.8ms mlp=62.6ms model=92.2ms
(Worker_PP1_TP7 pid=1103803) [k3t r?] step=40 tok=1 step=92.19ms | KDA: n=23 attn=18.9ms mlp=46.3ms other=0.5ms tot=65.8ms | full: n=8 attn=9.9ms mlp=16.3ms other=0.2ms tot=26.3ms | ALL: attn=28.8ms mlp=62.6ms model=92.2ms
(Worker_PP1_TP0 pid=1103796) [k3t r?] step=40 tok=1 step=92.54ms | KDA: n=23 attn=10.1ms mlp=45.2ms other=8.8ms tot=64.2ms | full: n=8 attn=7.3ms mlp=15.8ms other=3.1ms tot=26.2ms | ALL: attn=17.4ms mlp=61.0ms model=92.5ms
(Worker_PP1_TP0 pid=1103796) WARNING 08-22 18:18:50 [flashinfer_all_reduce.py:78] Failed to initialize FlashInfer All Reduce workspace: [SymmDeviceMemory] Device does not support multicasting.. This is expected on GPUs without NVSwitch (e.g., NVLink bridge-only or PCIe topologies).
(Worker_PP1_TP0 pid=1103796) WARNING 08-22 18:18:50 [flashinfer_all_reduce.py:78] Failed to initialize FlashInfer All Reduce workspace: [SymmDeviceMemory] Device does not support multicasting.. This is expected on GPUs without NVSwitch (e.g., NVLink bridge-only or PCIe topologies).
(Worker_PP1_TP0 pid=1103796) WARNING 08-22 18:18:50 [flashinfer_all_reduce.py:78] Failed to initialize FlashInfer All Reduce workspace: [SymmDeviceMemory] Device does not support multicasting.. This is expected on GPUs without NVSwitch (e.g., NVLink bridge-only or PCIe topologies).
(Worker_PP1_TP0 pid=1103796) WARNING 08-22 18:18:50 [flashinfer_all_reduce.py:78] Failed to initialize FlashInfer All Reduce workspace: [SymmDeviceMemory] Device does not support multicasting.. This is expected on GPUs without NVSwitch (e.g., NVLink bridge-only or PCIe topologies).
(Worker_PP1_TP0 pid=1103796) WARNING 08-22 18:18:50 [flashinfer_all_reduce.py:78] Failed to initialize FlashInfer All Reduce workspace: [SymmDeviceMemory] Device does not support multicasting.. This is expected on GPUs without NVSwitch (e.g., NVLink bridge-only or PCIe topologies).
(Worker_PP1_TP0 pid=1103796) WARNING 08-22 18:18:50 [flashinfer_all_reduce.py:78] Failed to initialize FlashInfer All Reduce workspace: [SymmDeviceMemory] Device does not support multicasting.. This is expected on GPUs without NVSwitch (e.g., NVLink bridge-only or PCIe topologies).
(Worker_PP1_TP0 pid=1103796) WARNING 08-22 18:18:50 [flashinfer_all_reduce.py:78] Failed to initialize FlashInfer All Reduce workspace: [SymmDeviceMemory] Device does not support multicasting.. This is expected on GPUs without NVSwitch (e.g., NVLink bridge-only or PCIe topologies).
(Worker_PP1_TP0 pid=1103796) WARNING 08-22 18:18:50 [flashinfer_all_reduce.py:78] Failed to initialize FlashInfer All Reduce workspace: [SymmDeviceMemory] Device does not support multicasting.. This is expected on GPUs without NVSwitch (e.g., NVLink bridge-only or PCIe topologies).
(Worker_PP1_TP0 pid=1103796) WARNING 08-22 18:18:50 [flashinfer_all_reduce.py:78] Failed to initialize FlashInfer All Reduce workspace: [SymmDeviceMemory] Device does not support multicasting.. This is expected on GPUs without NVSwitch (e.g., NVLink bridge-only or PCIe topologies).
(Worker_PP1_TP0 pid=1103796) WARNING 08-22 18:18:50 [flashinfer_all_reduce.py:78] Failed to initialize FlashInfer All Reduce workspace: [SymmDeviceMemory] Device does not support multicasting.. This is expected on GPUs without NVSwitch (e.g., NVLink bridge-only or PCIe topologies).
(Worker_PP1_TP0 pid=1103796) WARNING 08-22 18:18:50 [flashinfer_all_reduce.py:78] Failed to initialize FlashInfer All Reduce workspace: [SymmDeviceMemory] Device does not support multicasting.. This is expected on GPUs without NVSwitch (e.g., NVLink bridge-only or PCIe topologies).
(Worker_PP1_TP0 pid=1103796) WARNING 08-22 18:18:50 [flashinfer_all_reduce.py:78] Failed to initialize FlashInfer All Reduce workspace: [SymmDeviceMemory] Device does not support multicasting.. This is expected on GPUs without NVSwitch (e.g., NVLink bridge-only or PCIe topologies).
(Worker_PP1_TP0 pid=1103796) WARNING 08-22 18:18:50 [flashinfer_all_reduce.py:78] Failed to initialize FlashInfer All Reduce workspace: [SymmDeviceMemory] Device does not support multicasting.. This is expected on GPUs without NVSwitch (e.g., NVLink bridge-only or PCIe topologies).
(Worker_PP1_TP0 pid=1103796) WARNING 08-22 18:18:50 [flashinfer_all_reduce.py:78] Failed to initialize FlashInfer All Reduce workspace: [SymmDeviceMemory] Device does not support multicasting.. This is expected on GPUs without NVSwitch (e.g., NVLink bridge-only or PCIe topologies).
(Worker_PP1_TP0 pid=1103796) WARNING 08-22 18:18:50 [flashinfer_all_reduce.py:78] Failed to initialize FlashInfer All Reduce workspace: [SymmDeviceMemory] Device does not support multicasting.. This is expected on GPUs without NVSwitch (e.g., NVLink bridge-only or PCIe topologies).
(Worker_PP1_TP0 pid=1103796) WARNING 08-22 18:18:50 [flashinfer_all_reduce.py:78] Failed to initialize FlashInfer All Reduce workspace: [SymmDeviceMemory] Device does not support multicasting.. This is expected on GPUs without NVSwitch (e.g., NVLink bridge-only or PCIe topologies).
(Worker_PP1_TP0 pid=1103796) WARNING 08-22 18:18:50 [flashinfer_all_reduce.py:78] Failed to initialize FlashInfer All Reduce workspace: [SymmDeviceMemory] Device does not support multicasting.. This is expected on GPUs without NVSwitch (e.g., NVLink bridge-only or PCIe topologies).
(Worker_PP1_TP0 pid=1103796) WARNING 08-22 18:18:50 [flashinfer_all_reduce.py:78] Failed to initialize FlashInfer All Reduce workspace: [SymmDeviceMemory] Device does not support multicasting.. This is expected on GPUs without NVSwitch (e.g., NVLink bridge-only or PCIe topologies).
(Worker_PP1_TP0 pid=1103796) WARNING 08-22 18:18:50 [flashinfer_all_reduce.py:78] Failed to initialize FlashInfer All Reduce workspace: [SymmDeviceMemory] Device does not support multicasting.. This is expected on GPUs without NVSwitch (e.g., NVLink bridge-only or PCIe topologies).
(Worker_PP1_TP0 pid=1103796) WARNING 08-22 18:18:50 [flashinfer_all_reduce.py:78] Failed to initialize FlashInfer All Reduce workspace: [SymmDeviceMemory] Device does not support multicasting.. This is expected on GPUs without NVSwitch (e.g., NVLink bridge-only or PCIe topologies).
(Worker_PP1_TP0 pid=1103796) WARNING 08-22 18:18:50 [flashinfer_all_reduce.py:78] Failed to initialize FlashInfer All Reduce workspace: [SymmDeviceMemory] Device does not support multicasting.. This is expected on GPUs without NVSwitch (e.g., NVLink bridge-only or PCIe topologies).
(Worker_PP1_TP0 pid=1103796) WARNING 08-22 18:18:50 [flashinfer_all_reduce.py:78] Failed to initialize FlashInfer All Reduce workspace: [SymmDeviceMemory] Device does not support multicasting.. This is expected on GPUs without NVSwitch (e.g., NVLink bridge-only or PCIe topologies).
(Worker_PP1_TP0 pid=1103796) WARNING 08-22 18:18:50 [flashinfer_all_reduce.py:78] Failed to initialize FlashInfer All Reduce workspace: [SymmDeviceMemory] Device does not support multicasting.. This is expected on GPUs without NVSwitch (e.g., NVLink bridge-only or PCIe topologies).
(Worker_PP1_TP0 pid=1103796) WARNING 08-22 18:18:50 [flashinfer_all_reduce.py:78] Failed to initialize FlashInfer All Reduce workspace: [SymmDeviceMemory] Device does not support multicasting.. This is expected on GPUs without NVSwitch (e.g., NVLink bridge-only or PCIe topologies).
(Worker_PP1_TP0 pid=1103796) WARNING 08-22 18:18:50 [flashinfer_all_reduce.py:78] Failed to initialize FlashInfer All Reduce workspace: [SymmDeviceMemory] Device does not support multicasting.. This is expected on GPUs without NVSwitch (e.g., NVLink bridge-only or PCIe topologies).
(Worker_PP1_TP0 pid=1103796) WARNING 08-22 18:18:50 [flashinfer_all_reduce.py:78] Failed to initialize FlashInfer All Reduce workspace: [SymmDeviceMemory] Device does not support multicasting.. This is expected on GPUs without NVSwitch (e.g., NVLink bridge-only or PCIe topologies).
(Worker_PP1_TP0 pid=1103796) WARNING 08-22 18:18:50 [flashinfer_all_reduce.py:78] Failed to initialize FlashInfer All Reduce workspace: [SymmDeviceMemory] Device does not support multicasting.. This is expected on GPUs without NVSwitch (e.g., NVLink bridge-only or PCIe topologies).
(Worker_PP1_TP0 pid=1103796) WARNING 08-22 18:18:50 [flashinfer_all_reduce.py:78] Failed to initialize FlashInfer All Reduce workspace: [SymmDeviceMemory] Device does not support multicasting.. This is expected on GPUs without NVSwitch (e.g., NVLink bridge-only or PCIe topologies).
(Worker_PP1_TP0 pid=1103796) WARNING 08-22 18:18:50 [flashinfer_all_reduce.py:78] Failed to initialize FlashInfer All Reduce workspace: [SymmDeviceMemory] Device does not support multicasting.. This is expected on GPUs without NVSwitch (e.g., NVLink bridge-only or PCIe topologies).
(Worker_PP1_TP0 pid=1103796) WARNING 08-22 18:18:50 [flashinfer_all_reduce.py:78] Failed to initialize FlashInfer All Reduce workspace: [SymmDeviceMemory] Device does not support multicasting.. This is expected on GPUs without NVSwitch (e.g., NVLink bridge-only or PCIe topologies).
(Worker_PP1_TP0 pid=1103796) WARNING 08-22 18:18:50 [flashinfer_all_reduce.py:78] Failed to initialize FlashInfer All Reduce workspace: [SymmDeviceMemory] Device does not support multicasting.. This is expected on GPUs without NVSwitch (e.g., NVLink bridge-only or PCIe topologies).
(Worker_PP1_TP3 pid=1103799) [k3t r?] step=41 tok=1 step=94.09ms | KDA: n=23 attn=19.0ms mlp=46.9ms other=0.5ms tot=66.4ms | full: n=8 attn=10.9ms mlp=16.5ms other=0.2ms tot=27.6ms | ALL: attn=29.9ms mlp=63.4ms model=94.1ms
(Worker_PP1_TP4 pid=1103800) [k3t r?] step=41 tok=1 step=94.09ms | KDA: n=23 attn=18.9ms mlp=46.9ms other=0.5ms tot=66.4ms | full: n=8 attn=10.9ms mlp=16.5ms other=0.2ms tot=27.6ms | ALL: attn=29.8ms mlp=63.5ms model=94.1ms
(Worker_PP1_TP1 pid=1103797) [k3t r?] step=41 tok=1 step=94.09ms | KDA: n=23 attn=18.9ms mlp=46.9ms other=0.5ms tot=66.4ms | full: n=8 attn=10.9ms mlp=16.5ms other=0.2ms tot=27.6ms | ALL: attn=29.8ms mlp=63.5ms model=94.1ms
(Worker_PP1_TP5 pid=1103801) [k3t r?] step=41 tok=1 step=94.09ms | KDA: n=23 attn=18.9ms mlp=46.9ms other=0.6ms tot=66.4ms | full: n=8 attn=10.9ms mlp=16.5ms other=0.2ms tot=27.6ms | ALL: attn=29.8ms mlp=63.5ms model=94.1ms
(Worker_PP1_TP6 pid=1103802) [k3t r?] step=41 tok=1 step=94.09ms | KDA: n=23 attn=18.9ms mlp=46.9ms other=0.5ms tot=66.4ms | full: n=8 attn=10.9ms mlp=16.5ms other=0.2ms tot=27.6ms | ALL: attn=29.8ms mlp=63.5ms model=94.1ms
(Worker_PP1_TP2 pid=1103798) [k3t r?] step=41 tok=1 step=94.09ms | KDA: n=23 attn=18.9ms mlp=46.9ms other=0.5ms tot=66.4ms | full: n=8 attn=10.9ms mlp=16.5ms other=0.2ms tot=27.6ms | ALL: attn=29.8ms mlp=63.4ms model=94.1ms
(Worker_PP1_TP7 pid=1103803) [k3t r?] step=41 tok=1 step=94.09ms | KDA: n=23 attn=18.9ms mlp=46.9ms other=0.5ms tot=66.4ms | full: n=8 attn=10.9ms mlp=16.5ms other=0.2ms tot=27.6ms | ALL: attn=29.8ms mlp=63.5ms model=94.1ms
(Worker_PP1_TP0 pid=1103796) [k3t r?] step=41 tok=1 step=94.39ms | KDA: n=23 attn=10.1ms mlp=46.1ms other=8.9ms tot=65.1ms | full: n=8 attn=7.9ms mlp=16.0ms other=3.3ms tot=27.2ms | ALL: attn=17.9ms mlp=62.1ms model=94.4ms
(Worker_PP1_TP0 pid=1103796) WARNING 08-22 18:18:50 [flashinfer_all_reduce.py:78] Failed to initialize FlashInfer All Reduce workspace: [SymmDeviceMemory] Device does not support multicasting.. This is expected on GPUs without NVSwitch (e.g., NVLink bridge-only or PCIe topologies).
(Worker_PP1_TP0 pid=1103796) WARNING 08-22 18:18:50 [flashinfer_all_reduce.py:78] Failed to initialize FlashInfer All Reduce workspace: [SymmDeviceMemory] Device does not support multicasting.. This is expected on GPUs without NVSwitch (e.g., NVLink bridge-only or PCIe topologies).
(Worker_PP1_TP0 pid=1103796) WARNING 08-22 18:18:50 [flashinfer_all_reduce.py:78] Failed to initialize FlashInfer All Reduce workspace: [SymmDeviceMemory] Device does not support multicasting.. This is expected on GPUs without NVSwitch (e.g., NVLink bridge-only or PCIe topologies).
(Worker_PP1_TP0 pid=1103796) WARNING 08-22 18:18:50 [flashinfer_all_reduce.py:78] Failed to initialize FlashInfer All Reduce workspace: [SymmDeviceMemory] Device does not support multicasting.. This is expected on GPUs without NVSwitch (e.g., NVLink bridge-only or PCIe topologies).
(Worker_PP1_TP0 pid=1103796) WARNING 08-22 18:18:50 [flashinfer_all_reduce.py:78] Failed to initialize FlashInfer All Reduce workspace: [SymmDeviceMemory] Device does not support multicasting.. This is expected on GPUs without NVSwitch (e.g., NVLink bridge-only or PCIe topologies).
(Worker_PP1_TP0 pid=1103796) WARNING 08-22 18:18:50 [flashinfer_all_reduce.py:78] Failed to initialize FlashInfer All Reduce workspace: [SymmDeviceMemory] Device does not support multicasting.. This is expected on GPUs without NVSwitch (e.g., NVLink bridge-only or PCIe topologies).
(Worker_PP1_TP0 pid=1103796) WARNING 08-22 18:18:50 [flashinfer_all_reduce.py:78] Failed to initialize FlashInfer All Reduce workspace: [SymmDeviceMemory] Device does not support multicasting.. This is expected on GPUs without NVSwitch (e.g., NVLink bridge-only or PCIe topologies).
(Worker_PP1_TP0 pid=1103796) WARNING 08-22 18:18:50 [flashinfer_all_reduce.py:78] Failed to initialize FlashInfer All Reduce workspace: [SymmDeviceMemory] Device does not support multicasting.. This is expected on GPUs without NVSwitch (e.g., NVLink bridge-only or PCIe topologies).
(Worker_PP1_TP0 pid=1103796) WARNING 08-22 18:18:50 [flashinfer_all_reduce.py:78] Failed to initialize FlashInfer All Reduce workspace: [SymmDeviceMemory] Device does not support multicasting.. This is expected on GPUs without NVSwitch (e.g., NVLink bridge-only or PCIe topologies).
(Worker_PP1_TP0 pid=1103796) WARNING 08-22 18:18:50 [flashinfer_all_reduce.py:78] Failed to initialize FlashInfer All Reduce workspace: [SymmDeviceMemory] Device does not support multicasting.. This is expected on GPUs without NVSwitch (e.g., NVLink bridge-only or PCIe topologies).
(Worker_PP1_TP0 pid=1103796) WARNING 08-22 18:18:50 [flashinfer_all_reduce.py:78] Failed to initialize FlashInfer All Reduce workspace: [SymmDeviceMemory] Device does not support multicasting.. This is expected on GPUs without NVSwitch (e.g., NVLink bridge-only or PCIe topologies).
(Worker_PP1_TP0 pid=1103796) WARNING 08-22 18:18:50 [flashinfer_all_reduce.py:78] Failed to initialize FlashInfer All Reduce workspace: [SymmDeviceMemory] Device does not support multicasting.. This is expected on GPUs without NVSwitch (e.g., NVLink bridge-only or PCIe topologies).
(Worker_PP1_TP0 pid=1103796) WARNING 08-22 18:18:50 [flashinfer_all_reduce.py:78] Failed to initialize FlashInfer All Reduce workspace: [SymmDeviceMemory] Device does not support multicasting.. This is expected on GPUs without NVSwitch (e.g., NVLink bridge-only or PCIe topologies).
(Worker_PP1_TP0 pid=1103796) WARNING 08-22 18:18:50 [flashinfer_all_reduce.py:78] Failed to initialize FlashInfer All Reduce workspace: [SymmDeviceMemory] Device does not support multicasting.. This is expected on GPUs without NVSwitch (e.g., NVLink bridge-only or PCIe topologies).
(Worker_PP1_TP0 pid=1103796) WARNING 08-22 18:18:50 [flashinfer_all_reduce.py:78] Failed to initialize FlashInfer All Reduce workspace: [SymmDeviceMemory] Device does not support multicasting.. This is expected on GPUs without NVSwitch (e.g., NVLink bridge-only or PCIe topologies).
(Worker_PP1_TP0 pid=1103796) WARNING 08-22 18:18:50 [flashinfer_all_reduce.py:78] Failed to initialize FlashInfer All Reduce workspace: [SymmDeviceMemory] Device does not support multicasting.. This is expected on GPUs without NVSwitch (e.g., NVLink bridge-only or PCIe topologies).
(Worker_PP1_TP0 pid=1103796) WARNING 08-22 18:18:50 [flashinfer_all_reduce.py:78] Failed to initialize FlashInfer All Reduce workspace: [SymmDeviceMemory] Device does not support multicasting.. This is expected on GPUs without NVSwitch (e.g., NVLink bridge-only or PCIe topologies).
(Worker_PP1_TP0 pid=1103796) WARNING 08-22 18:18:50 [flashinfer_all_reduce.py:78] Failed to initialize FlashInfer All Reduce workspace: [SymmDeviceMemory] Device does not support multicasting.. This is expected on GPUs without NVSwitch (e.g., NVLink bridge-only or PCIe topologies).
(Worker_PP1_TP0 pid=1103796) WARNING 08-22 18:18:50 [flashinfer_all_reduce.py:78] Failed to initialize FlashInfer All Reduce workspace: [SymmDeviceMemory] Device does not support multicasting.. This is expected on GPUs without NVSwitch (e.g., NVLink bridge-only or PCIe topologies).
(Worker_PP1_TP0 pid=1103796) WARNING 08-22 18:18:50 [flashinfer_all_reduce.py:78] Failed to initialize FlashInfer All Reduce workspace: [SymmDeviceMemory] Device does not support multicasting.. This is expected on GPUs without NVSwitch (e.g., NVLink bridge-only or PCIe topologies).
(Worker_PP1_TP0 pid=1103796) WARNING 08-22 18:18:50 [flashinfer_all_reduce.py:78] Failed to initialize FlashInfer All Reduce workspace: [SymmDeviceMemory] Device does not support multicasting.. This is expected on GPUs without NVSwitch (e.g., NVLink bridge-only or PCIe topologies).
(Worker_PP1_TP0 pid=1103796) WARNING 08-22 18:18:50 [flashinfer_all_reduce.py:78] Failed to initialize FlashInfer All Reduce workspace: [SymmDeviceMemory] Device does not support multicasting.. This is expected on GPUs without NVSwitch (e.g., NVLink bridge-only or PCIe topologies).
(Worker_PP1_TP0 pid=1103796) WARNING 08-22 18:18:50 [flashinfer_all_reduce.py:78] Failed to initialize FlashInfer All Reduce workspace: [SymmDeviceMemory] Device does not support multicasting.. This is expected on GPUs without NVSwitch (e.g., NVLink bridge-only or PCIe topologies).
(Worker_PP1_TP0 pid=1103796) WARNING 08-22 18:18:50 [flashinfer_all_reduce.py:78] Failed to initialize FlashInfer All Reduce workspace: [SymmDeviceMemory] Device does not support multicasting.. This is expected on GPUs without NVSwitch (e.g., NVLink bridge-only or PCIe topologies).
(Worker_PP1_TP0 pid=1103796) WARNING 08-22 18:18:50 [flashinfer_all_reduce.py:78] Failed to initialize FlashInfer All Reduce workspace: [SymmDeviceMemory] Device does not support multicasting.. This is expected on GPUs without NVSwitch (e.g., NVLink bridge-only or PCIe topologies).
(Worker_PP1_TP0 pid=1103796) WARNING 08-22 18:18:50 [flashinfer_all_reduce.py:78] Failed to initialize FlashInfer All Reduce workspace: [SymmDeviceMemory] Device does not support multicasting.. This is expected on GPUs without NVSwitch (e.g., NVLink bridge-only or PCIe topologies).
(Worker_PP1_TP0 pid=1103796) WARNING 08-22 18:18:50 [flashinfer_all_reduce.py:78] Failed to initialize FlashInfer All Reduce workspace: [SymmDeviceMemory] Device does not support multicasting.. This is expected on GPUs without NVSwitch (e.g., NVLink bridge-only or PCIe topologies).
(Worker_PP1_TP0 pid=1103796) WARNING 08-22 18:18:50 [flashinfer_all_reduce.py:78] Failed to initialize FlashInfer All Reduce workspace: [SymmDeviceMemory] Device does not support multicasting.. This is expected on GPUs without NVSwitch (e.g., NVLink bridge-only or PCIe topologies).
(Worker_PP1_TP0 pid=1103796) WARNING 08-22 18:18:50 [flashinfer_all_reduce.py:78] Failed to initialize FlashInfer All Reduce workspace: [SymmDeviceMemory] Device does not support multicasting.. This is expected on GPUs without NVSwitch (e.g., NVLink bridge-only or PCIe topologies).
(Worker_PP1_TP0 pid=1103796) WARNING 08-22 18:18:50 [flashinfer_all_reduce.py:78] Failed to initialize FlashInfer All Reduce workspace: [SymmDeviceMemory] Device does not support multicasting.. This is expected on GPUs without NVSwitch (e.g., NVLink bridge-only or PCIe topologies).
(Worker_PP1_TP0 pid=1103796) WARNING 08-22 18:18:50 [flashinfer_all_reduce.py:78] Failed to initialize FlashInfer All Reduce workspace: [SymmDeviceMemory] Device does not support multicasting.. This is expected on GPUs without NVSwitch (e.g., NVLink bridge-only or PCIe topologies).
(Worker_PP1_TP3 pid=1103799) [k3t r?] step=42 tok=1 step=93.77ms | KDA: n=23 attn=18.9ms mlp=46.8ms other=0.5ms tot=66.2ms | full: n=8 attn=11.0ms mlp=16.3ms other=0.2ms tot=27.4ms | ALL: attn=29.9ms mlp=63.1ms model=93.8ms
(Worker_PP1_TP4 pid=1103800) [k3t r?] step=42 tok=1 step=93.78ms | KDA: n=23 attn=18.9ms mlp=46.8ms other=0.5ms tot=66.2ms | full: n=8 attn=11.0ms mlp=16.3ms other=0.2ms tot=27.5ms | ALL: attn=29.9ms mlp=63.1ms model=93.8ms
(Worker_PP1_TP1 pid=1103797) [k3t r?] step=42 tok=1 step=93.78ms | KDA: n=23 attn=18.9ms mlp=46.8ms other=0.5ms tot=66.2ms | full: n=8 attn=11.0ms mlp=16.3ms other=0.2ms tot=27.5ms | ALL: attn=29.9ms mlp=63.1ms model=93.8ms
(Worker_PP1_TP7 pid=1103803) [k3t r?] step=42 tok=1 step=93.78ms | KDA: n=23 attn=18.9ms mlp=46.8ms other=0.5ms tot=66.2ms | full: n=8 attn=11.0ms mlp=16.3ms other=0.2ms tot=27.4ms | ALL: attn=29.9ms mlp=63.1ms model=93.8ms
(Worker_PP1_TP2 pid=1103798) [k3t r?] step=42 tok=1 step=93.78ms | KDA: n=23 attn=18.9ms mlp=46.8ms other=0.5ms tot=66.2ms | full: n=8 attn=11.0ms mlp=16.3ms other=0.2ms tot=27.4ms | ALL: attn=29.9ms mlp=63.1ms model=93.8ms
(Worker_PP1_TP5 pid=1103801) [k3t r?] step=42 tok=1 step=93.77ms | KDA: n=23 attn=18.9ms mlp=46.8ms other=0.5ms tot=66.2ms | full: n=8 attn=11.0ms mlp=16.3ms other=0.2ms tot=27.5ms | ALL: attn=29.9ms mlp=63.1ms model=93.8ms
(Worker_PP1_TP6 pid=1103802) [k3t r?] step=42 tok=1 step=93.77ms | KDA: n=23 attn=18.9ms mlp=46.8ms other=0.5ms tot=66.2ms | full: n=8 attn=11.0ms mlp=16.3ms other=0.2ms tot=27.5ms | ALL: attn=29.9ms mlp=63.1ms model=93.8ms
(Worker_PP1_TP0 pid=1103796) [k3t r?] step=42 tok=1 step=94.08ms | KDA: n=23 attn=10.0ms mlp=46.1ms other=8.9ms tot=65.0ms | full: n=8 attn=7.8ms mlp=15.8ms other=3.2ms tot=26.8ms | ALL: attn=17.7ms mlp=61.9ms model=94.1ms
(Worker_PP1_TP0 pid=1103796) WARNING 08-22 18:18:51 [flashinfer_all_reduce.py:78] Failed to initialize FlashInfer All Reduce workspace: [SymmDeviceMemory] Device does not support multicasting.. This is expected on GPUs without NVSwitch (e.g., NVLink bridge-only or PCIe topologies).
(Worker_PP1_TP0 pid=1103796) WARNING 08-22 18:18:51 [flashinfer_all_reduce.py:78] Failed to initialize FlashInfer All Reduce workspace: [SymmDeviceMemory] Device does not support multicasting.. This is expected on GPUs without NVSwitch (e.g., NVLink bridge-only or PCIe topologies).
(Worker_PP1_TP0 pid=1103796) WARNING 08-22 18:18:51 [flashinfer_all_reduce.py:78] Failed to initialize FlashInfer All Reduce workspace: [SymmDeviceMemory] Device does not support multicasting.. This is expected on GPUs without NVSwitch (e.g., NVLink bridge-only or PCIe topologies).
(Worker_PP1_TP0 pid=1103796) WARNING 08-22 18:18:51 [flashinfer_all_reduce.py:78] Failed to initialize FlashInfer All Reduce workspace: [SymmDeviceMemory] Device does not support multicasting.. This is expected on GPUs without NVSwitch (e.g., NVLink bridge-only or PCIe topologies).
(Worker_PP1_TP0 pid=1103796) WARNING 08-22 18:18:51 [flashinfer_all_reduce.py:78] Failed to initialize FlashInfer All Reduce workspace: [SymmDeviceMemory] Device does not support multicasting.. This is expected on GPUs without NVSwitch (e.g., NVLink bridge-only or PCIe topologies).
(Worker_PP1_TP0 pid=1103796) WARNING 08-22 18:18:51 [flashinfer_all_reduce.py:78] Failed to initialize FlashInfer All Reduce workspace: [SymmDeviceMemory] Device does not support multicasting.. This is expected on GPUs without NVSwitch (e.g., NVLink bridge-only or PCIe topologies).
(Worker_PP1_TP0 pid=1103796) WARNING 08-22 18:18:51 [flashinfer_all_reduce.py:78] Failed to initialize FlashInfer All Reduce workspace: [SymmDeviceMemory] Device does not support multicasting.. This is expected on GPUs without NVSwitch (e.g., NVLink bridge-only or PCIe topologies).
(Worker_PP1_TP0 pid=1103796) WARNING 08-22 18:18:51 [flashinfer_all_reduce.py:78] Failed to initialize FlashInfer All Reduce workspace: [SymmDeviceMemory] Device does not support multicasting.. This is expected on GPUs without NVSwitch (e.g., NVLink bridge-only or PCIe topologies).
(Worker_PP1_TP0 pid=1103796) WARNING 08-22 18:18:51 [flashinfer_all_reduce.py:78] Failed to initialize FlashInfer All Reduce workspace: [SymmDeviceMemory] Device does not support multicasting.. This is expected on GPUs without NVSwitch (e.g., NVLink bridge-only or PCIe topologies).
(Worker_PP1_TP0 pid=1103796) WARNING 08-22 18:18:51 [flashinfer_all_reduce.py:78] Failed to initialize FlashInfer All Reduce workspace: [SymmDeviceMemory] Device does not support multicasting.. This is expected on GPUs without NVSwitch (e.g., NVLink bridge-only or PCIe topologies).
(Worker_PP1_TP0 pid=1103796) WARNING 08-22 18:18:51 [flashinfer_all_reduce.py:78] Failed to initialize FlashInfer All Reduce workspace: [SymmDeviceMemory] Device does not support multicasting.. This is expected on GPUs without NVSwitch (e.g., NVLink bridge-only or PCIe topologies).
(Worker_PP1_TP0 pid=1103796) WARNING 08-22 18:18:51 [flashinfer_all_reduce.py:78] Failed to initialize FlashInfer All Reduce workspace: [SymmDeviceMemory] Device does not support multicasting.. This is expected on GPUs without NVSwitch (e.g., NVLink bridge-only or PCIe topologies).
(Worker_PP1_TP0 pid=1103796) WARNING 08-22 18:18:51 [flashinfer_all_reduce.py:78] Failed to initialize FlashInfer All Reduce workspace: [SymmDeviceMemory] Device does not support multicasting.. This is expected on GPUs without NVSwitch (e.g., NVLink bridge-only or PCIe topologies).
(Worker_PP1_TP0 pid=1103796) WARNING 08-22 18:18:51 [flashinfer_all_reduce.py:78] Failed to initialize FlashInfer All Reduce workspace: [SymmDeviceMemory] Device does not support multicasting.. This is expected on GPUs without NVSwitch (e.g., NVLink bridge-only or PCIe topologies).
(Worker_PP1_TP0 pid=1103796) WARNING 08-22 18:18:51 [flashinfer_all_reduce.py:78] Failed to initialize FlashInfer All Reduce workspace: [SymmDeviceMemory] Device does not support multicasting.. This is expected on GPUs without NVSwitch (e.g., NVLink bridge-only or PCIe topologies).
(Worker_PP1_TP0 pid=1103796) WARNING 08-22 18:18:51 [flashinfer_all_reduce.py:78] Failed to initialize FlashInfer All Reduce workspace: [SymmDeviceMemory] Device does not support multicasting.. This is expected on GPUs without NVSwitch (e.g., NVLink bridge-only or PCIe topologies).
(Worker_PP1_TP0 pid=1103796) WARNING 08-22 18:18:51 [flashinfer_all_reduce.py:78] Failed to initialize FlashInfer All Reduce workspace: [SymmDeviceMemory] Device does not support multicasting.. This is expected on GPUs without NVSwitch (e.g., NVLink bridge-only or PCIe topologies).
(Worker_PP1_TP0 pid=1103796) WARNING 08-22 18:18:51 [flashinfer_all_reduce.py:78] Failed to initialize FlashInfer All Reduce workspace: [SymmDeviceMemory] Device does not support multicasting.. This is expected on GPUs without NVSwitch (e.g., NVLink bridge-only or PCIe topologies).
(Worker_PP1_TP0 pid=1103796) WARNING 08-22 18:18:51 [flashinfer_all_reduce.py:78] Failed to initialize FlashInfer All Reduce workspace: [SymmDeviceMemory] Device does not support multicasting.. This is expected on GPUs without NVSwitch (e.g., NVLink bridge-only or PCIe topologies).
(Worker_PP1_TP0 pid=1103796) WARNING 08-22 18:18:51 [flashinfer_all_reduce.py:78] Failed to initialize FlashInfer All Reduce workspace: [SymmDeviceMemory] Device does not support multicasting.. This is expected on GPUs without NVSwitch (e.g., NVLink bridge-only or PCIe topologies).
(Worker_PP1_TP0 pid=1103796) WARNING 08-22 18:18:51 [flashinfer_all_reduce.py:78] Failed to initialize FlashInfer All Reduce workspace: [SymmDeviceMemory] Device does not support multicasting.. This is expected on GPUs without NVSwitch (e.g., NVLink bridge-only or PCIe topologies).
(Worker_PP1_TP0 pid=1103796) WARNING 08-22 18:18:51 [flashinfer_all_reduce.py:78] Failed to initialize FlashInfer All Reduce workspace: [SymmDeviceMemory] Device does not support multicasting.. This is expected on GPUs without NVSwitch (e.g., NVLink bridge-only or PCIe topologies).
(Worker_PP1_TP0 pid=1103796) WARNING 08-22 18:18:51 [flashinfer_all_reduce.py:78] Failed to initialize FlashInfer All Reduce workspace: [SymmDeviceMemory] Device does not support multicasting.. This is expected on GPUs without NVSwitch (e.g., NVLink bridge-only or PCIe topologies).
(Worker_PP1_TP0 pid=1103796) WARNING 08-22 18:18:51 [flashinfer_all_reduce.py:78] Failed to initialize FlashInfer All Reduce workspace: [SymmDeviceMemory] Device does not support multicasting.. This is expected on GPUs without NVSwitch (e.g., NVLink bridge-only or PCIe topologies).
(Worker_PP1_TP0 pid=1103796) WARNING 08-22 18:18:51 [flashinfer_all_reduce.py:78] Failed to initialize FlashInfer All Reduce workspace: [SymmDeviceMemory] Device does not support multicasting.. This is expected on GPUs without NVSwitch (e.g., NVLink bridge-only or PCIe topologies).
(Worker_PP1_TP0 pid=1103796) WARNING 08-22 18:18:51 [flashinfer_all_reduce.py:78] Failed to initialize FlashInfer All Reduce workspace: [SymmDeviceMemory] Device does not support multicasting.. This is expected on GPUs without NVSwitch (e.g., NVLink bridge-only or PCIe topologies).
(Worker_PP1_TP0 pid=1103796) WARNING 08-22 18:18:51 [flashinfer_all_reduce.py:78] Failed to initialize FlashInfer All Reduce workspace: [SymmDeviceMemory] Device does not support multicasting.. This is expected on GPUs without NVSwitch (e.g., NVLink bridge-only or PCIe topologies).
(Worker_PP1_TP0 pid=1103796) WARNING 08-22 18:18:51 [flashinfer_all_reduce.py:78] Failed to initialize FlashInfer All Reduce workspace: [SymmDeviceMemory] Device does not support multicasting.. This is expected on GPUs without NVSwitch (e.g., NVLink bridge-only or PCIe topologies).
(Worker_PP1_TP0 pid=1103796) WARNING 08-22 18:18:51 [flashinfer_all_reduce.py:78] Failed to initialize FlashInfer All Reduce workspace: [SymmDeviceMemory] Device does not support multicasting.. This is expected on GPUs without NVSwitch (e.g., NVLink bridge-only or PCIe topologies).
(Worker_PP1_TP0 pid=1103796) WARNING 08-22 18:18:51 [flashinfer_all_reduce.py:78] Failed to initialize FlashInfer All Reduce workspace: [SymmDeviceMemory] Device does not support multicasting.. This is expected on GPUs without NVSwitch (e.g., NVLink bridge-only or PCIe topologies).
(Worker_PP1_TP0 pid=1103796) WARNING 08-22 18:18:51 [flashinfer_all_reduce.py:78] Failed to initialize FlashInfer All Reduce workspace: [SymmDeviceMemory] Device does not support multicasting.. This is expected on GPUs without NVSwitch (e.g., NVLink bridge-only or PCIe topologies).
(Worker_PP1_TP3 pid=1103799) [k3t r?] step=43 tok=1 step=91.34ms | KDA: n=23 attn=18.9ms mlp=45.9ms other=0.5ms tot=65.3ms | full: n=8 attn=9.8ms mlp=15.9ms other=0.2ms tot=25.9ms | ALL: attn=28.7ms mlp=61.9ms model=91.3ms
(Worker_PP1_TP7 pid=1103803) [k3t r?] step=43 tok=1 step=91.33ms | KDA: n=23 attn=18.8ms mlp=46.0ms other=0.5ms tot=65.3ms | full: n=8 attn=9.8ms mlp=15.9ms other=0.2ms tot=25.9ms | ALL: attn=28.7ms mlp=61.9ms model=91.3ms
(Worker_PP1_TP4 pid=1103800) [k3t r?] step=43 tok=1 step=91.34ms | KDA: n=23 attn=18.8ms mlp=45.9ms other=0.5ms tot=65.3ms | full: n=8 attn=9.8ms mlp=15.9ms other=0.2ms tot=25.9ms | ALL: attn=28.7ms mlp=61.9ms model=91.3ms
(Worker_PP1_TP2 pid=1103798) [k3t r?] step=43 tok=1 step=91.34ms | KDA: n=23 attn=18.8ms mlp=46.0ms other=0.6ms tot=65.3ms | full: n=8 attn=9.8ms mlp=15.9ms other=0.2ms tot=25.9ms | ALL: attn=28.6ms mlp=61.9ms model=91.3ms
(Worker_PP1_TP1 pid=1103797) [k3t r?] step=43 tok=1 step=91.34ms | KDA: n=23 attn=16.6ms mlp=45.5ms other=2.5ms tot=64.7ms | full: n=8 attn=9.4ms mlp=15.8ms other=0.9ms tot=26.1ms | ALL: attn=26.1ms mlp=61.3ms model=91.3ms
(Worker_PP1_TP5 pid=1103801) [k3t r?] step=43 tok=1 step=91.34ms | KDA: n=23 attn=18.9ms mlp=45.9ms other=0.5ms tot=65.3ms | full: n=8 attn=9.8ms mlp=15.9ms other=0.2ms tot=25.9ms | ALL: attn=28.7ms mlp=61.9ms model=91.3ms
(Worker_PP1_TP6 pid=1103802) [k3t r?] step=43 tok=1 step=91.33ms | KDA: n=23 attn=18.8ms mlp=45.9ms other=0.5ms tot=65.3ms | full: n=8 attn=9.8ms mlp=15.9ms other=0.2ms tot=25.9ms | ALL: attn=28.7ms mlp=61.9ms model=91.3ms
(Worker_PP1_TP0 pid=1103796) [k3t r?] step=43 tok=1 step=91.66ms | KDA: n=23 attn=11.3ms mlp=45.1ms other=7.7ms tot=64.1ms | full: n=8 attn=7.2ms mlp=15.8ms other=2.7ms tot=25.7ms | ALL: attn=18.6ms mlp=60.8ms model=91.7ms
(Worker_PP1_TP0 pid=1103796) WARNING 08-22 18:18:51 [flashinfer_all_reduce.py:78] Failed to initialize FlashInfer All Reduce workspace: [SymmDeviceMemory] Device does not support multicasting.. This is expected on GPUs without NVSwitch (e.g., NVLink bridge-only or PCIe topologies).
(Worker_PP1_TP0 pid=1103796) WARNING 08-22 18:18:51 [flashinfer_all_reduce.py:78] Failed to initialize FlashInfer All Reduce workspace: [SymmDeviceMemory] Device does not support multicasting.. This is expected on GPUs without NVSwitch (e.g., NVLink bridge-only or PCIe topologies).
(Worker_PP1_TP0 pid=1103796) WARNING 08-22 18:18:51 [flashinfer_all_reduce.py:78] Failed to initialize FlashInfer All Reduce workspace: [SymmDeviceMemory] Device does not support multicasting.. This is expected on GPUs without NVSwitch (e.g., NVLink bridge-only or PCIe topologies).
(Worker_PP1_TP0 pid=1103796) WARNING 08-22 18:18:51 [flashinfer_all_reduce.py:78] Failed to initialize FlashInfer All Reduce workspace: [SymmDeviceMemory] Device does not support multicasting.. This is expected on GPUs without NVSwitch (e.g., NVLink bridge-only or PCIe topologies).
(Worker_PP1_TP0 pid=1103796) WARNING 08-22 18:18:51 [flashinfer_all_reduce.py:78] Failed to initialize FlashInfer All Reduce workspace: [SymmDeviceMemory] Device does not support multicasting.. This is expected on GPUs without NVSwitch (e.g., NVLink bridge-only or PCIe topologies).
(Worker_PP1_TP0 pid=1103796) WARNING 08-22 18:18:51 [flashinfer_all_reduce.py:78] Failed to initialize FlashInfer All Reduce workspace: [SymmDeviceMemory] Device does not support multicasting.. This is expected on GPUs without NVSwitch (e.g., NVLink bridge-only or PCIe topologies).
(Worker_PP1_TP0 pid=1103796) WARNING 08-22 18:18:51 [flashinfer_all_reduce.py:78] Failed to initialize FlashInfer All Reduce workspace: [SymmDeviceMemory] Device does not support multicasting.. This is expected on GPUs without NVSwitch (e.g., NVLink bridge-only or PCIe topologies).
(Worker_PP1_TP0 pid=1103796) WARNING 08-22 18:18:51 [flashinfer_all_reduce.py:78] Failed to initialize FlashInfer All Reduce workspace: [SymmDeviceMemory] Device does not support multicasting.. This is expected on GPUs without NVSwitch (e.g., NVLink bridge-only or PCIe topologies).
(Worker_PP1_TP0 pid=1103796) WARNING 08-22 18:18:51 [flashinfer_all_reduce.py:78] Failed to initialize FlashInfer All Reduce workspace: [SymmDeviceMemory] Device does not support multicasting.. This is expected on GPUs without NVSwitch (e.g., NVLink bridge-only or PCIe topologies).
(Worker_PP1_TP0 pid=1103796) WARNING 08-22 18:18:51 [flashinfer_all_reduce.py:78] Failed to initialize FlashInfer All Reduce workspace: [SymmDeviceMemory] Device does not support multicasting.. This is expected on GPUs without NVSwitch (e.g., NVLink bridge-only or PCIe topologies).
(Worker_PP1_TP0 pid=1103796) WARNING 08-22 18:18:51 [flashinfer_all_reduce.py:78] Failed to initialize FlashInfer All Reduce workspace: [SymmDeviceMemory] Device does not support multicasting.. This is expected on GPUs without NVSwitch (e.g., NVLink bridge-only or PCIe topologies).
(Worker_PP1_TP0 pid=1103796) WARNING 08-22 18:18:51 [flashinfer_all_reduce.py:78] Failed to initialize FlashInfer All Reduce workspace: [SymmDeviceMemory] Device does not support multicasting.. This is expected on GPUs without NVSwitch (e.g., NVLink bridge-only or PCIe topologies).
(Worker_PP1_TP0 pid=1103796) WARNING 08-22 18:18:51 [flashinfer_all_reduce.py:78] Failed to initialize FlashInfer All Reduce workspace: [SymmDeviceMemory] Device does not support multicasting.. This is expected on GPUs without NVSwitch (e.g., NVLink bridge-only or PCIe topologies).
(Worker_PP1_TP0 pid=1103796) WARNING 08-22 18:18:51 [flashinfer_all_reduce.py:78] Failed to initialize FlashInfer All Reduce workspace: [SymmDeviceMemory] Device does not support multicasting.. This is expected on GPUs without NVSwitch (e.g., NVLink bridge-only or PCIe topologies).
(Worker_PP1_TP0 pid=1103796) WARNING 08-22 18:18:51 [flashinfer_all_reduce.py:78] Failed to initialize FlashInfer All Reduce workspace: [SymmDeviceMemory] Device does not support multicasting.. This is expected on GPUs without NVSwitch (e.g., NVLink bridge-only or PCIe topologies).
(Worker_PP1_TP0 pid=1103796) WARNING 08-22 18:18:51 [flashinfer_all_reduce.py:78] Failed to initialize FlashInfer All Reduce workspace: [SymmDeviceMemory] Device does not support multicasting.. This is expected on GPUs without NVSwitch (e.g., NVLink bridge-only or PCIe topologies).
(Worker_PP1_TP0 pid=1103796) WARNING 08-22 18:18:51 [flashinfer_all_reduce.py:78] Failed to initialize FlashInfer All Reduce workspace: [SymmDeviceMemory] Device does not support multicasting.. This is expected on GPUs without NVSwitch (e.g., NVLink bridge-only or PCIe topologies).
(Worker_PP1_TP0 pid=1103796) WARNING 08-22 18:18:51 [flashinfer_all_reduce.py:78] Failed to initialize FlashInfer All Reduce workspace: [SymmDeviceMemory] Device does not support multicasting.. This is expected on GPUs without NVSwitch (e.g., NVLink bridge-only or PCIe topologies).
(Worker_PP1_TP0 pid=1103796) WARNING 08-22 18:18:51 [flashinfer_all_reduce.py:78] Failed to initialize FlashInfer All Reduce workspace: [SymmDeviceMemory] Device does not support multicasting.. This is expected on GPUs without NVSwitch (e.g., NVLink bridge-only or PCIe topologies).
(Worker_PP1_TP0 pid=1103796) WARNING 08-22 18:18:51 [flashinfer_all_reduce.py:78] Failed to initialize FlashInfer All Reduce workspace: [SymmDeviceMemory] Device does not support multicasting.. This is expected on GPUs without NVSwitch (e.g., NVLink bridge-only or PCIe topologies).
(Worker_PP1_TP0 pid=1103796) WARNING 08-22 18:18:51 [flashinfer_all_reduce.py:78] Failed to initialize FlashInfer All Reduce workspace: [SymmDeviceMemory] Device does not support multicasting.. This is expected on GPUs without NVSwitch (e.g., NVLink bridge-only or PCIe topologies).
(Worker_PP1_TP0 pid=1103796) WARNING 08-22 18:18:51 [flashinfer_all_reduce.py:78] Failed to initialize FlashInfer All Reduce workspace: [SymmDeviceMemory] Device does not support multicasting.. This is expected on GPUs without NVSwitch (e.g., NVLink bridge-only or PCIe topologies).
(Worker_PP1_TP0 pid=1103796) WARNING 08-22 18:18:51 [flashinfer_all_reduce.py:78] Failed to initialize FlashInfer All Reduce workspace: [SymmDeviceMemory] Device does not support multicasting.. This is expected on GPUs without NVSwitch (e.g., NVLink bridge-only or PCIe topologies).
(Worker_PP1_TP0 pid=1103796) WARNING 08-22 18:18:51 [flashinfer_all_reduce.py:78] Failed to initialize FlashInfer All Reduce workspace: [SymmDeviceMemory] Device does not support multicasting.. This is expected on GPUs without NVSwitch (e.g., NVLink bridge-only or PCIe topologies).
(Worker_PP1_TP0 pid=1103796) WARNING 08-22 18:18:51 [flashinfer_all_reduce.py:78] Failed to initialize FlashInfer All Reduce workspace: [SymmDeviceMemory] Device does not support multicasting.. This is expected on GPUs without NVSwitch (e.g., NVLink bridge-only or PCIe topologies).
(Worker_PP1_TP0 pid=1103796) WARNING 08-22 18:18:51 [flashinfer_all_reduce.py:78] Failed to initialize FlashInfer All Reduce workspace: [SymmDeviceMemory] Device does not support multicasting.. This is expected on GPUs without NVSwitch (e.g., NVLink bridge-only or PCIe topologies).
(Worker_PP1_TP0 pid=1103796) WARNING 08-22 18:18:51 [flashinfer_all_reduce.py:78] Failed to initialize FlashInfer All Reduce workspace: [SymmDeviceMemory] Device does not support multicasting.. This is expected on GPUs without NVSwitch (e.g., NVLink bridge-only or PCIe topologies).
(Worker_PP1_TP0 pid=1103796) WARNING 08-22 18:18:51 [flashinfer_all_reduce.py:78] Failed to initialize FlashInfer All Reduce workspace: [SymmDeviceMemory] Device does not support multicasting.. This is expected on GPUs without NVSwitch (e.g., NVLink bridge-only or PCIe topologies).
(Worker_PP1_TP0 pid=1103796) WARNING 08-22 18:18:51 [flashinfer_all_reduce.py:78] Failed to initialize FlashInfer All Reduce workspace: [SymmDeviceMemory] Device does not support multicasting.. This is expected on GPUs without NVSwitch (e.g., NVLink bridge-only or PCIe topologies).
(Worker_PP1_TP0 pid=1103796) WARNING 08-22 18:18:51 [flashinfer_all_reduce.py:78] Failed to initialize FlashInfer All Reduce workspace: [SymmDeviceMemory] Device does not support multicasting.. This is expected on GPUs without NVSwitch (e.g., NVLink bridge-only or PCIe topologies).
(Worker_PP1_TP0 pid=1103796) WARNING 08-22 18:18:51 [flashinfer_all_reduce.py:78] Failed to initialize FlashInfer All Reduce workspace: [SymmDeviceMemory] Device does not support multicasting.. This is expected on GPUs without NVSwitch (e.g., NVLink bridge-only or PCIe topologies).
(Worker_PP1_TP1 pid=1103797) [k3t r?] step=44 tok=1 step=91.86ms | KDA: n=23 attn=16.0ms mlp=45.5ms other=3.2ms tot=64.7ms | full: n=8 attn=9.6ms mlp=15.3ms other=1.3ms tot=26.2ms | ALL: attn=25.6ms mlp=60.8ms model=91.9ms
(Worker_PP1_TP4 pid=1103800) [k3t r?] step=44 tok=1 step=91.85ms | KDA: n=23 attn=19.1ms mlp=45.8ms other=0.5ms tot=65.4ms | full: n=8 attn=10.4ms mlp=15.8ms other=0.2ms tot=26.4ms | ALL: attn=29.5ms mlp=61.5ms model=91.9ms
(Worker_PP1_TP6 pid=1103802) [k3t r?] step=44 tok=1 step=91.86ms | KDA: n=23 attn=19.1ms mlp=45.8ms other=0.5ms tot=65.4ms | full: n=8 attn=10.4ms mlp=15.8ms other=0.2ms tot=26.4ms | ALL: attn=29.5ms mlp=61.5ms model=91.9ms
(Worker_PP1_TP5 pid=1103801) [k3t r?] step=44 tok=1 step=91.85ms | KDA: n=23 attn=19.1ms mlp=45.8ms other=0.5ms tot=65.4ms | full: n=8 attn=10.4ms mlp=15.8ms other=0.2ms tot=26.4ms | ALL: attn=29.5ms mlp=61.5ms model=91.9ms
(Worker_PP1_TP3 pid=1103799) [k3t r?] step=44 tok=1 step=91.85ms | KDA: n=23 attn=19.1ms mlp=45.8ms other=0.5ms tot=65.4ms | full: n=8 attn=10.4ms mlp=15.8ms other=0.2ms tot=26.4ms | ALL: attn=29.5ms mlp=61.5ms model=91.9ms
(Worker_PP1_TP7 pid=1103803) [k3t r?] step=44 tok=1 step=91.86ms | KDA: n=23 attn=19.1ms mlp=45.8ms other=0.5ms tot=65.4ms | full: n=8 attn=10.4ms mlp=15.8ms other=0.2ms tot=26.4ms | ALL: attn=29.5ms mlp=61.6ms model=91.9ms
(Worker_PP1_TP2 pid=1103798) [k3t r?] step=44 tok=1 step=91.86ms | KDA: n=23 attn=19.1ms mlp=45.8ms other=0.5ms tot=65.4ms | full: n=8 attn=10.4ms mlp=15.8ms other=0.2ms tot=26.4ms | ALL: attn=29.5ms mlp=61.5ms model=91.9ms
(Worker_PP1_TP0 pid=1103796) [k3t r?] step=44 tok=1 step=92.16ms | KDA: n=23 attn=12.5ms mlp=45.3ms other=6.7ms tot=64.5ms | full: n=8 attn=8.1ms mlp=15.6ms other=2.3ms tot=26.1ms | ALL: attn=20.6ms mlp=60.9ms model=92.2ms
(Worker_PP1_TP0 pid=1103796) WARNING 08-22 18:18:51 [flashinfer_all_reduce.py:78] Failed to initialize FlashInfer All Reduce workspace: [SymmDeviceMemory] Device does not support multicasting.. This is expected on GPUs without NVSwitch (e.g., NVLink bridge-only or PCIe topologies).
(Worker_PP1_TP0 pid=1103796) WARNING 08-22 18:18:51 [flashinfer_all_reduce.py:78] Failed to initialize FlashInfer All Reduce workspace: [SymmDeviceMemory] Device does not support multicasting.. This is expected on GPUs without NVSwitch (e.g., NVLink bridge-only or PCIe topologies).
(Worker_PP1_TP0 pid=1103796) WARNING 08-22 18:18:51 [flashinfer_all_reduce.py:78] Failed to initialize FlashInfer All Reduce workspace: [SymmDeviceMemory] Device does not support multicasting.. This is expected on GPUs without NVSwitch (e.g., NVLink bridge-only or PCIe topologies).
(Worker_PP1_TP0 pid=1103796) WARNING 08-22 18:18:51 [flashinfer_all_reduce.py:78] Failed to initialize FlashInfer All Reduce workspace: [SymmDeviceMemory] Device does not support multicasting.. This is expected on GPUs without NVSwitch (e.g., NVLink bridge-only or PCIe topologies).
(Worker_PP1_TP0 pid=1103796) WARNING 08-22 18:18:51 [flashinfer_all_reduce.py:78] Failed to initialize FlashInfer All Reduce workspace: [SymmDeviceMemory] Device does not support multicasting.. This is expected on GPUs without NVSwitch (e.g., NVLink bridge-only or PCIe topologies).
(Worker_PP1_TP0 pid=1103796) WARNING 08-22 18:18:51 [flashinfer_all_reduce.py:78] Failed to initialize FlashInfer All Reduce workspace: [SymmDeviceMemory] Device does not support multicasting.. This is expected on GPUs without NVSwitch (e.g., NVLink bridge-only or PCIe topologies).
(Worker_PP1_TP0 pid=1103796) WARNING 08-22 18:18:51 [flashinfer_all_reduce.py:78] Failed to initialize FlashInfer All Reduce workspace: [SymmDeviceMemory] Device does not support multicasting.. This is expected on GPUs without NVSwitch (e.g., NVLink bridge-only or PCIe topologies).
(Worker_PP1_TP0 pid=1103796) WARNING 08-22 18:18:51 [flashinfer_all_reduce.py:78] Failed to initialize FlashInfer All Reduce workspace: [SymmDeviceMemory] Device does not support multicasting.. This is expected on GPUs without NVSwitch (e.g., NVLink bridge-only or PCIe topologies).
(Worker_PP1_TP0 pid=1103796) WARNING 08-22 18:18:51 [flashinfer_all_reduce.py:78] Failed to initialize FlashInfer All Reduce workspace: [SymmDeviceMemory] Device does not support multicasting.. This is expected on GPUs without NVSwitch (e.g., NVLink bridge-only or PCIe topologies).
(Worker_PP1_TP0 pid=1103796) WARNING 08-22 18:18:51 [flashinfer_all_reduce.py:78] Failed to initialize FlashInfer All Reduce workspace: [SymmDeviceMemory] Device does not support multicasting.. This is expected on GPUs without NVSwitch (e.g., NVLink bridge-only or PCIe topologies).
(Worker_PP1_TP0 pid=1103796) WARNING 08-22 18:18:51 [flashinfer_all_reduce.py:78] Failed to initialize FlashInfer All Reduce workspace: [SymmDeviceMemory] Device does not support multicasting.. This is expected on GPUs without NVSwitch (e.g., NVLink bridge-only or PCIe topologies).
(Worker_PP1_TP0 pid=1103796) WARNING 08-22 18:18:51 [flashinfer_all_reduce.py:78] Failed to initialize FlashInfer All Reduce workspace: [SymmDeviceMemory] Device does not support multicasting.. This is expected on GPUs without NVSwitch (e.g., NVLink bridge-only or PCIe topologies).
(Worker_PP1_TP0 pid=1103796) WARNING 08-22 18:18:51 [flashinfer_all_reduce.py:78] Failed to initialize FlashInfer All Reduce workspace: [SymmDeviceMemory] Device does not support multicasting.. This is expected on GPUs without NVSwitch (e.g., NVLink bridge-only or PCIe topologies).
(Worker_PP1_TP0 pid=1103796) WARNING 08-22 18:18:51 [flashinfer_all_reduce.py:78] Failed to initialize FlashInfer All Reduce workspace: [SymmDeviceMemory] Device does not support multicasting.. This is expected on GPUs without NVSwitch (e.g., NVLink bridge-only or PCIe topologies).
(Worker_PP1_TP0 pid=1103796) WARNING 08-22 18:18:51 [flashinfer_all_reduce.py:78] Failed to initialize FlashInfer All Reduce workspace: [SymmDeviceMemory] Device does not support multicasting.. This is expected on GPUs without NVSwitch (e.g., NVLink bridge-only or PCIe topologies).
(Worker_PP1_TP0 pid=1103796) WARNING 08-22 18:18:51 [flashinfer_all_reduce.py:78] Failed to initialize FlashInfer All Reduce workspace: [SymmDeviceMemory] Device does not support multicasting.. This is expected on GPUs without NVSwitch (e.g., NVLink bridge-only or PCIe topologies).
(Worker_PP1_TP0 pid=1103796) WARNING 08-22 18:18:51 [flashinfer_all_reduce.py:78] Failed to initialize FlashInfer All Reduce workspace: [SymmDeviceMemory] Device does not support multicasting.. This is expected on GPUs without NVSwitch (e.g., NVLink bridge-only or PCIe topologies).
(Worker_PP1_TP0 pid=1103796) WARNING 08-22 18:18:51 [flashinfer_all_reduce.py:78] Failed to initialize FlashInfer All Reduce workspace: [SymmDeviceMemory] Device does not support multicasting.. This is expected on GPUs without NVSwitch (e.g., NVLink bridge-only or PCIe topologies).
(Worker_PP1_TP0 pid=1103796) WARNING 08-22 18:18:52 [flashinfer_all_reduce.py:78] Failed to initialize FlashInfer All Reduce workspace: [SymmDeviceMemory] Device does not support multicasting.. This is expected on GPUs without NVSwitch (e.g., NVLink bridge-only or PCIe topologies).
(Worker_PP1_TP0 pid=1103796) WARNING 08-22 18:18:52 [flashinfer_all_reduce.py:78] Failed to initialize FlashInfer All Reduce workspace: [SymmDeviceMemory] Device does not support multicasting.. This is expected on GPUs without NVSwitch (e.g., NVLink bridge-only or PCIe topologies).
(Worker_PP1_TP0 pid=1103796) WARNING 08-22 18:18:52 [flashinfer_all_reduce.py:78] Failed to initialize FlashInfer All Reduce workspace: [SymmDeviceMemory] Device does not support multicasting.. This is expected on GPUs without NVSwitch (e.g., NVLink bridge-only or PCIe topologies).
(Worker_PP1_TP0 pid=1103796) WARNING 08-22 18:18:52 [flashinfer_all_reduce.py:78] Failed to initialize FlashInfer All Reduce workspace: [SymmDeviceMemory] Device does not support multicasting.. This is expected on GPUs without NVSwitch (e.g., NVLink bridge-only or PCIe topologies).
(Worker_PP1_TP0 pid=1103796) WARNING 08-22 18:18:52 [flashinfer_all_reduce.py:78] Failed to initialize FlashInfer All Reduce workspace: [SymmDeviceMemory] Device does not support multicasting.. This is expected on GPUs without NVSwitch (e.g., NVLink bridge-only or PCIe topologies).
(Worker_PP1_TP0 pid=1103796) WARNING 08-22 18:18:52 [flashinfer_all_reduce.py:78] Failed to initialize FlashInfer All Reduce workspace: [SymmDeviceMemory] Device does not support multicasting.. This is expected on GPUs without NVSwitch (e.g., NVLink bridge-only or PCIe topologies).
(Worker_PP1_TP0 pid=1103796) WARNING 08-22 18:18:52 [flashinfer_all_reduce.py:78] Failed to initialize FlashInfer All Reduce workspace: [SymmDeviceMemory] Device does not support multicasting.. This is expected on GPUs without NVSwitch (e.g., NVLink bridge-only or PCIe topologies).
(Worker_PP1_TP0 pid=1103796) WARNING 08-22 18:18:52 [flashinfer_all_reduce.py:78] Failed to initialize FlashInfer All Reduce workspace: [SymmDeviceMemory] Device does not support multicasting.. This is expected on GPUs without NVSwitch (e.g., NVLink bridge-only or PCIe topologies).
(Worker_PP1_TP0 pid=1103796) WARNING 08-22 18:18:52 [flashinfer_all_reduce.py:78] Failed to initialize FlashInfer All Reduce workspace: [SymmDeviceMemory] Device does not support multicasting.. This is expected on GPUs without NVSwitch (e.g., NVLink bridge-only or PCIe topologies).
(Worker_PP1_TP0 pid=1103796) WARNING 08-22 18:18:52 [flashinfer_all_reduce.py:78] Failed to initialize FlashInfer All Reduce workspace: [SymmDeviceMemory] Device does not support multicasting.. This is expected on GPUs without NVSwitch (e.g., NVLink bridge-only or PCIe topologies).
(Worker_PP1_TP0 pid=1103796) WARNING 08-22 18:18:52 [flashinfer_all_reduce.py:78] Failed to initialize FlashInfer All Reduce workspace: [SymmDeviceMemory] Device does not support multicasting.. This is expected on GPUs without NVSwitch (e.g., NVLink bridge-only or PCIe topologies).
(Worker_PP1_TP0 pid=1103796) WARNING 08-22 18:18:52 [flashinfer_all_reduce.py:78] Failed to initialize FlashInfer All Reduce workspace: [SymmDeviceMemory] Device does not support multicasting.. This is expected on GPUs without NVSwitch (e.g., NVLink bridge-only or PCIe topologies).
(Worker_PP1_TP0 pid=1103796) WARNING 08-22 18:18:52 [flashinfer_all_reduce.py:78] Failed to initialize FlashInfer All Reduce workspace: [SymmDeviceMemory] Device does not support multicasting.. This is expected on GPUs without NVSwitch (e.g., NVLink bridge-only or PCIe topologies).
(Worker_PP1_TP4 pid=1103800) [k3t r?] step=45 tok=1 step=95.54ms | KDA: n=23 attn=19.4ms mlp=47.5ms other=0.5ms tot=67.4ms | full: n=8 attn=10.9ms mlp=16.9ms other=0.2ms tot=28.0ms | ALL: attn=30.3ms mlp=64.4ms model=95.5ms
(Worker_PP1_TP7 pid=1103803) [k3t r?] step=45 tok=1 step=95.54ms | KDA: n=23 attn=19.4ms mlp=47.5ms other=0.5ms tot=67.4ms | full: n=8 attn=10.9ms mlp=16.9ms other=0.2ms tot=28.0ms | ALL: attn=30.3ms mlp=64.4ms model=95.5ms
(Worker_PP1_TP2 pid=1103798) [k3t r?] step=45 tok=1 step=95.54ms | KDA: n=23 attn=19.4ms mlp=47.5ms other=0.5ms tot=67.4ms | full: n=8 attn=10.9ms mlp=16.9ms other=0.2ms tot=28.0ms | ALL: attn=30.3ms mlp=64.4ms model=95.5ms
(Worker_PP1_TP1 pid=1103797) [k3t r?] step=45 tok=1 step=95.54ms | KDA: n=23 attn=17.9ms mlp=47.4ms other=2.0ms tot=67.3ms | full: n=8 attn=10.1ms mlp=16.8ms other=0.8ms tot=27.7ms | ALL: attn=27.9ms mlp=64.2ms model=95.5ms
(Worker_PP1_TP3 pid=1103799) [k3t r?] step=45 tok=1 step=95.54ms | KDA: n=23 attn=19.4ms mlp=47.5ms other=0.5ms tot=67.4ms | full: n=8 attn=10.9ms mlp=16.9ms other=0.2ms tot=28.0ms | ALL: attn=30.3ms mlp=64.4ms model=95.5ms
(Worker_PP1_TP6 pid=1103802) [k3t r?] step=45 tok=1 step=95.53ms | KDA: n=23 attn=19.4ms mlp=47.5ms other=0.5ms tot=67.4ms | full: n=8 attn=10.9ms mlp=16.9ms other=0.2ms tot=28.0ms | ALL: attn=30.3ms mlp=64.4ms model=95.5ms
(Worker_PP1_TP5 pid=1103801) [k3t r?] step=45 tok=1 step=95.54ms | KDA: n=23 attn=19.4ms mlp=47.5ms other=0.5ms tot=67.4ms | full: n=8 attn=10.9ms mlp=16.9ms other=0.2ms tot=28.0ms | ALL: attn=30.4ms mlp=64.4ms model=95.5ms
(Worker_PP1_TP0 pid=1103796) [k3t r?] step=45 tok=1 step=95.91ms | KDA: n=23 attn=11.0ms mlp=46.8ms other=8.6ms tot=66.3ms | full: n=8 attn=8.6ms mlp=16.1ms other=2.9ms tot=27.6ms | ALL: attn=19.6ms mlp=62.9ms model=95.9ms
(Worker_PP1_TP0 pid=1103796) WARNING 08-22 18:18:52 [flashinfer_all_reduce.py:78] Failed to initialize FlashInfer All Reduce workspace: [SymmDeviceMemory] Device does not support multicasting.. This is expected on GPUs without NVSwitch (e.g., NVLink bridge-only or PCIe topologies).
(Worker_PP1_TP0 pid=1103796) WARNING 08-22 18:18:52 [flashinfer_all_reduce.py:78] Failed to initialize FlashInfer All Reduce workspace: [SymmDeviceMemory] Device does not support multicasting.. This is expected on GPUs without NVSwitch (e.g., NVLink bridge-only or PCIe topologies).
(Worker_PP1_TP0 pid=1103796) WARNING 08-22 18:18:52 [flashinfer_all_reduce.py:78] Failed to initialize FlashInfer All Reduce workspace: [SymmDeviceMemory] Device does not support multicasting.. This is expected on GPUs without NVSwitch (e.g., NVLink bridge-only or PCIe topologies).
(Worker_PP1_TP0 pid=1103796) WARNING 08-22 18:18:52 [flashinfer_all_reduce.py:78] Failed to initialize FlashInfer All Reduce workspace: [SymmDeviceMemory] Device does not support multicasting.. This is expected on GPUs without NVSwitch (e.g., NVLink bridge-only or PCIe topologies).
(Worker_PP1_TP0 pid=1103796) WARNING 08-22 18:18:52 [flashinfer_all_reduce.py:78] Failed to initialize FlashInfer All Reduce workspace: [SymmDeviceMemory] Device does not support multicasting.. This is expected on GPUs without NVSwitch (e.g., NVLink bridge-only or PCIe topologies).
(Worker_PP1_TP0 pid=1103796) WARNING 08-22 18:18:52 [flashinfer_all_reduce.py:78] Failed to initialize FlashInfer All Reduce workspace: [SymmDeviceMemory] Device does not support multicasting.. This is expected on GPUs without NVSwitch (e.g., NVLink bridge-only or PCIe topologies).
(Worker_PP1_TP0 pid=1103796) WARNING 08-22 18:18:52 [flashinfer_all_reduce.py:78] Failed to initialize FlashInfer All Reduce workspace: [SymmDeviceMemory] Device does not support multicasting.. This is expected on GPUs without NVSwitch (e.g., NVLink bridge-only or PCIe topologies).
(Worker_PP1_TP0 pid=1103796) WARNING 08-22 18:18:52 [flashinfer_all_reduce.py:78] Failed to initialize FlashInfer All Reduce workspace: [SymmDeviceMemory] Device does not support multicasting.. This is expected on GPUs without NVSwitch (e.g., NVLink bridge-only or PCIe topologies).
(Worker_PP1_TP0 pid=1103796) WARNING 08-22 18:18:52 [flashinfer_all_reduce.py:78] Failed to initialize FlashInfer All Reduce workspace: [SymmDeviceMemory] Device does not support multicasting.. This is expected on GPUs without NVSwitch (e.g., NVLink bridge-only or PCIe topologies).
(Worker_PP1_TP0 pid=1103796) WARNING 08-22 18:18:52 [flashinfer_all_reduce.py:78] Failed to initialize FlashInfer All Reduce workspace: [SymmDeviceMemory] Device does not support multicasting.. This is expected on GPUs without NVSwitch (e.g., NVLink bridge-only or PCIe topologies).
(Worker_PP1_TP0 pid=1103796) WARNING 08-22 18:18:52 [flashinfer_all_reduce.py:78] Failed to initialize FlashInfer All Reduce workspace: [SymmDeviceMemory] Device does not support multicasting.. This is expected on GPUs without NVSwitch (e.g., NVLink bridge-only or PCIe topologies).
(Worker_PP1_TP0 pid=1103796) WARNING 08-22 18:18:52 [flashinfer_all_reduce.py:78] Failed to initialize FlashInfer All Reduce workspace: [SymmDeviceMemory] Device does not support multicasting.. This is expected on GPUs without NVSwitch (e.g., NVLink bridge-only or PCIe topologies).
(Worker_PP1_TP0 pid=1103796) WARNING 08-22 18:18:52 [flashinfer_all_reduce.py:78] Failed to initialize FlashInfer All Reduce workspace: [SymmDeviceMemory] Device does not support multicasting.. This is expected on GPUs without NVSwitch (e.g., NVLink bridge-only or PCIe topologies).
(Worker_PP1_TP0 pid=1103796) WARNING 08-22 18:18:52 [flashinfer_all_reduce.py:78] Failed to initialize FlashInfer All Reduce workspace: [SymmDeviceMemory] Device does not support multicasting.. This is expected on GPUs without NVSwitch (e.g., NVLink bridge-only or PCIe topologies).
(Worker_PP1_TP0 pid=1103796) WARNING 08-22 18:18:52 [flashinfer_all_reduce.py:78] Failed to initialize FlashInfer All Reduce workspace: [SymmDeviceMemory] Device does not support multicasting.. This is expected on GPUs without NVSwitch (e.g., NVLink bridge-only or PCIe topologies).
(Worker_PP1_TP0 pid=1103796) WARNING 08-22 18:18:52 [flashinfer_all_reduce.py:78] Failed to initialize FlashInfer All Reduce workspace: [SymmDeviceMemory] Device does not support multicasting.. This is expected on GPUs without NVSwitch (e.g., NVLink bridge-only or PCIe topologies).
(Worker_PP1_TP0 pid=1103796) WARNING 08-22 18:18:52 [flashinfer_all_reduce.py:78] Failed to initialize FlashInfer All Reduce workspace: [SymmDeviceMemory] Device does not support multicasting.. This is expected on GPUs without NVSwitch (e.g., NVLink bridge-only or PCIe topologies).
(Worker_PP1_TP0 pid=1103796) WARNING 08-22 18:18:52 [flashinfer_all_reduce.py:78] Failed to initialize FlashInfer All Reduce workspace: [SymmDeviceMemory] Device does not support multicasting.. This is expected on GPUs without NVSwitch (e.g., NVLink bridge-only or PCIe topologies).
(Worker_PP1_TP0 pid=1103796) WARNING 08-22 18:18:52 [flashinfer_all_reduce.py:78] Failed to initialize FlashInfer All Reduce workspace: [SymmDeviceMemory] Device does not support multicasting.. This is expected on GPUs without NVSwitch (e.g., NVLink bridge-only or PCIe topologies).
(Worker_PP1_TP0 pid=1103796) WARNING 08-22 18:18:52 [flashinfer_all_reduce.py:78] Failed to initialize FlashInfer All Reduce workspace: [SymmDeviceMemory] Device does not support multicasting.. This is expected on GPUs without NVSwitch (e.g., NVLink bridge-only or PCIe topologies).
(Worker_PP1_TP0 pid=1103796) WARNING 08-22 18:18:52 [flashinfer_all_reduce.py:78] Failed to initialize FlashInfer All Reduce workspace: [SymmDeviceMemory] Device does not support multicasting.. This is expected on GPUs without NVSwitch (e.g., NVLink bridge-only or PCIe topologies).
(Worker_PP1_TP0 pid=1103796) WARNING 08-22 18:18:52 [flashinfer_all_reduce.py:78] Failed to initialize FlashInfer All Reduce workspace: [SymmDeviceMemory] Device does not support multicasting.. This is expected on GPUs without NVSwitch (e.g., NVLink bridge-only or PCIe topologies).
(Worker_PP1_TP0 pid=1103796) WARNING 08-22 18:18:52 [flashinfer_all_reduce.py:78] Failed to initialize FlashInfer All Reduce workspace: [SymmDeviceMemory] Device does not support multicasting.. This is expected on GPUs without NVSwitch (e.g., NVLink bridge-only or PCIe topologies).
(Worker_PP1_TP0 pid=1103796) WARNING 08-22 18:18:52 [flashinfer_all_reduce.py:78] Failed to initialize FlashInfer All Reduce workspace: [SymmDeviceMemory] Device does not support multicasting.. This is expected on GPUs without NVSwitch (e.g., NVLink bridge-only or PCIe topologies).
(Worker_PP1_TP0 pid=1103796) WARNING 08-22 18:18:52 [flashinfer_all_reduce.py:78] Failed to initialize FlashInfer All Reduce workspace: [SymmDeviceMemory] Device does not support multicasting.. This is expected on GPUs without NVSwitch (e.g., NVLink bridge-only or PCIe topologies).
(Worker_PP1_TP0 pid=1103796) WARNING 08-22 18:18:52 [flashinfer_all_reduce.py:78] Failed to initialize FlashInfer All Reduce workspace: [SymmDeviceMemory] Device does not support multicasting.. This is expected on GPUs without NVSwitch (e.g., NVLink bridge-only or PCIe topologies).
(Worker_PP1_TP0 pid=1103796) WARNING 08-22 18:18:52 [flashinfer_all_reduce.py:78] Failed to initialize FlashInfer All Reduce workspace: [SymmDeviceMemory] Device does not support multicasting.. This is expected on GPUs without NVSwitch (e.g., NVLink bridge-only or PCIe topologies).
(Worker_PP1_TP0 pid=1103796) WARNING 08-22 18:18:52 [flashinfer_all_reduce.py:78] Failed to initialize FlashInfer All Reduce workspace: [SymmDeviceMemory] Device does not support multicasting.. This is expected on GPUs without NVSwitch (e.g., NVLink bridge-only or PCIe topologies).
(Worker_PP1_TP0 pid=1103796) WARNING 08-22 18:18:52 [flashinfer_all_reduce.py:78] Failed to initialize FlashInfer All Reduce workspace: [SymmDeviceMemory] Device does not support multicasting.. This is expected on GPUs without NVSwitch (e.g., NVLink bridge-only or PCIe topologies).
(Worker_PP1_TP0 pid=1103796) WARNING 08-22 18:18:52 [flashinfer_all_reduce.py:78] Failed to initialize FlashInfer All Reduce workspace: [SymmDeviceMemory] Device does not support multicasting.. This is expected on GPUs without NVSwitch (e.g., NVLink bridge-only or PCIe topologies).
(Worker_PP1_TP0 pid=1103796) WARNING 08-22 18:18:52 [flashinfer_all_reduce.py:78] Failed to initialize FlashInfer All Reduce workspace: [SymmDeviceMemory] Device does not support multicasting.. This is expected on GPUs without NVSwitch (e.g., NVLink bridge-only or PCIe topologies).
(Worker_PP1_TP4 pid=1103800) [k3t r?] step=46 tok=1 step=88.72ms | KDA: n=23 attn=18.4ms mlp=46.1ms other=0.5ms tot=65.0ms | full: n=8 attn=9.2ms mlp=14.2ms other=0.2ms tot=23.6ms | ALL: attn=27.6ms mlp=60.3ms model=88.7ms
(Worker_PP1_TP3 pid=1103799) [k3t r?] step=46 tok=1 step=88.71ms | KDA: n=23 attn=18.4ms mlp=46.1ms other=0.5ms tot=65.0ms | full: n=8 attn=9.2ms mlp=14.2ms other=0.2ms tot=23.6ms | ALL: attn=27.6ms mlp=60.3ms model=88.7ms
(Worker_PP1_TP5 pid=1103801) [k3t r?] step=46 tok=1 step=88.71ms | KDA: n=23 attn=18.4ms mlp=46.1ms other=0.5ms tot=65.0ms | full: n=8 attn=9.2ms mlp=14.2ms other=0.2ms tot=23.6ms | ALL: attn=27.6ms mlp=60.3ms model=88.7ms
(Worker_PP1_TP2 pid=1103798) [k3t r?] step=46 tok=1 step=88.71ms | KDA: n=23 attn=18.4ms mlp=46.1ms other=0.5ms tot=65.0ms | full: n=8 attn=9.2ms mlp=14.2ms other=0.2ms tot=23.6ms | ALL: attn=27.6ms mlp=60.3ms model=88.7ms
(Worker_PP1_TP7 pid=1103803) [k3t r?] step=46 tok=1 step=88.71ms | KDA: n=23 attn=18.4ms mlp=46.1ms other=0.5ms tot=65.0ms | full: n=8 attn=9.2ms mlp=14.2ms other=0.2ms tot=23.6ms | ALL: attn=27.6ms mlp=60.3ms model=88.7ms
(Worker_PP1_TP1 pid=1103797) [k3t r?] step=46 tok=1 step=88.71ms | KDA: n=23 attn=16.1ms mlp=45.8ms other=2.6ms tot=64.5ms | full: n=8 attn=8.6ms mlp=14.2ms other=0.9ms tot=23.6ms | ALL: attn=24.7ms mlp=59.9ms model=88.7ms
(Worker_PP1_TP6 pid=1103802) [k3t r?] step=46 tok=1 step=88.72ms | KDA: n=23 attn=18.4ms mlp=46.1ms other=0.5ms tot=65.0ms | full: n=8 attn=9.2ms mlp=14.2ms other=0.2ms tot=23.6ms | ALL: attn=27.6ms mlp=60.3ms model=88.7ms
(Worker_PP1_TP0 pid=1103796) [k3t r?] step=46 tok=1 step=89.02ms | KDA: n=23 attn=11.4ms mlp=45.5ms other=7.1ms tot=64.0ms | full: n=8 attn=7.1ms mlp=13.8ms other=2.4ms tot=23.3ms | ALL: attn=18.6ms mlp=59.3ms model=89.0ms
(Worker_PP1_TP0 pid=1103796) WARNING 08-22 18:18:52 [flashinfer_all_reduce.py:78] Failed to initialize FlashInfer All Reduce workspace: [SymmDeviceMemory] Device does not support multicasting.. This is expected on GPUs without NVSwitch (e.g., NVLink bridge-only or PCIe topologies).
(Worker_PP1_TP0 pid=1103796) WARNING 08-22 18:18:52 [flashinfer_all_reduce.py:78] Failed to initialize FlashInfer All Reduce workspace: [SymmDeviceMemory] Device does not support multicasting.. This is expected on GPUs without NVSwitch (e.g., NVLink bridge-only or PCIe topologies).
(Worker_PP1_TP0 pid=1103796) WARNING 08-22 18:18:52 [flashinfer_all_reduce.py:78] Failed to initialize FlashInfer All Reduce workspace: [SymmDeviceMemory] Device does not support multicasting.. This is expected on GPUs without NVSwitch (e.g., NVLink bridge-only or PCIe topologies).
(Worker_PP1_TP0 pid=1103796) WARNING 08-22 18:18:52 [flashinfer_all_reduce.py:78] Failed to initialize FlashInfer All Reduce workspace: [SymmDeviceMemory] Device does not support multicasting.. This is expected on GPUs without NVSwitch (e.g., NVLink bridge-only or PCIe topologies).
(Worker_PP1_TP0 pid=1103796) WARNING 08-22 18:18:52 [flashinfer_all_reduce.py:78] Failed to initialize FlashInfer All Reduce workspace: [SymmDeviceMemory] Device does not support multicasting.. This is expected on GPUs without NVSwitch (e.g., NVLink bridge-only or PCIe topologies).
(Worker_PP1_TP0 pid=1103796) WARNING 08-22 18:18:52 [flashinfer_all_reduce.py:78] Failed to initialize FlashInfer All Reduce workspace: [SymmDeviceMemory] Device does not support multicasting.. This is expected on GPUs without NVSwitch (e.g., NVLink bridge-only or PCIe topologies).
(Worker_PP1_TP0 pid=1103796) WARNING 08-22 18:18:52 [flashinfer_all_reduce.py:78] Failed to initialize FlashInfer All Reduce workspace: [SymmDeviceMemory] Device does not support multicasting.. This is expected on GPUs without NVSwitch (e.g., NVLink bridge-only or PCIe topologies).
(Worker_PP1_TP0 pid=1103796) WARNING 08-22 18:18:52 [flashinfer_all_reduce.py:78] Failed to initialize FlashInfer All Reduce workspace: [SymmDeviceMemory] Device does not support multicasting.. This is expected on GPUs without NVSwitch (e.g., NVLink bridge-only or PCIe topologies).
(Worker_PP1_TP0 pid=1103796) WARNING 08-22 18:18:52 [flashinfer_all_reduce.py:78] Failed to initialize FlashInfer All Reduce workspace: [SymmDeviceMemory] Device does not support multicasting.. This is expected on GPUs without NVSwitch (e.g., NVLink bridge-only or PCIe topologies).
(Worker_PP1_TP0 pid=1103796) WARNING 08-22 18:18:52 [flashinfer_all_reduce.py:78] Failed to initialize FlashInfer All Reduce workspace: [SymmDeviceMemory] Device does not support multicasting.. This is expected on GPUs without NVSwitch (e.g., NVLink bridge-only or PCIe topologies).
(Worker_PP1_TP0 pid=1103796) WARNING 08-22 18:18:52 [flashinfer_all_reduce.py:78] Failed to initialize FlashInfer All Reduce workspace: [SymmDeviceMemory] Device does not support multicasting.. This is expected on GPUs without NVSwitch (e.g., NVLink bridge-only or PCIe topologies).
(Worker_PP1_TP0 pid=1103796) WARNING 08-22 18:18:52 [flashinfer_all_reduce.py:78] Failed to initialize FlashInfer All Reduce workspace: [SymmDeviceMemory] Device does not support multicasting.. This is expected on GPUs without NVSwitch (e.g., NVLink bridge-only or PCIe topologies).
(Worker_PP1_TP0 pid=1103796) WARNING 08-22 18:18:52 [flashinfer_all_reduce.py:78] Failed to initialize FlashInfer All Reduce workspace: [SymmDeviceMemory] Device does not support multicasting.. This is expected on GPUs without NVSwitch (e.g., NVLink bridge-only or PCIe topologies).
(Worker_PP1_TP0 pid=1103796) WARNING 08-22 18:18:52 [flashinfer_all_reduce.py:78] Failed to initialize FlashInfer All Reduce workspace: [SymmDeviceMemory] Device does not support multicasting.. This is expected on GPUs without NVSwitch (e.g., NVLink bridge-only or PCIe topologies).
(Worker_PP1_TP0 pid=1103796) WARNING 08-22 18:18:52 [flashinfer_all_reduce.py:78] Failed to initialize FlashInfer All Reduce workspace: [SymmDeviceMemory] Device does not support multicasting.. This is expected on GPUs without NVSwitch (e.g., NVLink bridge-only or PCIe topologies).
(Worker_PP1_TP0 pid=1103796) WARNING 08-22 18:18:52 [flashinfer_all_reduce.py:78] Failed to initialize FlashInfer All Reduce workspace: [SymmDeviceMemory] Device does not support multicasting.. This is expected on GPUs without NVSwitch (e.g., NVLink bridge-only or PCIe topologies).
(Worker_PP1_TP0 pid=1103796) WARNING 08-22 18:18:52 [flashinfer_all_reduce.py:78] Failed to initialize FlashInfer All Reduce workspace: [SymmDeviceMemory] Device does not support multicasting.. This is expected on GPUs without NVSwitch (e.g., NVLink bridge-only or PCIe topologies).
(Worker_PP1_TP0 pid=1103796) WARNING 08-22 18:18:52 [flashinfer_all_reduce.py:78] Failed to initialize FlashInfer All Reduce workspace: [SymmDeviceMemory] Device does not support multicasting.. This is expected on GPUs without NVSwitch (e.g., NVLink bridge-only or PCIe topologies).
(Worker_PP1_TP0 pid=1103796) WARNING 08-22 18:18:52 [flashinfer_all_reduce.py:78] Failed to initialize FlashInfer All Reduce workspace: [SymmDeviceMemory] Device does not support multicasting.. This is expected on GPUs without NVSwitch (e.g., NVLink bridge-only or PCIe topologies).
(Worker_PP1_TP0 pid=1103796) WARNING 08-22 18:18:52 [flashinfer_all_reduce.py:78] Failed to initialize FlashInfer All Reduce workspace: [SymmDeviceMemory] Device does not support multicasting.. This is expected on GPUs without NVSwitch (e.g., NVLink bridge-only or PCIe topologies).
(Worker_PP1_TP0 pid=1103796) WARNING 08-22 18:18:52 [flashinfer_all_reduce.py:78] Failed to initialize FlashInfer All Reduce workspace: [SymmDeviceMemory] Device does not support multicasting.. This is expected on GPUs without NVSwitch (e.g., NVLink bridge-only or PCIe topologies).
(Worker_PP1_TP0 pid=1103796) WARNING 08-22 18:18:52 [flashinfer_all_reduce.py:78] Failed to initialize FlashInfer All Reduce workspace: [SymmDeviceMemory] Device does not support multicasting.. This is expected on GPUs without NVSwitch (e.g., NVLink bridge-only or PCIe topologies).
(Worker_PP1_TP0 pid=1103796) WARNING 08-22 18:18:52 [flashinfer_all_reduce.py:78] Failed to initialize FlashInfer All Reduce workspace: [SymmDeviceMemory] Device does not support multicasting.. This is expected on GPUs without NVSwitch (e.g., NVLink bridge-only or PCIe topologies).
(Worker_PP1_TP0 pid=1103796) WARNING 08-22 18:18:52 [flashinfer_all_reduce.py:78] Failed to initialize FlashInfer All Reduce workspace: [SymmDeviceMemory] Device does not support multicasting.. This is expected on GPUs without NVSwitch (e.g., NVLink bridge-only or PCIe topologies).
(Worker_PP1_TP0 pid=1103796) WARNING 08-22 18:18:52 [flashinfer_all_reduce.py:78] Failed to initialize FlashInfer All Reduce workspace: [SymmDeviceMemory] Device does not support multicasting.. This is expected on GPUs without NVSwitch (e.g., NVLink bridge-only or PCIe topologies).
(Worker_PP1_TP0 pid=1103796) WARNING 08-22 18:18:52 [flashinfer_all_reduce.py:78] Failed to initialize FlashInfer All Reduce workspace: [SymmDeviceMemory] Device does not support multicasting.. This is expected on GPUs without NVSwitch (e.g., NVLink bridge-only or PCIe topologies).
(Worker_PP1_TP0 pid=1103796) WARNING 08-22 18:18:52 [flashinfer_all_reduce.py:78] Failed to initialize FlashInfer All Reduce workspace: [SymmDeviceMemory] Device does not support multicasting.. This is expected on GPUs without NVSwitch (e.g., NVLink bridge-only or PCIe topologies).
(Worker_PP1_TP0 pid=1103796) WARNING 08-22 18:18:52 [flashinfer_all_reduce.py:78] Failed to initialize FlashInfer All Reduce workspace: [SymmDeviceMemory] Device does not support multicasting.. This is expected on GPUs without NVSwitch (e.g., NVLink bridge-only or PCIe topologies).
(Worker_PP1_TP0 pid=1103796) WARNING 08-22 18:18:52 [flashinfer_all_reduce.py:78] Failed to initialize FlashInfer All Reduce workspace: [SymmDeviceMemory] Device does not support multicasting.. This is expected on GPUs without NVSwitch (e.g., NVLink bridge-only or PCIe topologies).
(Worker_PP1_TP0 pid=1103796) WARNING 08-22 18:18:52 [flashinfer_all_reduce.py:78] Failed to initialize FlashInfer All Reduce workspace: [SymmDeviceMemory] Device does not support multicasting.. This is expected on GPUs without NVSwitch (e.g., NVLink bridge-only or PCIe topologies).
(Worker_PP1_TP0 pid=1103796) WARNING 08-22 18:18:52 [flashinfer_all_reduce.py:78] Failed to initialize FlashInfer All Reduce workspace: [SymmDeviceMemory] Device does not support multicasting.. This is expected on GPUs without NVSwitch (e.g., NVLink bridge-only or PCIe topologies).
(Worker_PP1_TP1 pid=1103797) [k3t r?] step=47 tok=1 step=90.03ms | KDA: n=23 attn=13.9ms mlp=44.7ms other=5.2ms tot=63.8ms | full: n=8 attn=7.9ms mlp=15.5ms other=1.6ms tot=25.0ms | ALL: attn=21.8ms mlp=60.3ms model=90.0ms
(Worker_PP1_TP3 pid=1103799) [k3t r?] step=47 tok=1 step=90.03ms | KDA: n=23 attn=19.0ms mlp=45.0ms other=0.5ms tot=64.6ms | full: n=8 attn=9.4ms mlp=15.7ms other=0.2ms tot=25.3ms | ALL: attn=28.5ms mlp=60.7ms model=90.0ms
(Worker_PP1_TP4 pid=1103800) [k3t r?] step=47 tok=1 step=90.03ms | KDA: n=23 attn=19.1ms mlp=45.0ms other=0.5ms tot=64.6ms | full: n=8 attn=9.4ms mlp=15.7ms other=0.2ms tot=25.3ms | ALL: attn=28.5ms mlp=60.7ms model=90.0ms
(Worker_PP1_TP6 pid=1103802) [k3t r?] step=47 tok=1 step=90.03ms | KDA: n=23 attn=19.0ms mlp=45.0ms other=0.5ms tot=64.6ms | full: n=8 attn=9.4ms mlp=15.7ms other=0.2ms tot=25.3ms | ALL: attn=28.5ms mlp=60.7ms model=90.0ms
(Worker_PP1_TP2 pid=1103798) [k3t r?] step=47 tok=1 step=90.03ms | KDA: n=23 attn=19.0ms mlp=45.0ms other=0.5ms tot=64.6ms | full: n=8 attn=9.4ms mlp=15.7ms other=0.2ms tot=25.3ms | ALL: attn=28.5ms mlp=60.7ms model=90.0ms
(Worker_PP1_TP5 pid=1103801) [k3t r?] step=47 tok=1 step=90.03ms | KDA: n=23 attn=19.0ms mlp=45.1ms other=0.5ms tot=64.6ms | full: n=8 attn=9.4ms mlp=15.7ms other=0.2ms tot=25.3ms | ALL: attn=28.5ms mlp=60.7ms model=90.0ms
(Worker_PP1_TP7 pid=1103803) [k3t r?] step=47 tok=1 step=90.03ms | KDA: n=23 attn=19.0ms mlp=45.0ms other=0.5ms tot=64.6ms | full: n=8 attn=9.4ms mlp=15.7ms other=0.2ms tot=25.3ms | ALL: attn=28.5ms mlp=60.7ms model=90.0ms
(Worker_PP1_TP0 pid=1103796) [k3t r?] step=47 tok=1 step=90.33ms | KDA: n=23 attn=14.0ms mlp=44.5ms other=5.3ms tot=63.8ms | full: n=8 attn=7.8ms mlp=15.5ms other=1.9ms tot=25.2ms | ALL: attn=21.8ms mlp=60.0ms model=90.3ms
(Worker_PP1_TP0 pid=1103796) WARNING 08-22 18:18:53 [flashinfer_all_reduce.py:78] Failed to initialize FlashInfer All Reduce workspace: [SymmDeviceMemory] Device does not support multicasting.. This is expected on GPUs without NVSwitch (e.g., NVLink bridge-only or PCIe topologies).
(Worker_PP1_TP0 pid=1103796) WARNING 08-22 18:18:53 [flashinfer_all_reduce.py:78] Failed to initialize FlashInfer All Reduce workspace: [SymmDeviceMemory] Device does not support multicasting.. This is expected on GPUs without NVSwitch (e.g., NVLink bridge-only or PCIe topologies).
(Worker_PP1_TP0 pid=1103796) WARNING 08-22 18:18:53 [flashinfer_all_reduce.py:78] Failed to initialize FlashInfer All Reduce workspace: [SymmDeviceMemory] Device does not support multicasting.. This is expected on GPUs without NVSwitch (e.g., NVLink bridge-only or PCIe topologies).
(Worker_PP1_TP0 pid=1103796) WARNING 08-22 18:18:53 [flashinfer_all_reduce.py:78] Failed to initialize FlashInfer All Reduce workspace: [SymmDeviceMemory] Device does not support multicasting.. This is expected on GPUs without NVSwitch (e.g., NVLink bridge-only or PCIe topologies).
(Worker_PP1_TP0 pid=1103796) WARNING 08-22 18:18:53 [flashinfer_all_reduce.py:78] Failed to initialize FlashInfer All Reduce workspace: [SymmDeviceMemory] Device does not support multicasting.. This is expected on GPUs without NVSwitch (e.g., NVLink bridge-only or PCIe topologies).
(Worker_PP1_TP0 pid=1103796) WARNING 08-22 18:18:53 [flashinfer_all_reduce.py:78] Failed to initialize FlashInfer All Reduce workspace: [SymmDeviceMemory] Device does not support multicasting.. This is expected on GPUs without NVSwitch (e.g., NVLink bridge-only or PCIe topologies).
(Worker_PP1_TP0 pid=1103796) WARNING 08-22 18:18:53 [flashinfer_all_reduce.py:78] Failed to initialize FlashInfer All Reduce workspace: [SymmDeviceMemory] Device does not support multicasting.. This is expected on GPUs without NVSwitch (e.g., NVLink bridge-only or PCIe topologies).
(Worker_PP1_TP0 pid=1103796) WARNING 08-22 18:18:53 [flashinfer_all_reduce.py:78] Failed to initialize FlashInfer All Reduce workspace: [SymmDeviceMemory] Device does not support multicasting.. This is expected on GPUs without NVSwitch (e.g., NVLink bridge-only or PCIe topologies).
(Worker_PP1_TP0 pid=1103796) WARNING 08-22 18:18:53 [flashinfer_all_reduce.py:78] Failed to initialize FlashInfer All Reduce workspace: [SymmDeviceMemory] Device does not support multicasting.. This is expected on GPUs without NVSwitch (e.g., NVLink bridge-only or PCIe topologies).
(Worker_PP1_TP0 pid=1103796) WARNING 08-22 18:18:53 [flashinfer_all_reduce.py:78] Failed to initialize FlashInfer All Reduce workspace: [SymmDeviceMemory] Device does not support multicasting.. This is expected on GPUs without NVSwitch (e.g., NVLink bridge-only or PCIe topologies).
(Worker_PP1_TP0 pid=1103796) WARNING 08-22 18:18:53 [flashinfer_all_reduce.py:78] Failed to initialize FlashInfer All Reduce workspace: [SymmDeviceMemory] Device does not support multicasting.. This is expected on GPUs without NVSwitch (e.g., NVLink bridge-only or PCIe topologies).
(Worker_PP1_TP0 pid=1103796) WARNING 08-22 18:18:53 [flashinfer_all_reduce.py:78] Failed to initialize FlashInfer All Reduce workspace: [SymmDeviceMemory] Device does not support multicasting.. This is expected on GPUs without NVSwitch (e.g., NVLink bridge-only or PCIe topologies).
(Worker_PP1_TP0 pid=1103796) WARNING 08-22 18:18:53 [flashinfer_all_reduce.py:78] Failed to initialize FlashInfer All Reduce workspace: [SymmDeviceMemory] Device does not support multicasting.. This is expected on GPUs without NVSwitch (e.g., NVLink bridge-only or PCIe topologies).
(Worker_PP1_TP0 pid=1103796) WARNING 08-22 18:18:53 [flashinfer_all_reduce.py:78] Failed to initialize FlashInfer All Reduce workspace: [SymmDeviceMemory] Device does not support multicasting.. This is expected on GPUs without NVSwitch (e.g., NVLink bridge-only or PCIe topologies).
(Worker_PP1_TP0 pid=1103796) WARNING 08-22 18:18:53 [flashinfer_all_reduce.py:78] Failed to initialize FlashInfer All Reduce workspace: [SymmDeviceMemory] Device does not support multicasting.. This is expected on GPUs without NVSwitch (e.g., NVLink bridge-only or PCIe topologies).
(Worker_PP1_TP0 pid=1103796) WARNING 08-22 18:18:53 [flashinfer_all_reduce.py:78] Failed to initialize FlashInfer All Reduce workspace: [SymmDeviceMemory] Device does not support multicasting.. This is expected on GPUs without NVSwitch (e.g., NVLink bridge-only or PCIe topologies).
(Worker_PP1_TP0 pid=1103796) WARNING 08-22 18:18:53 [flashinfer_all_reduce.py:78] Failed to initialize FlashInfer All Reduce workspace: [SymmDeviceMemory] Device does not support multicasting.. This is expected on GPUs without NVSwitch (e.g., NVLink bridge-only or PCIe topologies).
(Worker_PP1_TP0 pid=1103796) WARNING 08-22 18:18:53 [flashinfer_all_reduce.py:78] Failed to initialize FlashInfer All Reduce workspace: [SymmDeviceMemory] Device does not support multicasting.. This is expected on GPUs without NVSwitch (e.g., NVLink bridge-only or PCIe topologies).
(Worker_PP1_TP0 pid=1103796) WARNING 08-22 18:18:53 [flashinfer_all_reduce.py:78] Failed to initialize FlashInfer All Reduce workspace: [SymmDeviceMemory] Device does not support multicasting.. This is expected on GPUs without NVSwitch (e.g., NVLink bridge-only or PCIe topologies).
(Worker_PP1_TP0 pid=1103796) WARNING 08-22 18:18:53 [flashinfer_all_reduce.py:78] Failed to initialize FlashInfer All Reduce workspace: [SymmDeviceMemory] Device does not support multicasting.. This is expected on GPUs without NVSwitch (e.g., NVLink bridge-only or PCIe topologies).
(Worker_PP1_TP0 pid=1103796) WARNING 08-22 18:18:53 [flashinfer_all_reduce.py:78] Failed to initialize FlashInfer All Reduce workspace: [SymmDeviceMemory] Device does not support multicasting.. This is expected on GPUs without NVSwitch (e.g., NVLink bridge-only or PCIe topologies).
(Worker_PP1_TP0 pid=1103796) WARNING 08-22 18:18:53 [flashinfer_all_reduce.py:78] Failed to initialize FlashInfer All Reduce workspace: [SymmDeviceMemory] Device does not support multicasting.. This is expected on GPUs without NVSwitch (e.g., NVLink bridge-only or PCIe topologies).
(Worker_PP1_TP0 pid=1103796) WARNING 08-22 18:18:53 [flashinfer_all_reduce.py:78] Failed to initialize FlashInfer All Reduce workspace: [SymmDeviceMemory] Device does not support multicasting.. This is expected on GPUs without NVSwitch (e.g., NVLink bridge-only or PCIe topologies).
(Worker_PP1_TP0 pid=1103796) WARNING 08-22 18:18:53 [flashinfer_all_reduce.py:78] Failed to initialize FlashInfer All Reduce workspace: [SymmDeviceMemory] Device does not support multicasting.. This is expected on GPUs without NVSwitch (e.g., NVLink bridge-only or PCIe topologies).
(Worker_PP1_TP0 pid=1103796) WARNING 08-22 18:18:53 [flashinfer_all_reduce.py:78] Failed to initialize FlashInfer All Reduce workspace: [SymmDeviceMemory] Device does not support multicasting.. This is expected on GPUs without NVSwitch (e.g., NVLink bridge-only or PCIe topologies).
(Worker_PP1_TP0 pid=1103796) WARNING 08-22 18:18:53 [flashinfer_all_reduce.py:78] Failed to initialize FlashInfer All Reduce workspace: [SymmDeviceMemory] Device does not support multicasting.. This is expected on GPUs without NVSwitch (e.g., NVLink bridge-only or PCIe topologies).
(Worker_PP1_TP0 pid=1103796) WARNING 08-22 18:18:53 [flashinfer_all_reduce.py:78] Failed to initialize FlashInfer All Reduce workspace: [SymmDeviceMemory] Device does not support multicasting.. This is expected on GPUs without NVSwitch (e.g., NVLink bridge-only or PCIe topologies).
(Worker_PP1_TP0 pid=1103796) WARNING 08-22 18:18:53 [flashinfer_all_reduce.py:78] Failed to initialize FlashInfer All Reduce workspace: [SymmDeviceMemory] Device does not support multicasting.. This is expected on GPUs without NVSwitch (e.g., NVLink bridge-only or PCIe topologies).
(Worker_PP1_TP0 pid=1103796) WARNING 08-22 18:18:53 [flashinfer_all_reduce.py:78] Failed to initialize FlashInfer All Reduce workspace: [SymmDeviceMemory] Device does not support multicasting.. This is expected on GPUs without NVSwitch (e.g., NVLink bridge-only or PCIe topologies).
(Worker_PP1_TP0 pid=1103796) WARNING 08-22 18:18:53 [flashinfer_all_reduce.py:78] Failed to initialize FlashInfer All Reduce workspace: [SymmDeviceMemory] Device does not support multicasting.. This is expected on GPUs without NVSwitch (e.g., NVLink bridge-only or PCIe topologies).
(Worker_PP1_TP0 pid=1103796) WARNING 08-22 18:18:53 [flashinfer_all_reduce.py:78] Failed to initialize FlashInfer All Reduce workspace: [SymmDeviceMemory] Device does not support multicasting.. This is expected on GPUs without NVSwitch (e.g., NVLink bridge-only or PCIe topologies).
(Worker_PP1_TP3 pid=1103799) [k3t r?] step=48 tok=1 step=90.57ms | KDA: n=23 attn=18.7ms mlp=44.9ms other=0.5ms tot=64.2ms | full: n=8 attn=10.7ms mlp=15.5ms other=0.2ms tot=26.3ms | ALL: attn=29.4ms mlp=60.4ms model=90.6ms
(Worker_PP1_TP4 pid=1103800) [k3t r?] step=48 tok=1 step=90.57ms | KDA: n=23 attn=18.7ms mlp=44.9ms other=0.5ms tot=64.2ms | full: n=8 attn=10.7ms mlp=15.5ms other=0.2ms tot=26.3ms | ALL: attn=29.4ms mlp=60.4ms model=90.6ms
(Worker_PP1_TP6 pid=1103802) [k3t r?] step=48 tok=1 step=90.57ms | KDA: n=23 attn=18.7ms mlp=44.9ms other=0.5ms tot=64.2ms | full: n=8 attn=10.7ms mlp=15.5ms other=0.2ms tot=26.3ms | ALL: attn=29.4ms mlp=60.4ms model=90.6ms
(Worker_PP1_TP1 pid=1103797) [k3t r?] step=48 tok=1 step=90.57ms | KDA: n=23 attn=14.1ms mlp=44.4ms other=4.7ms tot=63.3ms | full: n=8 attn=8.9ms mlp=15.2ms other=2.0ms tot=26.0ms | ALL: attn=23.0ms mlp=59.6ms model=90.6ms
(Worker_PP1_TP5 pid=1103801) [k3t r?] step=48 tok=1 step=90.57ms | KDA: n=23 attn=18.7ms mlp=44.9ms other=0.5ms tot=64.2ms | full: n=8 attn=10.7ms mlp=15.4ms other=0.2ms tot=26.3ms | ALL: attn=29.4ms mlp=60.4ms model=90.6ms
(Worker_PP1_TP7 pid=1103803) [k3t r?] step=48 tok=1 step=90.57ms | KDA: n=23 attn=18.7ms mlp=44.9ms other=0.5ms tot=64.2ms | full: n=8 attn=10.7ms mlp=15.4ms other=0.2ms tot=26.3ms | ALL: attn=29.4ms mlp=60.4ms model=90.6ms
(Worker_PP1_TP2 pid=1103798) [k3t r?] step=48 tok=1 step=90.57ms | KDA: n=23 attn=18.7ms mlp=44.9ms other=0.5ms tot=64.2ms | full: n=8 attn=10.7ms mlp=15.4ms other=0.2ms tot=26.3ms | ALL: attn=29.4ms mlp=60.4ms model=90.6ms
(Worker_PP1_TP0 pid=1103796) [k3t r?] step=48 tok=1 step=90.96ms | KDA: n=23 attn=13.8ms mlp=44.6ms other=5.1ms tot=63.5ms | full: n=8 attn=9.2ms mlp=15.4ms other=1.7ms tot=26.3ms | ALL: attn=23.0ms mlp=60.0ms model=91.0ms
(Worker_PP1_TP0 pid=1103796) WARNING 08-22 18:18:53 [flashinfer_all_reduce.py:78] Failed to initialize FlashInfer All Reduce workspace: [SymmDeviceMemory] Device does not support multicasting.. This is expected on GPUs without NVSwitch (e.g., NVLink bridge-only or PCIe topologies).
(Worker_PP1_TP0 pid=1103796) WARNING 08-22 18:18:53 [flashinfer_all_reduce.py:78] Failed to initialize FlashInfer All Reduce workspace: [SymmDeviceMemory] Device does not support multicasting.. This is expected on GPUs without NVSwitch (e.g., NVLink bridge-only or PCIe topologies).
(Worker_PP1_TP0 pid=1103796) WARNING 08-22 18:18:53 [flashinfer_all_reduce.py:78] Failed to initialize FlashInfer All Reduce workspace: [SymmDeviceMemory] Device does not support multicasting.. This is expected on GPUs without NVSwitch (e.g., NVLink bridge-only or PCIe topologies).
(Worker_PP1_TP0 pid=1103796) WARNING 08-22 18:18:53 [flashinfer_all_reduce.py:78] Failed to initialize FlashInfer All Reduce workspace: [SymmDeviceMemory] Device does not support multicasting.. This is expected on GPUs without NVSwitch (e.g., NVLink bridge-only or PCIe topologies).
(Worker_PP1_TP0 pid=1103796) WARNING 08-22 18:18:53 [flashinfer_all_reduce.py:78] Failed to initialize FlashInfer All Reduce workspace: [SymmDeviceMemory] Device does not support multicasting.. This is expected on GPUs without NVSwitch (e.g., NVLink bridge-only or PCIe topologies).
(Worker_PP1_TP0 pid=1103796) WARNING 08-22 18:18:53 [flashinfer_all_reduce.py:78] Failed to initialize FlashInfer All Reduce workspace: [SymmDeviceMemory] Device does not support multicasting.. This is expected on GPUs without NVSwitch (e.g., NVLink bridge-only or PCIe topologies).
(Worker_PP1_TP0 pid=1103796) WARNING 08-22 18:18:53 [flashinfer_all_reduce.py:78] Failed to initialize FlashInfer All Reduce workspace: [SymmDeviceMemory] Device does not support multicasting.. This is expected on GPUs without NVSwitch (e.g., NVLink bridge-only or PCIe topologies).
(Worker_PP1_TP0 pid=1103796) WARNING 08-22 18:18:53 [flashinfer_all_reduce.py:78] Failed to initialize FlashInfer All Reduce workspace: [SymmDeviceMemory] Device does not support multicasting.. This is expected on GPUs without NVSwitch (e.g., NVLink bridge-only or PCIe topologies).
(Worker_PP1_TP0 pid=1103796) WARNING 08-22 18:18:53 [flashinfer_all_reduce.py:78] Failed to initialize FlashInfer All Reduce workspace: [SymmDeviceMemory] Device does not support multicasting.. This is expected on GPUs without NVSwitch (e.g., NVLink bridge-only or PCIe topologies).
(Worker_PP1_TP0 pid=1103796) WARNING 08-22 18:18:53 [flashinfer_all_reduce.py:78] Failed to initialize FlashInfer All Reduce workspace: [SymmDeviceMemory] Device does not support multicasting.. This is expected on GPUs without NVSwitch (e.g., NVLink bridge-only or PCIe topologies).
(Worker_PP1_TP0 pid=1103796) WARNING 08-22 18:18:53 [flashinfer_all_reduce.py:78] Failed to initialize FlashInfer All Reduce workspace: [SymmDeviceMemory] Device does not support multicasting.. This is expected on GPUs without NVSwitch (e.g., NVLink bridge-only or PCIe topologies).
(Worker_PP1_TP0 pid=1103796) WARNING 08-22 18:18:53 [flashinfer_all_reduce.py:78] Failed to initialize FlashInfer All Reduce workspace: [SymmDeviceMemory] Device does not support multicasting.. This is expected on GPUs without NVSwitch (e.g., NVLink bridge-only or PCIe topologies).
(Worker_PP1_TP0 pid=1103796) WARNING 08-22 18:18:53 [flashinfer_all_reduce.py:78] Failed to initialize FlashInfer All Reduce workspace: [SymmDeviceMemory] Device does not support multicasting.. This is expected on GPUs without NVSwitch (e.g., NVLink bridge-only or PCIe topologies).
(Worker_PP1_TP0 pid=1103796) WARNING 08-22 18:18:53 [flashinfer_all_reduce.py:78] Failed to initialize FlashInfer All Reduce workspace: [SymmDeviceMemory] Device does not support multicasting.. This is expected on GPUs without NVSwitch (e.g., NVLink bridge-only or PCIe topologies).
(Worker_PP1_TP0 pid=1103796) WARNING 08-22 18:18:53 [flashinfer_all_reduce.py:78] Failed to initialize FlashInfer All Reduce workspace: [SymmDeviceMemory] Device does not support multicasting.. This is expected on GPUs without NVSwitch (e.g., NVLink bridge-only or PCIe topologies).
(Worker_PP1_TP0 pid=1103796) WARNING 08-22 18:18:53 [flashinfer_all_reduce.py:78] Failed to initialize FlashInfer All Reduce workspace: [SymmDeviceMemory] Device does not support multicasting.. This is expected on GPUs without NVSwitch (e.g., NVLink bridge-only or PCIe topologies).
(Worker_PP1_TP0 pid=1103796) WARNING 08-22 18:18:53 [flashinfer_all_reduce.py:78] Failed to initialize FlashInfer All Reduce workspace: [SymmDeviceMemory] Device does not support multicasting.. This is expected on GPUs without NVSwitch (e.g., NVLink bridge-only or PCIe topologies).
(Worker_PP1_TP0 pid=1103796) WARNING 08-22 18:18:53 [flashinfer_all_reduce.py:78] Failed to initialize FlashInfer All Reduce workspace: [SymmDeviceMemory] Device does not support multicasting.. This is expected on GPUs without NVSwitch (e.g., NVLink bridge-only or PCIe topologies).
(Worker_PP1_TP0 pid=1103796) WARNING 08-22 18:18:53 [flashinfer_all_reduce.py:78] Failed to initialize FlashInfer All Reduce workspace: [SymmDeviceMemory] Device does not support multicasting.. This is expected on GPUs without NVSwitch (e.g., NVLink bridge-only or PCIe topologies).
(Worker_PP1_TP0 pid=1103796) WARNING 08-22 18:18:53 [flashinfer_all_reduce.py:78] Failed to initialize FlashInfer All Reduce workspace: [SymmDeviceMemory] Device does not support multicasting.. This is expected on GPUs without NVSwitch (e.g., NVLink bridge-only or PCIe topologies).
(Worker_PP1_TP0 pid=1103796) WARNING 08-22 18:18:53 [flashinfer_all_reduce.py:78] Failed to initialize FlashInfer All Reduce workspace: [SymmDeviceMemory] Device does not support multicasting.. This is expected on GPUs without NVSwitch (e.g., NVLink bridge-only or PCIe topologies).
(Worker_PP1_TP0 pid=1103796) WARNING 08-22 18:18:53 [flashinfer_all_reduce.py:78] Failed to initialize FlashInfer All Reduce workspace: [SymmDeviceMemory] Device does not support multicasting.. This is expected on GPUs without NVSwitch (e.g., NVLink bridge-only or PCIe topologies).
(Worker_PP1_TP0 pid=1103796) WARNING 08-22 18:18:53 [flashinfer_all_reduce.py:78] Failed to initialize FlashInfer All Reduce workspace: [SymmDeviceMemory] Device does not support multicasting.. This is expected on GPUs without NVSwitch (e.g., NVLink bridge-only or PCIe topologies).
(Worker_PP1_TP0 pid=1103796) WARNING 08-22 18:18:53 [flashinfer_all_reduce.py:78] Failed to initialize FlashInfer All Reduce workspace: [SymmDeviceMemory] Device does not support multicasting.. This is expected on GPUs without NVSwitch (e.g., NVLink bridge-only or PCIe topologies).
(Worker_PP1_TP0 pid=1103796) WARNING 08-22 18:18:53 [flashinfer_all_reduce.py:78] Failed to initialize FlashInfer All Reduce workspace: [SymmDeviceMemory] Device does not support multicasting.. This is expected on GPUs without NVSwitch (e.g., NVLink bridge-only or PCIe topologies).
(Worker_PP1_TP0 pid=1103796) WARNING 08-22 18:18:53 [flashinfer_all_reduce.py:78] Failed to initialize FlashInfer All Reduce workspace: [SymmDeviceMemory] Device does not support multicasting.. This is expected on GPUs without NVSwitch (e.g., NVLink bridge-only or PCIe topologies).
(Worker_PP1_TP0 pid=1103796) WARNING 08-22 18:18:53 [flashinfer_all_reduce.py:78] Failed to initialize FlashInfer All Reduce workspace: [SymmDeviceMemory] Device does not support multicasting.. This is expected on GPUs without NVSwitch (e.g., NVLink bridge-only or PCIe topologies).
(Worker_PP1_TP0 pid=1103796) WARNING 08-22 18:18:53 [flashinfer_all_reduce.py:78] Failed to initialize FlashInfer All Reduce workspace: [SymmDeviceMemory] Device does not support multicasting.. This is expected on GPUs without NVSwitch (e.g., NVLink bridge-only or PCIe topologies).
(Worker_PP1_TP0 pid=1103796) WARNING 08-22 18:18:53 [flashinfer_all_reduce.py:78] Failed to initialize FlashInfer All Reduce workspace: [SymmDeviceMemory] Device does not support multicasting.. This is expected on GPUs without NVSwitch (e.g., NVLink bridge-only or PCIe topologies).
(Worker_PP1_TP0 pid=1103796) WARNING 08-22 18:18:53 [flashinfer_all_reduce.py:78] Failed to initialize FlashInfer All Reduce workspace: [SymmDeviceMemory] Device does not support multicasting.. This is expected on GPUs without NVSwitch (e.g., NVLink bridge-only or PCIe topologies).
(Worker_PP1_TP0 pid=1103796) WARNING 08-22 18:18:53 [flashinfer_all_reduce.py:78] Failed to initialize FlashInfer All Reduce workspace: [SymmDeviceMemory] Device does not support multicasting.. This is expected on GPUs without NVSwitch (e.g., NVLink bridge-only or PCIe topologies).
(Worker_PP1_TP3 pid=1103799) [k3t r?] step=49 tok=1 step=90.78ms | KDA: n=23 attn=18.8ms mlp=45.1ms other=0.5ms tot=64.5ms | full: n=8 attn=10.6ms mlp=15.3ms other=0.2ms tot=26.2ms | ALL: attn=29.5ms mlp=60.5ms model=90.8ms
(Worker_PP1_TP4 pid=1103800) [k3t r?] step=49 tok=1 step=90.78ms | KDA: n=23 attn=18.8ms mlp=45.2ms other=0.5ms tot=64.5ms | full: n=8 attn=10.6ms mlp=15.4ms other=0.2ms tot=26.2ms | ALL: attn=29.5ms mlp=60.5ms model=90.8ms
(Worker_PP1_TP1 pid=1103797) [k3t r?] step=49 tok=1 step=90.78ms | KDA: n=23 attn=12.9ms mlp=44.3ms other=6.2ms tot=63.5ms | full: n=8 attn=8.4ms mlp=15.0ms other=2.5ms tot=25.9ms | ALL: attn=21.4ms mlp=59.3ms model=90.8ms
(Worker_PP1_TP5 pid=1103801) [k3t r?] step=49 tok=1 step=90.78ms | KDA: n=23 attn=18.8ms mlp=45.2ms other=0.5ms tot=64.5ms | full: n=8 attn=10.6ms mlp=15.3ms other=0.2ms tot=26.2ms | ALL: attn=29.5ms mlp=60.5ms model=90.8ms
(Worker_PP1_TP6 pid=1103802) [k3t r?] step=49 tok=1 step=90.78ms | KDA: n=23 attn=18.8ms mlp=45.2ms other=0.5ms tot=64.5ms | full: n=8 attn=10.6ms mlp=15.3ms other=0.2ms tot=26.2ms | ALL: attn=29.5ms mlp=60.5ms model=90.8ms
(Worker_PP1_TP7 pid=1103803) [k3t r?] step=49 tok=1 step=90.78ms | KDA: n=23 attn=15.4ms mlp=44.7ms other=3.8ms tot=63.9ms | full: n=8 attn=9.4ms mlp=15.1ms other=1.5ms tot=26.1ms | ALL: attn=24.8ms mlp=59.8ms model=90.8ms
(Worker_PP1_TP2 pid=1103798) [k3t r?] step=49 tok=1 step=90.77ms | KDA: n=23 attn=18.8ms mlp=45.1ms other=0.6ms tot=64.5ms | full: n=8 attn=10.6ms mlp=15.3ms other=0.2ms tot=26.2ms | ALL: attn=29.5ms mlp=60.5ms model=90.8ms
(Worker_PP1_TP0 pid=1103796) [k3t r?] step=49 tok=1 step=91.08ms | KDA: n=23 attn=15.8ms mlp=45.0ms other=3.4ms tot=64.2ms | full: n=8 attn=9.7ms mlp=15.2ms other=1.2ms tot=26.1ms | ALL: attn=25.5ms mlp=60.2ms model=91.1ms
(Worker_PP1_TP0 pid=1103796) WARNING 08-22 18:18:53 [flashinfer_all_reduce.py:78] Failed to initialize FlashInfer All Reduce workspace: [SymmDeviceMemory] Device does not support multicasting.. This is expected on GPUs without NVSwitch (e.g., NVLink bridge-only or PCIe topologies).
(Worker_PP1_TP0 pid=1103796) WARNING 08-22 18:18:53 [flashinfer_all_reduce.py:78] Failed to initialize FlashInfer All Reduce workspace: [SymmDeviceMemory] Device does not support multicasting.. This is expected on GPUs without NVSwitch (e.g., NVLink bridge-only or PCIe topologies).
(Worker_PP1_TP0 pid=1103796) WARNING 08-22 18:18:53 [flashinfer_all_reduce.py:78] Failed to initialize FlashInfer All Reduce workspace: [SymmDeviceMemory] Device does not support multicasting.. This is expected on GPUs without NVSwitch (e.g., NVLink bridge-only or PCIe topologies).
(Worker_PP1_TP0 pid=1103796) WARNING 08-22 18:18:53 [flashinfer_all_reduce.py:78] Failed to initialize FlashInfer All Reduce workspace: [SymmDeviceMemory] Device does not support multicasting.. This is expected on GPUs without NVSwitch (e.g., NVLink bridge-only or PCIe topologies).
(Worker_PP1_TP0 pid=1103796) WARNING 08-22 18:18:53 [flashinfer_all_reduce.py:78] Failed to initialize FlashInfer All Reduce workspace: [SymmDeviceMemory] Device does not support multicasting.. This is expected on GPUs without NVSwitch (e.g., NVLink bridge-only or PCIe topologies).
(Worker_PP1_TP0 pid=1103796) WARNING 08-22 18:18:53 [flashinfer_all_reduce.py:78] Failed to initialize FlashInfer All Reduce workspace: [SymmDeviceMemory] Device does not support multicasting.. This is expected on GPUs without NVSwitch (e.g., NVLink bridge-only or PCIe topologies).
(Worker_PP1_TP0 pid=1103796) WARNING 08-22 18:18:53 [flashinfer_all_reduce.py:78] Failed to initialize FlashInfer All Reduce workspace: [SymmDeviceMemory] Device does not support multicasting.. This is expected on GPUs without NVSwitch (e.g., NVLink bridge-only or PCIe topologies).
(Worker_PP1_TP0 pid=1103796) WARNING 08-22 18:18:53 [flashinfer_all_reduce.py:78] Failed to initialize FlashInfer All Reduce workspace: [SymmDeviceMemory] Device does not support multicasting.. This is expected on GPUs without NVSwitch (e.g., NVLink bridge-only or PCIe topologies).
(Worker_PP1_TP0 pid=1103796) WARNING 08-22 18:18:53 [flashinfer_all_reduce.py:78] Failed to initialize FlashInfer All Reduce workspace: [SymmDeviceMemory] Device does not support multicasting.. This is expected on GPUs without NVSwitch (e.g., NVLink bridge-only or PCIe topologies).
(Worker_PP1_TP0 pid=1103796) WARNING 08-22 18:18:54 [flashinfer_all_reduce.py:78] Failed to initialize FlashInfer All Reduce workspace: [SymmDeviceMemory] Device does not support multicasting.. This is expected on GPUs without NVSwitch (e.g., NVLink bridge-only or PCIe topologies).
(Worker_PP1_TP0 pid=1103796) WARNING 08-22 18:18:54 [flashinfer_all_reduce.py:78] Failed to initialize FlashInfer All Reduce workspace: [SymmDeviceMemory] Device does not support multicasting.. This is expected on GPUs without NVSwitch (e.g., NVLink bridge-only or PCIe topologies).
(Worker_PP1_TP0 pid=1103796) WARNING 08-22 18:18:54 [flashinfer_all_reduce.py:78] Failed to initialize FlashInfer All Reduce workspace: [SymmDeviceMemory] Device does not support multicasting.. This is expected on GPUs without NVSwitch (e.g., NVLink bridge-only or PCIe topologies).
(Worker_PP1_TP0 pid=1103796) WARNING 08-22 18:18:54 [flashinfer_all_reduce.py:78] Failed to initialize FlashInfer All Reduce workspace: [SymmDeviceMemory] Device does not support multicasting.. This is expected on GPUs without NVSwitch (e.g., NVLink bridge-only or PCIe topologies).
(Worker_PP1_TP0 pid=1103796) WARNING 08-22 18:18:54 [flashinfer_all_reduce.py:78] Failed to initialize FlashInfer All Reduce workspace: [SymmDeviceMemory] Device does not support multicasting.. This is expected on GPUs without NVSwitch (e.g., NVLink bridge-only or PCIe topologies).
(Worker_PP1_TP0 pid=1103796) WARNING 08-22 18:18:54 [flashinfer_all_reduce.py:78] Failed to initialize FlashInfer All Reduce workspace: [SymmDeviceMemory] Device does not support multicasting.. This is expected on GPUs without NVSwitch (e.g., NVLink bridge-only or PCIe topologies).
(Worker_PP1_TP0 pid=1103796) WARNING 08-22 18:18:54 [flashinfer_all_reduce.py:78] Failed to initialize FlashInfer All Reduce workspace: [SymmDeviceMemory] Device does not support multicasting.. This is expected on GPUs without NVSwitch (e.g., NVLink bridge-only or PCIe topologies).
(Worker_PP1_TP0 pid=1103796) WARNING 08-22 18:18:54 [flashinfer_all_reduce.py:78] Failed to initialize FlashInfer All Reduce workspace: [SymmDeviceMemory] Device does not support multicasting.. This is expected on GPUs without NVSwitch (e.g., NVLink bridge-only or PCIe topologies).
(Worker_PP1_TP0 pid=1103796) WARNING 08-22 18:18:54 [flashinfer_all_reduce.py:78] Failed to initialize FlashInfer All Reduce workspace: [SymmDeviceMemory] Device does not support multicasting.. This is expected on GPUs without NVSwitch (e.g., NVLink bridge-only or PCIe topologies).
(Worker_PP1_TP0 pid=1103796) WARNING 08-22 18:18:54 [flashinfer_all_reduce.py:78] Failed to initialize FlashInfer All Reduce workspace: [SymmDeviceMemory] Device does not support multicasting.. This is expected on GPUs without NVSwitch (e.g., NVLink bridge-only or PCIe topologies).
(Worker_PP1_TP0 pid=1103796) WARNING 08-22 18:18:54 [flashinfer_all_reduce.py:78] Failed to initialize FlashInfer All Reduce workspace: [SymmDeviceMemory] Device does not support multicasting.. This is expected on GPUs without NVSwitch (e.g., NVLink bridge-only or PCIe topologies).
(Worker_PP1_TP0 pid=1103796) WARNING 08-22 18:18:54 [flashinfer_all_reduce.py:78] Failed to initialize FlashInfer All Reduce workspace: [SymmDeviceMemory] Device does not support multicasting.. This is expected on GPUs without NVSwitch (e.g., NVLink bridge-only or PCIe topologies).
(Worker_PP1_TP0 pid=1103796) WARNING 08-22 18:18:54 [flashinfer_all_reduce.py:78] Failed to initialize FlashInfer All Reduce workspace: [SymmDeviceMemory] Device does not support multicasting.. This is expected on GPUs without NVSwitch (e.g., NVLink bridge-only or PCIe topologies).
(Worker_PP1_TP0 pid=1103796) WARNING 08-22 18:18:54 [flashinfer_all_reduce.py:78] Failed to initialize FlashInfer All Reduce workspace: [SymmDeviceMemory] Device does not support multicasting.. This is expected on GPUs without NVSwitch (e.g., NVLink bridge-only or PCIe topologies).
(Worker_PP1_TP0 pid=1103796) WARNING 08-22 18:18:54 [flashinfer_all_reduce.py:78] Failed to initialize FlashInfer All Reduce workspace: [SymmDeviceMemory] Device does not support multicasting.. This is expected on GPUs without NVSwitch (e.g., NVLink bridge-only or PCIe topologies).
(Worker_PP1_TP0 pid=1103796) WARNING 08-22 18:18:54 [flashinfer_all_reduce.py:78] Failed to initialize FlashInfer All Reduce workspace: [SymmDeviceMemory] Device does not support multicasting.. This is expected on GPUs without NVSwitch (e.g., NVLink bridge-only or PCIe topologies).
(Worker_PP1_TP0 pid=1103796) WARNING 08-22 18:18:54 [flashinfer_all_reduce.py:78] Failed to initialize FlashInfer All Reduce workspace: [SymmDeviceMemory] Device does not support multicasting.. This is expected on GPUs without NVSwitch (e.g., NVLink bridge-only or PCIe topologies).
(Worker_PP1_TP0 pid=1103796) WARNING 08-22 18:18:54 [flashinfer_all_reduce.py:78] Failed to initialize FlashInfer All Reduce workspace: [SymmDeviceMemory] Device does not support multicasting.. This is expected on GPUs without NVSwitch (e.g., NVLink bridge-only or PCIe topologies).
(Worker_PP1_TP0 pid=1103796) WARNING 08-22 18:18:54 [flashinfer_all_reduce.py:78] Failed to initialize FlashInfer All Reduce workspace: [SymmDeviceMemory] Device does not support multicasting.. This is expected on GPUs without NVSwitch (e.g., NVLink bridge-only or PCIe topologies).
(Worker_PP1_TP0 pid=1103796) WARNING 08-22 18:18:54 [flashinfer_all_reduce.py:78] Failed to initialize FlashInfer All Reduce workspace: [SymmDeviceMemory] Device does not support multicasting.. This is expected on GPUs without NVSwitch (e.g., NVLink bridge-only or PCIe topologies).
(Worker_PP1_TP0 pid=1103796) WARNING 08-22 18:18:54 [flashinfer_all_reduce.py:78] Failed to initialize FlashInfer All Reduce workspace: [SymmDeviceMemory] Device does not support multicasting.. This is expected on GPUs without NVSwitch (e.g., NVLink bridge-only or PCIe topologies).
(Worker_PP1_TP0 pid=1103796) WARNING 08-22 18:18:54 [flashinfer_all_reduce.py:78] Failed to initialize FlashInfer All Reduce workspace: [SymmDeviceMemory] Device does not support multicasting.. This is expected on GPUs without NVSwitch (e.g., NVLink bridge-only or PCIe topologies).
(Worker_PP1_TP1 pid=1103797) [k3t r?] step=50 tok=1 step=85.59ms | KDA: n=23 attn=15.6ms mlp=43.5ms other=2.4ms tot=61.5ms | full: n=8 attn=8.9ms mlp=14.0ms other=0.6ms tot=23.5ms | ALL: attn=24.5ms mlp=57.5ms model=85.6ms
(Worker_PP1_TP4 pid=1103800) [k3t r?] step=50 tok=1 step=85.59ms | KDA: n=23 attn=17.3ms mlp=44.0ms other=0.5ms tot=61.8ms | full: n=8 attn=9.4ms mlp=14.0ms other=0.2ms tot=23.7ms | ALL: attn=26.8ms mlp=58.0ms model=85.6ms
(Worker_PP1_TP5 pid=1103801) [k3t r?] step=50 tok=1 step=85.59ms | KDA: n=23 attn=17.4ms mlp=43.9ms other=0.5ms tot=61.9ms | full: n=8 attn=9.4ms mlp=14.0ms other=0.2ms tot=23.6ms | ALL: attn=26.8ms mlp=58.0ms model=85.6ms
(Worker_PP1_TP7 pid=1103803) [k3t r?] step=50 tok=1 step=85.59ms | KDA: n=23 attn=16.9ms mlp=44.0ms other=1.0ms tot=61.8ms | full: n=8 attn=9.4ms mlp=14.0ms other=0.2ms tot=23.6ms | ALL: attn=26.3ms mlp=58.0ms model=85.6ms
(Worker_PP1_TP6 pid=1103802) [k3t r?] step=50 tok=1 step=85.59ms | KDA: n=23 attn=17.4ms mlp=44.0ms other=0.5ms tot=61.8ms | full: n=8 attn=9.4ms mlp=14.0ms other=0.2ms tot=23.7ms | ALL: attn=26.8ms mlp=58.0ms model=85.6ms
(Worker_PP1_TP3 pid=1103799) [k3t r?] step=50 tok=1 step=85.59ms | KDA: n=23 attn=17.3ms mlp=44.0ms other=0.5ms tot=61.8ms | full: n=8 attn=9.4ms mlp=14.0ms other=0.2ms tot=23.7ms | ALL: attn=26.8ms mlp=58.0ms model=85.6ms
(Worker_PP1_TP2 pid=1103798) [k3t r?] step=50 tok=1 step=85.59ms | KDA: n=23 attn=17.4ms mlp=43.9ms other=0.6ms tot=61.9ms | full: n=8 attn=9.4ms mlp=14.0ms other=0.2ms tot=23.6ms | ALL: attn=26.8ms mlp=58.0ms model=85.6ms
(Worker_PP1_TP0 pid=1103796) [k3t r?] step=50 tok=1 step=85.89ms | KDA: n=23 attn=9.9ms mlp=43.4ms other=7.6ms tot=60.8ms | full: n=8 attn=7.2ms mlp=13.7ms other=2.4ms tot=23.3ms | ALL: attn=17.1ms mlp=57.1ms model=85.9ms
(Worker_PP1_TP0 pid=1103796) WARNING 08-22 18:18:54 [flashinfer_all_reduce.py:78] Failed to initialize FlashInfer All Reduce workspace: [SymmDeviceMemory] Device does not support multicasting.. This is expected on GPUs without NVSwitch (e.g., NVLink bridge-only or PCIe topologies).
(Worker_PP1_TP0 pid=1103796) WARNING 08-22 18:18:54 [flashinfer_all_reduce.py:78] Failed to initialize FlashInfer All Reduce workspace: [SymmDeviceMemory] Device does not support multicasting.. This is expected on GPUs without NVSwitch (e.g., NVLink bridge-only or PCIe topologies).
(Worker_PP1_TP0 pid=1103796) WARNING 08-22 18:18:54 [flashinfer_all_reduce.py:78] Failed to initialize FlashInfer All Reduce workspace: [SymmDeviceMemory] Device does not support multicasting.. This is expected on GPUs without NVSwitch (e.g., NVLink bridge-only or PCIe topologies).
(Worker_PP1_TP0 pid=1103796) WARNING 08-22 18:18:54 [flashinfer_all_reduce.py:78] Failed to initialize FlashInfer All Reduce workspace: [SymmDeviceMemory] Device does not support multicasting.. This is expected on GPUs without NVSwitch (e.g., NVLink bridge-only or PCIe topologies).
(Worker_PP1_TP0 pid=1103796) WARNING 08-22 18:18:54 [flashinfer_all_reduce.py:78] Failed to initialize FlashInfer All Reduce workspace: [SymmDeviceMemory] Device does not support multicasting.. This is expected on GPUs without NVSwitch (e.g., NVLink bridge-only or PCIe topologies).
(Worker_PP1_TP0 pid=1103796) WARNING 08-22 18:18:54 [flashinfer_all_reduce.py:78] Failed to initialize FlashInfer All Reduce workspace: [SymmDeviceMemory] Device does not support multicasting.. This is expected on GPUs without NVSwitch (e.g., NVLink bridge-only or PCIe topologies).
(Worker_PP1_TP0 pid=1103796) WARNING 08-22 18:18:54 [flashinfer_all_reduce.py:78] Failed to initialize FlashInfer All Reduce workspace: [SymmDeviceMemory] Device does not support multicasting.. This is expected on GPUs without NVSwitch (e.g., NVLink bridge-only or PCIe topologies).
(Worker_PP1_TP0 pid=1103796) WARNING 08-22 18:18:54 [flashinfer_all_reduce.py:78] Failed to initialize FlashInfer All Reduce workspace: [SymmDeviceMemory] Device does not support multicasting.. This is expected on GPUs without NVSwitch (e.g., NVLink bridge-only or PCIe topologies).
(Worker_PP1_TP0 pid=1103796) WARNING 08-22 18:18:54 [flashinfer_all_reduce.py:78] Failed to initialize FlashInfer All Reduce workspace: [SymmDeviceMemory] Device does not support multicasting.. This is expected on GPUs without NVSwitch (e.g., NVLink bridge-only or PCIe topologies).
(Worker_PP1_TP0 pid=1103796) WARNING 08-22 18:18:54 [flashinfer_all_reduce.py:78] Failed to initialize FlashInfer All Reduce workspace: [SymmDeviceMemory] Device does not support multicasting.. This is expected on GPUs without NVSwitch (e.g., NVLink bridge-only or PCIe topologies).
(Worker_PP1_TP0 pid=1103796) WARNING 08-22 18:18:54 [flashinfer_all_reduce.py:78] Failed to initialize FlashInfer All Reduce workspace: [SymmDeviceMemory] Device does not support multicasting.. This is expected on GPUs without NVSwitch (e.g., NVLink bridge-only or PCIe topologies).
(Worker_PP1_TP0 pid=1103796) WARNING 08-22 18:18:54 [flashinfer_all_reduce.py:78] Failed to initialize FlashInfer All Reduce workspace: [SymmDeviceMemory] Device does not support multicasting.. This is expected on GPUs without NVSwitch (e.g., NVLink bridge-only or PCIe topologies).
(Worker_PP1_TP0 pid=1103796) WARNING 08-22 18:18:54 [flashinfer_all_reduce.py:78] Failed to initialize FlashInfer All Reduce workspace: [SymmDeviceMemory] Device does not support multicasting.. This is expected on GPUs without NVSwitch (e.g., NVLink bridge-only or PCIe topologies).
(Worker_PP1_TP0 pid=1103796) WARNING 08-22 18:18:54 [flashinfer_all_reduce.py:78] Failed to initialize FlashInfer All Reduce workspace: [SymmDeviceMemory] Device does not support multicasting.. This is expected on GPUs without NVSwitch (e.g., NVLink bridge-only or PCIe topologies).
(Worker_PP1_TP0 pid=1103796) WARNING 08-22 18:18:54 [flashinfer_all_reduce.py:78] Failed to initialize FlashInfer All Reduce workspace: [SymmDeviceMemory] Device does not support multicasting.. This is expected on GPUs without NVSwitch (e.g., NVLink bridge-only or PCIe topologies).
(Worker_PP1_TP0 pid=1103796) WARNING 08-22 18:18:54 [flashinfer_all_reduce.py:78] Failed to initialize FlashInfer All Reduce workspace: [SymmDeviceMemory] Device does not support multicasting.. This is expected on GPUs without NVSwitch (e.g., NVLink bridge-only or PCIe topologies).
(Worker_PP1_TP0 pid=1103796) WARNING 08-22 18:18:54 [flashinfer_all_reduce.py:78] Failed to initialize FlashInfer All Reduce workspace: [SymmDeviceMemory] Device does not support multicasting.. This is expected on GPUs without NVSwitch (e.g., NVLink bridge-only or PCIe topologies).
(Worker_PP1_TP0 pid=1103796) WARNING 08-22 18:18:54 [flashinfer_all_reduce.py:78] Failed to initialize FlashInfer All Reduce workspace: [SymmDeviceMemory] Device does not support multicasting.. This is expected on GPUs without NVSwitch (e.g., NVLink bridge-only or PCIe topologies).
(Worker_PP1_TP0 pid=1103796) WARNING 08-22 18:18:54 [flashinfer_all_reduce.py:78] Failed to initialize FlashInfer All Reduce workspace: [SymmDeviceMemory] Device does not support multicasting.. This is expected on GPUs without NVSwitch (e.g., NVLink bridge-only or PCIe topologies).
(Worker_PP1_TP0 pid=1103796) WARNING 08-22 18:18:54 [flashinfer_all_reduce.py:78] Failed to initialize FlashInfer All Reduce workspace: [SymmDeviceMemory] Device does not support multicasting.. This is expected on GPUs without NVSwitch (e.g., NVLink bridge-only or PCIe topologies).
(Worker_PP1_TP0 pid=1103796) WARNING 08-22 18:18:54 [flashinfer_all_reduce.py:78] Failed to initialize FlashInfer All Reduce workspace: [SymmDeviceMemory] Device does not support multicasting.. This is expected on GPUs without NVSwitch (e.g., NVLink bridge-only or PCIe topologies).
(Worker_PP1_TP0 pid=1103796) WARNING 08-22 18:18:54 [flashinfer_all_reduce.py:78] Failed to initialize FlashInfer All Reduce workspace: [SymmDeviceMemory] Device does not support multicasting.. This is expected on GPUs without NVSwitch (e.g., NVLink bridge-only or PCIe topologies).
(Worker_PP1_TP0 pid=1103796) WARNING 08-22 18:18:54 [flashinfer_all_reduce.py:78] Failed to initialize FlashInfer All Reduce workspace: [SymmDeviceMemory] Device does not support multicasting.. This is expected on GPUs without NVSwitch (e.g., NVLink bridge-only or PCIe topologies).
(Worker_PP1_TP0 pid=1103796) WARNING 08-22 18:18:54 [flashinfer_all_reduce.py:78] Failed to initialize FlashInfer All Reduce workspace: [SymmDeviceMemory] Device does not support multicasting.. This is expected on GPUs without NVSwitch (e.g., NVLink bridge-only or PCIe topologies).
(Worker_PP1_TP0 pid=1103796) WARNING 08-22 18:18:54 [flashinfer_all_reduce.py:78] Failed to initialize FlashInfer All Reduce workspace: [SymmDeviceMemory] Device does not support multicasting.. This is expected on GPUs without NVSwitch (e.g., NVLink bridge-only or PCIe topologies).
(Worker_PP1_TP0 pid=1103796) WARNING 08-22 18:18:54 [flashinfer_all_reduce.py:78] Failed to initialize FlashInfer All Reduce workspace: [SymmDeviceMemory] Device does not support multicasting.. This is expected on GPUs without NVSwitch (e.g., NVLink bridge-only or PCIe topologies).
(Worker_PP1_TP0 pid=1103796) WARNING 08-22 18:18:54 [flashinfer_all_reduce.py:78] Failed to initialize FlashInfer All Reduce workspace: [SymmDeviceMemory] Device does not support multicasting.. This is expected on GPUs without NVSwitch (e.g., NVLink bridge-only or PCIe topologies).
(Worker_PP1_TP0 pid=1103796) WARNING 08-22 18:18:54 [flashinfer_all_reduce.py:78] Failed to initialize FlashInfer All Reduce workspace: [SymmDeviceMemory] Device does not support multicasting.. This is expected on GPUs without NVSwitch (e.g., NVLink bridge-only or PCIe topologies).
(Worker_PP1_TP0 pid=1103796) WARNING 08-22 18:18:54 [flashinfer_all_reduce.py:78] Failed to initialize FlashInfer All Reduce workspace: [SymmDeviceMemory] Device does not support multicasting.. This is expected on GPUs without NVSwitch (e.g., NVLink bridge-only or PCIe topologies).
(Worker_PP1_TP0 pid=1103796) WARNING 08-22 18:18:54 [flashinfer_all_reduce.py:78] Failed to initialize FlashInfer All Reduce workspace: [SymmDeviceMemory] Device does not support multicasting.. This is expected on GPUs without NVSwitch (e.g., NVLink bridge-only or PCIe topologies).
(Worker_PP1_TP0 pid=1103796) WARNING 08-22 18:18:54 [flashinfer_all_reduce.py:78] Failed to initialize FlashInfer All Reduce workspace: [SymmDeviceMemory] Device does not support multicasting.. This is expected on GPUs without NVSwitch (e.g., NVLink bridge-only or PCIe topologies).
(Worker_PP1_TP3 pid=1103799) [k3t r?] step=51 tok=1 step=91.20ms | KDA: n=23 attn=19.0ms mlp=45.3ms other=0.5ms tot=64.8ms | full: n=8 attn=10.5ms mlp=15.7ms other=0.2ms tot=26.3ms | ALL: attn=29.4ms mlp=60.9ms model=91.2ms
(Worker_PP1_TP1 pid=1103797) [k3t r?] step=51 tok=1 step=91.21ms | KDA: n=23 attn=14.7ms mlp=44.9ms other=4.3ms tot=63.9ms | full: n=8 attn=9.4ms mlp=15.5ms other=1.4ms tot=26.2ms | ALL: attn=24.1ms mlp=60.4ms model=91.2ms
(Worker_PP1_TP4 pid=1103800) [k3t r?] step=51 tok=1 step=91.21ms | KDA: n=23 attn=19.0ms mlp=45.3ms other=0.5ms tot=64.8ms | full: n=8 attn=10.5ms mlp=15.7ms other=0.2ms tot=26.3ms | ALL: attn=29.4ms mlp=61.0ms model=91.2ms
(Worker_PP1_TP5 pid=1103801) [k3t r?] step=51 tok=1 step=91.21ms | KDA: n=23 attn=19.0ms mlp=45.3ms other=0.5ms tot=64.8ms | full: n=8 attn=10.5ms mlp=15.7ms other=0.2ms tot=26.3ms | ALL: attn=29.5ms mlp=60.9ms model=91.2ms
(Worker_PP1_TP7 pid=1103803) [k3t r?] step=51 tok=1 step=91.21ms | KDA: n=23 attn=19.0ms mlp=45.3ms other=0.5ms tot=64.8ms | full: n=8 attn=10.5ms mlp=15.7ms other=0.2ms tot=26.3ms | ALL: attn=29.4ms mlp=61.0ms model=91.2ms
(Worker_PP1_TP2 pid=1103798) [k3t r?] step=51 tok=1 step=91.20ms | KDA: n=23 attn=19.0ms mlp=45.3ms other=0.5ms tot=64.8ms | full: n=8 attn=10.5ms mlp=15.7ms other=0.2ms tot=26.3ms | ALL: attn=29.4ms mlp=61.0ms model=91.2ms
(Worker_PP1_TP6 pid=1103802) [k3t r?] step=51 tok=1 step=91.20ms | KDA: n=23 attn=19.0ms mlp=45.3ms other=0.5ms tot=64.8ms | full: n=8 attn=10.5ms mlp=15.7ms other=0.2ms tot=26.3ms | ALL: attn=29.5ms mlp=60.9ms model=91.2ms
(Worker_PP1_TP0 pid=1103796) [k3t r?] step=51 tok=1 step=91.50ms | KDA: n=23 attn=12.7ms mlp=44.6ms other=6.6ms tot=63.9ms | full: n=8 attn=8.6ms mlp=15.5ms other=2.1ms tot=26.2ms | ALL: attn=21.3ms mlp=60.1ms model=91.5ms
(Worker_PP1_TP0 pid=1103796) WARNING 08-22 18:18:54 [flashinfer_all_reduce.py:78] Failed to initialize FlashInfer All Reduce workspace: [SymmDeviceMemory] Device does not support multicasting.. This is expected on GPUs without NVSwitch (e.g., NVLink bridge-only or PCIe topologies).
(Worker_PP1_TP0 pid=1103796) WARNING 08-22 18:18:54 [flashinfer_all_reduce.py:78] Failed to initialize FlashInfer All Reduce workspace: [SymmDeviceMemory] Device does not support multicasting.. This is expected on GPUs without NVSwitch (e.g., NVLink bridge-only or PCIe topologies).
(Worker_PP1_TP0 pid=1103796) WARNING 08-22 18:18:54 [flashinfer_all_reduce.py:78] Failed to initialize FlashInfer All Reduce workspace: [SymmDeviceMemory] Device does not support multicasting.. This is expected on GPUs without NVSwitch (e.g., NVLink bridge-only or PCIe topologies).
(Worker_PP1_TP0 pid=1103796) WARNING 08-22 18:18:54 [flashinfer_all_reduce.py:78] Failed to initialize FlashInfer All Reduce workspace: [SymmDeviceMemory] Device does not support multicasting.. This is expected on GPUs without NVSwitch (e.g., NVLink bridge-only or PCIe topologies).
(Worker_PP1_TP0 pid=1103796) WARNING 08-22 18:18:54 [flashinfer_all_reduce.py:78] Failed to initialize FlashInfer All Reduce workspace: [SymmDeviceMemory] Device does not support multicasting.. This is expected on GPUs without NVSwitch (e.g., NVLink bridge-only or PCIe topologies).
(Worker_PP1_TP0 pid=1103796) WARNING 08-22 18:18:54 [flashinfer_all_reduce.py:78] Failed to initialize FlashInfer All Reduce workspace: [SymmDeviceMemory] Device does not support multicasting.. This is expected on GPUs without NVSwitch (e.g., NVLink bridge-only or PCIe topologies).
(Worker_PP1_TP0 pid=1103796) WARNING 08-22 18:18:54 [flashinfer_all_reduce.py:78] Failed to initialize FlashInfer All Reduce workspace: [SymmDeviceMemory] Device does not support multicasting.. This is expected on GPUs without NVSwitch (e.g., NVLink bridge-only or PCIe topologies).
(Worker_PP1_TP0 pid=1103796) WARNING 08-22 18:18:54 [flashinfer_all_reduce.py:78] Failed to initialize FlashInfer All Reduce workspace: [SymmDeviceMemory] Device does not support multicasting.. This is expected on GPUs without NVSwitch (e.g., NVLink bridge-only or PCIe topologies).
(Worker_PP1_TP0 pid=1103796) WARNING 08-22 18:18:54 [flashinfer_all_reduce.py:78] Failed to initialize FlashInfer All Reduce workspace: [SymmDeviceMemory] Device does not support multicasting.. This is expected on GPUs without NVSwitch (e.g., NVLink bridge-only or PCIe topologies).
(Worker_PP1_TP0 pid=1103796) WARNING 08-22 18:18:54 [flashinfer_all_reduce.py:78] Failed to initialize FlashInfer All Reduce workspace: [SymmDeviceMemory] Device does not support multicasting.. This is expected on GPUs without NVSwitch (e.g., NVLink bridge-only or PCIe topologies).
(Worker_PP1_TP0 pid=1103796) WARNING 08-22 18:18:54 [flashinfer_all_reduce.py:78] Failed to initialize FlashInfer All Reduce workspace: [SymmDeviceMemory] Device does not support multicasting.. This is expected on GPUs without NVSwitch (e.g., NVLink bridge-only or PCIe topologies).
(Worker_PP1_TP0 pid=1103796) WARNING 08-22 18:18:54 [flashinfer_all_reduce.py:78] Failed to initialize FlashInfer All Reduce workspace: [SymmDeviceMemory] Device does not support multicasting.. This is expected on GPUs without NVSwitch (e.g., NVLink bridge-only or PCIe topologies).
(Worker_PP1_TP0 pid=1103796) WARNING 08-22 18:18:54 [flashinfer_all_reduce.py:78] Failed to initialize FlashInfer All Reduce workspace: [SymmDeviceMemory] Device does not support multicasting.. This is expected on GPUs without NVSwitch (e.g., NVLink bridge-only or PCIe topologies).
(Worker_PP1_TP0 pid=1103796) WARNING 08-22 18:18:54 [flashinfer_all_reduce.py:78] Failed to initialize FlashInfer All Reduce workspace: [SymmDeviceMemory] Device does not support multicasting.. This is expected on GPUs without NVSwitch (e.g., NVLink bridge-only or PCIe topologies).
(Worker_PP1_TP0 pid=1103796) WARNING 08-22 18:18:54 [flashinfer_all_reduce.py:78] Failed to initialize FlashInfer All Reduce workspace: [SymmDeviceMemory] Device does not support multicasting.. This is expected on GPUs without NVSwitch (e.g., NVLink bridge-only or PCIe topologies).
(Worker_PP1_TP0 pid=1103796) WARNING 08-22 18:18:54 [flashinfer_all_reduce.py:78] Failed to initialize FlashInfer All Reduce workspace: [SymmDeviceMemory] Device does not support multicasting.. This is expected on GPUs without NVSwitch (e.g., NVLink bridge-only or PCIe topologies).
(Worker_PP1_TP0 pid=1103796) WARNING 08-22 18:18:54 [flashinfer_all_reduce.py:78] Failed to initialize FlashInfer All Reduce workspace: [SymmDeviceMemory] Device does not support multicasting.. This is expected on GPUs without NVSwitch (e.g., NVLink bridge-only or PCIe topologies).
(Worker_PP1_TP0 pid=1103796) WARNING 08-22 18:18:54 [flashinfer_all_reduce.py:78] Failed to initialize FlashInfer All Reduce workspace: [SymmDeviceMemory] Device does not support multicasting.. This is expected on GPUs without NVSwitch (e.g., NVLink bridge-only or PCIe topologies).
(Worker_PP1_TP0 pid=1103796) WARNING 08-22 18:18:54 [flashinfer_all_reduce.py:78] Failed to initialize FlashInfer All Reduce workspace: [SymmDeviceMemory] Device does not support multicasting.. This is expected on GPUs without NVSwitch (e.g., NVLink bridge-only or PCIe topologies).
(Worker_PP1_TP0 pid=1103796) WARNING 08-22 18:18:54 [flashinfer_all_reduce.py:78] Failed to initialize FlashInfer All Reduce workspace: [SymmDeviceMemory] Device does not support multicasting.. This is expected on GPUs without NVSwitch (e.g., NVLink bridge-only or PCIe topologies).
(Worker_PP1_TP0 pid=1103796) WARNING 08-22 18:18:54 [flashinfer_all_reduce.py:78] Failed to initialize FlashInfer All Reduce workspace: [SymmDeviceMemory] Device does not support multicasting.. This is expected on GPUs without NVSwitch (e.g., NVLink bridge-only or PCIe topologies).
(Worker_PP1_TP0 pid=1103796) WARNING 08-22 18:18:54 [flashinfer_all_reduce.py:78] Failed to initialize FlashInfer All Reduce workspace: [SymmDeviceMemory] Device does not support multicasting.. This is expected on GPUs without NVSwitch (e.g., NVLink bridge-only or PCIe topologies).
(Worker_PP1_TP0 pid=1103796) WARNING 08-22 18:18:54 [flashinfer_all_reduce.py:78] Failed to initialize FlashInfer All Reduce workspace: [SymmDeviceMemory] Device does not support multicasting.. This is expected on GPUs without NVSwitch (e.g., NVLink bridge-only or PCIe topologies).
(Worker_PP1_TP0 pid=1103796) WARNING 08-22 18:18:54 [flashinfer_all_reduce.py:78] Failed to initialize FlashInfer All Reduce workspace: [SymmDeviceMemory] Device does not support multicasting.. This is expected on GPUs without NVSwitch (e.g., NVLink bridge-only or PCIe topologies).
(Worker_PP1_TP0 pid=1103796) WARNING 08-22 18:18:54 [flashinfer_all_reduce.py:78] Failed to initialize FlashInfer All Reduce workspace: [SymmDeviceMemory] Device does not support multicasting.. This is expected on GPUs without NVSwitch (e.g., NVLink bridge-only or PCIe topologies).
(Worker_PP1_TP0 pid=1103796) WARNING 08-22 18:18:54 [flashinfer_all_reduce.py:78] Failed to initialize FlashInfer All Reduce workspace: [SymmDeviceMemory] Device does not support multicasting.. This is expected on GPUs without NVSwitch (e.g., NVLink bridge-only or PCIe topologies).
(Worker_PP1_TP0 pid=1103796) WARNING 08-22 18:18:54 [flashinfer_all_reduce.py:78] Failed to initialize FlashInfer All Reduce workspace: [SymmDeviceMemory] Device does not support multicasting.. This is expected on GPUs without NVSwitch (e.g., NVLink bridge-only or PCIe topologies).
(Worker_PP1_TP0 pid=1103796) WARNING 08-22 18:18:54 [flashinfer_all_reduce.py:78] Failed to initialize FlashInfer All Reduce workspace: [SymmDeviceMemory] Device does not support multicasting.. This is expected on GPUs without NVSwitch (e.g., NVLink bridge-only or PCIe topologies).
(Worker_PP1_TP0 pid=1103796) WARNING 08-22 18:18:54 [flashinfer_all_reduce.py:78] Failed to initialize FlashInfer All Reduce workspace: [SymmDeviceMemory] Device does not support multicasting.. This is expected on GPUs without NVSwitch (e.g., NVLink bridge-only or PCIe topologies).
(Worker_PP1_TP0 pid=1103796) WARNING 08-22 18:18:54 [flashinfer_all_reduce.py:78] Failed to initialize FlashInfer All Reduce workspace: [SymmDeviceMemory] Device does not support multicasting.. This is expected on GPUs without NVSwitch (e.g., NVLink bridge-only or PCIe topologies).
(Worker_PP1_TP0 pid=1103796) WARNING 08-22 18:18:54 [flashinfer_all_reduce.py:78] Failed to initialize FlashInfer All Reduce workspace: [SymmDeviceMemory] Device does not support multicasting.. This is expected on GPUs without NVSwitch (e.g., NVLink bridge-only or PCIe topologies).
(Worker_PP1_TP4 pid=1103800) [k3t r?] step=52 tok=1 step=90.76ms | KDA: n=23 attn=18.8ms mlp=45.1ms other=0.5ms tot=64.4ms | full: n=8 attn=10.4ms mlp=15.7ms other=0.2ms tot=26.3ms | ALL: attn=29.2ms mlp=60.8ms model=90.8ms
(Worker_PP1_TP3 pid=1103799) [k3t r?] step=52 tok=1 step=90.76ms | KDA: n=23 attn=18.8ms mlp=45.0ms other=0.5ms tot=64.4ms | full: n=8 attn=10.4ms mlp=15.7ms other=0.2ms tot=26.3ms | ALL: attn=29.2ms mlp=60.8ms model=90.8ms
(Worker_PP1_TP2 pid=1103798) [k3t r?] step=52 tok=1 step=90.76ms | KDA: n=23 attn=18.8ms mlp=45.0ms other=0.6ms tot=64.4ms | full: n=8 attn=10.4ms mlp=15.7ms other=0.2ms tot=26.3ms | ALL: attn=29.2ms mlp=60.8ms model=90.8ms
(Worker_PP1_TP6 pid=1103802) [k3t r?] step=52 tok=1 step=90.76ms | KDA: n=23 attn=18.8ms mlp=45.0ms other=0.5ms tot=64.4ms | full: n=8 attn=10.4ms mlp=15.7ms other=0.2ms tot=26.3ms | ALL: attn=29.2ms mlp=60.8ms model=90.8ms
(Worker_PP1_TP5 pid=1103801) [k3t r?] step=52 tok=1 step=90.76ms | KDA: n=23 attn=17.5ms mlp=44.8ms other=1.8ms tot=64.1ms | full: n=8 attn=10.0ms mlp=15.6ms other=0.7ms tot=26.3ms | ALL: attn=27.5ms mlp=60.4ms model=90.8ms
(Worker_PP1_TP7 pid=1103803) [k3t r?] step=52 tok=1 step=90.76ms | KDA: n=23 attn=18.8ms mlp=45.0ms other=0.5ms tot=64.4ms | full: n=8 attn=10.4ms mlp=15.7ms other=0.2ms tot=26.3ms | ALL: attn=29.2ms mlp=60.8ms model=90.8ms
(Worker_PP1_TP1 pid=1103797) [k3t r?] step=52 tok=1 step=90.76ms | KDA: n=23 attn=15.2ms mlp=44.5ms other=3.8ms tot=63.5ms | full: n=8 attn=9.4ms mlp=15.5ms other=1.4ms tot=26.3ms | ALL: attn=24.6ms mlp=60.0ms model=90.8ms
(Worker_PP1_TP0 pid=1103796) [k3t r?] step=52 tok=1 step=91.12ms | KDA: n=23 attn=12.5ms mlp=44.4ms other=6.7ms tot=63.5ms | full: n=8 attn=8.3ms mlp=15.6ms other=2.1ms tot=26.1ms | ALL: attn=20.8ms mlp=60.0ms model=91.1ms
(Worker_PP1_TP0 pid=1103796) WARNING 08-22 18:18:55 [flashinfer_all_reduce.py:78] Failed to initialize FlashInfer All Reduce workspace: [SymmDeviceMemory] Device does not support multicasting.. This is expected on GPUs without NVSwitch (e.g., NVLink bridge-only or PCIe topologies).
(Worker_PP1_TP0 pid=1103796) WARNING 08-22 18:18:55 [flashinfer_all_reduce.py:78] Failed to initialize FlashInfer All Reduce workspace: [SymmDeviceMemory] Device does not support multicasting.. This is expected on GPUs without NVSwitch (e.g., NVLink bridge-only or PCIe topologies).
(Worker_PP1_TP0 pid=1103796) WARNING 08-22 18:18:55 [flashinfer_all_reduce.py:78] Failed to initialize FlashInfer All Reduce workspace: [SymmDeviceMemory] Device does not support multicasting.. This is expected on GPUs without NVSwitch (e.g., NVLink bridge-only or PCIe topologies).
(Worker_PP1_TP0 pid=1103796) WARNING 08-22 18:18:55 [flashinfer_all_reduce.py:78] Failed to initialize FlashInfer All Reduce workspace: [SymmDeviceMemory] Device does not support multicasting.. This is expected on GPUs without NVSwitch (e.g., NVLink bridge-only or PCIe topologies).
(Worker_PP1_TP0 pid=1103796) WARNING 08-22 18:18:55 [flashinfer_all_reduce.py:78] Failed to initialize FlashInfer All Reduce workspace: [SymmDeviceMemory] Device does not support multicasting.. This is expected on GPUs without NVSwitch (e.g., NVLink bridge-only or PCIe topologies).
(Worker_PP1_TP0 pid=1103796) WARNING 08-22 18:18:55 [flashinfer_all_reduce.py:78] Failed to initialize FlashInfer All Reduce workspace: [SymmDeviceMemory] Device does not support multicasting.. This is expected on GPUs without NVSwitch (e.g., NVLink bridge-only or PCIe topologies).
(Worker_PP1_TP0 pid=1103796) WARNING 08-22 18:18:55 [flashinfer_all_reduce.py:78] Failed to initialize FlashInfer All Reduce workspace: [SymmDeviceMemory] Device does not support multicasting.. This is expected on GPUs without NVSwitch (e.g., NVLink bridge-only or PCIe topologies).
(Worker_PP1_TP0 pid=1103796) WARNING 08-22 18:18:55 [flashinfer_all_reduce.py:78] Failed to initialize FlashInfer All Reduce workspace: [SymmDeviceMemory] Device does not support multicasting.. This is expected on GPUs without NVSwitch (e.g., NVLink bridge-only or PCIe topologies).
(Worker_PP1_TP0 pid=1103796) WARNING 08-22 18:18:55 [flashinfer_all_reduce.py:78] Failed to initialize FlashInfer All Reduce workspace: [SymmDeviceMemory] Device does not support multicasting.. This is expected on GPUs without NVSwitch (e.g., NVLink bridge-only or PCIe topologies).
(Worker_PP1_TP0 pid=1103796) WARNING 08-22 18:18:55 [flashinfer_all_reduce.py:78] Failed to initialize FlashInfer All Reduce workspace: [SymmDeviceMemory] Device does not support multicasting.. This is expected on GPUs without NVSwitch (e.g., NVLink bridge-only or PCIe topologies).
(Worker_PP1_TP0 pid=1103796) WARNING 08-22 18:18:55 [flashinfer_all_reduce.py:78] Failed to initialize FlashInfer All Reduce workspace: [SymmDeviceMemory] Device does not support multicasting.. This is expected on GPUs without NVSwitch (e.g., NVLink bridge-only or PCIe topologies).
(Worker_PP1_TP0 pid=1103796) WARNING 08-22 18:18:55 [flashinfer_all_reduce.py:78] Failed to initialize FlashInfer All Reduce workspace: [SymmDeviceMemory] Device does not support multicasting.. This is expected on GPUs without NVSwitch (e.g., NVLink bridge-only or PCIe topologies).
(Worker_PP1_TP0 pid=1103796) WARNING 08-22 18:18:55 [flashinfer_all_reduce.py:78] Failed to initialize FlashInfer All Reduce workspace: [SymmDeviceMemory] Device does not support multicasting.. This is expected on GPUs without NVSwitch (e.g., NVLink bridge-only or PCIe topologies).
(Worker_PP1_TP0 pid=1103796) WARNING 08-22 18:18:55 [flashinfer_all_reduce.py:78] Failed to initialize FlashInfer All Reduce workspace: [SymmDeviceMemory] Device does not support multicasting.. This is expected on GPUs without NVSwitch (e.g., NVLink bridge-only or PCIe topologies).
(Worker_PP1_TP0 pid=1103796) WARNING 08-22 18:18:55 [flashinfer_all_reduce.py:78] Failed to initialize FlashInfer All Reduce workspace: [SymmDeviceMemory] Device does not support multicasting.. This is expected on GPUs without NVSwitch (e.g., NVLink bridge-only or PCIe topologies).
(Worker_PP1_TP0 pid=1103796) WARNING 08-22 18:18:55 [flashinfer_all_reduce.py:78] Failed to initialize FlashInfer All Reduce workspace: [SymmDeviceMemory] Device does not support multicasting.. This is expected on GPUs without NVSwitch (e.g., NVLink bridge-only or PCIe topologies).
(Worker_PP1_TP0 pid=1103796) WARNING 08-22 18:18:55 [flashinfer_all_reduce.py:78] Failed to initialize FlashInfer All Reduce workspace: [SymmDeviceMemory] Device does not support multicasting.. This is expected on GPUs without NVSwitch (e.g., NVLink bridge-only or PCIe topologies).
(Worker_PP1_TP0 pid=1103796) WARNING 08-22 18:18:55 [flashinfer_all_reduce.py:78] Failed to initialize FlashInfer All Reduce workspace: [SymmDeviceMemory] Device does not support multicasting.. This is expected on GPUs without NVSwitch (e.g., NVLink bridge-only or PCIe topologies).
(Worker_PP1_TP0 pid=1103796) WARNING 08-22 18:18:55 [flashinfer_all_reduce.py:78] Failed to initialize FlashInfer All Reduce workspace: [SymmDeviceMemory] Device does not support multicasting.. This is expected on GPUs without NVSwitch (e.g., NVLink bridge-only or PCIe topologies).
(Worker_PP1_TP0 pid=1103796) WARNING 08-22 18:18:55 [flashinfer_all_reduce.py:78] Failed to initialize FlashInfer All Reduce workspace: [SymmDeviceMemory] Device does not support multicasting.. This is expected on GPUs without NVSwitch (e.g., NVLink bridge-only or PCIe topologies).
(Worker_PP1_TP0 pid=1103796) WARNING 08-22 18:18:55 [flashinfer_all_reduce.py:78] Failed to initialize FlashInfer All Reduce workspace: [SymmDeviceMemory] Device does not support multicasting.. This is expected on GPUs without NVSwitch (e.g., NVLink bridge-only or PCIe topologies).
(Worker_PP1_TP0 pid=1103796) WARNING 08-22 18:18:55 [flashinfer_all_reduce.py:78] Failed to initialize FlashInfer All Reduce workspace: [SymmDeviceMemory] Device does not support multicasting.. This is expected on GPUs without NVSwitch (e.g., NVLink bridge-only or PCIe topologies).
(Worker_PP1_TP0 pid=1103796) WARNING 08-22 18:18:55 [flashinfer_all_reduce.py:78] Failed to initialize FlashInfer All Reduce workspace: [SymmDeviceMemory] Device does not support multicasting.. This is expected on GPUs without NVSwitch (e.g., NVLink bridge-only or PCIe topologies).
(Worker_PP1_TP0 pid=1103796) WARNING 08-22 18:18:55 [flashinfer_all_reduce.py:78] Failed to initialize FlashInfer All Reduce workspace: [SymmDeviceMemory] Device does not support multicasting.. This is expected on GPUs without NVSwitch (e.g., NVLink bridge-only or PCIe topologies).
(Worker_PP1_TP0 pid=1103796) WARNING 08-22 18:18:55 [flashinfer_all_reduce.py:78] Failed to initialize FlashInfer All Reduce workspace: [SymmDeviceMemory] Device does not support multicasting.. This is expected on GPUs without NVSwitch (e.g., NVLink bridge-only or PCIe topologies).
(Worker_PP1_TP0 pid=1103796) WARNING 08-22 18:18:55 [flashinfer_all_reduce.py:78] Failed to initialize FlashInfer All Reduce workspace: [SymmDeviceMemory] Device does not support multicasting.. This is expected on GPUs without NVSwitch (e.g., NVLink bridge-only or PCIe topologies).
(Worker_PP1_TP0 pid=1103796) WARNING 08-22 18:18:55 [flashinfer_all_reduce.py:78] Failed to initialize FlashInfer All Reduce workspace: [SymmDeviceMemory] Device does not support multicasting.. This is expected on GPUs without NVSwitch (e.g., NVLink bridge-only or PCIe topologies).
(Worker_PP1_TP0 pid=1103796) WARNING 08-22 18:18:55 [flashinfer_all_reduce.py:78] Failed to initialize FlashInfer All Reduce workspace: [SymmDeviceMemory] Device does not support multicasting.. This is expected on GPUs without NVSwitch (e.g., NVLink bridge-only or PCIe topologies).
(Worker_PP1_TP0 pid=1103796) WARNING 08-22 18:18:55 [flashinfer_all_reduce.py:78] Failed to initialize FlashInfer All Reduce workspace: [SymmDeviceMemory] Device does not support multicasting.. This is expected on GPUs without NVSwitch (e.g., NVLink bridge-only or PCIe topologies).
(Worker_PP1_TP0 pid=1103796) WARNING 08-22 18:18:55 [flashinfer_all_reduce.py:78] Failed to initialize FlashInfer All Reduce workspace: [SymmDeviceMemory] Device does not support multicasting.. This is expected on GPUs without NVSwitch (e.g., NVLink bridge-only or PCIe topologies).
(Worker_PP1_TP0 pid=1103796) WARNING 08-22 18:18:55 [flashinfer_all_reduce.py:78] Failed to initialize FlashInfer All Reduce workspace: [SymmDeviceMemory] Device does not support multicasting.. This is expected on GPUs without NVSwitch (e.g., NVLink bridge-only or PCIe topologies).
(Worker_PP1_TP1 pid=1103797) [k3t r?] step=53 tok=1 step=96.19ms | KDA: n=23 attn=19.6ms mlp=47.7ms other=0.5ms tot=67.8ms | full: n=8 attn=11.4ms mlp=16.7ms other=0.2ms tot=28.3ms | ALL: attn=31.0ms mlp=64.4ms model=96.2ms
(Worker_PP1_TP2 pid=1103798) [k3t r?] step=53 tok=1 step=96.18ms | KDA: n=23 attn=19.6ms mlp=47.7ms other=0.6ms tot=67.8ms | full: n=8 attn=11.4ms mlp=16.7ms other=0.2ms tot=28.3ms | ALL: attn=31.0ms mlp=64.4ms model=96.2ms
(Worker_PP1_TP7 pid=1103803) [k3t r?] step=53 tok=1 step=96.19ms | KDA: n=23 attn=19.6ms mlp=47.7ms other=0.5ms tot=67.8ms | full: n=8 attn=11.4ms mlp=16.7ms other=0.2ms tot=28.3ms | ALL: attn=31.0ms mlp=64.4ms model=96.2ms
(Worker_PP1_TP3 pid=1103799) [k3t r?] step=53 tok=1 step=96.18ms | KDA: n=23 attn=19.6ms mlp=47.7ms other=0.5ms tot=67.8ms | full: n=8 attn=11.4ms mlp=16.7ms other=0.2ms tot=28.3ms | ALL: attn=31.0ms mlp=64.4ms model=96.2ms
(Worker_PP1_TP6 pid=1103802) [k3t r?] step=53 tok=1 step=96.19ms | KDA: n=23 attn=19.6ms mlp=47.7ms other=0.5ms tot=67.8ms | full: n=8 attn=11.4ms mlp=16.7ms other=0.2ms tot=28.3ms | ALL: attn=31.0ms mlp=64.4ms model=96.2ms
(Worker_PP1_TP5 pid=1103801) [k3t r?] step=53 tok=1 step=96.18ms | KDA: n=23 attn=19.6ms mlp=47.7ms other=0.5ms tot=67.8ms | full: n=8 attn=11.4ms mlp=16.7ms other=0.2ms tot=28.3ms | ALL: attn=31.0ms mlp=64.4ms model=96.2ms
(Worker_PP1_TP4 pid=1103800) [k3t r?] step=53 tok=1 step=96.19ms | KDA: n=23 attn=19.6ms mlp=47.7ms other=0.5ms tot=67.8ms | full: n=8 attn=11.4ms mlp=16.7ms other=0.2ms tot=28.3ms | ALL: attn=31.0ms mlp=64.4ms model=96.2ms
(Worker_PP1_TP0 pid=1103796) [k3t r?] step=53 tok=1 step=96.60ms | KDA: n=23 attn=10.4ms mlp=47.1ms other=9.2ms tot=66.7ms | full: n=8 attn=8.0ms mlp=16.3ms other=3.3ms tot=27.7ms | ALL: attn=18.4ms mlp=63.4ms model=96.6ms
(Worker_PP1_TP0 pid=1103796) WARNING 08-22 18:18:55 [flashinfer_all_reduce.py:78] Failed to initialize FlashInfer All Reduce workspace: [SymmDeviceMemory] Device does not support multicasting.. This is expected on GPUs without NVSwitch (e.g., NVLink bridge-only or PCIe topologies).
(Worker_PP1_TP0 pid=1103796) WARNING 08-22 18:18:55 [flashinfer_all_reduce.py:78] Failed to initialize FlashInfer All Reduce workspace: [SymmDeviceMemory] Device does not support multicasting.. This is expected on GPUs without NVSwitch (e.g., NVLink bridge-only or PCIe topologies).
(Worker_PP1_TP0 pid=1103796) WARNING 08-22 18:18:55 [flashinfer_all_reduce.py:78] Failed to initialize FlashInfer All Reduce workspace: [SymmDeviceMemory] Device does not support multicasting.. This is expected on GPUs without NVSwitch (e.g., NVLink bridge-only or PCIe topologies).
(Worker_PP1_TP0 pid=1103796) WARNING 08-22 18:18:55 [flashinfer_all_reduce.py:78] Failed to initialize FlashInfer All Reduce workspace: [SymmDeviceMemory] Device does not support multicasting.. This is expected on GPUs without NVSwitch (e.g., NVLink bridge-only or PCIe topologies).
(Worker_PP1_TP0 pid=1103796) WARNING 08-22 18:18:55 [flashinfer_all_reduce.py:78] Failed to initialize FlashInfer All Reduce workspace: [SymmDeviceMemory] Device does not support multicasting.. This is expected on GPUs without NVSwitch (e.g., NVLink bridge-only or PCIe topologies).
(Worker_PP1_TP0 pid=1103796) WARNING 08-22 18:18:55 [flashinfer_all_reduce.py:78] Failed to initialize FlashInfer All Reduce workspace: [SymmDeviceMemory] Device does not support multicasting.. This is expected on GPUs without NVSwitch (e.g., NVLink bridge-only or PCIe topologies).
(Worker_PP1_TP0 pid=1103796) WARNING 08-22 18:18:55 [flashinfer_all_reduce.py:78] Failed to initialize FlashInfer All Reduce workspace: [SymmDeviceMemory] Device does not support multicasting.. This is expected on GPUs without NVSwitch (e.g., NVLink bridge-only or PCIe topologies).
(Worker_PP1_TP0 pid=1103796) WARNING 08-22 18:18:55 [flashinfer_all_reduce.py:78] Failed to initialize FlashInfer All Reduce workspace: [SymmDeviceMemory] Device does not support multicasting.. This is expected on GPUs without NVSwitch (e.g., NVLink bridge-only or PCIe topologies).
(Worker_PP1_TP0 pid=1103796) WARNING 08-22 18:18:55 [flashinfer_all_reduce.py:78] Failed to initialize FlashInfer All Reduce workspace: [SymmDeviceMemory] Device does not support multicasting.. This is expected on GPUs without NVSwitch (e.g., NVLink bridge-only or PCIe topologies).
(Worker_PP1_TP0 pid=1103796) WARNING 08-22 18:18:55 [flashinfer_all_reduce.py:78] Failed to initialize FlashInfer All Reduce workspace: [SymmDeviceMemory] Device does not support multicasting.. This is expected on GPUs without NVSwitch (e.g., NVLink bridge-only or PCIe topologies).
(Worker_PP1_TP0 pid=1103796) WARNING 08-22 18:18:55 [flashinfer_all_reduce.py:78] Failed to initialize FlashInfer All Reduce workspace: [SymmDeviceMemory] Device does not support multicasting.. This is expected on GPUs without NVSwitch (e.g., NVLink bridge-only or PCIe topologies).
(Worker_PP1_TP0 pid=1103796) WARNING 08-22 18:18:55 [flashinfer_all_reduce.py:78] Failed to initialize FlashInfer All Reduce workspace: [SymmDeviceMemory] Device does not support multicasting.. This is expected on GPUs without NVSwitch (e.g., NVLink bridge-only or PCIe topologies).
(Worker_PP1_TP0 pid=1103796) WARNING 08-22 18:18:55 [flashinfer_all_reduce.py:78] Failed to initialize FlashInfer All Reduce workspace: [SymmDeviceMemory] Device does not support multicasting.. This is expected on GPUs without NVSwitch (e.g., NVLink bridge-only or PCIe topologies).
(Worker_PP1_TP0 pid=1103796) WARNING 08-22 18:18:55 [flashinfer_all_reduce.py:78] Failed to initialize FlashInfer All Reduce workspace: [SymmDeviceMemory] Device does not support multicasting.. This is expected on GPUs without NVSwitch (e.g., NVLink bridge-only or PCIe topologies).
(Worker_PP1_TP0 pid=1103796) WARNING 08-22 18:18:55 [flashinfer_all_reduce.py:78] Failed to initialize FlashInfer All Reduce workspace: [SymmDeviceMemory] Device does not support multicasting.. This is expected on GPUs without NVSwitch (e.g., NVLink bridge-only or PCIe topologies).
(Worker_PP1_TP0 pid=1103796) WARNING 08-22 18:18:55 [flashinfer_all_reduce.py:78] Failed to initialize FlashInfer All Reduce workspace: [SymmDeviceMemory] Device does not support multicasting.. This is expected on GPUs without NVSwitch (e.g., NVLink bridge-only or PCIe topologies).
(Worker_PP1_TP0 pid=1103796) WARNING 08-22 18:18:55 [flashinfer_all_reduce.py:78] Failed to initialize FlashInfer All Reduce workspace: [SymmDeviceMemory] Device does not support multicasting.. This is expected on GPUs without NVSwitch (e.g., NVLink bridge-only or PCIe topologies).
(Worker_PP1_TP0 pid=1103796) WARNING 08-22 18:18:55 [flashinfer_all_reduce.py:78] Failed to initialize FlashInfer All Reduce workspace: [SymmDeviceMemory] Device does not support multicasting.. This is expected on GPUs without NVSwitch (e.g., NVLink bridge-only or PCIe topologies).
(Worker_PP1_TP0 pid=1103796) WARNING 08-22 18:18:55 [flashinfer_all_reduce.py:78] Failed to initialize FlashInfer All Reduce workspace: [SymmDeviceMemory] Device does not support multicasting.. This is expected on GPUs without NVSwitch (e.g., NVLink bridge-only or PCIe topologies).
(Worker_PP1_TP0 pid=1103796) WARNING 08-22 18:18:55 [flashinfer_all_reduce.py:78] Failed to initialize FlashInfer All Reduce workspace: [SymmDeviceMemory] Device does not support multicasting.. This is expected on GPUs without NVSwitch (e.g., NVLink bridge-only or PCIe topologies).
(Worker_PP1_TP0 pid=1103796) WARNING 08-22 18:18:55 [flashinfer_all_reduce.py:78] Failed to initialize FlashInfer All Reduce workspace: [SymmDeviceMemory] Device does not support multicasting.. This is expected on GPUs without NVSwitch (e.g., NVLink bridge-only or PCIe topologies).
(Worker_PP1_TP0 pid=1103796) WARNING 08-22 18:18:55 [flashinfer_all_reduce.py:78] Failed to initialize FlashInfer All Reduce workspace: [SymmDeviceMemory] Device does not support multicasting.. This is expected on GPUs without NVSwitch (e.g., NVLink bridge-only or PCIe topologies).
(Worker_PP1_TP0 pid=1103796) WARNING 08-22 18:18:55 [flashinfer_all_reduce.py:78] Failed to initialize FlashInfer All Reduce workspace: [SymmDeviceMemory] Device does not support multicasting.. This is expected on GPUs without NVSwitch (e.g., NVLink bridge-only or PCIe topologies).
(Worker_PP1_TP0 pid=1103796) WARNING 08-22 18:18:55 [flashinfer_all_reduce.py:78] Failed to initialize FlashInfer All Reduce workspace: [SymmDeviceMemory] Device does not support multicasting.. This is expected on GPUs without NVSwitch (e.g., NVLink bridge-only or PCIe topologies).
(Worker_PP1_TP0 pid=1103796) WARNING 08-22 18:18:55 [flashinfer_all_reduce.py:78] Failed to initialize FlashInfer All Reduce workspace: [SymmDeviceMemory] Device does not support multicasting.. This is expected on GPUs without NVSwitch (e.g., NVLink bridge-only or PCIe topologies).
(Worker_PP1_TP0 pid=1103796) WARNING 08-22 18:18:55 [flashinfer_all_reduce.py:78] Failed to initialize FlashInfer All Reduce workspace: [SymmDeviceMemory] Device does not support multicasting.. This is expected on GPUs without NVSwitch (e.g., NVLink bridge-only or PCIe topologies).
(Worker_PP1_TP0 pid=1103796) WARNING 08-22 18:18:55 [flashinfer_all_reduce.py:78] Failed to initialize FlashInfer All Reduce workspace: [SymmDeviceMemory] Device does not support multicasting.. This is expected on GPUs without NVSwitch (e.g., NVLink bridge-only or PCIe topologies).
(Worker_PP1_TP0 pid=1103796) WARNING 08-22 18:18:55 [flashinfer_all_reduce.py:78] Failed to initialize FlashInfer All Reduce workspace: [SymmDeviceMemory] Device does not support multicasting.. This is expected on GPUs without NVSwitch (e.g., NVLink bridge-only or PCIe topologies).
(Worker_PP1_TP0 pid=1103796) WARNING 08-22 18:18:55 [flashinfer_all_reduce.py:78] Failed to initialize FlashInfer All Reduce workspace: [SymmDeviceMemory] Device does not support multicasting.. This is expected on GPUs without NVSwitch (e.g., NVLink bridge-only or PCIe topologies).
(Worker_PP1_TP0 pid=1103796) WARNING 08-22 18:18:55 [flashinfer_all_reduce.py:78] Failed to initialize FlashInfer All Reduce workspace: [SymmDeviceMemory] Device does not support multicasting.. This is expected on GPUs without NVSwitch (e.g., NVLink bridge-only or PCIe topologies).
(Worker_PP1_TP0 pid=1103796) WARNING 08-22 18:18:55 [flashinfer_all_reduce.py:78] Failed to initialize FlashInfer All Reduce workspace: [SymmDeviceMemory] Device does not support multicasting.. This is expected on GPUs without NVSwitch (e.g., NVLink bridge-only or PCIe topologies).
(Worker_PP1_TP3 pid=1103799) [k3t r?] step=54 tok=1 step=91.51ms | KDA: n=23 attn=18.8ms mlp=46.2ms other=0.5ms tot=65.5ms | full: n=8 attn=9.6ms mlp=16.1ms other=0.2ms tot=25.9ms | ALL: attn=28.4ms mlp=62.3ms model=91.5ms
(Worker_PP1_TP4 pid=1103800) [k3t r?] step=54 tok=1 step=91.51ms | KDA: n=23 attn=18.7ms mlp=46.2ms other=0.5ms tot=65.5ms | full: n=8 attn=9.6ms mlp=16.1ms other=0.2ms tot=25.9ms | ALL: attn=28.4ms mlp=62.3ms model=91.5ms
(Worker_PP1_TP7 pid=1103803) [k3t r?] step=54 tok=1 step=91.51ms | KDA: n=23 attn=18.7ms mlp=46.2ms other=0.5ms tot=65.5ms | full: n=8 attn=9.6ms mlp=16.1ms other=0.2ms tot=25.9ms | ALL: attn=28.4ms mlp=62.3ms model=91.5ms
(Worker_PP1_TP2 pid=1103798) [k3t r?] step=54 tok=1 step=91.51ms | KDA: n=23 attn=18.7ms mlp=46.2ms other=0.5ms tot=65.5ms | full: n=8 attn=9.6ms mlp=16.1ms other=0.2ms tot=25.9ms | ALL: attn=28.3ms mlp=62.3ms model=91.5ms
(Worker_PP1_TP1 pid=1103797) [k3t r?] step=54 tok=1 step=91.51ms | KDA: n=23 attn=16.2ms mlp=45.5ms other=2.9ms tot=64.7ms | full: n=8 attn=9.2ms mlp=16.0ms other=1.1ms tot=26.2ms | ALL: attn=25.4ms mlp=61.5ms model=91.5ms
(Worker_PP1_TP5 pid=1103801) [k3t r?] step=54 tok=1 step=91.51ms | KDA: n=23 attn=18.8ms mlp=46.2ms other=0.5ms tot=65.5ms | full: n=8 attn=9.6ms mlp=16.1ms other=0.2ms tot=25.9ms | ALL: attn=28.4ms mlp=62.3ms model=91.5ms
(Worker_PP1_TP6 pid=1103802) [k3t r?] step=54 tok=1 step=91.51ms | KDA: n=23 attn=18.7ms mlp=46.2ms other=0.5ms tot=65.5ms | full: n=8 attn=9.6ms mlp=16.1ms other=0.2ms tot=25.9ms | ALL: attn=28.4ms mlp=62.3ms model=91.5ms
(Worker_PP1_TP0 pid=1103796) [k3t r?] step=54 tok=1 step=91.91ms | KDA: n=23 attn=11.4ms mlp=45.5ms other=7.4ms tot=64.4ms | full: n=8 attn=7.2ms mlp=15.8ms other=2.7ms tot=25.7ms | ALL: attn=18.6ms mlp=61.4ms model=91.9ms
(Worker_PP1_TP0 pid=1103796) WARNING 08-22 18:18:56 [flashinfer_all_reduce.py:78] Failed to initialize FlashInfer All Reduce workspace: [SymmDeviceMemory] Device does not support multicasting.. This is expected on GPUs without NVSwitch (e.g., NVLink bridge-only or PCIe topologies).
(Worker_PP1_TP0 pid=1103796) WARNING 08-22 18:18:56 [flashinfer_all_reduce.py:78] Failed to initialize FlashInfer All Reduce workspace: [SymmDeviceMemory] Device does not support multicasting.. This is expected on GPUs without NVSwitch (e.g., NVLink bridge-only or PCIe topologies).
(Worker_PP1_TP0 pid=1103796) WARNING 08-22 18:18:56 [flashinfer_all_reduce.py:78] Failed to initialize FlashInfer All Reduce workspace: [SymmDeviceMemory] Device does not support multicasting.. This is expected on GPUs without NVSwitch (e.g., NVLink bridge-only or PCIe topologies).
(Worker_PP1_TP0 pid=1103796) WARNING 08-22 18:18:56 [flashinfer_all_reduce.py:78] Failed to initialize FlashInfer All Reduce workspace: [SymmDeviceMemory] Device does not support multicasting.. This is expected on GPUs without NVSwitch (e.g., NVLink bridge-only or PCIe topologies).
(Worker_PP1_TP0 pid=1103796) WARNING 08-22 18:18:56 [flashinfer_all_reduce.py:78] Failed to initialize FlashInfer All Reduce workspace: [SymmDeviceMemory] Device does not support multicasting.. This is expected on GPUs without NVSwitch (e.g., NVLink bridge-only or PCIe topologies).
(Worker_PP1_TP0 pid=1103796) WARNING 08-22 18:18:56 [flashinfer_all_reduce.py:78] Failed to initialize FlashInfer All Reduce workspace: [SymmDeviceMemory] Device does not support multicasting.. This is expected on GPUs without NVSwitch (e.g., NVLink bridge-only or PCIe topologies).
(Worker_PP1_TP0 pid=1103796) WARNING 08-22 18:18:56 [flashinfer_all_reduce.py:78] Failed to initialize FlashInfer All Reduce workspace: [SymmDeviceMemory] Device does not support multicasting.. This is expected on GPUs without NVSwitch (e.g., NVLink bridge-only or PCIe topologies).
(Worker_PP1_TP0 pid=1103796) WARNING 08-22 18:18:56 [flashinfer_all_reduce.py:78] Failed to initialize FlashInfer All Reduce workspace: [SymmDeviceMemory] Device does not support multicasting.. This is expected on GPUs without NVSwitch (e.g., NVLink bridge-only or PCIe topologies).
(Worker_PP1_TP0 pid=1103796) WARNING 08-22 18:18:56 [flashinfer_all_reduce.py:78] Failed to initialize FlashInfer All Reduce workspace: [SymmDeviceMemory] Device does not support multicasting.. This is expected on GPUs without NVSwitch (e.g., NVLink bridge-only or PCIe topologies).
(Worker_PP1_TP0 pid=1103796) WARNING 08-22 18:18:56 [flashinfer_all_reduce.py:78] Failed to initialize FlashInfer All Reduce workspace: [SymmDeviceMemory] Device does not support multicasting.. This is expected on GPUs without NVSwitch (e.g., NVLink bridge-only or PCIe topologies).
(Worker_PP1_TP0 pid=1103796) WARNING 08-22 18:18:56 [flashinfer_all_reduce.py:78] Failed to initialize FlashInfer All Reduce workspace: [SymmDeviceMemory] Device does not support multicasting.. This is expected on GPUs without NVSwitch (e.g., NVLink bridge-only or PCIe topologies).
(Worker_PP1_TP0 pid=1103796) WARNING 08-22 18:18:56 [flashinfer_all_reduce.py:78] Failed to initialize FlashInfer All Reduce workspace: [SymmDeviceMemory] Device does not support multicasting.. This is expected on GPUs without NVSwitch (e.g., NVLink bridge-only or PCIe topologies).
(Worker_PP1_TP0 pid=1103796) WARNING 08-22 18:18:56 [flashinfer_all_reduce.py:78] Failed to initialize FlashInfer All Reduce workspace: [SymmDeviceMemory] Device does not support multicasting.. This is expected on GPUs without NVSwitch (e.g., NVLink bridge-only or PCIe topologies).
(Worker_PP1_TP0 pid=1103796) WARNING 08-22 18:18:56 [flashinfer_all_reduce.py:78] Failed to initialize FlashInfer All Reduce workspace: [SymmDeviceMemory] Device does not support multicasting.. This is expected on GPUs without NVSwitch (e.g., NVLink bridge-only or PCIe topologies).
(Worker_PP1_TP0 pid=1103796) WARNING 08-22 18:18:56 [flashinfer_all_reduce.py:78] Failed to initialize FlashInfer All Reduce workspace: [SymmDeviceMemory] Device does not support multicasting.. This is expected on GPUs without NVSwitch (e.g., NVLink bridge-only or PCIe topologies).
(Worker_PP1_TP0 pid=1103796) WARNING 08-22 18:18:56 [flashinfer_all_reduce.py:78] Failed to initialize FlashInfer All Reduce workspace: [SymmDeviceMemory] Device does not support multicasting.. This is expected on GPUs without NVSwitch (e.g., NVLink bridge-only or PCIe topologies).
(Worker_PP1_TP0 pid=1103796) WARNING 08-22 18:18:56 [flashinfer_all_reduce.py:78] Failed to initialize FlashInfer All Reduce workspace: [SymmDeviceMemory] Device does not support multicasting.. This is expected on GPUs without NVSwitch (e.g., NVLink bridge-only or PCIe topologies).
(Worker_PP1_TP0 pid=1103796) WARNING 08-22 18:18:56 [flashinfer_all_reduce.py:78] Failed to initialize FlashInfer All Reduce workspace: [SymmDeviceMemory] Device does not support multicasting.. This is expected on GPUs without NVSwitch (e.g., NVLink bridge-only or PCIe topologies).
(Worker_PP1_TP0 pid=1103796) WARNING 08-22 18:18:56 [flashinfer_all_reduce.py:78] Failed to initialize FlashInfer All Reduce workspace: [SymmDeviceMemory] Device does not support multicasting.. This is expected on GPUs without NVSwitch (e.g., NVLink bridge-only or PCIe topologies).
(Worker_PP1_TP0 pid=1103796) WARNING 08-22 18:18:56 [flashinfer_all_reduce.py:78] Failed to initialize FlashInfer All Reduce workspace: [SymmDeviceMemory] Device does not support multicasting.. This is expected on GPUs without NVSwitch (e.g., NVLink bridge-only or PCIe topologies).
(Worker_PP1_TP0 pid=1103796) WARNING 08-22 18:18:56 [flashinfer_all_reduce.py:78] Failed to initialize FlashInfer All Reduce workspace: [SymmDeviceMemory] Device does not support multicasting.. This is expected on GPUs without NVSwitch (e.g., NVLink bridge-only or PCIe topologies).
(Worker_PP1_TP0 pid=1103796) WARNING 08-22 18:18:56 [flashinfer_all_reduce.py:78] Failed to initialize FlashInfer All Reduce workspace: [SymmDeviceMemory] Device does not support multicasting.. This is expected on GPUs without NVSwitch (e.g., NVLink bridge-only or PCIe topologies).
(Worker_PP1_TP0 pid=1103796) WARNING 08-22 18:18:56 [flashinfer_all_reduce.py:78] Failed to initialize FlashInfer All Reduce workspace: [SymmDeviceMemory] Device does not support multicasting.. This is expected on GPUs without NVSwitch (e.g., NVLink bridge-only or PCIe topologies).
(Worker_PP1_TP0 pid=1103796) WARNING 08-22 18:18:56 [flashinfer_all_reduce.py:78] Failed to initialize FlashInfer All Reduce workspace: [SymmDeviceMemory] Device does not support multicasting.. This is expected on GPUs without NVSwitch (e.g., NVLink bridge-only or PCIe topologies).
(Worker_PP1_TP0 pid=1103796) WARNING 08-22 18:18:56 [flashinfer_all_reduce.py:78] Failed to initialize FlashInfer All Reduce workspace: [SymmDeviceMemory] Device does not support multicasting.. This is expected on GPUs without NVSwitch (e.g., NVLink bridge-only or PCIe topologies).
(Worker_PP1_TP0 pid=1103796) WARNING 08-22 18:18:56 [flashinfer_all_reduce.py:78] Failed to initialize FlashInfer All Reduce workspace: [SymmDeviceMemory] Device does not support multicasting.. This is expected on GPUs without NVSwitch (e.g., NVLink bridge-only or PCIe topologies).
(Worker_PP1_TP0 pid=1103796) WARNING 08-22 18:18:56 [flashinfer_all_reduce.py:78] Failed to initialize FlashInfer All Reduce workspace: [SymmDeviceMemory] Device does not support multicasting.. This is expected on GPUs without NVSwitch (e.g., NVLink bridge-only or PCIe topologies).
(Worker_PP1_TP0 pid=1103796) WARNING 08-22 18:18:56 [flashinfer_all_reduce.py:78] Failed to initialize FlashInfer All Reduce workspace: [SymmDeviceMemory] Device does not support multicasting.. This is expected on GPUs without NVSwitch (e.g., NVLink bridge-only or PCIe topologies).
(Worker_PP1_TP0 pid=1103796) WARNING 08-22 18:18:56 [flashinfer_all_reduce.py:78] Failed to initialize FlashInfer All Reduce workspace: [SymmDeviceMemory] Device does not support multicasting.. This is expected on GPUs without NVSwitch (e.g., NVLink bridge-only or PCIe topologies).
(Worker_PP1_TP0 pid=1103796) WARNING 08-22 18:18:56 [flashinfer_all_reduce.py:78] Failed to initialize FlashInfer All Reduce workspace: [SymmDeviceMemory] Device does not support multicasting.. This is expected on GPUs without NVSwitch (e.g., NVLink bridge-only or PCIe topologies).
(Worker_PP1_TP0 pid=1103796) WARNING 08-22 18:18:56 [flashinfer_all_reduce.py:78] Failed to initialize FlashInfer All Reduce workspace: [SymmDeviceMemory] Device does not support multicasting.. This is expected on GPUs without NVSwitch (e.g., NVLink bridge-only or PCIe topologies).
(Worker_PP1_TP3 pid=1103799) [k3t r?] step=55 tok=1 step=88.50ms | KDA: n=23 attn=18.9ms mlp=44.5ms other=0.6ms tot=64.0ms | full: n=8 attn=9.3ms mlp=14.9ms other=0.2ms tot=24.4ms | ALL: attn=28.3ms mlp=59.4ms model=88.5ms
(Worker_PP1_TP1 pid=1103797) [k3t r?] step=55 tok=1 step=88.50ms | KDA: n=23 attn=13.3ms mlp=43.9ms other=5.7ms tot=63.0ms | full: n=8 attn=7.5ms mlp=14.9ms other=1.8ms tot=24.2ms | ALL: attn=20.8ms mlp=58.8ms model=88.5ms
(Worker_PP1_TP6 pid=1103802) [k3t r?] step=55 tok=1 step=88.50ms | KDA: n=23 attn=18.9ms mlp=44.5ms other=0.5ms tot=64.0ms | full: n=8 attn=9.4ms mlp=14.9ms other=0.2ms tot=24.4ms | ALL: attn=28.3ms mlp=59.4ms model=88.5ms
(Worker_PP1_TP2 pid=1103798) [k3t r?] step=55 tok=1 step=88.50ms | KDA: n=23 attn=19.0ms mlp=44.5ms other=0.5ms tot=64.0ms | full: n=8 attn=9.4ms mlp=14.9ms other=0.2ms tot=24.4ms | ALL: attn=28.3ms mlp=59.4ms model=88.5ms
(Worker_PP1_TP4 pid=1103800) [k3t r?] step=55 tok=1 step=88.50ms | KDA: n=23 attn=19.0ms mlp=44.5ms other=0.5ms tot=64.0ms | full: n=8 attn=9.4ms mlp=14.9ms other=0.2ms tot=24.4ms | ALL: attn=28.3ms mlp=59.4ms model=88.5ms
(Worker_PP1_TP5 pid=1103801) [k3t r?] step=55 tok=1 step=88.50ms | KDA: n=23 attn=18.9ms mlp=44.5ms other=0.5ms tot=64.0ms | full: n=8 attn=9.4ms mlp=14.9ms other=0.2ms tot=24.4ms | ALL: attn=28.3ms mlp=59.4ms model=88.5ms
(Worker_PP1_TP7 pid=1103803) [k3t r?] step=55 tok=1 step=88.50ms | KDA: n=23 attn=18.9ms mlp=44.5ms other=0.5ms tot=64.0ms | full: n=8 attn=9.4ms mlp=14.9ms other=0.2ms tot=24.4ms | ALL: attn=28.3ms mlp=59.4ms model=88.5ms
(Worker_PP1_TP0 pid=1103796) [k3t r?] step=55 tok=1 step=88.80ms | KDA: n=23 attn=14.5ms mlp=44.1ms other=4.8ms tot=63.5ms | full: n=8 attn=8.1ms mlp=14.7ms other=1.4ms tot=24.2ms | ALL: attn=22.6ms mlp=58.9ms model=88.8ms
(Worker_PP1_TP0 pid=1103796) WARNING 08-22 18:18:56 [flashinfer_all_reduce.py:78] Failed to initialize FlashInfer All Reduce workspace: [SymmDeviceMemory] Device does not support multicasting.. This is expected on GPUs without NVSwitch (e.g., NVLink bridge-only or PCIe topologies).
(Worker_PP1_TP0 pid=1103796) WARNING 08-22 18:18:56 [flashinfer_all_reduce.py:78] Failed to initialize FlashInfer All Reduce workspace: [SymmDeviceMemory] Device does not support multicasting.. This is expected on GPUs without NVSwitch (e.g., NVLink bridge-only or PCIe topologies).
(Worker_PP1_TP0 pid=1103796) WARNING 08-22 18:18:56 [flashinfer_all_reduce.py:78] Failed to initialize FlashInfer All Reduce workspace: [SymmDeviceMemory] Device does not support multicasting.. This is expected on GPUs without NVSwitch (e.g., NVLink bridge-only or PCIe topologies).
(Worker_PP1_TP0 pid=1103796) WARNING 08-22 18:18:56 [flashinfer_all_reduce.py:78] Failed to initialize FlashInfer All Reduce workspace: [SymmDeviceMemory] Device does not support multicasting.. This is expected on GPUs without NVSwitch (e.g., NVLink bridge-only or PCIe topologies).
(Worker_PP1_TP0 pid=1103796) WARNING 08-22 18:18:56 [flashinfer_all_reduce.py:78] Failed to initialize FlashInfer All Reduce workspace: [SymmDeviceMemory] Device does not support multicasting.. This is expected on GPUs without NVSwitch (e.g., NVLink bridge-only or PCIe topologies).
(Worker_PP1_TP0 pid=1103796) WARNING 08-22 18:18:56 [flashinfer_all_reduce.py:78] Failed to initialize FlashInfer All Reduce workspace: [SymmDeviceMemory] Device does not support multicasting.. This is expected on GPUs without NVSwitch (e.g., NVLink bridge-only or PCIe topologies).
(Worker_PP1_TP0 pid=1103796) WARNING 08-22 18:18:56 [flashinfer_all_reduce.py:78] Failed to initialize FlashInfer All Reduce workspace: [SymmDeviceMemory] Device does not support multicasting.. This is expected on GPUs without NVSwitch (e.g., NVLink bridge-only or PCIe topologies).
(Worker_PP1_TP0 pid=1103796) WARNING 08-22 18:18:56 [flashinfer_all_reduce.py:78] Failed to initialize FlashInfer All Reduce workspace: [SymmDeviceMemory] Device does not support multicasting.. This is expected on GPUs without NVSwitch (e.g., NVLink bridge-only or PCIe topologies).
(Worker_PP1_TP0 pid=1103796) WARNING 08-22 18:18:56 [flashinfer_all_reduce.py:78] Failed to initialize FlashInfer All Reduce workspace: [SymmDeviceMemory] Device does not support multicasting.. This is expected on GPUs without NVSwitch (e.g., NVLink bridge-only or PCIe topologies).
(Worker_PP1_TP0 pid=1103796) WARNING 08-22 18:18:56 [flashinfer_all_reduce.py:78] Failed to initialize FlashInfer All Reduce workspace: [SymmDeviceMemory] Device does not support multicasting.. This is expected on GPUs without NVSwitch (e.g., NVLink bridge-only or PCIe topologies).
(Worker_PP1_TP0 pid=1103796) WARNING 08-22 18:18:56 [flashinfer_all_reduce.py:78] Failed to initialize FlashInfer All Reduce workspace: [SymmDeviceMemory] Device does not support multicasting.. This is expected on GPUs without NVSwitch (e.g., NVLink bridge-only or PCIe topologies).
(Worker_PP1_TP0 pid=1103796) WARNING 08-22 18:18:56 [flashinfer_all_reduce.py:78] Failed to initialize FlashInfer All Reduce workspace: [SymmDeviceMemory] Device does not support multicasting.. This is expected on GPUs without NVSwitch (e.g., NVLink bridge-only or PCIe topologies).
(Worker_PP1_TP0 pid=1103796) WARNING 08-22 18:18:56 [flashinfer_all_reduce.py:78] Failed to initialize FlashInfer All Reduce workspace: [SymmDeviceMemory] Device does not support multicasting.. This is expected on GPUs without NVSwitch (e.g., NVLink bridge-only or PCIe topologies).
(Worker_PP1_TP0 pid=1103796) WARNING 08-22 18:18:56 [flashinfer_all_reduce.py:78] Failed to initialize FlashInfer All Reduce workspace: [SymmDeviceMemory] Device does not support multicasting.. This is expected on GPUs without NVSwitch (e.g., NVLink bridge-only or PCIe topologies).
(Worker_PP1_TP0 pid=1103796) WARNING 08-22 18:18:56 [flashinfer_all_reduce.py:78] Failed to initialize FlashInfer All Reduce workspace: [SymmDeviceMemory] Device does not support multicasting.. This is expected on GPUs without NVSwitch (e.g., NVLink bridge-only or PCIe topologies).
(Worker_PP1_TP0 pid=1103796) WARNING 08-22 18:18:56 [flashinfer_all_reduce.py:78] Failed to initialize FlashInfer All Reduce workspace: [SymmDeviceMemory] Device does not support multicasting.. This is expected on GPUs without NVSwitch (e.g., NVLink bridge-only or PCIe topologies).
(Worker_PP1_TP0 pid=1103796) WARNING 08-22 18:18:56 [flashinfer_all_reduce.py:78] Failed to initialize FlashInfer All Reduce workspace: [SymmDeviceMemory] Device does not support multicasting.. This is expected on GPUs without NVSwitch (e.g., NVLink bridge-only or PCIe topologies).
(Worker_PP1_TP0 pid=1103796) WARNING 08-22 18:18:56 [flashinfer_all_reduce.py:78] Failed to initialize FlashInfer All Reduce workspace: [SymmDeviceMemory] Device does not support multicasting.. This is expected on GPUs without NVSwitch (e.g., NVLink bridge-only or PCIe topologies).
(Worker_PP1_TP0 pid=1103796) WARNING 08-22 18:18:56 [flashinfer_all_reduce.py:78] Failed to initialize FlashInfer All Reduce workspace: [SymmDeviceMemory] Device does not support multicasting.. This is expected on GPUs without NVSwitch (e.g., NVLink bridge-only or PCIe topologies).
(Worker_PP1_TP0 pid=1103796) WARNING 08-22 18:18:56 [flashinfer_all_reduce.py:78] Failed to initialize FlashInfer All Reduce workspace: [SymmDeviceMemory] Device does not support multicasting.. This is expected on GPUs without NVSwitch (e.g., NVLink bridge-only or PCIe topologies).
(Worker_PP1_TP0 pid=1103796) WARNING 08-22 18:18:56 [flashinfer_all_reduce.py:78] Failed to initialize FlashInfer All Reduce workspace: [SymmDeviceMemory] Device does not support multicasting.. This is expected on GPUs without NVSwitch (e.g., NVLink bridge-only or PCIe topologies).
(Worker_PP1_TP0 pid=1103796) WARNING 08-22 18:18:56 [flashinfer_all_reduce.py:78] Failed to initialize FlashInfer All Reduce workspace: [SymmDeviceMemory] Device does not support multicasting.. This is expected on GPUs without NVSwitch (e.g., NVLink bridge-only or PCIe topologies).
(Worker_PP1_TP0 pid=1103796) WARNING 08-22 18:18:56 [flashinfer_all_reduce.py:78] Failed to initialize FlashInfer All Reduce workspace: [SymmDeviceMemory] Device does not support multicasting.. This is expected on GPUs without NVSwitch (e.g., NVLink bridge-only or PCIe topologies).
(Worker_PP1_TP0 pid=1103796) WARNING 08-22 18:18:56 [flashinfer_all_reduce.py:78] Failed to initialize FlashInfer All Reduce workspace: [SymmDeviceMemory] Device does not support multicasting.. This is expected on GPUs without NVSwitch (e.g., NVLink bridge-only or PCIe topologies).
(Worker_PP1_TP0 pid=1103796) WARNING 08-22 18:18:56 [flashinfer_all_reduce.py:78] Failed to initialize FlashInfer All Reduce workspace: [SymmDeviceMemory] Device does not support multicasting.. This is expected on GPUs without NVSwitch (e.g., NVLink bridge-only or PCIe topologies).
(Worker_PP1_TP0 pid=1103796) WARNING 08-22 18:18:56 [flashinfer_all_reduce.py:78] Failed to initialize FlashInfer All Reduce workspace: [SymmDeviceMemory] Device does not support multicasting.. This is expected on GPUs without NVSwitch (e.g., NVLink bridge-only or PCIe topologies).
(Worker_PP1_TP0 pid=1103796) WARNING 08-22 18:18:56 [flashinfer_all_reduce.py:78] Failed to initialize FlashInfer All Reduce workspace: [SymmDeviceMemory] Device does not support multicasting.. This is expected on GPUs without NVSwitch (e.g., NVLink bridge-only or PCIe topologies).
(Worker_PP1_TP0 pid=1103796) WARNING 08-22 18:18:56 [flashinfer_all_reduce.py:78] Failed to initialize FlashInfer All Reduce workspace: [SymmDeviceMemory] Device does not support multicasting.. This is expected on GPUs without NVSwitch (e.g., NVLink bridge-only or PCIe topologies).
(Worker_PP1_TP0 pid=1103796) WARNING 08-22 18:18:56 [flashinfer_all_reduce.py:78] Failed to initialize FlashInfer All Reduce workspace: [SymmDeviceMemory] Device does not support multicasting.. This is expected on GPUs without NVSwitch (e.g., NVLink bridge-only or PCIe topologies).
(Worker_PP1_TP0 pid=1103796) WARNING 08-22 18:18:56 [flashinfer_all_reduce.py:78] Failed to initialize FlashInfer All Reduce workspace: [SymmDeviceMemory] Device does not support multicasting.. This is expected on GPUs without NVSwitch (e.g., NVLink bridge-only or PCIe topologies).
(Worker_PP1_TP0 pid=1103796) WARNING 08-22 18:18:56 [flashinfer_all_reduce.py:78] Failed to initialize FlashInfer All Reduce workspace: [SymmDeviceMemory] Device does not support multicasting.. This is expected on GPUs without NVSwitch (e.g., NVLink bridge-only or PCIe topologies).
(Worker_PP1_TP4 pid=1103800) [k3t r?] step=56 tok=1 step=92.60ms | KDA: n=23 attn=19.1ms mlp=45.8ms other=0.5ms tot=65.5ms | full: n=8 attn=10.6ms mlp=16.3ms other=0.2ms tot=27.0ms | ALL: attn=29.6ms mlp=62.1ms model=92.6ms
(Worker_PP1_TP2 pid=1103798) [k3t r?] step=56 tok=1 step=92.60ms | KDA: n=23 attn=19.1ms mlp=45.8ms other=0.6ms tot=65.5ms | full: n=8 attn=10.5ms mlp=16.3ms other=0.2ms tot=27.0ms | ALL: attn=29.6ms mlp=62.1ms model=92.6ms
(Worker_PP1_TP7 pid=1103803) [k3t r?] step=56 tok=1 step=92.59ms | KDA: n=23 attn=19.1ms mlp=45.8ms other=0.5ms tot=65.5ms | full: n=8 attn=10.5ms mlp=16.3ms other=0.2ms tot=27.0ms | ALL: attn=29.6ms mlp=62.1ms model=92.6ms
(Worker_PP1_TP3 pid=1103799) [k3t r?] step=56 tok=1 step=92.59ms | KDA: n=23 attn=19.1ms mlp=45.8ms other=0.5ms tot=65.5ms | full: n=8 attn=10.5ms mlp=16.3ms other=0.2ms tot=27.0ms | ALL: attn=29.7ms mlp=62.1ms model=92.6ms
(Worker_PP1_TP5 pid=1103801) [k3t r?] step=56 tok=1 step=92.59ms | KDA: n=23 attn=19.1ms mlp=45.8ms other=0.5ms tot=65.5ms | full: n=8 attn=10.6ms mlp=16.3ms other=0.2ms tot=27.0ms | ALL: attn=29.7ms mlp=62.1ms model=92.6ms
(Worker_PP1_TP1 pid=1103797) [k3t r?] step=56 tok=1 step=92.59ms | KDA: n=23 attn=14.9ms mlp=45.5ms other=4.3ms tot=64.7ms | full: n=8 attn=9.3ms mlp=16.1ms other=1.5ms tot=26.9ms | ALL: attn=24.2ms mlp=61.6ms model=92.6ms
(Worker_PP1_TP6 pid=1103802) [k3t r?] step=56 tok=1 step=92.59ms | KDA: n=23 attn=19.1ms mlp=45.8ms other=0.5ms tot=65.5ms | full: n=8 attn=10.6ms mlp=16.3ms other=0.2ms tot=27.0ms | ALL: attn=29.7ms mlp=62.1ms model=92.6ms
(Worker_PP1_TP0 pid=1103796) [k3t r?] step=56 tok=1 step=93.00ms | KDA: n=23 attn=12.9ms mlp=45.4ms other=6.5ms tot=64.7ms | full: n=8 attn=9.0ms mlp=15.7ms other=2.1ms tot=26.8ms | ALL: attn=21.9ms mlp=61.1ms model=93.0ms
(Worker_PP1_TP0 pid=1103796) WARNING 08-22 18:18:56 [flashinfer_all_reduce.py:78] Failed to initialize FlashInfer All Reduce workspace: [SymmDeviceMemory] Device does not support multicasting.. This is expected on GPUs without NVSwitch (e.g., NVLink bridge-only or PCIe topologies).
(Worker_PP1_TP0 pid=1103796) WARNING 08-22 18:18:56 [flashinfer_all_reduce.py:78] Failed to initialize FlashInfer All Reduce workspace: [SymmDeviceMemory] Device does not support multicasting.. This is expected on GPUs without NVSwitch (e.g., NVLink bridge-only or PCIe topologies).
(Worker_PP1_TP0 pid=1103796) WARNING 08-22 18:18:56 [flashinfer_all_reduce.py:78] Failed to initialize FlashInfer All Reduce workspace: [SymmDeviceMemory] Device does not support multicasting.. This is expected on GPUs without NVSwitch (e.g., NVLink bridge-only or PCIe topologies).
(Worker_PP1_TP0 pid=1103796) WARNING 08-22 18:18:56 [flashinfer_all_reduce.py:78] Failed to initialize FlashInfer All Reduce workspace: [SymmDeviceMemory] Device does not support multicasting.. This is expected on GPUs without NVSwitch (e.g., NVLink bridge-only or PCIe topologies).
(Worker_PP1_TP0 pid=1103796) WARNING 08-22 18:18:56 [flashinfer_all_reduce.py:78] Failed to initialize FlashInfer All Reduce workspace: [SymmDeviceMemory] Device does not support multicasting.. This is expected on GPUs without NVSwitch (e.g., NVLink bridge-only or PCIe topologies).
(Worker_PP1_TP0 pid=1103796) WARNING 08-22 18:18:56 [flashinfer_all_reduce.py:78] Failed to initialize FlashInfer All Reduce workspace: [SymmDeviceMemory] Device does not support multicasting.. This is expected on GPUs without NVSwitch (e.g., NVLink bridge-only or PCIe topologies).
(Worker_PP1_TP0 pid=1103796) WARNING 08-22 18:18:56 [flashinfer_all_reduce.py:78] Failed to initialize FlashInfer All Reduce workspace: [SymmDeviceMemory] Device does not support multicasting.. This is expected on GPUs without NVSwitch (e.g., NVLink bridge-only or PCIe topologies).
(Worker_PP1_TP0 pid=1103796) WARNING 08-22 18:18:56 [flashinfer_all_reduce.py:78] Failed to initialize FlashInfer All Reduce workspace: [SymmDeviceMemory] Device does not support multicasting.. This is expected on GPUs without NVSwitch (e.g., NVLink bridge-only or PCIe topologies).
(Worker_PP1_TP0 pid=1103796) WARNING 08-22 18:18:56 [flashinfer_all_reduce.py:78] Failed to initialize FlashInfer All Reduce workspace: [SymmDeviceMemory] Device does not support multicasting.. This is expected on GPUs without NVSwitch (e.g., NVLink bridge-only or PCIe topologies).
(Worker_PP1_TP0 pid=1103796) WARNING 08-22 18:18:56 [flashinfer_all_reduce.py:78] Failed to initialize FlashInfer All Reduce workspace: [SymmDeviceMemory] Device does not support multicasting.. This is expected on GPUs without NVSwitch (e.g., NVLink bridge-only or PCIe topologies).
(Worker_PP1_TP0 pid=1103796) WARNING 08-22 18:18:56 [flashinfer_all_reduce.py:78] Failed to initialize FlashInfer All Reduce workspace: [SymmDeviceMemory] Device does not support multicasting.. This is expected on GPUs without NVSwitch (e.g., NVLink bridge-only or PCIe topologies).
(Worker_PP1_TP0 pid=1103796) WARNING 08-22 18:18:56 [flashinfer_all_reduce.py:78] Failed to initialize FlashInfer All Reduce workspace: [SymmDeviceMemory] Device does not support multicasting.. This is expected on GPUs without NVSwitch (e.g., NVLink bridge-only or PCIe topologies).
(Worker_PP1_TP0 pid=1103796) WARNING 08-22 18:18:56 [flashinfer_all_reduce.py:78] Failed to initialize FlashInfer All Reduce workspace: [SymmDeviceMemory] Device does not support multicasting.. This is expected on GPUs without NVSwitch (e.g., NVLink bridge-only or PCIe topologies).
(Worker_PP1_TP0 pid=1103796) WARNING 08-22 18:18:56 [flashinfer_all_reduce.py:78] Failed to initialize FlashInfer All Reduce workspace: [SymmDeviceMemory] Device does not support multicasting.. This is expected on GPUs without NVSwitch (e.g., NVLink bridge-only or PCIe topologies).
(Worker_PP1_TP0 pid=1103796) WARNING 08-22 18:18:56 [flashinfer_all_reduce.py:78] Failed to initialize FlashInfer All Reduce workspace: [SymmDeviceMemory] Device does not support multicasting.. This is expected on GPUs without NVSwitch (e.g., NVLink bridge-only or PCIe topologies).
(Worker_PP1_TP0 pid=1103796) WARNING 08-22 18:18:56 [flashinfer_all_reduce.py:78] Failed to initialize FlashInfer All Reduce workspace: [SymmDeviceMemory] Device does not support multicasting.. This is expected on GPUs without NVSwitch (e.g., NVLink bridge-only or PCIe topologies).
(Worker_PP1_TP0 pid=1103796) WARNING 08-22 18:18:56 [flashinfer_all_reduce.py:78] Failed to initialize FlashInfer All Reduce workspace: [SymmDeviceMemory] Device does not support multicasting.. This is expected on GPUs without NVSwitch (e.g., NVLink bridge-only or PCIe topologies).
(Worker_PP1_TP0 pid=1103796) WARNING 08-22 18:18:56 [flashinfer_all_reduce.py:78] Failed to initialize FlashInfer All Reduce workspace: [SymmDeviceMemory] Device does not support multicasting.. This is expected on GPUs without NVSwitch (e.g., NVLink bridge-only or PCIe topologies).
(Worker_PP1_TP0 pid=1103796) WARNING 08-22 18:18:56 [flashinfer_all_reduce.py:78] Failed to initialize FlashInfer All Reduce workspace: [SymmDeviceMemory] Device does not support multicasting.. This is expected on GPUs without NVSwitch (e.g., NVLink bridge-only or PCIe topologies).
(Worker_PP1_TP0 pid=1103796) WARNING 08-22 18:18:56 [flashinfer_all_reduce.py:78] Failed to initialize FlashInfer All Reduce workspace: [SymmDeviceMemory] Device does not support multicasting.. This is expected on GPUs without NVSwitch (e.g., NVLink bridge-only or PCIe topologies).
(Worker_PP1_TP0 pid=1103796) WARNING 08-22 18:18:56 [flashinfer_all_reduce.py:78] Failed to initialize FlashInfer All Reduce workspace: [SymmDeviceMemory] Device does not support multicasting.. This is expected on GPUs without NVSwitch (e.g., NVLink bridge-only or PCIe topologies).
(Worker_PP1_TP0 pid=1103796) WARNING 08-22 18:18:56 [flashinfer_all_reduce.py:78] Failed to initialize FlashInfer All Reduce workspace: [SymmDeviceMemory] Device does not support multicasting.. This is expected on GPUs without NVSwitch (e.g., NVLink bridge-only or PCIe topologies).
(Worker_PP1_TP0 pid=1103796) WARNING 08-22 18:18:56 [flashinfer_all_reduce.py:78] Failed to initialize FlashInfer All Reduce workspace: [SymmDeviceMemory] Device does not support multicasting.. This is expected on GPUs without NVSwitch (e.g., NVLink bridge-only or PCIe topologies).
(Worker_PP1_TP0 pid=1103796) WARNING 08-22 18:18:56 [flashinfer_all_reduce.py:78] Failed to initialize FlashInfer All Reduce workspace: [SymmDeviceMemory] Device does not support multicasting.. This is expected on GPUs without NVSwitch (e.g., NVLink bridge-only or PCIe topologies).
(Worker_PP1_TP0 pid=1103796) WARNING 08-22 18:18:56 [flashinfer_all_reduce.py:78] Failed to initialize FlashInfer All Reduce workspace: [SymmDeviceMemory] Device does not support multicasting.. This is expected on GPUs without NVSwitch (e.g., NVLink bridge-only or PCIe topologies).
(Worker_PP1_TP0 pid=1103796) WARNING 08-22 18:18:56 [flashinfer_all_reduce.py:78] Failed to initialize FlashInfer All Reduce workspace: [SymmDeviceMemory] Device does not support multicasting.. This is expected on GPUs without NVSwitch (e.g., NVLink bridge-only or PCIe topologies).
(Worker_PP1_TP0 pid=1103796) WARNING 08-22 18:18:56 [flashinfer_all_reduce.py:78] Failed to initialize FlashInfer All Reduce workspace: [SymmDeviceMemory] Device does not support multicasting.. This is expected on GPUs without NVSwitch (e.g., NVLink bridge-only or PCIe topologies).
(Worker_PP1_TP0 pid=1103796) WARNING 08-22 18:18:56 [flashinfer_all_reduce.py:78] Failed to initialize FlashInfer All Reduce workspace: [SymmDeviceMemory] Device does not support multicasting.. This is expected on GPUs without NVSwitch (e.g., NVLink bridge-only or PCIe topologies).
(Worker_PP1_TP0 pid=1103796) WARNING 08-22 18:18:56 [flashinfer_all_reduce.py:78] Failed to initialize FlashInfer All Reduce workspace: [SymmDeviceMemory] Device does not support multicasting.. This is expected on GPUs without NVSwitch (e.g., NVLink bridge-only or PCIe topologies).
(Worker_PP1_TP0 pid=1103796) WARNING 08-22 18:18:56 [flashinfer_all_reduce.py:78] Failed to initialize FlashInfer All Reduce workspace: [SymmDeviceMemory] Device does not support multicasting.. This is expected on GPUs without NVSwitch (e.g., NVLink bridge-only or PCIe topologies).
(Worker_PP1_TP0 pid=1103796) WARNING 08-22 18:18:56 [flashinfer_all_reduce.py:78] Failed to initialize FlashInfer All Reduce workspace: [SymmDeviceMemory] Device does not support multicasting.. This is expected on GPUs without NVSwitch (e.g., NVLink bridge-only or PCIe topologies).
(Worker_PP1_TP4 pid=1103800) [k3t r?] step=57 tok=1 step=78.09ms | KDA: n=23 attn=16.3ms mlp=39.6ms other=0.5ms tot=56.4ms | full: n=8 attn=7.9ms mlp=13.4ms other=0.2ms tot=21.6ms | ALL: attn=24.2ms mlp=53.0ms model=78.1ms
(Worker_PP1_TP7 pid=1103803) [k3t r?] step=57 tok=1 step=78.09ms | KDA: n=23 attn=16.3ms mlp=39.6ms other=0.5ms tot=56.4ms | full: n=8 attn=7.9ms mlp=13.4ms other=0.2ms tot=21.6ms | ALL: attn=24.2ms mlp=53.0ms model=78.1ms
(Worker_PP1_TP2 pid=1103798) [k3t r?] step=57 tok=1 step=78.09ms | KDA: n=23 attn=16.3ms mlp=39.6ms other=0.6ms tot=56.4ms | full: n=8 attn=7.9ms mlp=13.5ms other=0.2ms tot=21.6ms | ALL: attn=24.2ms mlp=53.0ms model=78.1ms
(Worker_PP1_TP3 pid=1103799) [k3t r?] step=57 tok=1 step=78.09ms | KDA: n=23 attn=16.3ms mlp=39.6ms other=0.6ms tot=56.4ms | full: n=8 attn=7.9ms mlp=13.4ms other=0.2ms tot=21.6ms | ALL: attn=24.2ms mlp=53.0ms model=78.1ms
(Worker_PP1_TP6 pid=1103802) [k3t r?] step=57 tok=1 step=78.09ms | KDA: n=23 attn=16.3ms mlp=39.6ms other=0.5ms tot=56.4ms | full: n=8 attn=7.9ms mlp=13.4ms other=0.2ms tot=21.6ms | ALL: attn=24.2ms mlp=53.0ms model=78.1ms
(Worker_PP1_TP1 pid=1103797) [k3t r?] step=57 tok=1 step=78.09ms | KDA: n=23 attn=12.7ms mlp=38.8ms other=3.9ms tot=55.4ms | full: n=8 attn=7.1ms mlp=13.7ms other=1.1ms tot=21.9ms | ALL: attn=19.8ms mlp=52.5ms model=78.1ms
(Worker_PP1_TP5 pid=1103801) [k3t r?] step=57 tok=1 step=78.09ms | KDA: n=23 attn=16.3ms mlp=39.6ms other=0.5ms tot=56.4ms | full: n=8 attn=7.9ms mlp=13.4ms other=0.2ms tot=21.6ms | ALL: attn=24.2ms mlp=53.0ms model=78.1ms
(Worker_PP1_TP0 pid=1103796) [k3t r?] step=57 tok=1 step=78.46ms | KDA: n=23 attn=11.3ms mlp=39.1ms other=5.2ms tot=55.7ms | full: n=8 attn=6.4ms mlp=13.3ms other=1.8ms tot=21.5ms | ALL: attn=17.7ms mlp=52.4ms model=78.5ms
(Worker_PP1_TP0 pid=1103796) WARNING 08-22 18:18:57 [flashinfer_all_reduce.py:78] Failed to initialize FlashInfer All Reduce workspace: [SymmDeviceMemory] Device does not support multicasting.. This is expected on GPUs without NVSwitch (e.g., NVLink bridge-only or PCIe topologies).
(Worker_PP1_TP0 pid=1103796) WARNING 08-22 18:18:57 [flashinfer_all_reduce.py:78] Failed to initialize FlashInfer All Reduce workspace: [SymmDeviceMemory] Device does not support multicasting.. This is expected on GPUs without NVSwitch (e.g., NVLink bridge-only or PCIe topologies).
(Worker_PP1_TP0 pid=1103796) WARNING 08-22 18:18:57 [flashinfer_all_reduce.py:78] Failed to initialize FlashInfer All Reduce workspace: [SymmDeviceMemory] Device does not support multicasting.. This is expected on GPUs without NVSwitch (e.g., NVLink bridge-only or PCIe topologies).
(Worker_PP1_TP0 pid=1103796) WARNING 08-22 18:18:57 [flashinfer_all_reduce.py:78] Failed to initialize FlashInfer All Reduce workspace: [SymmDeviceMemory] Device does not support multicasting.. This is expected on GPUs without NVSwitch (e.g., NVLink bridge-only or PCIe topologies).
(Worker_PP1_TP0 pid=1103796) WARNING 08-22 18:18:57 [flashinfer_all_reduce.py:78] Failed to initialize FlashInfer All Reduce workspace: [SymmDeviceMemory] Device does not support multicasting.. This is expected on GPUs without NVSwitch (e.g., NVLink bridge-only or PCIe topologies).
(Worker_PP1_TP0 pid=1103796) WARNING 08-22 18:18:57 [flashinfer_all_reduce.py:78] Failed to initialize FlashInfer All Reduce workspace: [SymmDeviceMemory] Device does not support multicasting.. This is expected on GPUs without NVSwitch (e.g., NVLink bridge-only or PCIe topologies).
(Worker_PP1_TP0 pid=1103796) WARNING 08-22 18:18:57 [flashinfer_all_reduce.py:78] Failed to initialize FlashInfer All Reduce workspace: [SymmDeviceMemory] Device does not support multicasting.. This is expected on GPUs without NVSwitch (e.g., NVLink bridge-only or PCIe topologies).
(Worker_PP1_TP0 pid=1103796) WARNING 08-22 18:18:57 [flashinfer_all_reduce.py:78] Failed to initialize FlashInfer All Reduce workspace: [SymmDeviceMemory] Device does not support multicasting.. This is expected on GPUs without NVSwitch (e.g., NVLink bridge-only or PCIe topologies).
(Worker_PP1_TP0 pid=1103796) WARNING 08-22 18:18:57 [flashinfer_all_reduce.py:78] Failed to initialize FlashInfer All Reduce workspace: [SymmDeviceMemory] Device does not support multicasting.. This is expected on GPUs without NVSwitch (e.g., NVLink bridge-only or PCIe topologies).
(Worker_PP1_TP0 pid=1103796) WARNING 08-22 18:18:57 [flashinfer_all_reduce.py:78] Failed to initialize FlashInfer All Reduce workspace: [SymmDeviceMemory] Device does not support multicasting.. This is expected on GPUs without NVSwitch (e.g., NVLink bridge-only or PCIe topologies).
(Worker_PP1_TP0 pid=1103796) WARNING 08-22 18:18:57 [flashinfer_all_reduce.py:78] Failed to initialize FlashInfer All Reduce workspace: [SymmDeviceMemory] Device does not support multicasting.. This is expected on GPUs without NVSwitch (e.g., NVLink bridge-only or PCIe topologies).
(Worker_PP1_TP0 pid=1103796) WARNING 08-22 18:18:57 [flashinfer_all_reduce.py:78] Failed to initialize FlashInfer All Reduce workspace: [SymmDeviceMemory] Device does not support multicasting.. This is expected on GPUs without NVSwitch (e.g., NVLink bridge-only or PCIe topologies).
(Worker_PP1_TP0 pid=1103796) WARNING 08-22 18:18:57 [flashinfer_all_reduce.py:78] Failed to initialize FlashInfer All Reduce workspace: [SymmDeviceMemory] Device does not support multicasting.. This is expected on GPUs without NVSwitch (e.g., NVLink bridge-only or PCIe topologies).
(Worker_PP1_TP0 pid=1103796) WARNING 08-22 18:18:57 [flashinfer_all_reduce.py:78] Failed to initialize FlashInfer All Reduce workspace: [SymmDeviceMemory] Device does not support multicasting.. This is expected on GPUs without NVSwitch (e.g., NVLink bridge-only or PCIe topologies).
(Worker_PP1_TP0 pid=1103796) WARNING 08-22 18:18:57 [flashinfer_all_reduce.py:78] Failed to initialize FlashInfer All Reduce workspace: [SymmDeviceMemory] Device does not support multicasting.. This is expected on GPUs without NVSwitch (e.g., NVLink bridge-only or PCIe topologies).
(Worker_PP1_TP0 pid=1103796) WARNING 08-22 18:18:57 [flashinfer_all_reduce.py:78] Failed to initialize FlashInfer All Reduce workspace: [SymmDeviceMemory] Device does not support multicasting.. This is expected on GPUs without NVSwitch (e.g., NVLink bridge-only or PCIe topologies).
(Worker_PP1_TP0 pid=1103796) WARNING 08-22 18:18:57 [flashinfer_all_reduce.py:78] Failed to initialize FlashInfer All Reduce workspace: [SymmDeviceMemory] Device does not support multicasting.. This is expected on GPUs without NVSwitch (e.g., NVLink bridge-only or PCIe topologies).
(Worker_PP1_TP0 pid=1103796) WARNING 08-22 18:18:57 [flashinfer_all_reduce.py:78] Failed to initialize FlashInfer All Reduce workspace: [SymmDeviceMemory] Device does not support multicasting.. This is expected on GPUs without NVSwitch (e.g., NVLink bridge-only or PCIe topologies).
(Worker_PP1_TP0 pid=1103796) WARNING 08-22 18:18:57 [flashinfer_all_reduce.py:78] Failed to initialize FlashInfer All Reduce workspace: [SymmDeviceMemory] Device does not support multicasting.. This is expected on GPUs without NVSwitch (e.g., NVLink bridge-only or PCIe topologies).
(Worker_PP1_TP0 pid=1103796) WARNING 08-22 18:18:57 [flashinfer_all_reduce.py:78] Failed to initialize FlashInfer All Reduce workspace: [SymmDeviceMemory] Device does not support multicasting.. This is expected on GPUs without NVSwitch (e.g., NVLink bridge-only or PCIe topologies).
(Worker_PP1_TP0 pid=1103796) WARNING 08-22 18:18:57 [flashinfer_all_reduce.py:78] Failed to initialize FlashInfer All Reduce workspace: [SymmDeviceMemory] Device does not support multicasting.. This is expected on GPUs without NVSwitch (e.g., NVLink bridge-only or PCIe topologies).
(Worker_PP1_TP0 pid=1103796) WARNING 08-22 18:18:57 [flashinfer_all_reduce.py:78] Failed to initialize FlashInfer All Reduce workspace: [SymmDeviceMemory] Device does not support multicasting.. This is expected on GPUs without NVSwitch (e.g., NVLink bridge-only or PCIe topologies).
(Worker_PP1_TP0 pid=1103796) WARNING 08-22 18:18:57 [flashinfer_all_reduce.py:78] Failed to initialize FlashInfer All Reduce workspace: [SymmDeviceMemory] Device does not support multicasting.. This is expected on GPUs without NVSwitch (e.g., NVLink bridge-only or PCIe topologies).
(Worker_PP1_TP0 pid=1103796) WARNING 08-22 18:18:57 [flashinfer_all_reduce.py:78] Failed to initialize FlashInfer All Reduce workspace: [SymmDeviceMemory] Device does not support multicasting.. This is expected on GPUs without NVSwitch (e.g., NVLink bridge-only or PCIe topologies).
(Worker_PP1_TP0 pid=1103796) WARNING 08-22 18:18:57 [flashinfer_all_reduce.py:78] Failed to initialize FlashInfer All Reduce workspace: [SymmDeviceMemory] Device does not support multicasting.. This is expected on GPUs without NVSwitch (e.g., NVLink bridge-only or PCIe topologies).
(Worker_PP1_TP0 pid=1103796) WARNING 08-22 18:18:57 [flashinfer_all_reduce.py:78] Failed to initialize FlashInfer All Reduce workspace: [SymmDeviceMemory] Device does not support multicasting.. This is expected on GPUs without NVSwitch (e.g., NVLink bridge-only or PCIe topologies).
(Worker_PP1_TP0 pid=1103796) WARNING 08-22 18:18:57 [flashinfer_all_reduce.py:78] Failed to initialize FlashInfer All Reduce workspace: [SymmDeviceMemory] Device does not support multicasting.. This is expected on GPUs without NVSwitch (e.g., NVLink bridge-only or PCIe topologies).
(Worker_PP1_TP0 pid=1103796) WARNING 08-22 18:18:57 [flashinfer_all_reduce.py:78] Failed to initialize FlashInfer All Reduce workspace: [SymmDeviceMemory] Device does not support multicasting.. This is expected on GPUs without NVSwitch (e.g., NVLink bridge-only or PCIe topologies).
(Worker_PP1_TP0 pid=1103796) WARNING 08-22 18:18:57 [flashinfer_all_reduce.py:78] Failed to initialize FlashInfer All Reduce workspace: [SymmDeviceMemory] Device does not support multicasting.. This is expected on GPUs without NVSwitch (e.g., NVLink bridge-only or PCIe topologies).
(Worker_PP1_TP0 pid=1103796) WARNING 08-22 18:18:57 [flashinfer_all_reduce.py:78] Failed to initialize FlashInfer All Reduce workspace: [SymmDeviceMemory] Device does not support multicasting.. This is expected on GPUs without NVSwitch (e.g., NVLink bridge-only or PCIe topologies).
(Worker_PP1_TP0 pid=1103796) WARNING 08-22 18:18:57 [flashinfer_all_reduce.py:78] Failed to initialize FlashInfer All Reduce workspace: [SymmDeviceMemory] Device does not support multicasting.. This is expected on GPUs without NVSwitch (e.g., NVLink bridge-only or PCIe topologies).
(Worker_PP1_TP3 pid=1103799) [k3t r?] step=58 tok=1 step=89.89ms | KDA: n=23 attn=19.1ms mlp=45.5ms other=0.5ms tot=65.1ms | full: n=8 attn=9.3ms mlp=15.2ms other=0.2ms tot=24.7ms | ALL: attn=28.4ms mlp=60.7ms model=89.9ms
(Worker_PP1_TP6 pid=1103802) [k3t r?] step=58 tok=1 step=89.90ms | KDA: n=23 attn=19.1ms mlp=45.5ms other=0.5ms tot=65.1ms | full: n=8 attn=9.3ms mlp=15.2ms other=0.2ms tot=24.7ms | ALL: attn=28.4ms mlp=60.7ms model=89.9ms
(Worker_PP1_TP1 pid=1103797) [k3t r?] step=58 tok=1 step=89.90ms | KDA: n=23 attn=15.4ms mlp=44.9ms other=3.9ms tot=64.2ms | full: n=8 attn=8.4ms mlp=15.2ms other=1.2ms tot=24.9ms | ALL: attn=23.8ms mlp=60.1ms model=89.9ms
(Worker_PP1_TP5 pid=1103801) [k3t r?] step=58 tok=1 step=89.89ms | KDA: n=23 attn=19.1ms mlp=45.5ms other=0.5ms tot=65.1ms | full: n=8 attn=9.3ms mlp=15.2ms other=0.2ms tot=24.7ms | ALL: attn=28.4ms mlp=60.7ms model=89.9ms
(Worker_PP1_TP4 pid=1103800) [k3t r?] step=58 tok=1 step=89.89ms | KDA: n=23 attn=19.1ms mlp=45.5ms other=0.5ms tot=65.1ms | full: n=8 attn=9.3ms mlp=15.2ms other=0.2ms tot=24.7ms | ALL: attn=28.4ms mlp=60.7ms model=89.9ms
(Worker_PP1_TP7 pid=1103803) [k3t r?] step=58 tok=1 step=89.89ms | KDA: n=23 attn=19.1ms mlp=45.5ms other=0.5ms tot=65.1ms | full: n=8 attn=9.3ms mlp=15.2ms other=0.2ms tot=24.7ms | ALL: attn=28.4ms mlp=60.7ms model=89.9ms
(Worker_PP1_TP2 pid=1103798) [k3t r?] step=58 tok=1 step=89.90ms | KDA: n=23 attn=19.1ms mlp=45.5ms other=0.5ms tot=65.1ms | full: n=8 attn=9.3ms mlp=15.2ms other=0.2ms tot=24.7ms | ALL: attn=28.4ms mlp=60.7ms model=89.9ms
(Worker_PP1_TP0 pid=1103796) [k3t r?] step=58 tok=1 step=90.24ms | KDA: n=23 attn=13.0ms mlp=45.0ms other=6.2ms tot=64.2ms | full: n=8 attn=7.5ms mlp=14.9ms other=2.1ms tot=24.5ms | ALL: attn=20.6ms mlp=59.9ms model=90.2ms
(Worker_PP1_TP0 pid=1103796) WARNING 08-22 18:18:57 [flashinfer_all_reduce.py:78] Failed to initialize FlashInfer All Reduce workspace: [SymmDeviceMemory] Device does not support multicasting.. This is expected on GPUs without NVSwitch (e.g., NVLink bridge-only or PCIe topologies).
(Worker_PP1_TP0 pid=1103796) WARNING 08-22 18:18:57 [flashinfer_all_reduce.py:78] Failed to initialize FlashInfer All Reduce workspace: [SymmDeviceMemory] Device does not support multicasting.. This is expected on GPUs without NVSwitch (e.g., NVLink bridge-only or PCIe topologies).
(Worker_PP1_TP0 pid=1103796) WARNING 08-22 18:18:57 [flashinfer_all_reduce.py:78] Failed to initialize FlashInfer All Reduce workspace: [SymmDeviceMemory] Device does not support multicasting.. This is expected on GPUs without NVSwitch (e.g., NVLink bridge-only or PCIe topologies).
(Worker_PP1_TP0 pid=1103796) WARNING 08-22 18:18:57 [flashinfer_all_reduce.py:78] Failed to initialize FlashInfer All Reduce workspace: [SymmDeviceMemory] Device does not support multicasting.. This is expected on GPUs without NVSwitch (e.g., NVLink bridge-only or PCIe topologies).
(Worker_PP1_TP0 pid=1103796) WARNING 08-22 18:18:57 [flashinfer_all_reduce.py:78] Failed to initialize FlashInfer All Reduce workspace: [SymmDeviceMemory] Device does not support multicasting.. This is expected on GPUs without NVSwitch (e.g., NVLink bridge-only or PCIe topologies).
(Worker_PP1_TP0 pid=1103796) WARNING 08-22 18:18:57 [flashinfer_all_reduce.py:78] Failed to initialize FlashInfer All Reduce workspace: [SymmDeviceMemory] Device does not support multicasting.. This is expected on GPUs without NVSwitch (e.g., NVLink bridge-only or PCIe topologies).
(Worker_PP1_TP0 pid=1103796) WARNING 08-22 18:18:57 [flashinfer_all_reduce.py:78] Failed to initialize FlashInfer All Reduce workspace: [SymmDeviceMemory] Device does not support multicasting.. This is expected on GPUs without NVSwitch (e.g., NVLink bridge-only or PCIe topologies).
(Worker_PP1_TP0 pid=1103796) WARNING 08-22 18:18:57 [flashinfer_all_reduce.py:78] Failed to initialize FlashInfer All Reduce workspace: [SymmDeviceMemory] Device does not support multicasting.. This is expected on GPUs without NVSwitch (e.g., NVLink bridge-only or PCIe topologies).
(Worker_PP1_TP0 pid=1103796) WARNING 08-22 18:18:57 [flashinfer_all_reduce.py:78] Failed to initialize FlashInfer All Reduce workspace: [SymmDeviceMemory] Device does not support multicasting.. This is expected on GPUs without NVSwitch (e.g., NVLink bridge-only or PCIe topologies).
(Worker_PP1_TP0 pid=1103796) WARNING 08-22 18:18:57 [flashinfer_all_reduce.py:78] Failed to initialize FlashInfer All Reduce workspace: [SymmDeviceMemory] Device does not support multicasting.. This is expected on GPUs without NVSwitch (e.g., NVLink bridge-only or PCIe topologies).
(Worker_PP1_TP0 pid=1103796) WARNING 08-22 18:18:57 [flashinfer_all_reduce.py:78] Failed to initialize FlashInfer All Reduce workspace: [SymmDeviceMemory] Device does not support multicasting.. This is expected on GPUs without NVSwitch (e.g., NVLink bridge-only or PCIe topologies).
(Worker_PP1_TP0 pid=1103796) WARNING 08-22 18:18:57 [flashinfer_all_reduce.py:78] Failed to initialize FlashInfer All Reduce workspace: [SymmDeviceMemory] Device does not support multicasting.. This is expected on GPUs without NVSwitch (e.g., NVLink bridge-only or PCIe topologies).
(Worker_PP1_TP0 pid=1103796) WARNING 08-22 18:18:57 [flashinfer_all_reduce.py:78] Failed to initialize FlashInfer All Reduce workspace: [SymmDeviceMemory] Device does not support multicasting.. This is expected on GPUs without NVSwitch (e.g., NVLink bridge-only or PCIe topologies).
(Worker_PP1_TP0 pid=1103796) WARNING 08-22 18:18:57 [flashinfer_all_reduce.py:78] Failed to initialize FlashInfer All Reduce workspace: [SymmDeviceMemory] Device does not support multicasting.. This is expected on GPUs without NVSwitch (e.g., NVLink bridge-only or PCIe topologies).
(Worker_PP1_TP0 pid=1103796) WARNING 08-22 18:18:57 [flashinfer_all_reduce.py:78] Failed to initialize FlashInfer All Reduce workspace: [SymmDeviceMemory] Device does not support multicasting.. This is expected on GPUs without NVSwitch (e.g., NVLink bridge-only or PCIe topologies).
(Worker_PP1_TP0 pid=1103796) WARNING 08-22 18:18:57 [flashinfer_all_reduce.py:78] Failed to initialize FlashInfer All Reduce workspace: [SymmDeviceMemory] Device does not support multicasting.. This is expected on GPUs without NVSwitch (e.g., NVLink bridge-only or PCIe topologies).
(Worker_PP1_TP0 pid=1103796) WARNING 08-22 18:18:57 [flashinfer_all_reduce.py:78] Failed to initialize FlashInfer All Reduce workspace: [SymmDeviceMemory] Device does not support multicasting.. This is expected on GPUs without NVSwitch (e.g., NVLink bridge-only or PCIe topologies).
(Worker_PP1_TP0 pid=1103796) WARNING 08-22 18:18:57 [flashinfer_all_reduce.py:78] Failed to initialize FlashInfer All Reduce workspace: [SymmDeviceMemory] Device does not support multicasting.. This is expected on GPUs without NVSwitch (e.g., NVLink bridge-only or PCIe topologies).
(Worker_PP1_TP0 pid=1103796) WARNING 08-22 18:18:57 [flashinfer_all_reduce.py:78] Failed to initialize FlashInfer All Reduce workspace: [SymmDeviceMemory] Device does not support multicasting.. This is expected on GPUs without NVSwitch (e.g., NVLink bridge-only or PCIe topologies).
(Worker_PP1_TP0 pid=1103796) WARNING 08-22 18:18:57 [flashinfer_all_reduce.py:78] Failed to initialize FlashInfer All Reduce workspace: [SymmDeviceMemory] Device does not support multicasting.. This is expected on GPUs without NVSwitch (e.g., NVLink bridge-only or PCIe topologies).
(Worker_PP1_TP0 pid=1103796) WARNING 08-22 18:18:57 [flashinfer_all_reduce.py:78] Failed to initialize FlashInfer All Reduce workspace: [SymmDeviceMemory] Device does not support multicasting.. This is expected on GPUs without NVSwitch (e.g., NVLink bridge-only or PCIe topologies).
(Worker_PP1_TP0 pid=1103796) WARNING 08-22 18:18:57 [flashinfer_all_reduce.py:78] Failed to initialize FlashInfer All Reduce workspace: [SymmDeviceMemory] Device does not support multicasting.. This is expected on GPUs without NVSwitch (e.g., NVLink bridge-only or PCIe topologies).
(Worker_PP1_TP0 pid=1103796) WARNING 08-22 18:18:57 [flashinfer_all_reduce.py:78] Failed to initialize FlashInfer All Reduce workspace: [SymmDeviceMemory] Device does not support multicasting.. This is expected on GPUs without NVSwitch (e.g., NVLink bridge-only or PCIe topologies).
(Worker_PP1_TP0 pid=1103796) WARNING 08-22 18:18:57 [flashinfer_all_reduce.py:78] Failed to initialize FlashInfer All Reduce workspace: [SymmDeviceMemory] Device does not support multicasting.. This is expected on GPUs without NVSwitch (e.g., NVLink bridge-only or PCIe topologies).
(Worker_PP1_TP0 pid=1103796) WARNING 08-22 18:18:57 [flashinfer_all_reduce.py:78] Failed to initialize FlashInfer All Reduce workspace: [SymmDeviceMemory] Device does not support multicasting.. This is expected on GPUs without NVSwitch (e.g., NVLink bridge-only or PCIe topologies).
(Worker_PP1_TP0 pid=1103796) WARNING 08-22 18:18:57 [flashinfer_all_reduce.py:78] Failed to initialize FlashInfer All Reduce workspace: [SymmDeviceMemory] Device does not support multicasting.. This is expected on GPUs without NVSwitch (e.g., NVLink bridge-only or PCIe topologies).
(Worker_PP1_TP0 pid=1103796) WARNING 08-22 18:18:57 [flashinfer_all_reduce.py:78] Failed to initialize FlashInfer All Reduce workspace: [SymmDeviceMemory] Device does not support multicasting.. This is expected on GPUs without NVSwitch (e.g., NVLink bridge-only or PCIe topologies).
(Worker_PP1_TP0 pid=1103796) WARNING 08-22 18:18:57 [flashinfer_all_reduce.py:78] Failed to initialize FlashInfer All Reduce workspace: [SymmDeviceMemory] Device does not support multicasting.. This is expected on GPUs without NVSwitch (e.g., NVLink bridge-only or PCIe topologies).
(Worker_PP1_TP0 pid=1103796) WARNING 08-22 18:18:57 [flashinfer_all_reduce.py:78] Failed to initialize FlashInfer All Reduce workspace: [SymmDeviceMemory] Device does not support multicasting.. This is expected on GPUs without NVSwitch (e.g., NVLink bridge-only or PCIe topologies).
(Worker_PP1_TP0 pid=1103796) WARNING 08-22 18:18:57 [flashinfer_all_reduce.py:78] Failed to initialize FlashInfer All Reduce workspace: [SymmDeviceMemory] Device does not support multicasting.. This is expected on GPUs without NVSwitch (e.g., NVLink bridge-only or PCIe topologies).
(Worker_PP1_TP0 pid=1103796) WARNING 08-22 18:18:57 [flashinfer_all_reduce.py:78] Failed to initialize FlashInfer All Reduce workspace: [SymmDeviceMemory] Device does not support multicasting.. This is expected on GPUs without NVSwitch (e.g., NVLink bridge-only or PCIe topologies).
(Worker_PP1_TP3 pid=1103799) [k3t r?] step=59 tok=1 step=92.32ms | KDA: n=23 attn=18.9ms mlp=45.9ms other=0.5ms tot=65.4ms | full: n=8 attn=10.7ms mlp=16.0ms other=0.2ms tot=26.9ms | ALL: attn=29.6ms mlp=61.9ms model=92.3ms
(Worker_PP1_TP1 pid=1103797) [k3t r?] step=59 tok=1 step=92.31ms | KDA: n=23 attn=16.2ms mlp=45.4ms other=3.1ms tot=64.7ms | full: n=8 attn=9.7ms mlp=15.9ms other=1.3ms tot=26.9ms | ALL: attn=25.9ms mlp=61.3ms model=92.3ms
(Worker_PP1_TP4 pid=1103800) [k3t r?] step=59 tok=1 step=92.32ms | KDA: n=23 attn=18.9ms mlp=45.9ms other=0.5ms tot=65.3ms | full: n=8 attn=10.7ms mlp=16.0ms other=0.2ms tot=26.9ms | ALL: attn=29.6ms mlp=61.9ms model=92.3ms
(Worker_PP1_TP5 pid=1103801) [k3t r?] step=59 tok=1 step=92.31ms | KDA: n=23 attn=18.9ms mlp=45.9ms other=0.5ms tot=65.3ms | full: n=8 attn=10.7ms mlp=16.0ms other=0.2ms tot=26.9ms | ALL: attn=29.6ms mlp=61.9ms model=92.3ms
(Worker_PP1_TP2 pid=1103798) [k3t r?] step=59 tok=1 step=92.32ms | KDA: n=23 attn=18.9ms mlp=45.9ms other=0.5ms tot=65.3ms | full: n=8 attn=10.7ms mlp=16.0ms other=0.2ms tot=26.9ms | ALL: attn=29.6ms mlp=61.9ms model=92.3ms
(Worker_PP1_TP7 pid=1103803) [k3t r?] step=59 tok=1 step=92.32ms | KDA: n=23 attn=18.9ms mlp=45.9ms other=0.5ms tot=65.4ms | full: n=8 attn=10.7ms mlp=16.0ms other=0.2ms tot=26.9ms | ALL: attn=29.6ms mlp=61.9ms model=92.3ms
(Worker_PP1_TP6 pid=1103802) [k3t r?] step=59 tok=1 step=92.32ms | KDA: n=23 attn=19.0ms mlp=45.9ms other=0.5ms tot=65.4ms | full: n=8 attn=10.7ms mlp=16.0ms other=0.2ms tot=26.9ms | ALL: attn=29.6ms mlp=61.9ms model=92.3ms
(Worker_PP1_TP0 pid=1103796) [k3t r?] step=59 tok=1 step=92.67ms | KDA: n=23 attn=11.7ms mlp=45.3ms other=7.4ms tot=64.4ms | full: n=8 attn=8.4ms mlp=15.7ms other=2.4ms tot=26.5ms | ALL: attn=20.1ms mlp=61.0ms model=92.7ms
(Worker_PP1_TP0 pid=1103796) WARNING 08-22 18:18:58 [flashinfer_all_reduce.py:78] Failed to initialize FlashInfer All Reduce workspace: [SymmDeviceMemory] Device does not support multicasting.. This is expected on GPUs without NVSwitch (e.g., NVLink bridge-only or PCIe topologies).
(Worker_PP1_TP0 pid=1103796) WARNING 08-22 18:18:58 [flashinfer_all_reduce.py:78] Failed to initialize FlashInfer All Reduce workspace: [SymmDeviceMemory] Device does not support multicasting.. This is expected on GPUs without NVSwitch (e.g., NVLink bridge-only or PCIe topologies).
(Worker_PP1_TP0 pid=1103796) WARNING 08-22 18:18:58 [flashinfer_all_reduce.py:78] Failed to initialize FlashInfer All Reduce workspace: [SymmDeviceMemory] Device does not support multicasting.. This is expected on GPUs without NVSwitch (e.g., NVLink bridge-only or PCIe topologies).
(Worker_PP1_TP0 pid=1103796) WARNING 08-22 18:18:58 [flashinfer_all_reduce.py:78] Failed to initialize FlashInfer All Reduce workspace: [SymmDeviceMemory] Device does not support multicasting.. This is expected on GPUs without NVSwitch (e.g., NVLink bridge-only or PCIe topologies).
(Worker_PP1_TP0 pid=1103796) WARNING 08-22 18:18:58 [flashinfer_all_reduce.py:78] Failed to initialize FlashInfer All Reduce workspace: [SymmDeviceMemory] Device does not support multicasting.. This is expected on GPUs without NVSwitch (e.g., NVLink bridge-only or PCIe topologies).
(Worker_PP1_TP0 pid=1103796) WARNING 08-22 18:18:58 [flashinfer_all_reduce.py:78] Failed to initialize FlashInfer All Reduce workspace: [SymmDeviceMemory] Device does not support multicasting.. This is expected on GPUs without NVSwitch (e.g., NVLink bridge-only or PCIe topologies).
(Worker_PP1_TP0 pid=1103796) WARNING 08-22 18:18:58 [flashinfer_all_reduce.py:78] Failed to initialize FlashInfer All Reduce workspace: [SymmDeviceMemory] Device does not support multicasting.. This is expected on GPUs without NVSwitch (e.g., NVLink bridge-only or PCIe topologies).
(Worker_PP1_TP0 pid=1103796) WARNING 08-22 18:18:58 [flashinfer_all_reduce.py:78] Failed to initialize FlashInfer All Reduce workspace: [SymmDeviceMemory] Device does not support multicasting.. This is expected on GPUs without NVSwitch (e.g., NVLink bridge-only or PCIe topologies).
(Worker_PP1_TP0 pid=1103796) WARNING 08-22 18:18:58 [flashinfer_all_reduce.py:78] Failed to initialize FlashInfer All Reduce workspace: [SymmDeviceMemory] Device does not support multicasting.. This is expected on GPUs without NVSwitch (e.g., NVLink bridge-only or PCIe topologies).
(Worker_PP1_TP0 pid=1103796) WARNING 08-22 18:18:58 [flashinfer_all_reduce.py:78] Failed to initialize FlashInfer All Reduce workspace: [SymmDeviceMemory] Device does not support multicasting.. This is expected on GPUs without NVSwitch (e.g., NVLink bridge-only or PCIe topologies).
(Worker_PP1_TP0 pid=1103796) WARNING 08-22 18:18:58 [flashinfer_all_reduce.py:78] Failed to initialize FlashInfer All Reduce workspace: [SymmDeviceMemory] Device does not support multicasting.. This is expected on GPUs without NVSwitch (e.g., NVLink bridge-only or PCIe topologies).
(Worker_PP1_TP0 pid=1103796) WARNING 08-22 18:18:58 [flashinfer_all_reduce.py:78] Failed to initialize FlashInfer All Reduce workspace: [SymmDeviceMemory] Device does not support multicasting.. This is expected on GPUs without NVSwitch (e.g., NVLink bridge-only or PCIe topologies).
(Worker_PP1_TP0 pid=1103796) WARNING 08-22 18:18:58 [flashinfer_all_reduce.py:78] Failed to initialize FlashInfer All Reduce workspace: [SymmDeviceMemory] Device does not support multicasting.. This is expected on GPUs without NVSwitch (e.g., NVLink bridge-only or PCIe topologies).
(Worker_PP1_TP0 pid=1103796) WARNING 08-22 18:18:58 [flashinfer_all_reduce.py:78] Failed to initialize FlashInfer All Reduce workspace: [SymmDeviceMemory] Device does not support multicasting.. This is expected on GPUs without NVSwitch (e.g., NVLink bridge-only or PCIe topologies).
(Worker_PP1_TP0 pid=1103796) WARNING 08-22 18:18:58 [flashinfer_all_reduce.py:78] Failed to initialize FlashInfer All Reduce workspace: [SymmDeviceMemory] Device does not support multicasting.. This is expected on GPUs without NVSwitch (e.g., NVLink bridge-only or PCIe topologies).
(Worker_PP1_TP0 pid=1103796) WARNING 08-22 18:18:58 [flashinfer_all_reduce.py:78] Failed to initialize FlashInfer All Reduce workspace: [SymmDeviceMemory] Device does not support multicasting.. This is expected on GPUs without NVSwitch (e.g., NVLink bridge-only or PCIe topologies).
(Worker_PP1_TP0 pid=1103796) WARNING 08-22 18:18:58 [flashinfer_all_reduce.py:78] Failed to initialize FlashInfer All Reduce workspace: [SymmDeviceMemory] Device does not support multicasting.. This is expected on GPUs without NVSwitch (e.g., NVLink bridge-only or PCIe topologies).
(Worker_PP1_TP0 pid=1103796) WARNING 08-22 18:18:58 [flashinfer_all_reduce.py:78] Failed to initialize FlashInfer All Reduce workspace: [SymmDeviceMemory] Device does not support multicasting.. This is expected on GPUs without NVSwitch (e.g., NVLink bridge-only or PCIe topologies).
(Worker_PP1_TP0 pid=1103796) WARNING 08-22 18:18:58 [flashinfer_all_reduce.py:78] Failed to initialize FlashInfer All Reduce workspace: [SymmDeviceMemory] Device does not support multicasting.. This is expected on GPUs without NVSwitch (e.g., NVLink bridge-only or PCIe topologies).
(Worker_PP1_TP0 pid=1103796) WARNING 08-22 18:18:58 [flashinfer_all_reduce.py:78] Failed to initialize FlashInfer All Reduce workspace: [SymmDeviceMemory] Device does not support multicasting.. This is expected on GPUs without NVSwitch (e.g., NVLink bridge-only or PCIe topologies).
(Worker_PP1_TP0 pid=1103796) WARNING 08-22 18:18:58 [flashinfer_all_reduce.py:78] Failed to initialize FlashInfer All Reduce workspace: [SymmDeviceMemory] Device does not support multicasting.. This is expected on GPUs without NVSwitch (e.g., NVLink bridge-only or PCIe topologies).
(Worker_PP1_TP0 pid=1103796) WARNING 08-22 18:18:58 [flashinfer_all_reduce.py:78] Failed to initialize FlashInfer All Reduce workspace: [SymmDeviceMemory] Device does not support multicasting.. This is expected on GPUs without NVSwitch (e.g., NVLink bridge-only or PCIe topologies).
(Worker_PP1_TP0 pid=1103796) WARNING 08-22 18:18:58 [flashinfer_all_reduce.py:78] Failed to initialize FlashInfer All Reduce workspace: [SymmDeviceMemory] Device does not support multicasting.. This is expected on GPUs without NVSwitch (e.g., NVLink bridge-only or PCIe topologies).
(Worker_PP1_TP0 pid=1103796) WARNING 08-22 18:18:58 [flashinfer_all_reduce.py:78] Failed to initialize FlashInfer All Reduce workspace: [SymmDeviceMemory] Device does not support multicasting.. This is expected on GPUs without NVSwitch (e.g., NVLink bridge-only or PCIe topologies).
(Worker_PP1_TP0 pid=1103796) WARNING 08-22 18:18:58 [flashinfer_all_reduce.py:78] Failed to initialize FlashInfer All Reduce workspace: [SymmDeviceMemory] Device does not support multicasting.. This is expected on GPUs without NVSwitch (e.g., NVLink bridge-only or PCIe topologies).
(Worker_PP1_TP0 pid=1103796) WARNING 08-22 18:18:58 [flashinfer_all_reduce.py:78] Failed to initialize FlashInfer All Reduce workspace: [SymmDeviceMemory] Device does not support multicasting.. This is expected on GPUs without NVSwitch (e.g., NVLink bridge-only or PCIe topologies).
(Worker_PP1_TP0 pid=1103796) WARNING 08-22 18:18:58 [flashinfer_all_reduce.py:78] Failed to initialize FlashInfer All Reduce workspace: [SymmDeviceMemory] Device does not support multicasting.. This is expected on GPUs without NVSwitch (e.g., NVLink bridge-only or PCIe topologies).
(Worker_PP1_TP0 pid=1103796) WARNING 08-22 18:18:58 [flashinfer_all_reduce.py:78] Failed to initialize FlashInfer All Reduce workspace: [SymmDeviceMemory] Device does not support multicasting.. This is expected on GPUs without NVSwitch (e.g., NVLink bridge-only or PCIe topologies).
(Worker_PP1_TP0 pid=1103796) WARNING 08-22 18:18:58 [flashinfer_all_reduce.py:78] Failed to initialize FlashInfer All Reduce workspace: [SymmDeviceMemory] Device does not support multicasting.. This is expected on GPUs without NVSwitch (e.g., NVLink bridge-only or PCIe topologies).
(Worker_PP1_TP0 pid=1103796) WARNING 08-22 18:18:58 [flashinfer_all_reduce.py:78] Failed to initialize FlashInfer All Reduce workspace: [SymmDeviceMemory] Device does not support multicasting.. This is expected on GPUs without NVSwitch (e.g., NVLink bridge-only or PCIe topologies).
(Worker_PP1_TP0 pid=1103796) WARNING 08-22 18:18:58 [flashinfer_all_reduce.py:78] Failed to initialize FlashInfer All Reduce workspace: [SymmDeviceMemory] Device does not support multicasting.. This is expected on GPUs without NVSwitch (e.g., NVLink bridge-only or PCIe topologies).
(Worker_PP1_TP7 pid=1103803) [k3t r?] step=60 tok=1 step=90.92ms | KDA: n=23 attn=18.9ms mlp=45.6ms other=0.5ms tot=65.0ms | full: n=8 attn=9.8ms mlp=15.9ms other=0.2ms tot=25.8ms | ALL: attn=28.6ms mlp=61.5ms model=90.9ms
(Worker_PP1_TP1 pid=1103797) [k3t r?] step=60 tok=1 step=90.92ms | KDA: n=23 attn=15.5ms mlp=45.2ms other=3.6ms tot=64.4ms | full: n=8 attn=8.9ms mlp=15.6ms other=1.3ms tot=25.8ms | ALL: attn=24.4ms mlp=60.8ms model=90.9ms
(Worker_PP1_TP4 pid=1103800) [k3t r?] step=60 tok=1 step=90.93ms | KDA: n=23 attn=18.9ms mlp=45.6ms other=0.5ms tot=65.0ms | full: n=8 attn=9.8ms mlp=15.9ms other=0.2ms tot=25.9ms | ALL: attn=28.6ms mlp=61.5ms model=90.9ms
(Worker_PP1_TP6 pid=1103802) [k3t r?] step=60 tok=1 step=90.93ms | KDA: n=23 attn=18.8ms mlp=45.6ms other=0.5ms tot=65.0ms | full: n=8 attn=9.8ms mlp=15.9ms other=0.2ms tot=25.9ms | ALL: attn=28.6ms mlp=61.5ms model=90.9ms
(Worker_PP1_TP3 pid=1103799) [k3t r?] step=60 tok=1 step=90.92ms | KDA: n=23 attn=18.8ms mlp=45.6ms other=0.5ms tot=65.0ms | full: n=8 attn=9.8ms mlp=15.9ms other=0.2ms tot=25.9ms | ALL: attn=28.6ms mlp=61.5ms model=90.9ms
(Worker_PP1_TP5 pid=1103801) [k3t r?] step=60 tok=1 step=90.92ms | KDA: n=23 attn=18.9ms mlp=45.6ms other=0.5ms tot=65.0ms | full: n=8 attn=9.8ms mlp=15.9ms other=0.2ms tot=25.8ms | ALL: attn=28.6ms mlp=61.5ms model=90.9ms
(Worker_PP1_TP2 pid=1103798) [k3t r?] step=60 tok=1 step=90.92ms | KDA: n=23 attn=18.8ms mlp=45.6ms other=0.5ms tot=65.0ms | full: n=8 attn=9.8ms mlp=15.9ms other=0.2ms tot=25.8ms | ALL: attn=28.6ms mlp=61.5ms model=90.9ms
(Worker_PP1_TP0 pid=1103796) [k3t r?] step=60 tok=1 step=91.24ms | KDA: n=23 attn=12.1ms mlp=45.1ms other=7.0ms tot=64.1ms | full: n=8 attn=7.5ms mlp=15.6ms other=2.4ms tot=25.5ms | ALL: attn=19.5ms mlp=60.7ms model=91.2ms
(Worker_PP1_TP0 pid=1103796) WARNING 08-22 18:18:58 [flashinfer_all_reduce.py:78] Failed to initialize FlashInfer All Reduce workspace: [SymmDeviceMemory] Device does not support multicasting.. This is expected on GPUs without NVSwitch (e.g., NVLink bridge-only or PCIe topologies).
(Worker_PP1_TP0 pid=1103796) WARNING 08-22 18:18:58 [flashinfer_all_reduce.py:78] Failed to initialize FlashInfer All Reduce workspace: [SymmDeviceMemory] Device does not support multicasting.. This is expected on GPUs without NVSwitch (e.g., NVLink bridge-only or PCIe topologies).
(Worker_PP1_TP0 pid=1103796) WARNING 08-22 18:18:58 [flashinfer_all_reduce.py:78] Failed to initialize FlashInfer All Reduce workspace: [SymmDeviceMemory] Device does not support multicasting.. This is expected on GPUs without NVSwitch (e.g., NVLink bridge-only or PCIe topologies).
(Worker_PP1_TP0 pid=1103796) WARNING 08-22 18:18:58 [flashinfer_all_reduce.py:78] Failed to initialize FlashInfer All Reduce workspace: [SymmDeviceMemory] Device does not support multicasting.. This is expected on GPUs without NVSwitch (e.g., NVLink bridge-only or PCIe topologies).
(Worker_PP1_TP0 pid=1103796) WARNING 08-22 18:18:58 [flashinfer_all_reduce.py:78] Failed to initialize FlashInfer All Reduce workspace: [SymmDeviceMemory] Device does not support multicasting.. This is expected on GPUs without NVSwitch (e.g., NVLink bridge-only or PCIe topologies).
(Worker_PP1_TP0 pid=1103796) WARNING 08-22 18:18:58 [flashinfer_all_reduce.py:78] Failed to initialize FlashInfer All Reduce workspace: [SymmDeviceMemory] Device does not support multicasting.. This is expected on GPUs without NVSwitch (e.g., NVLink bridge-only or PCIe topologies).
(Worker_PP1_TP0 pid=1103796) WARNING 08-22 18:18:58 [flashinfer_all_reduce.py:78] Failed to initialize FlashInfer All Reduce workspace: [SymmDeviceMemory] Device does not support multicasting.. This is expected on GPUs without NVSwitch (e.g., NVLink bridge-only or PCIe topologies).
(Worker_PP1_TP0 pid=1103796) WARNING 08-22 18:18:58 [flashinfer_all_reduce.py:78] Failed to initialize FlashInfer All Reduce workspace: [SymmDeviceMemory] Device does not support multicasting.. This is expected on GPUs without NVSwitch (e.g., NVLink bridge-only or PCIe topologies).
(Worker_PP1_TP0 pid=1103796) WARNING 08-22 18:18:58 [flashinfer_all_reduce.py:78] Failed to initialize FlashInfer All Reduce workspace: [SymmDeviceMemory] Device does not support multicasting.. This is expected on GPUs without NVSwitch (e.g., NVLink bridge-only or PCIe topologies).
(Worker_PP1_TP0 pid=1103796) WARNING 08-22 18:18:58 [flashinfer_all_reduce.py:78] Failed to initialize FlashInfer All Reduce workspace: [SymmDeviceMemory] Device does not support multicasting.. This is expected on GPUs without NVSwitch (e.g., NVLink bridge-only or PCIe topologies).
(Worker_PP1_TP0 pid=1103796) WARNING 08-22 18:18:58 [flashinfer_all_reduce.py:78] Failed to initialize FlashInfer All Reduce workspace: [SymmDeviceMemory] Device does not support multicasting.. This is expected on GPUs without NVSwitch (e.g., NVLink bridge-only or PCIe topologies).
(Worker_PP1_TP0 pid=1103796) WARNING 08-22 18:18:58 [flashinfer_all_reduce.py:78] Failed to initialize FlashInfer All Reduce workspace: [SymmDeviceMemory] Device does not support multicasting.. This is expected on GPUs without NVSwitch (e.g., NVLink bridge-only or PCIe topologies).
(Worker_PP1_TP0 pid=1103796) WARNING 08-22 18:18:58 [flashinfer_all_reduce.py:78] Failed to initialize FlashInfer All Reduce workspace: [SymmDeviceMemory] Device does not support multicasting.. This is expected on GPUs without NVSwitch (e.g., NVLink bridge-only or PCIe topologies).
(Worker_PP1_TP0 pid=1103796) WARNING 08-22 18:18:58 [flashinfer_all_reduce.py:78] Failed to initialize FlashInfer All Reduce workspace: [SymmDeviceMemory] Device does not support multicasting.. This is expected on GPUs without NVSwitch (e.g., NVLink bridge-only or PCIe topologies).
(Worker_PP1_TP0 pid=1103796) WARNING 08-22 18:18:58 [flashinfer_all_reduce.py:78] Failed to initialize FlashInfer All Reduce workspace: [SymmDeviceMemory] Device does not support multicasting.. This is expected on GPUs without NVSwitch (e.g., NVLink bridge-only or PCIe topologies).
(Worker_PP1_TP0 pid=1103796) WARNING 08-22 18:18:58 [flashinfer_all_reduce.py:78] Failed to initialize FlashInfer All Reduce workspace: [SymmDeviceMemory] Device does not support multicasting.. This is expected on GPUs without NVSwitch (e.g., NVLink bridge-only or PCIe topologies).
(Worker_PP1_TP0 pid=1103796) WARNING 08-22 18:18:58 [flashinfer_all_reduce.py:78] Failed to initialize FlashInfer All Reduce workspace: [SymmDeviceMemory] Device does not support multicasting.. This is expected on GPUs without NVSwitch (e.g., NVLink bridge-only or PCIe topologies).
(Worker_PP1_TP0 pid=1103796) WARNING 08-22 18:18:58 [flashinfer_all_reduce.py:78] Failed to initialize FlashInfer All Reduce workspace: [SymmDeviceMemory] Device does not support multicasting.. This is expected on GPUs without NVSwitch (e.g., NVLink bridge-only or PCIe topologies).
(Worker_PP1_TP0 pid=1103796) WARNING 08-22 18:18:58 [flashinfer_all_reduce.py:78] Failed to initialize FlashInfer All Reduce workspace: [SymmDeviceMemory] Device does not support multicasting.. This is expected on GPUs without NVSwitch (e.g., NVLink bridge-only or PCIe topologies).
(Worker_PP1_TP0 pid=1103796) WARNING 08-22 18:18:58 [flashinfer_all_reduce.py:78] Failed to initialize FlashInfer All Reduce workspace: [SymmDeviceMemory] Device does not support multicasting.. This is expected on GPUs without NVSwitch (e.g., NVLink bridge-only or PCIe topologies).
(Worker_PP1_TP0 pid=1103796) WARNING 08-22 18:18:58 [flashinfer_all_reduce.py:78] Failed to initialize FlashInfer All Reduce workspace: [SymmDeviceMemory] Device does not support multicasting.. This is expected on GPUs without NVSwitch (e.g., NVLink bridge-only or PCIe topologies).
(Worker_PP1_TP0 pid=1103796) WARNING 08-22 18:18:58 [flashinfer_all_reduce.py:78] Failed to initialize FlashInfer All Reduce workspace: [SymmDeviceMemory] Device does not support multicasting.. This is expected on GPUs without NVSwitch (e.g., NVLink bridge-only or PCIe topologies).
(Worker_PP1_TP0 pid=1103796) WARNING 08-22 18:18:58 [flashinfer_all_reduce.py:78] Failed to initialize FlashInfer All Reduce workspace: [SymmDeviceMemory] Device does not support multicasting.. This is expected on GPUs without NVSwitch (e.g., NVLink bridge-only or PCIe topologies).
(Worker_PP1_TP0 pid=1103796) WARNING 08-22 18:18:58 [flashinfer_all_reduce.py:78] Failed to initialize FlashInfer All Reduce workspace: [SymmDeviceMemory] Device does not support multicasting.. This is expected on GPUs without NVSwitch (e.g., NVLink bridge-only or PCIe topologies).
(Worker_PP1_TP0 pid=1103796) WARNING 08-22 18:18:58 [flashinfer_all_reduce.py:78] Failed to initialize FlashInfer All Reduce workspace: [SymmDeviceMemory] Device does not support multicasting.. This is expected on GPUs without NVSwitch (e.g., NVLink bridge-only or PCIe topologies).
(Worker_PP1_TP0 pid=1103796) WARNING 08-22 18:18:58 [flashinfer_all_reduce.py:78] Failed to initialize FlashInfer All Reduce workspace: [SymmDeviceMemory] Device does not support multicasting.. This is expected on GPUs without NVSwitch (e.g., NVLink bridge-only or PCIe topologies).
(Worker_PP1_TP0 pid=1103796) WARNING 08-22 18:18:58 [flashinfer_all_reduce.py:78] Failed to initialize FlashInfer All Reduce workspace: [SymmDeviceMemory] Device does not support multicasting.. This is expected on GPUs without NVSwitch (e.g., NVLink bridge-only or PCIe topologies).
(Worker_PP1_TP0 pid=1103796) WARNING 08-22 18:18:58 [flashinfer_all_reduce.py:78] Failed to initialize FlashInfer All Reduce workspace: [SymmDeviceMemory] Device does not support multicasting.. This is expected on GPUs without NVSwitch (e.g., NVLink bridge-only or PCIe topologies).
(Worker_PP1_TP0 pid=1103796) WARNING 08-22 18:18:58 [flashinfer_all_reduce.py:78] Failed to initialize FlashInfer All Reduce workspace: [SymmDeviceMemory] Device does not support multicasting.. This is expected on GPUs without NVSwitch (e.g., NVLink bridge-only or PCIe topologies).
(Worker_PP1_TP0 pid=1103796) WARNING 08-22 18:18:58 [flashinfer_all_reduce.py:78] Failed to initialize FlashInfer All Reduce workspace: [SymmDeviceMemory] Device does not support multicasting.. This is expected on GPUs without NVSwitch (e.g., NVLink bridge-only or PCIe topologies).
(Worker_PP1_TP0 pid=1103796) WARNING 08-22 18:18:58 [flashinfer_all_reduce.py:78] Failed to initialize FlashInfer All Reduce workspace: [SymmDeviceMemory] Device does not support multicasting.. This is expected on GPUs without NVSwitch (e.g., NVLink bridge-only or PCIe topologies).
(Worker_PP1_TP3 pid=1103799) [k3t r?] step=61 tok=1 step=93.05ms | KDA: n=23 attn=19.1ms mlp=46.6ms other=0.5ms tot=66.2ms | full: n=8 attn=10.8ms mlp=15.7ms other=0.2ms tot=26.7ms | ALL: attn=29.9ms mlp=62.3ms model=93.1ms
(Worker_PP1_TP6 pid=1103802) [k3t r?] step=61 tok=1 step=93.06ms | KDA: n=23 attn=19.1ms mlp=46.6ms other=0.5ms tot=66.2ms | full: n=8 attn=10.8ms mlp=15.7ms other=0.2ms tot=26.7ms | ALL: attn=29.9ms mlp=62.3ms model=93.1ms
(Worker_PP1_TP4 pid=1103800) [k3t r?] step=61 tok=1 step=93.06ms | KDA: n=23 attn=19.1ms mlp=46.6ms other=0.5ms tot=66.2ms | full: n=8 attn=10.8ms mlp=15.7ms other=0.2ms tot=26.7ms | ALL: attn=29.9ms mlp=62.4ms model=93.1ms
(Worker_PP1_TP7 pid=1103803) [k3t r?] step=61 tok=1 step=93.06ms | KDA: n=23 attn=19.1ms mlp=46.6ms other=0.5ms tot=66.2ms | full: n=8 attn=10.8ms mlp=15.7ms other=0.2ms tot=26.7ms | ALL: attn=29.9ms mlp=62.3ms model=93.1ms
(Worker_PP1_TP2 pid=1103798) [k3t r?] step=61 tok=1 step=93.06ms | KDA: n=23 attn=19.1ms mlp=46.6ms other=0.5ms tot=66.2ms | full: n=8 attn=10.8ms mlp=15.7ms other=0.2ms tot=26.7ms | ALL: attn=29.9ms mlp=62.3ms model=93.1ms
(Worker_PP1_TP5 pid=1103801) [k3t r?] step=61 tok=1 step=93.05ms | KDA: n=23 attn=19.1ms mlp=46.6ms other=0.5ms tot=66.2ms | full: n=8 attn=10.8ms mlp=15.7ms other=0.2ms tot=26.7ms | ALL: attn=29.9ms mlp=62.3ms model=93.1ms
(Worker_PP1_TP1 pid=1103797) [k3t r?] step=61 tok=1 step=93.06ms | KDA: n=23 attn=15.3ms mlp=46.3ms other=4.1ms tot=65.8ms | full: n=8 attn=9.4ms mlp=15.5ms other=1.5ms tot=26.4ms | ALL: attn=24.7ms mlp=61.8ms model=93.1ms
(Worker_PP1_TP0 pid=1103796) [k3t r?] step=61 tok=1 step=93.36ms | KDA: n=23 attn=12.9ms mlp=45.9ms other=6.4ms tot=65.3ms | full: n=8 attn=9.0ms mlp=15.6ms other=2.0ms tot=26.6ms | ALL: attn=21.9ms mlp=61.5ms model=93.4ms
(Worker_PP1_TP0 pid=1103796) WARNING 08-22 18:18:58 [flashinfer_all_reduce.py:78] Failed to initialize FlashInfer All Reduce workspace: [SymmDeviceMemory] Device does not support multicasting.. This is expected on GPUs without NVSwitch (e.g., NVLink bridge-only or PCIe topologies).
(Worker_PP1_TP0 pid=1103796) WARNING 08-22 18:18:58 [flashinfer_all_reduce.py:78] Failed to initialize FlashInfer All Reduce workspace: [SymmDeviceMemory] Device does not support multicasting.. This is expected on GPUs without NVSwitch (e.g., NVLink bridge-only or PCIe topologies).
(Worker_PP1_TP0 pid=1103796) WARNING 08-22 18:18:58 [flashinfer_all_reduce.py:78] Failed to initialize FlashInfer All Reduce workspace: [SymmDeviceMemory] Device does not support multicasting.. This is expected on GPUs without NVSwitch (e.g., NVLink bridge-only or PCIe topologies).
(Worker_PP1_TP0 pid=1103796) WARNING 08-22 18:18:58 [flashinfer_all_reduce.py:78] Failed to initialize FlashInfer All Reduce workspace: [SymmDeviceMemory] Device does not support multicasting.. This is expected on GPUs without NVSwitch (e.g., NVLink bridge-only or PCIe topologies).
(Worker_PP1_TP0 pid=1103796) WARNING 08-22 18:18:58 [flashinfer_all_reduce.py:78] Failed to initialize FlashInfer All Reduce workspace: [SymmDeviceMemory] Device does not support multicasting.. This is expected on GPUs without NVSwitch (e.g., NVLink bridge-only or PCIe topologies).
(Worker_PP1_TP0 pid=1103796) WARNING 08-22 18:18:58 [flashinfer_all_reduce.py:78] Failed to initialize FlashInfer All Reduce workspace: [SymmDeviceMemory] Device does not support multicasting.. This is expected on GPUs without NVSwitch (e.g., NVLink bridge-only or PCIe topologies).
(Worker_PP1_TP0 pid=1103796) WARNING 08-22 18:18:58 [flashinfer_all_reduce.py:78] Failed to initialize FlashInfer All Reduce workspace: [SymmDeviceMemory] Device does not support multicasting.. This is expected on GPUs without NVSwitch (e.g., NVLink bridge-only or PCIe topologies).
(Worker_PP1_TP0 pid=1103796) WARNING 08-22 18:18:58 [flashinfer_all_reduce.py:78] Failed to initialize FlashInfer All Reduce workspace: [SymmDeviceMemory] Device does not support multicasting.. This is expected on GPUs without NVSwitch (e.g., NVLink bridge-only or PCIe topologies).
(Worker_PP1_TP0 pid=1103796) WARNING 08-22 18:18:58 [flashinfer_all_reduce.py:78] Failed to initialize FlashInfer All Reduce workspace: [SymmDeviceMemory] Device does not support multicasting.. This is expected on GPUs without NVSwitch (e.g., NVLink bridge-only or PCIe topologies).
(Worker_PP1_TP0 pid=1103796) WARNING 08-22 18:18:58 [flashinfer_all_reduce.py:78] Failed to initialize FlashInfer All Reduce workspace: [SymmDeviceMemory] Device does not support multicasting.. This is expected on GPUs without NVSwitch (e.g., NVLink bridge-only or PCIe topologies).
(Worker_PP1_TP0 pid=1103796) WARNING 08-22 18:18:58 [flashinfer_all_reduce.py:78] Failed to initialize FlashInfer All Reduce workspace: [SymmDeviceMemory] Device does not support multicasting.. This is expected on GPUs without NVSwitch (e.g., NVLink bridge-only or PCIe topologies).
(Worker_PP1_TP0 pid=1103796) WARNING 08-22 18:18:58 [flashinfer_all_reduce.py:78] Failed to initialize FlashInfer All Reduce workspace: [SymmDeviceMemory] Device does not support multicasting.. This is expected on GPUs without NVSwitch (e.g., NVLink bridge-only or PCIe topologies).
(Worker_PP1_TP0 pid=1103796) WARNING 08-22 18:18:58 [flashinfer_all_reduce.py:78] Failed to initialize FlashInfer All Reduce workspace: [SymmDeviceMemory] Device does not support multicasting.. This is expected on GPUs without NVSwitch (e.g., NVLink bridge-only or PCIe topologies).
(Worker_PP1_TP0 pid=1103796) WARNING 08-22 18:18:58 [flashinfer_all_reduce.py:78] Failed to initialize FlashInfer All Reduce workspace: [SymmDeviceMemory] Device does not support multicasting.. This is expected on GPUs without NVSwitch (e.g., NVLink bridge-only or PCIe topologies).
(Worker_PP1_TP0 pid=1103796) WARNING 08-22 18:18:58 [flashinfer_all_reduce.py:78] Failed to initialize FlashInfer All Reduce workspace: [SymmDeviceMemory] Device does not support multicasting.. This is expected on GPUs without NVSwitch (e.g., NVLink bridge-only or PCIe topologies).
(Worker_PP1_TP0 pid=1103796) WARNING 08-22 18:18:58 [flashinfer_all_reduce.py:78] Failed to initialize FlashInfer All Reduce workspace: [SymmDeviceMemory] Device does not support multicasting.. This is expected on GPUs without NVSwitch (e.g., NVLink bridge-only or PCIe topologies).
(Worker_PP1_TP0 pid=1103796) WARNING 08-22 18:18:58 [flashinfer_all_reduce.py:78] Failed to initialize FlashInfer All Reduce workspace: [SymmDeviceMemory] Device does not support multicasting.. This is expected on GPUs without NVSwitch (e.g., NVLink bridge-only or PCIe topologies).
(Worker_PP1_TP0 pid=1103796) WARNING 08-22 18:18:58 [flashinfer_all_reduce.py:78] Failed to initialize FlashInfer All Reduce workspace: [SymmDeviceMemory] Device does not support multicasting.. This is expected on GPUs without NVSwitch (e.g., NVLink bridge-only or PCIe topologies).
(Worker_PP1_TP0 pid=1103796) WARNING 08-22 18:18:58 [flashinfer_all_reduce.py:78] Failed to initialize FlashInfer All Reduce workspace: [SymmDeviceMemory] Device does not support multicasting.. This is expected on GPUs without NVSwitch (e.g., NVLink bridge-only or PCIe topologies).
(Worker_PP1_TP0 pid=1103796) WARNING 08-22 18:18:58 [flashinfer_all_reduce.py:78] Failed to initialize FlashInfer All Reduce workspace: [SymmDeviceMemory] Device does not support multicasting.. This is expected on GPUs without NVSwitch (e.g., NVLink bridge-only or PCIe topologies).
(Worker_PP1_TP0 pid=1103796) WARNING 08-22 18:18:58 [flashinfer_all_reduce.py:78] Failed to initialize FlashInfer All Reduce workspace: [SymmDeviceMemory] Device does not support multicasting.. This is expected on GPUs without NVSwitch (e.g., NVLink bridge-only or PCIe topologies).
(Worker_PP1_TP0 pid=1103796) WARNING 08-22 18:18:58 [flashinfer_all_reduce.py:78] Failed to initialize FlashInfer All Reduce workspace: [SymmDeviceMemory] Device does not support multicasting.. This is expected on GPUs without NVSwitch (e.g., NVLink bridge-only or PCIe topologies).
(Worker_PP1_TP0 pid=1103796) WARNING 08-22 18:18:58 [flashinfer_all_reduce.py:78] Failed to initialize FlashInfer All Reduce workspace: [SymmDeviceMemory] Device does not support multicasting.. This is expected on GPUs without NVSwitch (e.g., NVLink bridge-only or PCIe topologies).
(Worker_PP1_TP0 pid=1103796) WARNING 08-22 18:18:58 [flashinfer_all_reduce.py:78] Failed to initialize FlashInfer All Reduce workspace: [SymmDeviceMemory] Device does not support multicasting.. This is expected on GPUs without NVSwitch (e.g., NVLink bridge-only or PCIe topologies).
(Worker_PP1_TP0 pid=1103796) WARNING 08-22 18:18:58 [flashinfer_all_reduce.py:78] Failed to initialize FlashInfer All Reduce workspace: [SymmDeviceMemory] Device does not support multicasting.. This is expected on GPUs without NVSwitch (e.g., NVLink bridge-only or PCIe topologies).
(Worker_PP1_TP0 pid=1103796) WARNING 08-22 18:18:58 [flashinfer_all_reduce.py:78] Failed to initialize FlashInfer All Reduce workspace: [SymmDeviceMemory] Device does not support multicasting.. This is expected on GPUs without NVSwitch (e.g., NVLink bridge-only or PCIe topologies).
(Worker_PP1_TP0 pid=1103796) WARNING 08-22 18:18:58 [flashinfer_all_reduce.py:78] Failed to initialize FlashInfer All Reduce workspace: [SymmDeviceMemory] Device does not support multicasting.. This is expected on GPUs without NVSwitch (e.g., NVLink bridge-only or PCIe topologies).
(Worker_PP1_TP0 pid=1103796) WARNING 08-22 18:18:58 [flashinfer_all_reduce.py:78] Failed to initialize FlashInfer All Reduce workspace: [SymmDeviceMemory] Device does not support multicasting.. This is expected on GPUs without NVSwitch (e.g., NVLink bridge-only or PCIe topologies).
(Worker_PP1_TP0 pid=1103796) WARNING 08-22 18:18:58 [flashinfer_all_reduce.py:78] Failed to initialize FlashInfer All Reduce workspace: [SymmDeviceMemory] Device does not support multicasting.. This is expected on GPUs without NVSwitch (e.g., NVLink bridge-only or PCIe topologies).
(Worker_PP1_TP0 pid=1103796) WARNING 08-22 18:18:58 [flashinfer_all_reduce.py:78] Failed to initialize FlashInfer All Reduce workspace: [SymmDeviceMemory] Device does not support multicasting.. This is expected on GPUs without NVSwitch (e.g., NVLink bridge-only or PCIe topologies).
(Worker_PP1_TP0 pid=1103796) WARNING 08-22 18:18:58 [flashinfer_all_reduce.py:78] Failed to initialize FlashInfer All Reduce workspace: [SymmDeviceMemory] Device does not support multicasting.. This is expected on GPUs without NVSwitch (e.g., NVLink bridge-only or PCIe topologies).
(Worker_PP1_TP4 pid=1103800) [k3t r?] step=62 tok=1 step=90.48ms | KDA: n=23 attn=18.9ms mlp=45.2ms other=0.5ms tot=64.7ms | full: n=8 attn=9.7ms mlp=15.8ms other=0.2ms tot=25.7ms | ALL: attn=28.7ms mlp=61.0ms model=90.5ms
(Worker_PP1_TP1 pid=1103797) [k3t r?] step=62 tok=1 step=90.49ms | KDA: n=23 attn=15.2ms mlp=44.7ms other=4.0ms tot=63.9ms | full: n=8 attn=8.8ms mlp=15.6ms other=1.3ms tot=25.7ms | ALL: attn=24.0ms mlp=60.3ms model=90.5ms
(Worker_PP1_TP6 pid=1103802) [k3t r?] step=62 tok=1 step=90.49ms | KDA: n=23 attn=18.9ms mlp=45.2ms other=0.5ms tot=64.7ms | full: n=8 attn=9.7ms mlp=15.8ms other=0.2ms tot=25.7ms | ALL: attn=28.7ms mlp=61.0ms model=90.5ms
(Worker_PP1_TP5 pid=1103801) [k3t r?] step=62 tok=1 step=90.48ms | KDA: n=23 attn=19.0ms mlp=45.2ms other=0.5ms tot=64.7ms | full: n=8 attn=9.8ms mlp=15.8ms other=0.2ms tot=25.7ms | ALL: attn=28.7ms mlp=61.0ms model=90.5ms
(Worker_PP1_TP7 pid=1103803) [k3t r?] step=62 tok=1 step=90.49ms | KDA: n=23 attn=19.0ms mlp=45.2ms other=0.5ms tot=64.7ms | full: n=8 attn=9.7ms mlp=15.8ms other=0.2ms tot=25.7ms | ALL: attn=28.7ms mlp=61.0ms model=90.5ms
(Worker_PP1_TP2 pid=1103798) [k3t r?] step=62 tok=1 step=90.48ms | KDA: n=23 attn=18.9ms mlp=45.2ms other=0.5ms tot=64.7ms | full: n=8 attn=9.7ms mlp=15.8ms other=0.2ms tot=25.7ms | ALL: attn=28.7ms mlp=61.0ms model=90.5ms
(Worker_PP1_TP3 pid=1103799) [k3t r?] step=62 tok=1 step=90.48ms | KDA: n=23 attn=17.5ms mlp=44.9ms other=1.9ms tot=64.3ms | full: n=8 attn=9.2ms mlp=15.7ms other=0.8ms tot=25.8ms | ALL: attn=26.8ms mlp=60.6ms model=90.5ms
(Worker_PP1_TP0 pid=1103796) [k3t r?] step=62 tok=1 step=90.79ms | KDA: n=23 attn=12.9ms mlp=44.7ms other=6.2ms tot=63.8ms | full: n=8 attn=7.8ms mlp=15.6ms other=2.1ms tot=25.5ms | ALL: attn=20.7ms mlp=60.3ms model=90.8ms
(Worker_PP1_TP0 pid=1103796) WARNING 08-22 18:18:59 [flashinfer_all_reduce.py:78] Failed to initialize FlashInfer All Reduce workspace: [SymmDeviceMemory] Device does not support multicasting.. This is expected on GPUs without NVSwitch (e.g., NVLink bridge-only or PCIe topologies).
(Worker_PP1_TP0 pid=1103796) WARNING 08-22 18:18:59 [flashinfer_all_reduce.py:78] Failed to initialize FlashInfer All Reduce workspace: [SymmDeviceMemory] Device does not support multicasting.. This is expected on GPUs without NVSwitch (e.g., NVLink bridge-only or PCIe topologies).
(Worker_PP1_TP0 pid=1103796) WARNING 08-22 18:18:59 [flashinfer_all_reduce.py:78] Failed to initialize FlashInfer All Reduce workspace: [SymmDeviceMemory] Device does not support multicasting.. This is expected on GPUs without NVSwitch (e.g., NVLink bridge-only or PCIe topologies).
(Worker_PP1_TP0 pid=1103796) WARNING 08-22 18:18:59 [flashinfer_all_reduce.py:78] Failed to initialize FlashInfer All Reduce workspace: [SymmDeviceMemory] Device does not support multicasting.. This is expected on GPUs without NVSwitch (e.g., NVLink bridge-only or PCIe topologies).
(Worker_PP1_TP0 pid=1103796) WARNING 08-22 18:18:59 [flashinfer_all_reduce.py:78] Failed to initialize FlashInfer All Reduce workspace: [SymmDeviceMemory] Device does not support multicasting.. This is expected on GPUs without NVSwitch (e.g., NVLink bridge-only or PCIe topologies).
(Worker_PP1_TP0 pid=1103796) WARNING 08-22 18:18:59 [flashinfer_all_reduce.py:78] Failed to initialize FlashInfer All Reduce workspace: [SymmDeviceMemory] Device does not support multicasting.. This is expected on GPUs without NVSwitch (e.g., NVLink bridge-only or PCIe topologies).
(Worker_PP1_TP0 pid=1103796) WARNING 08-22 18:18:59 [flashinfer_all_reduce.py:78] Failed to initialize FlashInfer All Reduce workspace: [SymmDeviceMemory] Device does not support multicasting.. This is expected on GPUs without NVSwitch (e.g., NVLink bridge-only or PCIe topologies).
(Worker_PP1_TP0 pid=1103796) WARNING 08-22 18:18:59 [flashinfer_all_reduce.py:78] Failed to initialize FlashInfer All Reduce workspace: [SymmDeviceMemory] Device does not support multicasting.. This is expected on GPUs without NVSwitch (e.g., NVLink bridge-only or PCIe topologies).
(Worker_PP1_TP0 pid=1103796) WARNING 08-22 18:18:59 [flashinfer_all_reduce.py:78] Failed to initialize FlashInfer All Reduce workspace: [SymmDeviceMemory] Device does not support multicasting.. This is expected on GPUs without NVSwitch (e.g., NVLink bridge-only or PCIe topologies).
(Worker_PP1_TP0 pid=1103796) WARNING 08-22 18:18:59 [flashinfer_all_reduce.py:78] Failed to initialize FlashInfer All Reduce workspace: [SymmDeviceMemory] Device does not support multicasting.. This is expected on GPUs without NVSwitch (e.g., NVLink bridge-only or PCIe topologies).
(Worker_PP1_TP0 pid=1103796) WARNING 08-22 18:18:59 [flashinfer_all_reduce.py:78] Failed to initialize FlashInfer All Reduce workspace: [SymmDeviceMemory] Device does not support multicasting.. This is expected on GPUs without NVSwitch (e.g., NVLink bridge-only or PCIe topologies).
(Worker_PP1_TP0 pid=1103796) WARNING 08-22 18:18:59 [flashinfer_all_reduce.py:78] Failed to initialize FlashInfer All Reduce workspace: [SymmDeviceMemory] Device does not support multicasting.. This is expected on GPUs without NVSwitch (e.g., NVLink bridge-only or PCIe topologies).
(Worker_PP1_TP0 pid=1103796) WARNING 08-22 18:18:59 [flashinfer_all_reduce.py:78] Failed to initialize FlashInfer All Reduce workspace: [SymmDeviceMemory] Device does not support multicasting.. This is expected on GPUs without NVSwitch (e.g., NVLink bridge-only or PCIe topologies).
(Worker_PP1_TP0 pid=1103796) WARNING 08-22 18:18:59 [flashinfer_all_reduce.py:78] Failed to initialize FlashInfer All Reduce workspace: [SymmDeviceMemory] Device does not support multicasting.. This is expected on GPUs without NVSwitch (e.g., NVLink bridge-only or PCIe topologies).
(Worker_PP1_TP0 pid=1103796) WARNING 08-22 18:18:59 [flashinfer_all_reduce.py:78] Failed to initialize FlashInfer All Reduce workspace: [SymmDeviceMemory] Device does not support multicasting.. This is expected on GPUs without NVSwitch (e.g., NVLink bridge-only or PCIe topologies).
(Worker_PP1_TP0 pid=1103796) WARNING 08-22 18:18:59 [flashinfer_all_reduce.py:78] Failed to initialize FlashInfer All Reduce workspace: [SymmDeviceMemory] Device does not support multicasting.. This is expected on GPUs without NVSwitch (e.g., NVLink bridge-only or PCIe topologies).
(Worker_PP1_TP0 pid=1103796) WARNING 08-22 18:18:59 [flashinfer_all_reduce.py:78] Failed to initialize FlashInfer All Reduce workspace: [SymmDeviceMemory] Device does not support multicasting.. This is expected on GPUs without NVSwitch (e.g., NVLink bridge-only or PCIe topologies).
(Worker_PP1_TP0 pid=1103796) WARNING 08-22 18:18:59 [flashinfer_all_reduce.py:78] Failed to initialize FlashInfer All Reduce workspace: [SymmDeviceMemory] Device does not support multicasting.. This is expected on GPUs without NVSwitch (e.g., NVLink bridge-only or PCIe topologies).
(Worker_PP1_TP0 pid=1103796) WARNING 08-22 18:18:59 [flashinfer_all_reduce.py:78] Failed to initialize FlashInfer All Reduce workspace: [SymmDeviceMemory] Device does not support multicasting.. This is expected on GPUs without NVSwitch (e.g., NVLink bridge-only or PCIe topologies).
(Worker_PP1_TP0 pid=1103796) WARNING 08-22 18:18:59 [flashinfer_all_reduce.py:78] Failed to initialize FlashInfer All Reduce workspace: [SymmDeviceMemory] Device does not support multicasting.. This is expected on GPUs without NVSwitch (e.g., NVLink bridge-only or PCIe topologies).
(Worker_PP1_TP0 pid=1103796) WARNING 08-22 18:18:59 [flashinfer_all_reduce.py:78] Failed to initialize FlashInfer All Reduce workspace: [SymmDeviceMemory] Device does not support multicasting.. This is expected on GPUs without NVSwitch (e.g., NVLink bridge-only or PCIe topologies).
(Worker_PP1_TP0 pid=1103796) WARNING 08-22 18:18:59 [flashinfer_all_reduce.py:78] Failed to initialize FlashInfer All Reduce workspace: [SymmDeviceMemory] Device does not support multicasting.. This is expected on GPUs without NVSwitch (e.g., NVLink bridge-only or PCIe topologies).
(Worker_PP1_TP0 pid=1103796) WARNING 08-22 18:18:59 [flashinfer_all_reduce.py:78] Failed to initialize FlashInfer All Reduce workspace: [SymmDeviceMemory] Device does not support multicasting.. This is expected on GPUs without NVSwitch (e.g., NVLink bridge-only or PCIe topologies).
(Worker_PP1_TP0 pid=1103796) WARNING 08-22 18:18:59 [flashinfer_all_reduce.py:78] Failed to initialize FlashInfer All Reduce workspace: [SymmDeviceMemory] Device does not support multicasting.. This is expected on GPUs without NVSwitch (e.g., NVLink bridge-only or PCIe topologies).
(Worker_PP1_TP0 pid=1103796) WARNING 08-22 18:18:59 [flashinfer_all_reduce.py:78] Failed to initialize FlashInfer All Reduce workspace: [SymmDeviceMemory] Device does not support multicasting.. This is expected on GPUs without NVSwitch (e.g., NVLink bridge-only or PCIe topologies).
(Worker_PP1_TP0 pid=1103796) WARNING 08-22 18:18:59 [flashinfer_all_reduce.py:78] Failed to initialize FlashInfer All Reduce workspace: [SymmDeviceMemory] Device does not support multicasting.. This is expected on GPUs without NVSwitch (e.g., NVLink bridge-only or PCIe topologies).
(Worker_PP1_TP0 pid=1103796) WARNING 08-22 18:18:59 [flashinfer_all_reduce.py:78] Failed to initialize FlashInfer All Reduce workspace: [SymmDeviceMemory] Device does not support multicasting.. This is expected on GPUs without NVSwitch (e.g., NVLink bridge-only or PCIe topologies).
(Worker_PP1_TP0 pid=1103796) WARNING 08-22 18:18:59 [flashinfer_all_reduce.py:78] Failed to initialize FlashInfer All Reduce workspace: [SymmDeviceMemory] Device does not support multicasting.. This is expected on GPUs without NVSwitch (e.g., NVLink bridge-only or PCIe topologies).
(Worker_PP1_TP0 pid=1103796) WARNING 08-22 18:18:59 [flashinfer_all_reduce.py:78] Failed to initialize FlashInfer All Reduce workspace: [SymmDeviceMemory] Device does not support multicasting.. This is expected on GPUs without NVSwitch (e.g., NVLink bridge-only or PCIe topologies).
(Worker_PP1_TP0 pid=1103796) WARNING 08-22 18:18:59 [flashinfer_all_reduce.py:78] Failed to initialize FlashInfer All Reduce workspace: [SymmDeviceMemory] Device does not support multicasting.. This is expected on GPUs without NVSwitch (e.g., NVLink bridge-only or PCIe topologies).
(Worker_PP1_TP0 pid=1103796) WARNING 08-22 18:18:59 [flashinfer_all_reduce.py:78] Failed to initialize FlashInfer All Reduce workspace: [SymmDeviceMemory] Device does not support multicasting.. This is expected on GPUs without NVSwitch (e.g., NVLink bridge-only or PCIe topologies).
(Worker_PP1_TP3 pid=1103799) [k3t r?] step=63 tok=1 step=91.19ms | KDA: n=23 attn=19.0ms mlp=45.1ms other=0.6ms tot=64.7ms | full: n=8 attn=10.6ms mlp=15.6ms other=0.2ms tot=26.4ms | ALL: attn=29.6ms mlp=60.8ms model=91.2ms
(Worker_PP1_TP1 pid=1103797) [k3t r?] step=63 tok=1 step=91.19ms | KDA: n=23 attn=15.0ms mlp=44.6ms other=4.3ms tot=63.8ms | full: n=8 attn=9.4ms mlp=15.4ms other=1.6ms tot=26.5ms | ALL: attn=24.4ms mlp=60.0ms model=91.2ms
(Worker_PP1_TP6 pid=1103802) [k3t r?] step=63 tok=1 step=91.19ms | KDA: n=23 attn=19.0ms mlp=45.1ms other=0.5ms tot=64.7ms | full: n=8 attn=10.6ms mlp=15.6ms other=0.2ms tot=26.4ms | ALL: attn=29.6ms mlp=60.8ms model=91.2ms
(Worker_PP1_TP2 pid=1103798) [k3t r?] step=63 tok=1 step=91.19ms | KDA: n=23 attn=19.0ms mlp=45.1ms other=0.5ms tot=64.7ms | full: n=8 attn=10.6ms mlp=15.6ms other=0.2ms tot=26.4ms | ALL: attn=29.6ms mlp=60.8ms model=91.2ms
(Worker_PP1_TP4 pid=1103800) [k3t r?] step=63 tok=1 step=91.20ms | KDA: n=23 attn=19.0ms mlp=45.1ms other=0.5ms tot=64.7ms | full: n=8 attn=10.6ms mlp=15.6ms other=0.2ms tot=26.5ms | ALL: attn=29.6ms mlp=60.8ms model=91.2ms
(Worker_PP1_TP5 pid=1103801) [k3t r?] step=63 tok=1 step=91.19ms | KDA: n=23 attn=19.0ms mlp=45.1ms other=0.5ms tot=64.7ms | full: n=8 attn=10.6ms mlp=15.6ms other=0.2ms tot=26.4ms | ALL: attn=29.6ms mlp=60.8ms model=91.2ms
(Worker_PP1_TP7 pid=1103803) [k3t r?] step=63 tok=1 step=91.19ms | KDA: n=23 attn=19.0ms mlp=45.1ms other=0.5ms tot=64.7ms | full: n=8 attn=10.6ms mlp=15.6ms other=0.2ms tot=26.4ms | ALL: attn=29.6ms mlp=60.8ms model=91.2ms
(Worker_PP1_TP0 pid=1103796) [k3t r?] step=63 tok=1 step=91.50ms | KDA: n=23 attn=13.0ms mlp=44.8ms other=6.2ms tot=64.0ms | full: n=8 attn=8.8ms mlp=15.4ms other=1.9ms tot=26.1ms | ALL: attn=21.8ms mlp=60.2ms model=91.5ms
(Worker_PP1_TP0 pid=1103796) WARNING 08-22 18:18:59 [flashinfer_all_reduce.py:78] Failed to initialize FlashInfer All Reduce workspace: [SymmDeviceMemory] Device does not support multicasting.. This is expected on GPUs without NVSwitch (e.g., NVLink bridge-only or PCIe topologies).
(Worker_PP1_TP0 pid=1103796) WARNING 08-22 18:18:59 [flashinfer_all_reduce.py:78] Failed to initialize FlashInfer All Reduce workspace: [SymmDeviceMemory] Device does not support multicasting.. This is expected on GPUs without NVSwitch (e.g., NVLink bridge-only or PCIe topologies).
(Worker_PP1_TP0 pid=1103796) WARNING 08-22 18:18:59 [flashinfer_all_reduce.py:78] Failed to initialize FlashInfer All Reduce workspace: [SymmDeviceMemory] Device does not support multicasting.. This is expected on GPUs without NVSwitch (e.g., NVLink bridge-only or PCIe topologies).
(Worker_PP1_TP0 pid=1103796) WARNING 08-22 18:18:59 [flashinfer_all_reduce.py:78] Failed to initialize FlashInfer All Reduce workspace: [SymmDeviceMemory] Device does not support multicasting.. This is expected on GPUs without NVSwitch (e.g., NVLink bridge-only or PCIe topologies).
(Worker_PP1_TP0 pid=1103796) WARNING 08-22 18:18:59 [flashinfer_all_reduce.py:78] Failed to initialize FlashInfer All Reduce workspace: [SymmDeviceMemory] Device does not support multicasting.. This is expected on GPUs without NVSwitch (e.g., NVLink bridge-only or PCIe topologies).
(Worker_PP1_TP0 pid=1103796) WARNING 08-22 18:18:59 [flashinfer_all_reduce.py:78] Failed to initialize FlashInfer All Reduce workspace: [SymmDeviceMemory] Device does not support multicasting.. This is expected on GPUs without NVSwitch (e.g., NVLink bridge-only or PCIe topologies).
(Worker_PP1_TP0 pid=1103796) WARNING 08-22 18:18:59 [flashinfer_all_reduce.py:78] Failed to initialize FlashInfer All Reduce workspace: [SymmDeviceMemory] Device does not support multicasting.. This is expected on GPUs without NVSwitch (e.g., NVLink bridge-only or PCIe topologies).
(Worker_PP1_TP0 pid=1103796) WARNING 08-22 18:18:59 [flashinfer_all_reduce.py:78] Failed to initialize FlashInfer All Reduce workspace: [SymmDeviceMemory] Device does not support multicasting.. This is expected on GPUs without NVSwitch (e.g., NVLink bridge-only or PCIe topologies).
(Worker_PP1_TP0 pid=1103796) WARNING 08-22 18:18:59 [flashinfer_all_reduce.py:78] Failed to initialize FlashInfer All Reduce workspace: [SymmDeviceMemory] Device does not support multicasting.. This is expected on GPUs without NVSwitch (e.g., NVLink bridge-only or PCIe topologies).
(Worker_PP1_TP0 pid=1103796) WARNING 08-22 18:18:59 [flashinfer_all_reduce.py:78] Failed to initialize FlashInfer All Reduce workspace: [SymmDeviceMemory] Device does not support multicasting.. This is expected on GPUs without NVSwitch (e.g., NVLink bridge-only or PCIe topologies).
(Worker_PP1_TP0 pid=1103796) WARNING 08-22 18:18:59 [flashinfer_all_reduce.py:78] Failed to initialize FlashInfer All Reduce workspace: [SymmDeviceMemory] Device does not support multicasting.. This is expected on GPUs without NVSwitch (e.g., NVLink bridge-only or PCIe topologies).
(Worker_PP1_TP0 pid=1103796) WARNING 08-22 18:18:59 [flashinfer_all_reduce.py:78] Failed to initialize FlashInfer All Reduce workspace: [SymmDeviceMemory] Device does not support multicasting.. This is expected on GPUs without NVSwitch (e.g., NVLink bridge-only or PCIe topologies).
(Worker_PP1_TP0 pid=1103796) WARNING 08-22 18:18:59 [flashinfer_all_reduce.py:78] Failed to initialize FlashInfer All Reduce workspace: [SymmDeviceMemory] Device does not support multicasting.. This is expected on GPUs without NVSwitch (e.g., NVLink bridge-only or PCIe topologies).
(Worker_PP1_TP0 pid=1103796) WARNING 08-22 18:18:59 [flashinfer_all_reduce.py:78] Failed to initialize FlashInfer All Reduce workspace: [SymmDeviceMemory] Device does not support multicasting.. This is expected on GPUs without NVSwitch (e.g., NVLink bridge-only or PCIe topologies).
(Worker_PP1_TP0 pid=1103796) WARNING 08-22 18:18:59 [flashinfer_all_reduce.py:78] Failed to initialize FlashInfer All Reduce workspace: [SymmDeviceMemory] Device does not support multicasting.. This is expected on GPUs without NVSwitch (e.g., NVLink bridge-only or PCIe topologies).
(Worker_PP1_TP0 pid=1103796) WARNING 08-22 18:18:59 [flashinfer_all_reduce.py:78] Failed to initialize FlashInfer All Reduce workspace: [SymmDeviceMemory] Device does not support multicasting.. This is expected on GPUs without NVSwitch (e.g., NVLink bridge-only or PCIe topologies).
(Worker_PP1_TP0 pid=1103796) WARNING 08-22 18:18:59 [flashinfer_all_reduce.py:78] Failed to initialize FlashInfer All Reduce workspace: [SymmDeviceMemory] Device does not support multicasting.. This is expected on GPUs without NVSwitch (e.g., NVLink bridge-only or PCIe topologies).
(Worker_PP1_TP0 pid=1103796) WARNING 08-22 18:18:59 [flashinfer_all_reduce.py:78] Failed to initialize FlashInfer All Reduce workspace: [SymmDeviceMemory] Device does not support multicasting.. This is expected on GPUs without NVSwitch (e.g., NVLink bridge-only or PCIe topologies).
(Worker_PP1_TP0 pid=1103796) WARNING 08-22 18:18:59 [flashinfer_all_reduce.py:78] Failed to initialize FlashInfer All Reduce workspace: [SymmDeviceMemory] Device does not support multicasting.. This is expected on GPUs without NVSwitch (e.g., NVLink bridge-only or PCIe topologies).
(Worker_PP1_TP0 pid=1103796) WARNING 08-22 18:18:59 [flashinfer_all_reduce.py:78] Failed to initialize FlashInfer All Reduce workspace: [SymmDeviceMemory] Device does not support multicasting.. This is expected on GPUs without NVSwitch (e.g., NVLink bridge-only or PCIe topologies).
(Worker_PP1_TP0 pid=1103796) WARNING 08-22 18:18:59 [flashinfer_all_reduce.py:78] Failed to initialize FlashInfer All Reduce workspace: [SymmDeviceMemory] Device does not support multicasting.. This is expected on GPUs without NVSwitch (e.g., NVLink bridge-only or PCIe topologies).
(Worker_PP1_TP0 pid=1103796) WARNING 08-22 18:18:59 [flashinfer_all_reduce.py:78] Failed to initialize FlashInfer All Reduce workspace: [SymmDeviceMemory] Device does not support multicasting.. This is expected on GPUs without NVSwitch (e.g., NVLink bridge-only or PCIe topologies).
(Worker_PP1_TP0 pid=1103796) WARNING 08-22 18:18:59 [flashinfer_all_reduce.py:78] Failed to initialize FlashInfer All Reduce workspace: [SymmDeviceMemory] Device does not support multicasting.. This is expected on GPUs without NVSwitch (e.g., NVLink bridge-only or PCIe topologies).
(Worker_PP1_TP0 pid=1103796) WARNING 08-22 18:18:59 [flashinfer_all_reduce.py:78] Failed to initialize FlashInfer All Reduce workspace: [SymmDeviceMemory] Device does not support multicasting.. This is expected on GPUs without NVSwitch (e.g., NVLink bridge-only or PCIe topologies).
(Worker_PP1_TP0 pid=1103796) WARNING 08-22 18:18:59 [flashinfer_all_reduce.py:78] Failed to initialize FlashInfer All Reduce workspace: [SymmDeviceMemory] Device does not support multicasting.. This is expected on GPUs without NVSwitch (e.g., NVLink bridge-only or PCIe topologies).
(Worker_PP1_TP0 pid=1103796) WARNING 08-22 18:18:59 [flashinfer_all_reduce.py:78] Failed to initialize FlashInfer All Reduce workspace: [SymmDeviceMemory] Device does not support multicasting.. This is expected on GPUs without NVSwitch (e.g., NVLink bridge-only or PCIe topologies).
(Worker_PP1_TP0 pid=1103796) WARNING 08-22 18:18:59 [flashinfer_all_reduce.py:78] Failed to initialize FlashInfer All Reduce workspace: [SymmDeviceMemory] Device does not support multicasting.. This is expected on GPUs without NVSwitch (e.g., NVLink bridge-only or PCIe topologies).
(Worker_PP1_TP0 pid=1103796) WARNING 08-22 18:18:59 [flashinfer_all_reduce.py:78] Failed to initialize FlashInfer All Reduce workspace: [SymmDeviceMemory] Device does not support multicasting.. This is expected on GPUs without NVSwitch (e.g., NVLink bridge-only or PCIe topologies).
(Worker_PP1_TP0 pid=1103796) WARNING 08-22 18:18:59 [flashinfer_all_reduce.py:78] Failed to initialize FlashInfer All Reduce workspace: [SymmDeviceMemory] Device does not support multicasting.. This is expected on GPUs without NVSwitch (e.g., NVLink bridge-only or PCIe topologies).
(Worker_PP1_TP0 pid=1103796) WARNING 08-22 18:18:59 [flashinfer_all_reduce.py:78] Failed to initialize FlashInfer All Reduce workspace: [SymmDeviceMemory] Device does not support multicasting.. This is expected on GPUs without NVSwitch (e.g., NVLink bridge-only or PCIe topologies).
(Worker_PP1_TP0 pid=1103796) WARNING 08-22 18:18:59 [flashinfer_all_reduce.py:78] Failed to initialize FlashInfer All Reduce workspace: [SymmDeviceMemory] Device does not support multicasting.. This is expected on GPUs without NVSwitch (e.g., NVLink bridge-only or PCIe topologies).
(Worker_PP1_TP3 pid=1103799) [k3t r?] step=64 tok=1 step=91.19ms | KDA: n=23 attn=18.8ms mlp=45.6ms other=0.5ms tot=65.0ms | full: n=8 attn=10.1ms mlp=15.8ms other=0.2ms tot=26.1ms | ALL: attn=29.0ms mlp=61.4ms model=91.2ms
(Worker_PP1_TP2 pid=1103798) [k3t r?] step=64 tok=1 step=91.19ms | KDA: n=23 attn=18.8ms mlp=45.6ms other=0.5ms tot=65.0ms | full: n=8 attn=10.1ms mlp=15.8ms other=0.2ms tot=26.1ms | ALL: attn=28.9ms mlp=61.4ms model=91.2ms
(Worker_PP1_TP1 pid=1103797) [k3t r?] step=64 tok=1 step=91.19ms | KDA: n=23 attn=16.6ms mlp=45.2ms other=2.6ms tot=64.4ms | full: n=8 attn=9.7ms mlp=15.7ms other=0.9ms tot=26.3ms | ALL: attn=26.3ms mlp=60.9ms model=91.2ms
(Worker_PP1_TP7 pid=1103803) [k3t r?] step=64 tok=1 step=91.19ms | KDA: n=23 attn=18.8ms mlp=45.6ms other=0.5ms tot=65.0ms | full: n=8 attn=10.1ms mlp=15.8ms other=0.2ms tot=26.1ms | ALL: attn=29.0ms mlp=61.4ms model=91.2ms
(Worker_PP1_TP6 pid=1103802) [k3t r?] step=64 tok=1 step=91.19ms | KDA: n=23 attn=18.8ms mlp=45.6ms other=0.5ms tot=65.0ms | full: n=8 attn=10.1ms mlp=15.8ms other=0.2ms tot=26.1ms | ALL: attn=29.0ms mlp=61.4ms model=91.2ms
(Worker_PP1_TP4 pid=1103800) [k3t r?] step=64 tok=1 step=91.19ms | KDA: n=23 attn=18.8ms mlp=45.6ms other=0.5ms tot=65.0ms | full: n=8 attn=10.1ms mlp=15.8ms other=0.2ms tot=26.1ms | ALL: attn=28.9ms mlp=61.4ms model=91.2ms
(Worker_PP1_TP5 pid=1103801) [k3t r?] step=64 tok=1 step=91.19ms | KDA: n=23 attn=18.8ms mlp=45.6ms other=0.5ms tot=65.0ms | full: n=8 attn=10.1ms mlp=15.8ms other=0.2ms tot=26.1ms | ALL: attn=29.0ms mlp=61.4ms model=91.2ms
(Worker_PP1_TP0 pid=1103796) [k3t r?] step=64 tok=1 step=91.58ms | KDA: n=23 attn=11.4ms mlp=44.9ms other=7.7ms tot=64.0ms | full: n=8 attn=7.8ms mlp=15.5ms other=2.5ms tot=25.8ms | ALL: attn=19.2ms mlp=60.4ms model=91.6ms
(Worker_PP1_TP0 pid=1103796) WARNING 08-22 18:19:00 [flashinfer_all_reduce.py:78] Failed to initialize FlashInfer All Reduce workspace: [SymmDeviceMemory] Device does not support multicasting.. This is expected on GPUs without NVSwitch (e.g., NVLink bridge-only or PCIe topologies).
(Worker_PP1_TP0 pid=1103796) WARNING 08-22 18:19:00 [flashinfer_all_reduce.py:78] Failed to initialize FlashInfer All Reduce workspace: [SymmDeviceMemory] Device does not support multicasting.. This is expected on GPUs without NVSwitch (e.g., NVLink bridge-only or PCIe topologies).
(Worker_PP1_TP0 pid=1103796) WARNING 08-22 18:19:00 [flashinfer_all_reduce.py:78] Failed to initialize FlashInfer All Reduce workspace: [SymmDeviceMemory] Device does not support multicasting.. This is expected on GPUs without NVSwitch (e.g., NVLink bridge-only or PCIe topologies).
(Worker_PP1_TP0 pid=1103796) WARNING 08-22 18:19:00 [flashinfer_all_reduce.py:78] Failed to initialize FlashInfer All Reduce workspace: [SymmDeviceMemory] Device does not support multicasting.. This is expected on GPUs without NVSwitch (e.g., NVLink bridge-only or PCIe topologies).
(Worker_PP1_TP0 pid=1103796) WARNING 08-22 18:19:00 [flashinfer_all_reduce.py:78] Failed to initialize FlashInfer All Reduce workspace: [SymmDeviceMemory] Device does not support multicasting.. This is expected on GPUs without NVSwitch (e.g., NVLink bridge-only or PCIe topologies).
(Worker_PP1_TP0 pid=1103796) WARNING 08-22 18:19:00 [flashinfer_all_reduce.py:78] Failed to initialize FlashInfer All Reduce workspace: [SymmDeviceMemory] Device does not support multicasting.. This is expected on GPUs without NVSwitch (e.g., NVLink bridge-only or PCIe topologies).
(Worker_PP1_TP0 pid=1103796) WARNING 08-22 18:19:00 [flashinfer_all_reduce.py:78] Failed to initialize FlashInfer All Reduce workspace: [SymmDeviceMemory] Device does not support multicasting.. This is expected on GPUs without NVSwitch (e.g., NVLink bridge-only or PCIe topologies).
(Worker_PP1_TP0 pid=1103796) WARNING 08-22 18:19:00 [flashinfer_all_reduce.py:78] Failed to initialize FlashInfer All Reduce workspace: [SymmDeviceMemory] Device does not support multicasting.. This is expected on GPUs without NVSwitch (e.g., NVLink bridge-only or PCIe topologies).
(Worker_PP1_TP0 pid=1103796) WARNING 08-22 18:19:00 [flashinfer_all_reduce.py:78] Failed to initialize FlashInfer All Reduce workspace: [SymmDeviceMemory] Device does not support multicasting.. This is expected on GPUs without NVSwitch (e.g., NVLink bridge-only or PCIe topologies).
(Worker_PP1_TP0 pid=1103796) WARNING 08-22 18:19:00 [flashinfer_all_reduce.py:78] Failed to initialize FlashInfer All Reduce workspace: [SymmDeviceMemory] Device does not support multicasting.. This is expected on GPUs without NVSwitch (e.g., NVLink bridge-only or PCIe topologies).
(Worker_PP1_TP0 pid=1103796) WARNING 08-22 18:19:00 [flashinfer_all_reduce.py:78] Failed to initialize FlashInfer All Reduce workspace: [SymmDeviceMemory] Device does not support multicasting.. This is expected on GPUs without NVSwitch (e.g., NVLink bridge-only or PCIe topologies).
(Worker_PP1_TP0 pid=1103796) WARNING 08-22 18:19:00 [flashinfer_all_reduce.py:78] Failed to initialize FlashInfer All Reduce workspace: [SymmDeviceMemory] Device does not support multicasting.. This is expected on GPUs without NVSwitch (e.g., NVLink bridge-only or PCIe topologies).
(Worker_PP1_TP0 pid=1103796) WARNING 08-22 18:19:00 [flashinfer_all_reduce.py:78] Failed to initialize FlashInfer All Reduce workspace: [SymmDeviceMemory] Device does not support multicasting.. This is expected on GPUs without NVSwitch (e.g., NVLink bridge-only or PCIe topologies).
(Worker_PP1_TP0 pid=1103796) WARNING 08-22 18:19:00 [flashinfer_all_reduce.py:78] Failed to initialize FlashInfer All Reduce workspace: [SymmDeviceMemory] Device does not support multicasting.. This is expected on GPUs without NVSwitch (e.g., NVLink bridge-only or PCIe topologies).
(Worker_PP1_TP0 pid=1103796) WARNING 08-22 18:19:00 [flashinfer_all_reduce.py:78] Failed to initialize FlashInfer All Reduce workspace: [SymmDeviceMemory] Device does not support multicasting.. This is expected on GPUs without NVSwitch (e.g., NVLink bridge-only or PCIe topologies).
(Worker_PP1_TP0 pid=1103796) WARNING 08-22 18:19:00 [flashinfer_all_reduce.py:78] Failed to initialize FlashInfer All Reduce workspace: [SymmDeviceMemory] Device does not support multicasting.. This is expected on GPUs without NVSwitch (e.g., NVLink bridge-only or PCIe topologies).
(Worker_PP1_TP0 pid=1103796) WARNING 08-22 18:19:00 [flashinfer_all_reduce.py:78] Failed to initialize FlashInfer All Reduce workspace: [SymmDeviceMemory] Device does not support multicasting.. This is expected on GPUs without NVSwitch (e.g., NVLink bridge-only or PCIe topologies).
(Worker_PP1_TP0 pid=1103796) WARNING 08-22 18:19:00 [flashinfer_all_reduce.py:78] Failed to initialize FlashInfer All Reduce workspace: [SymmDeviceMemory] Device does not support multicasting.. This is expected on GPUs without NVSwitch (e.g., NVLink bridge-only or PCIe topologies).
(Worker_PP1_TP0 pid=1103796) WARNING 08-22 18:19:00 [flashinfer_all_reduce.py:78] Failed to initialize FlashInfer All Reduce workspace: [SymmDeviceMemory] Device does not support multicasting.. This is expected on GPUs without NVSwitch (e.g., NVLink bridge-only or PCIe topologies).
(Worker_PP1_TP0 pid=1103796) WARNING 08-22 18:19:00 [flashinfer_all_reduce.py:78] Failed to initialize FlashInfer All Reduce workspace: [SymmDeviceMemory] Device does not support multicasting.. This is expected on GPUs without NVSwitch (e.g., NVLink bridge-only or PCIe topologies).
(Worker_PP1_TP0 pid=1103796) WARNING 08-22 18:19:00 [flashinfer_all_reduce.py:78] Failed to initialize FlashInfer All Reduce workspace: [SymmDeviceMemory] Device does not support multicasting.. This is expected on GPUs without NVSwitch (e.g., NVLink bridge-only or PCIe topologies).
(Worker_PP1_TP0 pid=1103796) WARNING 08-22 18:19:00 [flashinfer_all_reduce.py:78] Failed to initialize FlashInfer All Reduce workspace: [SymmDeviceMemory] Device does not support multicasting.. This is expected on GPUs without NVSwitch (e.g., NVLink bridge-only or PCIe topologies).
(Worker_PP1_TP0 pid=1103796) WARNING 08-22 18:19:00 [flashinfer_all_reduce.py:78] Failed to initialize FlashInfer All Reduce workspace: [SymmDeviceMemory] Device does not support multicasting.. This is expected on GPUs without NVSwitch (e.g., NVLink bridge-only or PCIe topologies).
(Worker_PP1_TP0 pid=1103796) WARNING 08-22 18:19:00 [flashinfer_all_reduce.py:78] Failed to initialize FlashInfer All Reduce workspace: [SymmDeviceMemory] Device does not support multicasting.. This is expected on GPUs without NVSwitch (e.g., NVLink bridge-only or PCIe topologies).
(Worker_PP1_TP0 pid=1103796) WARNING 08-22 18:19:00 [flashinfer_all_reduce.py:78] Failed to initialize FlashInfer All Reduce workspace: [SymmDeviceMemory] Device does not support multicasting.. This is expected on GPUs without NVSwitch (e.g., NVLink bridge-only or PCIe topologies).
(Worker_PP1_TP0 pid=1103796) WARNING 08-22 18:19:00 [flashinfer_all_reduce.py:78] Failed to initialize FlashInfer All Reduce workspace: [SymmDeviceMemory] Device does not support multicasting.. This is expected on GPUs without NVSwitch (e.g., NVLink bridge-only or PCIe topologies).
(Worker_PP1_TP0 pid=1103796) WARNING 08-22 18:19:00 [flashinfer_all_reduce.py:78] Failed to initialize FlashInfer All Reduce workspace: [SymmDeviceMemory] Device does not support multicasting.. This is expected on GPUs without NVSwitch (e.g., NVLink bridge-only or PCIe topologies).
(Worker_PP1_TP0 pid=1103796) WARNING 08-22 18:19:00 [flashinfer_all_reduce.py:78] Failed to initialize FlashInfer All Reduce workspace: [SymmDeviceMemory] Device does not support multicasting.. This is expected on GPUs without NVSwitch (e.g., NVLink bridge-only or PCIe topologies).
(Worker_PP1_TP0 pid=1103796) WARNING 08-22 18:19:00 [flashinfer_all_reduce.py:78] Failed to initialize FlashInfer All Reduce workspace: [SymmDeviceMemory] Device does not support multicasting.. This is expected on GPUs without NVSwitch (e.g., NVLink bridge-only or PCIe topologies).
(Worker_PP1_TP0 pid=1103796) WARNING 08-22 18:19:00 [flashinfer_all_reduce.py:78] Failed to initialize FlashInfer All Reduce workspace: [SymmDeviceMemory] Device does not support multicasting.. This is expected on GPUs without NVSwitch (e.g., NVLink bridge-only or PCIe topologies).
(Worker_PP1_TP0 pid=1103796) WARNING 08-22 18:19:00 [flashinfer_all_reduce.py:78] Failed to initialize FlashInfer All Reduce workspace: [SymmDeviceMemory] Device does not support multicasting.. This is expected on GPUs without NVSwitch (e.g., NVLink bridge-only or PCIe topologies).
(Worker_PP1_TP3 pid=1103799) [k3t r?] step=65 tok=1 step=90.94ms | KDA: n=23 attn=18.8ms mlp=45.3ms other=0.5ms tot=64.7ms | full: n=8 attn=10.2ms mlp=15.7ms other=0.2ms tot=26.2ms | ALL: attn=29.1ms mlp=61.1ms model=90.9ms
(Worker_PP1_TP5 pid=1103801) [k3t r?] step=65 tok=1 step=90.94ms | KDA: n=23 attn=18.9ms mlp=45.3ms other=0.5ms tot=64.7ms | full: n=8 attn=10.3ms mlp=15.7ms other=0.2ms tot=26.2ms | ALL: attn=29.1ms mlp=61.0ms model=90.9ms
(Worker_PP1_TP4 pid=1103800) [k3t r?] step=65 tok=1 step=90.94ms | KDA: n=23 attn=18.8ms mlp=45.3ms other=0.5ms tot=64.7ms | full: n=8 attn=10.2ms mlp=15.7ms other=0.2ms tot=26.2ms | ALL: attn=29.1ms mlp=61.1ms model=90.9ms
(Worker_PP1_TP7 pid=1103803) [k3t r?] step=65 tok=1 step=90.94ms | KDA: n=23 attn=18.8ms mlp=45.3ms other=0.5ms tot=64.7ms | full: n=8 attn=10.2ms mlp=15.7ms other=0.2ms tot=26.2ms | ALL: attn=29.1ms mlp=61.1ms model=90.9ms
(Worker_PP1_TP2 pid=1103798) [k3t r?] step=65 tok=1 step=90.94ms | KDA: n=23 attn=18.8ms mlp=45.3ms other=0.6ms tot=64.7ms | full: n=8 attn=10.2ms mlp=15.7ms other=0.2ms tot=26.2ms | ALL: attn=29.1ms mlp=61.0ms model=90.9ms
(Worker_PP1_TP6 pid=1103802) [k3t r?] step=65 tok=1 step=90.94ms | KDA: n=23 attn=18.8ms mlp=45.3ms other=0.5ms tot=64.7ms | full: n=8 attn=10.3ms mlp=15.7ms other=0.2ms tot=26.2ms | ALL: attn=29.1ms mlp=61.1ms model=90.9ms
(Worker_PP1_TP1 pid=1103797) [k3t r?] step=65 tok=1 step=90.94ms | KDA: n=23 attn=14.9ms mlp=44.8ms other=4.1ms tot=63.8ms | full: n=8 attn=9.4ms mlp=15.6ms other=1.3ms tot=26.3ms | ALL: attn=24.3ms mlp=60.4ms model=90.9ms
(Worker_PP1_TP0 pid=1103796) [k3t r?] step=65 tok=1 step=91.28ms | KDA: n=23 attn=12.6ms mlp=44.6ms other=6.5ms tot=63.8ms | full: n=8 attn=8.1ms mlp=15.5ms other=2.3ms tot=25.9ms | ALL: attn=20.7ms mlp=60.1ms model=91.3ms
(Worker_PP1_TP0 pid=1103796) WARNING 08-22 18:19:00 [flashinfer_all_reduce.py:78] Failed to initialize FlashInfer All Reduce workspace: [SymmDeviceMemory] Device does not support multicasting.. This is expected on GPUs without NVSwitch (e.g., NVLink bridge-only or PCIe topologies).
(Worker_PP1_TP0 pid=1103796) WARNING 08-22 18:19:00 [flashinfer_all_reduce.py:78] Failed to initialize FlashInfer All Reduce workspace: [SymmDeviceMemory] Device does not support multicasting.. This is expected on GPUs without NVSwitch (e.g., NVLink bridge-only or PCIe topologies).
(Worker_PP1_TP0 pid=1103796) WARNING 08-22 18:19:00 [flashinfer_all_reduce.py:78] Failed to initialize FlashInfer All Reduce workspace: [SymmDeviceMemory] Device does not support multicasting.. This is expected on GPUs without NVSwitch (e.g., NVLink bridge-only or PCIe topologies).
(Worker_PP1_TP0 pid=1103796) WARNING 08-22 18:19:00 [flashinfer_all_reduce.py:78] Failed to initialize FlashInfer All Reduce workspace: [SymmDeviceMemory] Device does not support multicasting.. This is expected on GPUs without NVSwitch (e.g., NVLink bridge-only or PCIe topologies).
(Worker_PP1_TP0 pid=1103796) WARNING 08-22 18:19:00 [flashinfer_all_reduce.py:78] Failed to initialize FlashInfer All Reduce workspace: [SymmDeviceMemory] Device does not support multicasting.. This is expected on GPUs without NVSwitch (e.g., NVLink bridge-only or PCIe topologies).
(Worker_PP1_TP0 pid=1103796) WARNING 08-22 18:19:00 [flashinfer_all_reduce.py:78] Failed to initialize FlashInfer All Reduce workspace: [SymmDeviceMemory] Device does not support multicasting.. This is expected on GPUs without NVSwitch (e.g., NVLink bridge-only or PCIe topologies).
(Worker_PP1_TP0 pid=1103796) WARNING 08-22 18:19:00 [flashinfer_all_reduce.py:78] Failed to initialize FlashInfer All Reduce workspace: [SymmDeviceMemory] Device does not support multicasting.. This is expected on GPUs without NVSwitch (e.g., NVLink bridge-only or PCIe topologies).
(Worker_PP1_TP0 pid=1103796) WARNING 08-22 18:19:00 [flashinfer_all_reduce.py:78] Failed to initialize FlashInfer All Reduce workspace: [SymmDeviceMemory] Device does not support multicasting.. This is expected on GPUs without NVSwitch (e.g., NVLink bridge-only or PCIe topologies).
(Worker_PP1_TP0 pid=1103796) WARNING 08-22 18:19:00 [flashinfer_all_reduce.py:78] Failed to initialize FlashInfer All Reduce workspace: [SymmDeviceMemory] Device does not support multicasting.. This is expected on GPUs without NVSwitch (e.g., NVLink bridge-only or PCIe topologies).
(Worker_PP1_TP0 pid=1103796) WARNING 08-22 18:19:00 [flashinfer_all_reduce.py:78] Failed to initialize FlashInfer All Reduce workspace: [SymmDeviceMemory] Device does not support multicasting.. This is expected on GPUs without NVSwitch (e.g., NVLink bridge-only or PCIe topologies).
(Worker_PP1_TP0 pid=1103796) WARNING 08-22 18:19:00 [flashinfer_all_reduce.py:78] Failed to initialize FlashInfer All Reduce workspace: [SymmDeviceMemory] Device does not support multicasting.. This is expected on GPUs without NVSwitch (e.g., NVLink bridge-only or PCIe topologies).
(Worker_PP1_TP0 pid=1103796) WARNING 08-22 18:19:00 [flashinfer_all_reduce.py:78] Failed to initialize FlashInfer All Reduce workspace: [SymmDeviceMemory] Device does not support multicasting.. This is expected on GPUs without NVSwitch (e.g., NVLink bridge-only or PCIe topologies).
(Worker_PP1_TP0 pid=1103796) WARNING 08-22 18:19:00 [flashinfer_all_reduce.py:78] Failed to initialize FlashInfer All Reduce workspace: [SymmDeviceMemory] Device does not support multicasting.. This is expected on GPUs without NVSwitch (e.g., NVLink bridge-only or PCIe topologies).
(Worker_PP1_TP0 pid=1103796) WARNING 08-22 18:19:00 [flashinfer_all_reduce.py:78] Failed to initialize FlashInfer All Reduce workspace: [SymmDeviceMemory] Device does not support multicasting.. This is expected on GPUs without NVSwitch (e.g., NVLink bridge-only or PCIe topologies).
(Worker_PP1_TP0 pid=1103796) WARNING 08-22 18:19:00 [flashinfer_all_reduce.py:78] Failed to initialize FlashInfer All Reduce workspace: [SymmDeviceMemory] Device does not support multicasting.. This is expected on GPUs without NVSwitch (e.g., NVLink bridge-only or PCIe topologies).
(Worker_PP1_TP0 pid=1103796) WARNING 08-22 18:19:00 [flashinfer_all_reduce.py:78] Failed to initialize FlashInfer All Reduce workspace: [SymmDeviceMemory] Device does not support multicasting.. This is expected on GPUs without NVSwitch (e.g., NVLink bridge-only or PCIe topologies).
(Worker_PP1_TP0 pid=1103796) WARNING 08-22 18:19:00 [flashinfer_all_reduce.py:78] Failed to initialize FlashInfer All Reduce workspace: [SymmDeviceMemory] Device does not support multicasting.. This is expected on GPUs without NVSwitch (e.g., NVLink bridge-only or PCIe topologies).
(Worker_PP1_TP0 pid=1103796) WARNING 08-22 18:19:00 [flashinfer_all_reduce.py:78] Failed to initialize FlashInfer All Reduce workspace: [SymmDeviceMemory] Device does not support multicasting.. This is expected on GPUs without NVSwitch (e.g., NVLink bridge-only or PCIe topologies).
(Worker_PP1_TP0 pid=1103796) WARNING 08-22 18:19:00 [flashinfer_all_reduce.py:78] Failed to initialize FlashInfer All Reduce workspace: [SymmDeviceMemory] Device does not support multicasting.. This is expected on GPUs without NVSwitch (e.g., NVLink bridge-only or PCIe topologies).
(Worker_PP1_TP0 pid=1103796) WARNING 08-22 18:19:00 [flashinfer_all_reduce.py:78] Failed to initialize FlashInfer All Reduce workspace: [SymmDeviceMemory] Device does not support multicasting.. This is expected on GPUs without NVSwitch (e.g., NVLink bridge-only or PCIe topologies).
(Worker_PP1_TP0 pid=1103796) WARNING 08-22 18:19:00 [flashinfer_all_reduce.py:78] Failed to initialize FlashInfer All Reduce workspace: [SymmDeviceMemory] Device does not support multicasting.. This is expected on GPUs without NVSwitch (e.g., NVLink bridge-only or PCIe topologies).
(Worker_PP1_TP0 pid=1103796) WARNING 08-22 18:19:00 [flashinfer_all_reduce.py:78] Failed to initialize FlashInfer All Reduce workspace: [SymmDeviceMemory] Device does not support multicasting.. This is expected on GPUs without NVSwitch (e.g., NVLink bridge-only or PCIe topologies).
(Worker_PP1_TP0 pid=1103796) WARNING 08-22 18:19:00 [flashinfer_all_reduce.py:78] Failed to initialize FlashInfer All Reduce workspace: [SymmDeviceMemory] Device does not support multicasting.. This is expected on GPUs without NVSwitch (e.g., NVLink bridge-only or PCIe topologies).
(Worker_PP1_TP0 pid=1103796) WARNING 08-22 18:19:00 [flashinfer_all_reduce.py:78] Failed to initialize FlashInfer All Reduce workspace: [SymmDeviceMemory] Device does not support multicasting.. This is expected on GPUs without NVSwitch (e.g., NVLink bridge-only or PCIe topologies).
(Worker_PP1_TP0 pid=1103796) WARNING 08-22 18:19:00 [flashinfer_all_reduce.py:78] Failed to initialize FlashInfer All Reduce workspace: [SymmDeviceMemory] Device does not support multicasting.. This is expected on GPUs without NVSwitch (e.g., NVLink bridge-only or PCIe topologies).
(Worker_PP1_TP0 pid=1103796) WARNING 08-22 18:19:00 [flashinfer_all_reduce.py:78] Failed to initialize FlashInfer All Reduce workspace: [SymmDeviceMemory] Device does not support multicasting.. This is expected on GPUs without NVSwitch (e.g., NVLink bridge-only or PCIe topologies).
(Worker_PP1_TP0 pid=1103796) WARNING 08-22 18:19:00 [flashinfer_all_reduce.py:78] Failed to initialize FlashInfer All Reduce workspace: [SymmDeviceMemory] Device does not support multicasting.. This is expected on GPUs without NVSwitch (e.g., NVLink bridge-only or PCIe topologies).
(Worker_PP1_TP0 pid=1103796) WARNING 08-22 18:19:00 [flashinfer_all_reduce.py:78] Failed to initialize FlashInfer All Reduce workspace: [SymmDeviceMemory] Device does not support multicasting.. This is expected on GPUs without NVSwitch (e.g., NVLink bridge-only or PCIe topologies).
(Worker_PP1_TP0 pid=1103796) WARNING 08-22 18:19:00 [flashinfer_all_reduce.py:78] Failed to initialize FlashInfer All Reduce workspace: [SymmDeviceMemory] Device does not support multicasting.. This is expected on GPUs without NVSwitch (e.g., NVLink bridge-only or PCIe topologies).
(Worker_PP1_TP0 pid=1103796) WARNING 08-22 18:19:00 [flashinfer_all_reduce.py:78] Failed to initialize FlashInfer All Reduce workspace: [SymmDeviceMemory] Device does not support multicasting.. This is expected on GPUs without NVSwitch (e.g., NVLink bridge-only or PCIe topologies).
(Worker_PP1_TP0 pid=1103796) WARNING 08-22 18:19:00 [flashinfer_all_reduce.py:78] Failed to initialize FlashInfer All Reduce workspace: [SymmDeviceMemory] Device does not support multicasting.. This is expected on GPUs without NVSwitch (e.g., NVLink bridge-only or PCIe topologies).
(Worker_PP1_TP3 pid=1103799) [k3t r?] step=66 tok=1 step=89.38ms | KDA: n=23 attn=18.3ms mlp=46.5ms other=0.5ms tot=65.4ms | full: n=8 attn=9.4ms mlp=14.3ms other=0.2ms tot=23.9ms | ALL: attn=27.7ms mlp=60.8ms model=89.4ms
(Worker_PP1_TP1 pid=1103797) [k3t r?] step=66 tok=1 step=89.38ms | KDA: n=23 attn=17.7ms mlp=46.5ms other=1.0ms tot=65.2ms | full: n=8 attn=9.4ms mlp=14.3ms other=0.2ms tot=23.9ms | ALL: attn=27.2ms mlp=60.8ms model=89.4ms
(Worker_PP1_TP6 pid=1103802) [k3t r?] step=66 tok=1 step=89.38ms | KDA: n=23 attn=18.3ms mlp=46.5ms other=0.5ms tot=65.4ms | full: n=8 attn=9.5ms mlp=14.3ms other=0.2ms tot=23.9ms | ALL: attn=27.7ms mlp=60.8ms model=89.4ms
(Worker_PP1_TP5 pid=1103801) [k3t r?] step=66 tok=1 step=89.38ms | KDA: n=23 attn=18.3ms mlp=46.5ms other=0.5ms tot=65.4ms | full: n=8 attn=9.5ms mlp=14.3ms other=0.2ms tot=23.9ms | ALL: attn=27.7ms mlp=60.8ms model=89.4ms
(Worker_PP1_TP2 pid=1103798) [k3t r?] step=66 tok=1 step=89.37ms | KDA: n=23 attn=18.3ms mlp=46.5ms other=0.5ms tot=65.4ms | full: n=8 attn=9.4ms mlp=14.3ms other=0.2ms tot=23.9ms | ALL: attn=27.7ms mlp=60.8ms model=89.4ms
(Worker_PP1_TP4 pid=1103800) [k3t r?] step=66 tok=1 step=89.37ms | KDA: n=23 attn=18.3ms mlp=46.5ms other=0.5ms tot=65.3ms | full: n=8 attn=9.5ms mlp=14.3ms other=0.2ms tot=23.9ms | ALL: attn=27.7ms mlp=60.8ms model=89.4ms
(Worker_PP1_TP7 pid=1103803) [k3t r?] step=66 tok=1 step=89.37ms | KDA: n=23 attn=18.3ms mlp=46.5ms other=0.5ms tot=65.4ms | full: n=8 attn=9.4ms mlp=14.3ms other=0.2ms tot=23.9ms | ALL: attn=27.7ms mlp=60.8ms model=89.4ms
(Worker_PP1_TP0 pid=1103796) [k3t r?] step=66 tok=1 step=89.73ms | KDA: n=23 attn=9.7ms mlp=45.8ms other=8.7ms tot=64.2ms | full: n=8 attn=6.8ms mlp=13.8ms other=2.9ms tot=23.5ms | ALL: attn=16.5ms mlp=59.6ms model=89.7ms
(Worker_PP1_TP0 pid=1103796) WARNING 08-22 18:19:00 [flashinfer_all_reduce.py:78] Failed to initialize FlashInfer All Reduce workspace: [SymmDeviceMemory] Device does not support multicasting.. This is expected on GPUs without NVSwitch (e.g., NVLink bridge-only or PCIe topologies).
(Worker_PP1_TP0 pid=1103796) WARNING 08-22 18:19:00 [flashinfer_all_reduce.py:78] Failed to initialize FlashInfer All Reduce workspace: [SymmDeviceMemory] Device does not support multicasting.. This is expected on GPUs without NVSwitch (e.g., NVLink bridge-only or PCIe topologies).
(Worker_PP1_TP0 pid=1103796) WARNING 08-22 18:19:00 [flashinfer_all_reduce.py:78] Failed to initialize FlashInfer All Reduce workspace: [SymmDeviceMemory] Device does not support multicasting.. This is expected on GPUs without NVSwitch (e.g., NVLink bridge-only or PCIe topologies).
(Worker_PP1_TP0 pid=1103796) WARNING 08-22 18:19:00 [flashinfer_all_reduce.py:78] Failed to initialize FlashInfer All Reduce workspace: [SymmDeviceMemory] Device does not support multicasting.. This is expected on GPUs without NVSwitch (e.g., NVLink bridge-only or PCIe topologies).
(Worker_PP1_TP0 pid=1103796) WARNING 08-22 18:19:00 [flashinfer_all_reduce.py:78] Failed to initialize FlashInfer All Reduce workspace: [SymmDeviceMemory] Device does not support multicasting.. This is expected on GPUs without NVSwitch (e.g., NVLink bridge-only or PCIe topologies).
(Worker_PP1_TP0 pid=1103796) WARNING 08-22 18:19:00 [flashinfer_all_reduce.py:78] Failed to initialize FlashInfer All Reduce workspace: [SymmDeviceMemory] Device does not support multicasting.. This is expected on GPUs without NVSwitch (e.g., NVLink bridge-only or PCIe topologies).
(Worker_PP1_TP0 pid=1103796) WARNING 08-22 18:19:00 [flashinfer_all_reduce.py:78] Failed to initialize FlashInfer All Reduce workspace: [SymmDeviceMemory] Device does not support multicasting.. This is expected on GPUs without NVSwitch (e.g., NVLink bridge-only or PCIe topologies).
(Worker_PP1_TP0 pid=1103796) WARNING 08-22 18:19:00 [flashinfer_all_reduce.py:78] Failed to initialize FlashInfer All Reduce workspace: [SymmDeviceMemory] Device does not support multicasting.. This is expected on GPUs without NVSwitch (e.g., NVLink bridge-only or PCIe topologies).
(Worker_PP1_TP0 pid=1103796) WARNING 08-22 18:19:00 [flashinfer_all_reduce.py:78] Failed to initialize FlashInfer All Reduce workspace: [SymmDeviceMemory] Device does not support multicasting.. This is expected on GPUs without NVSwitch (e.g., NVLink bridge-only or PCIe topologies).
(Worker_PP1_TP0 pid=1103796) WARNING 08-22 18:19:00 [flashinfer_all_reduce.py:78] Failed to initialize FlashInfer All Reduce workspace: [SymmDeviceMemory] Device does not support multicasting.. This is expected on GPUs without NVSwitch (e.g., NVLink bridge-only or PCIe topologies).
(Worker_PP1_TP0 pid=1103796) WARNING 08-22 18:19:00 [flashinfer_all_reduce.py:78] Failed to initialize FlashInfer All Reduce workspace: [SymmDeviceMemory] Device does not support multicasting.. This is expected on GPUs without NVSwitch (e.g., NVLink bridge-only or PCIe topologies).
(Worker_PP1_TP0 pid=1103796) WARNING 08-22 18:19:00 [flashinfer_all_reduce.py:78] Failed to initialize FlashInfer All Reduce workspace: [SymmDeviceMemory] Device does not support multicasting.. This is expected on GPUs without NVSwitch (e.g., NVLink bridge-only or PCIe topologies).
(Worker_PP1_TP0 pid=1103796) WARNING 08-22 18:19:00 [flashinfer_all_reduce.py:78] Failed to initialize FlashInfer All Reduce workspace: [SymmDeviceMemory] Device does not support multicasting.. This is expected on GPUs without NVSwitch (e.g., NVLink bridge-only or PCIe topologies).
(Worker_PP1_TP0 pid=1103796) WARNING 08-22 18:19:00 [flashinfer_all_reduce.py:78] Failed to initialize FlashInfer All Reduce workspace: [SymmDeviceMemory] Device does not support multicasting.. This is expected on GPUs without NVSwitch (e.g., NVLink bridge-only or PCIe topologies).
(Worker_PP1_TP0 pid=1103796) WARNING 08-22 18:19:00 [flashinfer_all_reduce.py:78] Failed to initialize FlashInfer All Reduce workspace: [SymmDeviceMemory] Device does not support multicasting.. This is expected on GPUs without NVSwitch (e.g., NVLink bridge-only or PCIe topologies).
(Worker_PP1_TP0 pid=1103796) WARNING 08-22 18:19:00 [flashinfer_all_reduce.py:78] Failed to initialize FlashInfer All Reduce workspace: [SymmDeviceMemory] Device does not support multicasting.. This is expected on GPUs without NVSwitch (e.g., NVLink bridge-only or PCIe topologies).
(Worker_PP1_TP0 pid=1103796) WARNING 08-22 18:19:00 [flashinfer_all_reduce.py:78] Failed to initialize FlashInfer All Reduce workspace: [SymmDeviceMemory] Device does not support multicasting.. This is expected on GPUs without NVSwitch (e.g., NVLink bridge-only or PCIe topologies).
(Worker_PP1_TP0 pid=1103796) WARNING 08-22 18:19:00 [flashinfer_all_reduce.py:78] Failed to initialize FlashInfer All Reduce workspace: [SymmDeviceMemory] Device does not support multicasting.. This is expected on GPUs without NVSwitch (e.g., NVLink bridge-only or PCIe topologies).
(Worker_PP1_TP0 pid=1103796) WARNING 08-22 18:19:00 [flashinfer_all_reduce.py:78] Failed to initialize FlashInfer All Reduce workspace: [SymmDeviceMemory] Device does not support multicasting.. This is expected on GPUs without NVSwitch (e.g., NVLink bridge-only or PCIe topologies).
(Worker_PP1_TP0 pid=1103796) WARNING 08-22 18:19:00 [flashinfer_all_reduce.py:78] Failed to initialize FlashInfer All Reduce workspace: [SymmDeviceMemory] Device does not support multicasting.. This is expected on GPUs without NVSwitch (e.g., NVLink bridge-only or PCIe topologies).
(Worker_PP1_TP0 pid=1103796) WARNING 08-22 18:19:00 [flashinfer_all_reduce.py:78] Failed to initialize FlashInfer All Reduce workspace: [SymmDeviceMemory] Device does not support multicasting.. This is expected on GPUs without NVSwitch (e.g., NVLink bridge-only or PCIe topologies).
(Worker_PP1_TP0 pid=1103796) WARNING 08-22 18:19:00 [flashinfer_all_reduce.py:78] Failed to initialize FlashInfer All Reduce workspace: [SymmDeviceMemory] Device does not support multicasting.. This is expected on GPUs without NVSwitch (e.g., NVLink bridge-only or PCIe topologies).
(Worker_PP1_TP0 pid=1103796) WARNING 08-22 18:19:00 [flashinfer_all_reduce.py:78] Failed to initialize FlashInfer All Reduce workspace: [SymmDeviceMemory] Device does not support multicasting.. This is expected on GPUs without NVSwitch (e.g., NVLink bridge-only or PCIe topologies).
(Worker_PP1_TP0 pid=1103796) WARNING 08-22 18:19:00 [flashinfer_all_reduce.py:78] Failed to initialize FlashInfer All Reduce workspace: [SymmDeviceMemory] Device does not support multicasting.. This is expected on GPUs without NVSwitch (e.g., NVLink bridge-only or PCIe topologies).
(Worker_PP1_TP0 pid=1103796) WARNING 08-22 18:19:01 [flashinfer_all_reduce.py:78] Failed to initialize FlashInfer All Reduce workspace: [SymmDeviceMemory] Device does not support multicasting.. This is expected on GPUs without NVSwitch (e.g., NVLink bridge-only or PCIe topologies).
(Worker_PP1_TP0 pid=1103796) WARNING 08-22 18:19:01 [flashinfer_all_reduce.py:78] Failed to initialize FlashInfer All Reduce workspace: [SymmDeviceMemory] Device does not support multicasting.. This is expected on GPUs without NVSwitch (e.g., NVLink bridge-only or PCIe topologies).
(Worker_PP1_TP0 pid=1103796) WARNING 08-22 18:19:01 [flashinfer_all_reduce.py:78] Failed to initialize FlashInfer All Reduce workspace: [SymmDeviceMemory] Device does not support multicasting.. This is expected on GPUs without NVSwitch (e.g., NVLink bridge-only or PCIe topologies).
(Worker_PP1_TP0 pid=1103796) WARNING 08-22 18:19:01 [flashinfer_all_reduce.py:78] Failed to initialize FlashInfer All Reduce workspace: [SymmDeviceMemory] Device does not support multicasting.. This is expected on GPUs without NVSwitch (e.g., NVLink bridge-only or PCIe topologies).
(Worker_PP1_TP0 pid=1103796) WARNING 08-22 18:19:01 [flashinfer_all_reduce.py:78] Failed to initialize FlashInfer All Reduce workspace: [SymmDeviceMemory] Device does not support multicasting.. This is expected on GPUs without NVSwitch (e.g., NVLink bridge-only or PCIe topologies).
(Worker_PP1_TP0 pid=1103796) WARNING 08-22 18:19:01 [flashinfer_all_reduce.py:78] Failed to initialize FlashInfer All Reduce workspace: [SymmDeviceMemory] Device does not support multicasting.. This is expected on GPUs without NVSwitch (e.g., NVLink bridge-only or PCIe topologies).
(Worker_PP1_TP0 pid=1103796) WARNING 08-22 18:19:01 [flashinfer_all_reduce.py:78] Failed to initialize FlashInfer All Reduce workspace: [SymmDeviceMemory] Device does not support multicasting.. This is expected on GPUs without NVSwitch (e.g., NVLink bridge-only or PCIe topologies).
(Worker_PP1_TP4 pid=1103800) [k3t r?] step=67 tok=1 step=92.35ms | KDA: n=23 attn=19.4ms mlp=46.9ms other=0.5ms tot=66.8ms | full: n=8 attn=9.6ms mlp=15.8ms other=0.2ms tot=25.5ms | ALL: attn=28.9ms mlp=62.6ms model=92.4ms
(Worker_PP1_TP7 pid=1103803) [k3t r?] step=67 tok=1 step=92.35ms | KDA: n=23 attn=19.3ms mlp=46.9ms other=0.6ms tot=66.8ms | full: n=8 attn=9.6ms mlp=15.8ms other=0.2ms tot=25.5ms | ALL: attn=28.9ms mlp=62.6ms model=92.4ms
(Worker_PP1_TP2 pid=1103798) [k3t r?] step=67 tok=1 step=92.35ms | KDA: n=23 attn=19.3ms mlp=46.9ms other=0.5ms tot=66.8ms | full: n=8 attn=9.6ms mlp=15.8ms other=0.2ms tot=25.5ms | ALL: attn=28.9ms mlp=62.6ms model=92.4ms
(Worker_PP1_TP3 pid=1103799) [k3t r?] step=67 tok=1 step=92.35ms | KDA: n=23 attn=19.3ms mlp=46.9ms other=0.6ms tot=66.8ms | full: n=8 attn=9.5ms mlp=15.8ms other=0.2ms tot=25.5ms | ALL: attn=28.9ms mlp=62.6ms model=92.4ms
(Worker_PP1_TP1 pid=1103797) [k3t r?] step=67 tok=1 step=92.34ms | KDA: n=23 attn=16.8ms mlp=46.5ms other=2.8ms tot=66.1ms | full: n=8 attn=9.0ms mlp=15.9ms other=0.8ms tot=25.7ms | ALL: attn=25.8ms mlp=62.3ms model=92.3ms
(Worker_PP1_TP5 pid=1103801) [k3t r?] step=67 tok=1 step=92.35ms | KDA: n=23 attn=19.3ms mlp=46.9ms other=0.5ms tot=66.8ms | full: n=8 attn=9.6ms mlp=15.8ms other=0.2ms tot=25.5ms | ALL: attn=28.9ms mlp=62.6ms model=92.4ms
(Worker_PP1_TP6 pid=1103802) [k3t r?] step=67 tok=1 step=92.35ms | KDA: n=23 attn=19.4ms mlp=46.9ms other=0.5ms tot=66.8ms | full: n=8 attn=9.6ms mlp=15.8ms other=0.2ms tot=25.5ms | ALL: attn=28.9ms mlp=62.6ms model=92.4ms
(Worker_PP1_TP0 pid=1103796) [k3t r?] step=67 tok=1 step=92.77ms | KDA: n=23 attn=11.9ms mlp=46.2ms other=7.5ms tot=65.6ms | full: n=8 attn=7.3ms mlp=15.5ms other=2.4ms tot=25.3ms | ALL: attn=19.2ms mlp=61.7ms model=92.8ms
(Worker_PP1_TP0 pid=1103796) WARNING 08-22 18:19:01 [flashinfer_all_reduce.py:78] Failed to initialize FlashInfer All Reduce workspace: [SymmDeviceMemory] Device does not support multicasting.. This is expected on GPUs without NVSwitch (e.g., NVLink bridge-only or PCIe topologies).
(Worker_PP1_TP0 pid=1103796) WARNING 08-22 18:19:01 [flashinfer_all_reduce.py:78] Failed to initialize FlashInfer All Reduce workspace: [SymmDeviceMemory] Device does not support multicasting.. This is expected on GPUs without NVSwitch (e.g., NVLink bridge-only or PCIe topologies).
(Worker_PP1_TP0 pid=1103796) WARNING 08-22 18:19:01 [flashinfer_all_reduce.py:78] Failed to initialize FlashInfer All Reduce workspace: [SymmDeviceMemory] Device does not support multicasting.. This is expected on GPUs without NVSwitch (e.g., NVLink bridge-only or PCIe topologies).
(Worker_PP1_TP0 pid=1103796) WARNING 08-22 18:19:01 [flashinfer_all_reduce.py:78] Failed to initialize FlashInfer All Reduce workspace: [SymmDeviceMemory] Device does not support multicasting.. This is expected on GPUs without NVSwitch (e.g., NVLink bridge-only or PCIe topologies).
(Worker_PP1_TP0 pid=1103796) WARNING 08-22 18:19:01 [flashinfer_all_reduce.py:78] Failed to initialize FlashInfer All Reduce workspace: [SymmDeviceMemory] Device does not support multicasting.. This is expected on GPUs without NVSwitch (e.g., NVLink bridge-only or PCIe topologies).
(Worker_PP1_TP0 pid=1103796) WARNING 08-22 18:19:01 [flashinfer_all_reduce.py:78] Failed to initialize FlashInfer All Reduce workspace: [SymmDeviceMemory] Device does not support multicasting.. This is expected on GPUs without NVSwitch (e.g., NVLink bridge-only or PCIe topologies).
(Worker_PP1_TP0 pid=1103796) WARNING 08-22 18:19:01 [flashinfer_all_reduce.py:78] Failed to initialize FlashInfer All Reduce workspace: [SymmDeviceMemory] Device does not support multicasting.. This is expected on GPUs without NVSwitch (e.g., NVLink bridge-only or PCIe topologies).
(Worker_PP1_TP0 pid=1103796) WARNING 08-22 18:19:01 [flashinfer_all_reduce.py:78] Failed to initialize FlashInfer All Reduce workspace: [SymmDeviceMemory] Device does not support multicasting.. This is expected on GPUs without NVSwitch (e.g., NVLink bridge-only or PCIe topologies).
(Worker_PP1_TP0 pid=1103796) WARNING 08-22 18:19:01 [flashinfer_all_reduce.py:78] Failed to initialize FlashInfer All Reduce workspace: [SymmDeviceMemory] Device does not support multicasting.. This is expected on GPUs without NVSwitch (e.g., NVLink bridge-only or PCIe topologies).
(Worker_PP1_TP0 pid=1103796) WARNING 08-22 18:19:01 [flashinfer_all_reduce.py:78] Failed to initialize FlashInfer All Reduce workspace: [SymmDeviceMemory] Device does not support multicasting.. This is expected on GPUs without NVSwitch (e.g., NVLink bridge-only or PCIe topologies).
(Worker_PP1_TP0 pid=1103796) WARNING 08-22 18:19:01 [flashinfer_all_reduce.py:78] Failed to initialize FlashInfer All Reduce workspace: [SymmDeviceMemory] Device does not support multicasting.. This is expected on GPUs without NVSwitch (e.g., NVLink bridge-only or PCIe topologies).
(Worker_PP1_TP0 pid=1103796) WARNING 08-22 18:19:01 [flashinfer_all_reduce.py:78] Failed to initialize FlashInfer All Reduce workspace: [SymmDeviceMemory] Device does not support multicasting.. This is expected on GPUs without NVSwitch (e.g., NVLink bridge-only or PCIe topologies).
(Worker_PP1_TP0 pid=1103796) WARNING 08-22 18:19:01 [flashinfer_all_reduce.py:78] Failed to initialize FlashInfer All Reduce workspace: [SymmDeviceMemory] Device does not support multicasting.. This is expected on GPUs without NVSwitch (e.g., NVLink bridge-only or PCIe topologies).
(Worker_PP1_TP0 pid=1103796) WARNING 08-22 18:19:01 [flashinfer_all_reduce.py:78] Failed to initialize FlashInfer All Reduce workspace: [SymmDeviceMemory] Device does not support multicasting.. This is expected on GPUs without NVSwitch (e.g., NVLink bridge-only or PCIe topologies).
(Worker_PP1_TP0 pid=1103796) WARNING 08-22 18:19:01 [flashinfer_all_reduce.py:78] Failed to initialize FlashInfer All Reduce workspace: [SymmDeviceMemory] Device does not support multicasting.. This is expected on GPUs without NVSwitch (e.g., NVLink bridge-only or PCIe topologies).
(Worker_PP1_TP0 pid=1103796) WARNING 08-22 18:19:01 [flashinfer_all_reduce.py:78] Failed to initialize FlashInfer All Reduce workspace: [SymmDeviceMemory] Device does not support multicasting.. This is expected on GPUs without NVSwitch (e.g., NVLink bridge-only or PCIe topologies).
(Worker_PP1_TP0 pid=1103796) WARNING 08-22 18:19:01 [flashinfer_all_reduce.py:78] Failed to initialize FlashInfer All Reduce workspace: [SymmDeviceMemory] Device does not support multicasting.. This is expected on GPUs without NVSwitch (e.g., NVLink bridge-only or PCIe topologies).
(Worker_PP1_TP0 pid=1103796) WARNING 08-22 18:19:01 [flashinfer_all_reduce.py:78] Failed to initialize FlashInfer All Reduce workspace: [SymmDeviceMemory] Device does not support multicasting.. This is expected on GPUs without NVSwitch (e.g., NVLink bridge-only or PCIe topologies).
(Worker_PP1_TP0 pid=1103796) WARNING 08-22 18:19:01 [flashinfer_all_reduce.py:78] Failed to initialize FlashInfer All Reduce workspace: [SymmDeviceMemory] Device does not support multicasting.. This is expected on GPUs without NVSwitch (e.g., NVLink bridge-only or PCIe topologies).
(Worker_PP1_TP0 pid=1103796) WARNING 08-22 18:19:01 [flashinfer_all_reduce.py:78] Failed to initialize FlashInfer All Reduce workspace: [SymmDeviceMemory] Device does not support multicasting.. This is expected on GPUs without NVSwitch (e.g., NVLink bridge-only or PCIe topologies).
(Worker_PP1_TP0 pid=1103796) WARNING 08-22 18:19:01 [flashinfer_all_reduce.py:78] Failed to initialize FlashInfer All Reduce workspace: [SymmDeviceMemory] Device does not support multicasting.. This is expected on GPUs without NVSwitch (e.g., NVLink bridge-only or PCIe topologies).
(Worker_PP1_TP0 pid=1103796) WARNING 08-22 18:19:01 [flashinfer_all_reduce.py:78] Failed to initialize FlashInfer All Reduce workspace: [SymmDeviceMemory] Device does not support multicasting.. This is expected on GPUs without NVSwitch (e.g., NVLink bridge-only or PCIe topologies).
(Worker_PP1_TP0 pid=1103796) WARNING 08-22 18:19:01 [flashinfer_all_reduce.py:78] Failed to initialize FlashInfer All Reduce workspace: [SymmDeviceMemory] Device does not support multicasting.. This is expected on GPUs without NVSwitch (e.g., NVLink bridge-only or PCIe topologies).
(Worker_PP1_TP0 pid=1103796) WARNING 08-22 18:19:01 [flashinfer_all_reduce.py:78] Failed to initialize FlashInfer All Reduce workspace: [SymmDeviceMemory] Device does not support multicasting.. This is expected on GPUs without NVSwitch (e.g., NVLink bridge-only or PCIe topologies).
(Worker_PP1_TP0 pid=1103796) WARNING 08-22 18:19:01 [flashinfer_all_reduce.py:78] Failed to initialize FlashInfer All Reduce workspace: [SymmDeviceMemory] Device does not support multicasting.. This is expected on GPUs without NVSwitch (e.g., NVLink bridge-only or PCIe topologies).
(Worker_PP1_TP0 pid=1103796) WARNING 08-22 18:19:01 [flashinfer_all_reduce.py:78] Failed to initialize FlashInfer All Reduce workspace: [SymmDeviceMemory] Device does not support multicasting.. This is expected on GPUs without NVSwitch (e.g., NVLink bridge-only or PCIe topologies).
(Worker_PP1_TP0 pid=1103796) WARNING 08-22 18:19:01 [flashinfer_all_reduce.py:78] Failed to initialize FlashInfer All Reduce workspace: [SymmDeviceMemory] Device does not support multicasting.. This is expected on GPUs without NVSwitch (e.g., NVLink bridge-only or PCIe topologies).
(Worker_PP1_TP0 pid=1103796) WARNING 08-22 18:19:01 [flashinfer_all_reduce.py:78] Failed to initialize FlashInfer All Reduce workspace: [SymmDeviceMemory] Device does not support multicasting.. This is expected on GPUs without NVSwitch (e.g., NVLink bridge-only or PCIe topologies).
(Worker_PP1_TP0 pid=1103796) WARNING 08-22 18:19:01 [flashinfer_all_reduce.py:78] Failed to initialize FlashInfer All Reduce workspace: [SymmDeviceMemory] Device does not support multicasting.. This is expected on GPUs without NVSwitch (e.g., NVLink bridge-only or PCIe topologies).
(Worker_PP1_TP0 pid=1103796) WARNING 08-22 18:19:01 [flashinfer_all_reduce.py:78] Failed to initialize FlashInfer All Reduce workspace: [SymmDeviceMemory] Device does not support multicasting.. This is expected on GPUs without NVSwitch (e.g., NVLink bridge-only or PCIe topologies).
(Worker_PP1_TP0 pid=1103796) WARNING 08-22 18:19:01 [flashinfer_all_reduce.py:78] Failed to initialize FlashInfer All Reduce workspace: [SymmDeviceMemory] Device does not support multicasting.. This is expected on GPUs without NVSwitch (e.g., NVLink bridge-only or PCIe topologies).
(Worker_PP1_TP1 pid=1103797) [k3t r?] step=68 tok=1 step=97.26ms | KDA: n=23 attn=19.8ms mlp=49.1ms other=0.5ms tot=69.5ms | full: n=8 attn=11.2ms mlp=16.3ms other=0.2ms tot=27.7ms | ALL: attn=31.0ms mlp=65.5ms model=97.3ms
(Worker_PP1_TP3 pid=1103799) [k3t r?] step=68 tok=1 step=97.26ms | KDA: n=23 attn=19.8ms mlp=49.1ms other=0.5ms tot=69.5ms | full: n=8 attn=11.2ms mlp=16.3ms other=0.2ms tot=27.7ms | ALL: attn=31.0ms mlp=65.5ms model=97.3ms
(Worker_PP1_TP5 pid=1103801) [k3t r?] step=68 tok=1 step=97.27ms | KDA: n=23 attn=19.8ms mlp=49.1ms other=0.5ms tot=69.5ms | full: n=8 attn=11.2ms mlp=16.3ms other=0.2ms tot=27.7ms | ALL: attn=31.0ms mlp=65.5ms model=97.3ms
(Worker_PP1_TP4 pid=1103800) [k3t r?] step=68 tok=1 step=97.26ms | KDA: n=23 attn=19.8ms mlp=49.1ms other=0.5ms tot=69.5ms | full: n=8 attn=11.2ms mlp=16.3ms other=0.2ms tot=27.7ms | ALL: attn=31.0ms mlp=65.5ms model=97.3ms
(Worker_PP1_TP2 pid=1103798) [k3t r?] step=68 tok=1 step=97.26ms | KDA: n=23 attn=19.8ms mlp=49.1ms other=0.5ms tot=69.5ms | full: n=8 attn=11.2ms mlp=16.3ms other=0.2ms tot=27.7ms | ALL: attn=31.0ms mlp=65.5ms model=97.3ms
(Worker_PP1_TP6 pid=1103802) [k3t r?] step=68 tok=1 step=97.26ms | KDA: n=23 attn=19.8ms mlp=49.1ms other=0.5ms tot=69.5ms | full: n=8 attn=11.2ms mlp=16.3ms other=0.2ms tot=27.7ms | ALL: attn=31.0ms mlp=65.4ms model=97.3ms
(Worker_PP1_TP7 pid=1103803) [k3t r?] step=68 tok=1 step=97.26ms | KDA: n=23 attn=19.8ms mlp=49.1ms other=0.5ms tot=69.5ms | full: n=8 attn=11.2ms mlp=16.3ms other=0.2ms tot=27.7ms | ALL: attn=31.0ms mlp=65.5ms model=97.3ms
(Worker_PP1_TP0 pid=1103796) [k3t r?] step=68 tok=1 step=97.57ms | KDA: n=23 attn=10.7ms mlp=48.1ms other=9.4ms tot=68.1ms | full: n=8 attn=7.9ms mlp=16.1ms other=3.3ms tot=27.3ms | ALL: attn=18.5ms mlp=64.1ms model=97.6ms
(Worker_PP1_TP0 pid=1103796) WARNING 08-22 18:19:01 [flashinfer_all_reduce.py:78] Failed to initialize FlashInfer All Reduce workspace: [SymmDeviceMemory] Device does not support multicasting.. This is expected on GPUs without NVSwitch (e.g., NVLink bridge-only or PCIe topologies).
(Worker_PP1_TP0 pid=1103796) WARNING 08-22 18:19:01 [flashinfer_all_reduce.py:78] Failed to initialize FlashInfer All Reduce workspace: [SymmDeviceMemory] Device does not support multicasting.. This is expected on GPUs without NVSwitch (e.g., NVLink bridge-only or PCIe topologies).
(Worker_PP1_TP0 pid=1103796) WARNING 08-22 18:19:01 [flashinfer_all_reduce.py:78] Failed to initialize FlashInfer All Reduce workspace: [SymmDeviceMemory] Device does not support multicasting.. This is expected on GPUs without NVSwitch (e.g., NVLink bridge-only or PCIe topologies).
(Worker_PP1_TP0 pid=1103796) WARNING 08-22 18:19:01 [flashinfer_all_reduce.py:78] Failed to initialize FlashInfer All Reduce workspace: [SymmDeviceMemory] Device does not support multicasting.. This is expected on GPUs without NVSwitch (e.g., NVLink bridge-only or PCIe topologies).
(Worker_PP1_TP0 pid=1103796) WARNING 08-22 18:19:01 [flashinfer_all_reduce.py:78] Failed to initialize FlashInfer All Reduce workspace: [SymmDeviceMemory] Device does not support multicasting.. This is expected on GPUs without NVSwitch (e.g., NVLink bridge-only or PCIe topologies).
(Worker_PP1_TP0 pid=1103796) WARNING 08-22 18:19:01 [flashinfer_all_reduce.py:78] Failed to initialize FlashInfer All Reduce workspace: [SymmDeviceMemory] Device does not support multicasting.. This is expected on GPUs without NVSwitch (e.g., NVLink bridge-only or PCIe topologies).
(Worker_PP1_TP0 pid=1103796) WARNING 08-22 18:19:01 [flashinfer_all_reduce.py:78] Failed to initialize FlashInfer All Reduce workspace: [SymmDeviceMemory] Device does not support multicasting.. This is expected on GPUs without NVSwitch (e.g., NVLink bridge-only or PCIe topologies).
(Worker_PP1_TP0 pid=1103796) WARNING 08-22 18:19:01 [flashinfer_all_reduce.py:78] Failed to initialize FlashInfer All Reduce workspace: [SymmDeviceMemory] Device does not support multicasting.. This is expected on GPUs without NVSwitch (e.g., NVLink bridge-only or PCIe topologies).
(Worker_PP1_TP0 pid=1103796) WARNING 08-22 18:19:01 [flashinfer_all_reduce.py:78] Failed to initialize FlashInfer All Reduce workspace: [SymmDeviceMemory] Device does not support multicasting.. This is expected on GPUs without NVSwitch (e.g., NVLink bridge-only or PCIe topologies).
(Worker_PP1_TP0 pid=1103796) WARNING 08-22 18:19:01 [flashinfer_all_reduce.py:78] Failed to initialize FlashInfer All Reduce workspace: [SymmDeviceMemory] Device does not support multicasting.. This is expected on GPUs without NVSwitch (e.g., NVLink bridge-only or PCIe topologies).
(Worker_PP1_TP0 pid=1103796) WARNING 08-22 18:19:01 [flashinfer_all_reduce.py:78] Failed to initialize FlashInfer All Reduce workspace: [SymmDeviceMemory] Device does not support multicasting.. This is expected on GPUs without NVSwitch (e.g., NVLink bridge-only or PCIe topologies).
(Worker_PP1_TP0 pid=1103796) WARNING 08-22 18:19:01 [flashinfer_all_reduce.py:78] Failed to initialize FlashInfer All Reduce workspace: [SymmDeviceMemory] Device does not support multicasting.. This is expected on GPUs without NVSwitch (e.g., NVLink bridge-only or PCIe topologies).
(Worker_PP1_TP0 pid=1103796) WARNING 08-22 18:19:01 [flashinfer_all_reduce.py:78] Failed to initialize FlashInfer All Reduce workspace: [SymmDeviceMemory] Device does not support multicasting.. This is expected on GPUs without NVSwitch (e.g., NVLink bridge-only or PCIe topologies).
(Worker_PP1_TP0 pid=1103796) WARNING 08-22 18:19:01 [flashinfer_all_reduce.py:78] Failed to initialize FlashInfer All Reduce workspace: [SymmDeviceMemory] Device does not support multicasting.. This is expected on GPUs without NVSwitch (e.g., NVLink bridge-only or PCIe topologies).
(Worker_PP1_TP0 pid=1103796) WARNING 08-22 18:19:01 [flashinfer_all_reduce.py:78] Failed to initialize FlashInfer All Reduce workspace: [SymmDeviceMemory] Device does not support multicasting.. This is expected on GPUs without NVSwitch (e.g., NVLink bridge-only or PCIe topologies).
(Worker_PP1_TP0 pid=1103796) WARNING 08-22 18:19:01 [flashinfer_all_reduce.py:78] Failed to initialize FlashInfer All Reduce workspace: [SymmDeviceMemory] Device does not support multicasting.. This is expected on GPUs without NVSwitch (e.g., NVLink bridge-only or PCIe topologies).
(Worker_PP1_TP0 pid=1103796) WARNING 08-22 18:19:01 [flashinfer_all_reduce.py:78] Failed to initialize FlashInfer All Reduce workspace: [SymmDeviceMemory] Device does not support multicasting.. This is expected on GPUs without NVSwitch (e.g., NVLink bridge-only or PCIe topologies).
(Worker_PP1_TP0 pid=1103796) WARNING 08-22 18:19:01 [flashinfer_all_reduce.py:78] Failed to initialize FlashInfer All Reduce workspace: [SymmDeviceMemory] Device does not support multicasting.. This is expected on GPUs without NVSwitch (e.g., NVLink bridge-only or PCIe topologies).
(Worker_PP1_TP0 pid=1103796) WARNING 08-22 18:19:01 [flashinfer_all_reduce.py:78] Failed to initialize FlashInfer All Reduce workspace: [SymmDeviceMemory] Device does not support multicasting.. This is expected on GPUs without NVSwitch (e.g., NVLink bridge-only or PCIe topologies).
(Worker_PP1_TP0 pid=1103796) WARNING 08-22 18:19:01 [flashinfer_all_reduce.py:78] Failed to initialize FlashInfer All Reduce workspace: [SymmDeviceMemory] Device does not support multicasting.. This is expected on GPUs without NVSwitch (e.g., NVLink bridge-only or PCIe topologies).
(Worker_PP1_TP0 pid=1103796) WARNING 08-22 18:19:01 [flashinfer_all_reduce.py:78] Failed to initialize FlashInfer All Reduce workspace: [SymmDeviceMemory] Device does not support multicasting.. This is expected on GPUs without NVSwitch (e.g., NVLink bridge-only or PCIe topologies).
(Worker_PP1_TP0 pid=1103796) WARNING 08-22 18:19:01 [flashinfer_all_reduce.py:78] Failed to initialize FlashInfer All Reduce workspace: [SymmDeviceMemory] Device does not support multicasting.. This is expected on GPUs without NVSwitch (e.g., NVLink bridge-only or PCIe topologies).
(Worker_PP1_TP0 pid=1103796) WARNING 08-22 18:19:01 [flashinfer_all_reduce.py:78] Failed to initialize FlashInfer All Reduce workspace: [SymmDeviceMemory] Device does not support multicasting.. This is expected on GPUs without NVSwitch (e.g., NVLink bridge-only or PCIe topologies).
(Worker_PP1_TP0 pid=1103796) WARNING 08-22 18:19:01 [flashinfer_all_reduce.py:78] Failed to initialize FlashInfer All Reduce workspace: [SymmDeviceMemory] Device does not support multicasting.. This is expected on GPUs without NVSwitch (e.g., NVLink bridge-only or PCIe topologies).
(Worker_PP1_TP0 pid=1103796) WARNING 08-22 18:19:01 [flashinfer_all_reduce.py:78] Failed to initialize FlashInfer All Reduce workspace: [SymmDeviceMemory] Device does not support multicasting.. This is expected on GPUs without NVSwitch (e.g., NVLink bridge-only or PCIe topologies).
(Worker_PP1_TP0 pid=1103796) WARNING 08-22 18:19:01 [flashinfer_all_reduce.py:78] Failed to initialize FlashInfer All Reduce workspace: [SymmDeviceMemory] Device does not support multicasting.. This is expected on GPUs without NVSwitch (e.g., NVLink bridge-only or PCIe topologies).
(Worker_PP1_TP0 pid=1103796) WARNING 08-22 18:19:01 [flashinfer_all_reduce.py:78] Failed to initialize FlashInfer All Reduce workspace: [SymmDeviceMemory] Device does not support multicasting.. This is expected on GPUs without NVSwitch (e.g., NVLink bridge-only or PCIe topologies).
(Worker_PP1_TP0 pid=1103796) WARNING 08-22 18:19:01 [flashinfer_all_reduce.py:78] Failed to initialize FlashInfer All Reduce workspace: [SymmDeviceMemory] Device does not support multicasting.. This is expected on GPUs without NVSwitch (e.g., NVLink bridge-only or PCIe topologies).
(Worker_PP1_TP0 pid=1103796) WARNING 08-22 18:19:01 [flashinfer_all_reduce.py:78] Failed to initialize FlashInfer All Reduce workspace: [SymmDeviceMemory] Device does not support multicasting.. This is expected on GPUs without NVSwitch (e.g., NVLink bridge-only or PCIe topologies).
(Worker_PP1_TP0 pid=1103796) WARNING 08-22 18:19:01 [flashinfer_all_reduce.py:78] Failed to initialize FlashInfer All Reduce workspace: [SymmDeviceMemory] Device does not support multicasting.. This is expected on GPUs without NVSwitch (e.g., NVLink bridge-only or PCIe topologies).
(Worker_PP1_TP0 pid=1103796) WARNING 08-22 18:19:01 [flashinfer_all_reduce.py:78] Failed to initialize FlashInfer All Reduce workspace: [SymmDeviceMemory] Device does not support multicasting.. This is expected on GPUs without NVSwitch (e.g., NVLink bridge-only or PCIe topologies).
(Worker_PP1_TP6 pid=1103802) [k3t r?] step=69 tok=1 step=89.67ms | KDA: n=23 attn=19.8ms mlp=45.4ms other=0.5ms tot=65.7ms | full: n=8 attn=9.8ms mlp=13.9ms other=0.2ms tot=23.9ms | ALL: attn=29.6ms mlp=59.3ms model=89.7ms
(Worker_PP1_TP4 pid=1103800) [k3t r?] step=69 tok=1 step=89.67ms | KDA: n=23 attn=19.8ms mlp=45.3ms other=0.5ms tot=65.7ms | full: n=8 attn=9.8ms mlp=13.9ms other=0.2ms tot=23.9ms | ALL: attn=29.6ms mlp=59.3ms model=89.7ms
(Worker_PP1_TP1 pid=1103797) [k3t r?] step=69 tok=1 step=89.67ms | KDA: n=23 attn=18.0ms mlp=45.2ms other=2.1ms tot=65.3ms | full: n=8 attn=9.3ms mlp=13.9ms other=0.7ms tot=23.9ms | ALL: attn=27.4ms mlp=59.1ms model=89.7ms
(Worker_PP1_TP3 pid=1103799) [k3t r?] step=69 tok=1 step=89.67ms | KDA: n=23 attn=19.8ms mlp=45.3ms other=0.5ms tot=65.7ms | full: n=8 attn=9.8ms mlp=13.9ms other=0.2ms tot=23.9ms | ALL: attn=29.6ms mlp=59.2ms model=89.7ms
(Worker_PP1_TP5 pid=1103801) [k3t r?] step=69 tok=1 step=89.67ms | KDA: n=23 attn=19.8ms mlp=45.3ms other=0.5ms tot=65.7ms | full: n=8 attn=9.8ms mlp=13.9ms other=0.2ms tot=23.9ms | ALL: attn=29.6ms mlp=59.3ms model=89.7ms
(Worker_PP1_TP2 pid=1103798) [k3t r?] step=69 tok=1 step=89.67ms | KDA: n=23 attn=19.8ms mlp=45.4ms other=0.5ms tot=65.7ms | full: n=8 attn=9.8ms mlp=13.9ms other=0.2ms tot=23.9ms | ALL: attn=29.6ms mlp=59.3ms model=89.7ms
(Worker_PP1_TP7 pid=1103803) [k3t r?] step=69 tok=1 step=89.67ms | KDA: n=23 attn=13.2ms mlp=44.9ms other=6.5ms tot=64.6ms | full: n=8 attn=7.9ms mlp=13.6ms other=2.1ms tot=23.6ms | ALL: attn=21.0ms mlp=58.5ms model=89.7ms
(Worker_PP1_TP0 pid=1103796) [k3t r?] step=69 tok=1 step=90.07ms | KDA: n=23 attn=15.7ms mlp=45.1ms other=4.3ms tot=65.1ms | full: n=8 attn=8.4ms mlp=13.7ms other=1.7ms tot=23.8ms | ALL: attn=24.1ms mlp=58.8ms model=90.1ms
